bh_ID;ID_UNITE_GEOL;top;bot
2959;18502;358.28;355.93
9761;11126;387.35;383.9
8386;7442;451.3;447.4
1617;5871;403.04;401.99
10916;5370;387.77;379.92
8822;6780;386.93;382.43
11969;21347;398.7;386.5
17208;5638;415.35;412.65
11736;7345;374.15;369.05
16825;3745;402;392
321;21111;339.15;333.2
12441;6820;418;410.9
17516;1448;436.3;433.8
17863;12692;348.05;346.05
2522;7051;446.3;437.35
19058;10525;409.7;406.95
4361;5745;420.27;419.17
11686;7351;392.94;333.94
16565;9340;417.55;399.7
11750;11755;383.1;370.9
7822;9089;419.13;418.38
4149;13841;406.06;405.76
14527;16446;461.62;461.12
18765;9418;371;357
3129;20134;384.4;384
14970;17;392.9;392.6
14213;7748;375.3;375.1
17824;6704;372.5;367.5
5108;15933;363.6;337.5
19552;14197;464.45;462.8
7413;13747;402.2;401.9
16448;7126;254;100
1418;12206;381.79;375.44
19765;14796;442.26;439.41
18757;8545;391.5;385.3
10719;13639;458.7;458.4
16341;15343;328.56;306.96
3143;18943;403.38;400.03
13067;20125;371.9;362.65
11822;13620;401.36;396.76
17504;1413;393.4;391.3
16564;9336;417.2;416.8
2309;22177;425.55;421.95
4103;8834;420.91;420.76
3666;3609;374.8;372.8
7059;5311;414.7;405.4
3207;18630;346.54;341.54
19382;12809;372.3;369.8
13102;20939;397.5;397.48
4236;19767;429.05;421.55
15450;829;427;413
18791;9478;375;373.8
11416;5675;408.7;408.4
19457;13040;419.3;416.8
16646;3858;404;266
6277;8467;391.58;389.08
2385;4462;426.39;425.39
16340;11907;377.58;373.08
15041;7241;381;341
9701;3417;461.05;459.45
17327;192;439.18;438.08
19485;13934;380.2;379.4
17531;1492;438.51;435.41
642;4112;424.68;424.48
19181;11314;433.27;429.77
18075;13987;373.62;361.62
12356;22141;363.33;357.43
1009;15867;367.44;366.04
18873;9944;378.01;376.21
16952;606;421;395
2520;18761;437.35;429
6461;9014;405.29;399.59
15056;11456;427.98;425.48
13441;7679;410.5;409.3
16653;11617;385.5;351.5
4758;9738;390.9;387.7
15019;13223;318;296
15079;7768;475.3;474.4
17475;1285;435.18;421.98
17503;1409;430.81;421.41
2909;8373;420.82;411.72
9569;21786;439.4;436.9
5148;11660;427.3;405
18490;6955;414.3;402.5
119;1946;394.5;367.49
4549;8412;414.58;409.73
3539;1923;336.1;326.9
2130;20006;438;413.9
19395;12839;383.1;380.9
4425;6287;394.8;394
16867;4224;421.9;420.5
14690;13481;399.55;399.25
11302;12098;362.66;358.68
17503;1408;432.61;430.81
14522;16466;392.79;390.6
11717;2710;431.15;386.05
15604;840;401.6;395.6
552;14006;373;372.2
2972;20241;363.4;352.5
10557;18893;457.71;455.51
6818;2525;386.57;357.07
15637;1714;378;376.9
2046;15866;413.8;406.8
12789;9212;419.3;419.65
19026;10442;426.9;408.9
3481;13536;389.14;388.74
11759;17073;376.7;374.6
7446;13769;424.3;420.95
19702;14601;388.97;386.17
2060;7018;406.35;395.7
16061;15497;401;203
14017;7542;361;358
16870;5241;406.11;395.31
2035;21177;372.11;369.11
7955;9096;420.04;401.59
3782;2017;371.8;334.8
17729;6492;447.5;446.9
15913;15624;366;230
3362;20506;449.49;448.1
713;10848;493.95;488.46
2912;4324;410.74;409.69
95;13118;387.8;387.7
14641;4398;419;389
18968;10257;373.42;372.32
19539;14159;422.1;419.8
2799;18763;363.65;362.7
12088;5843;400.7;398.3
18801;9490;355;314
13005;9236;422.59;422.29
8144;7374;480.9;480.8
19613;14310;381;377
13078;12038;379.96;369.06
11350;20537;426.51;419.41
19379;12800;400.5;397.9
1984;5404;421.35;419.9
11705;3049;439;431
15254;4034;477.8;475.8
12449;17572;383.1;375.2
12715;20423;374;321
17118;324;432.5;431.1
17176;435;386.9;386.1
1769;8260;415.2;411.2
18874;9948;375.59;374.19
5042;17361;358.5;358.45
3503;4639;426.21;425.51
19373;12788;401.8;399.8
16615;943;413.3;406.2
2615;3920;397.1;376.9
12095;2948;394.8;390.5
19333;12493;385.63;383.63
4341;4624;426.44;422.34
19185;11324;432.05;429.75
7413;13749;401.6;399.8
9129;6212;406.7;405.7
19112;10631;391.8;391.1
17301;561;370;332
14434;18217;460.74;455.84
3617;15700;329.9;311.3
17897;6802;366.9;311.9
6265;20297;381.65;377.65
763;22008;310.7;308.35
6603;6054;405.75;397.85
3321;8390;423.5;423.2
19740;14670;400.8;400.5
8231;18961;364.8;355.1
684;14059;369.02;367.97
17503;1407;432.91;432.61
7183;13794;462.7;450.4
19244;11824;467.85;461.8
15477;18022;373;301
19661;14549;377.56;369.76
15457;4131;426;346
12940;22028;398;384
6761;7996;419.09;418.89
10025;7815;449.47;443.87
10556;19527;455.62;453.42
19532;14140;376.3;373.4
17469;1228;363.49;358.09
558;14019;379.2;377
19749;14702;462.42;460.22
17291;411;397.33;385.33
2735;21512;393.88;388.33
2522;7054;455.7;446.3
15020;18585;377;315
12508;2660;384.09;383.39
17749;6416;353.4;351.4
13419;2281;376.5;374.2
12913;6267;398.32;395.62
14424;1945;373.4;369.1
7224;18817;356.67;351.77
15446;13141;399;361
13498;4746;500.4;470.9
19456;13038;393.4;356.4
7083;16671;405.54;401.34
2557;7088;403.84;403.24
6774;16635;424;417.4
9333;16645;389.57;386.37
17326;186;441.62;440.62
7082;20232;430.28;427.98
12597;20396;474;332
17755;6414;414;413.35
17443;1122;380.83;380.52
19162;10766;384.6;382.5
18925;10115;433.2;431.55
19266;12229;400;396
5312;3087;433.88;431.38
17197;313;455.6;451.8
14430;9261;423.35;423.05
16355;15336;369.48;367.78
14642;21164;412;316
17542;1546;354.96;353.66
7530;5252;410.73;409.63
3439;12307;421.4;418.9
8930;16536;413.1;409.8
11415;5672;407.9;406.6
15312;4816;429.3;428.2
19678;14567;389;388.65
18756;8539;387.4;387.1
12848;13571;409.7;407.3
15944;7506;349.79;349.29
6210;8943;407.39;406.99
16191;5602;416.5;410
17542;1545;376.56;354.96
15494;5065;302;237
1375;9666;366.76;364.26
5118;12352;401.15;399.75
3924;20109;394.6;391.5
11017;13625;425.5;425.2
1791;8321;396.99;392.79
18785;11863;271.8;267.8
5591;7979;416.6;389.1
16437;14376;388;348
12039;11163;393.25;386.35
14528;16445;460.92;460.12
19757;14748;435.38;433.88
13082;8089;395.13;386.83
1094;12196;409.54;407.94
19219;11726;380.87;378.87
3739;22022;415.8;412.6
1272;15837;366.59;358.29
14361;13506;376;242
4023;8031;404.36;401.31
13136;2297;373.69;369.14
11700;17497;375.25;374.25
4013;16772;447.3;431.7
2170;3375;443.9;442.6
14738;11433;364;361.6
8765;4272;419.4;418.6
16523;15250;419.8;417.1
19235;11800;394;356
8408;17815;411.81;380.11
14110;13520;398.8;393.4
7218;16685;365.35;362.95
19552;14196;465.55;464.45
2174;13394;378.62;377.22
10351;4138;427.9;427.2
12335;2284;379.15;377.65
17501;1399;435.38;434.93
1540;17825;370.29;363.54
8832;16701;353;353
8430;4134;428.3;428
18851;9884;414.88;414.58
9609;21389;438.25;428.35
5750;8907;420.68;420.18
19376;12794;401.5;400.4
751;5188;421.11;420.11
3096;7766;474.09;473.79
15090;8045;450.4;449
9313;3092;439.7;439.4
240;17896;350.95;339.1
694;14086;371.7;370.5
11865;3532;436.5;433.1
19739;14667;407.7;407
6460;8469;409.22;408.82
14896;810;378.5;378
8053;20187;470;464.7
5744;13842;410.4;408.7
14060;11390;373;321
18773;9435;393.2;392.2
799;15863;406.45;403.65
15142;13299;373.41;369.26
14895;804;379.7;379.3
18791;9479;373.8;367.9
8296;17633;404.83;404.33
15917;8192;371;357
1756;15720;372.67;368.27
18862;9924;374.65;371.25
5583;10985;419.7;416.4
17687;4032;373.85;373.8
6594;5446;422.7;422.3
322;10831;417.66;405.26
16731;15125;357;337
7553;3449;464.57;457.97
11402;5864;406.05;405.65
13854;11295;466;314
17734;6480;423.1;423.05
1432;22091;340.3;334.86
12796;7030;461.3;456.7
18716;11878;352.75;338.45
17487;1367;475;463.9
2579;4501;427.21;426.91
18805;9501;461;445
2485;20072;390.28;371.48
13498;4743;517;516.7
6809;7382;374.1;372.8
13481;11258;553.3;522.8
16876;3872;431.66;431.36
14836;8962;406.96;406.36
7761;17356;406.43;402.33
2005;5787;410.2;409.1
4286;13903;411.46;407.46
1575;1340;384.75;383.85
7529;5245;413.61;411.41
19051;10495;381.39;376.19
10585;5960;400.26;397.76
15044;18396;392;384
16301;15405;394.8;388.9
364;2134;347.95;336.6
6871;4891;431.94;431.54
11475;7623;383.2;379.7
19421;12909;421.49;414.89
15032;5097;422;412
9845;18914;490.46;485.16
2001;5827;398.6;397.3
12796;7031;456.7;452.4
4248;10937;438.43;430.83
15169;21313;372.1;371.7
5523;17797;423.13;418.03
18963;10234;408.48;406.78
11667;7851;352.7;351.5
12244;3237;422.7;421.9
6285;18121;390.9;388.4
17966;8528;398;394
7608;18581;388.84;387.04
19690;14588;388;387.65
9819;7711;488.9;485.2
10170;7441;359.3;351.3
17715;6573;412.9;410.5
6103;7062;439.09;436.69
17896;12577;378.4;377.4
15018;18468;438;430
16912;673;427.7;425.7
15346;7223;330;246
12684;2734;450;345
1999;5832;398;396.6
17459;1189;379.84;259.84
262;19755;348.18;346.28
17749;6418;347.9;347.4
5962;5260;419.69;414.99
11679;6324;414.5;413.8
15495;18278;436;432
12433;2153;408.7;408.6
13473;11252;548.9;535.5
9003;3961;423.7;422.5
14431;9264;423.48;423.28
6370;16002;362.6;357.8
1888;8331;420.51;420.16
12836;5284;416.6;411.2
19061;10537;417.13;415.93
8620;7823;454.9;454.2
1687;5656;402.7;395.8
17839;6739;373.5;371.1
19591;14237;423.07;422.07
2416;20461;407.6;395.6
19206;11690;308.2;288.2
11825;7918;410.95;402.1
10804;22000;381.59;379.14
15498;9593;423;419
3272;1911;418.6;413.2
5266;4064;449.5;448.7
608;7713;374.28;368.78
12201;2701;440.02;439.02
19187;11328;444.13;442.13
44;14413;386.75;379.05
16601;13263;465.11;459.61
6162;19301;445.6;444.7
4031;20276;368.7;365
19689;14587;388.65;387
14664;5398;421.4;418.5
12118;2959;375.65;366.85
3508;3137;437;435.8
19036;10474;439.6;438.7
1538;20986;285.31;284.59
13996;8188;427;383
14430;9262;423.05;422.25
15780;11543;427;425.29
10535;2968;376.87;373.87
8246;11096;426.8;419.5
5527;20922;417.18;413.08
7701;20340;366.93;360.28
11404;5858;403.7;403.2
13482;11261;542.6;512
17881;12620;415.39;414.89
13643;18958;486.09;484.49
7308;13774;410.02;409.77
469;19846;405.9;386.89
19223;11768;355.5;354.5
4247;17412;433.52;429.12
16683;5413;426;374
18773;9436;392.2;373.2
991;15870;351.32;346.02
14335;18033;421;410.4
8915;3115;436.8;434.5
15216;11945;384.09;356.09
13212;8095;388.4;387.8
15905;15633;404;216
15000;18329;390;360
1685;5652;410.54;409.84
12849;13566;412.7;412.6
18739;8274;362;346
14855;4182;425.54;424.99
19762;14776;440.18;437.18
5533;18933;410.49;402.49
17552;1598;417.54;406.39
15773;16211;445.65;436.85
10435;19714;349.25;345.6
15541;5539;420.95;420.05
9878;13666;413.45;398.95
14005;7276;326;291
17292;402;414.57;412.17
14991;13448;417.25;411.4
15220;875;335.7;332.55
10910;19990;483.55;483.25
16807;11626;356;272
2580;4497;426.86;426.21
8240;19628;368.81;365.71
10737;6128;401.6;401.3
10457;7055;441.25;440.75
16644;11761;386;360
10671;3997;425.3;424.3
6062;8922;410;399.5
12480;5011;419.55;416.7
9980;19558;449.8;449
8261;17009;438.58;433.08
17734;6481;423.05;418.8
1112;13358;412.44;412.14
14663;5392;422.7;422.4
17884;12638;405.68;396.68
2171;13384;382.21;379.51
11750;11751;370.9;367.3
6849;20653;354.28;349.28
5163;18523;402.9;396.5
17744;6460;453.8;449.7
18812;9526;422.11;419.11
10914;5356;422.43;421.33
2159;6038;412.67;399.97
8942;19565;380.1;373.3
12950;6143;397;367
13313;12007;380.7;377.7
9784;9153;414.21;407.41
15491;17928;378;352
17895;12572;421.3;379.3
13359;11990;387.72;386.52
19295;12390;360.01;351.31
12011;19517;448.22;444.52
4601;20412;364;359.6
17578;1670;421;420.25
19057;10518;404.96;404.36
13946;4537;426.65;421.55
2511;21485;445.7;436.85
14689;13489;358.77;358.07
302;17024;392.4;376.7
13031;21247;348.7;348
352;16950;345.5;338.4
5274;17798;406.6;405
1006;19136;361.03;358.03
4070;19415;439.27;420.57
19273;12258;372;368.8
17066;4168;427.75;427.5
17192;299;461.5;461.2
1394;4108;426.41;421.41
11314;22035;429.5;426.4
14278;2062;404.8;400.3
2648;4343;410.34;409.64
552;14005;369.55;368.5
2527;22276;446.9;438
15233;771;372;270
15265;13183;392;356
542;17427;373.6;364.3
7000;9056;419.92;417.87
644;4118;417.3;415.35
13136;2296;374.44;373.69
1270;15839;363.77;348.67
14440;5683;403.5;400.3
16878;865;427.73;422.93
9392;2889;373.54;372.34
3656;19411;383.62;373.52
10105;20606;377;376.3
3916;9627;385.45;384.15
15052;18349;318;75
4092;17856;412.75;410.35
7660;11074;416.45;415.9
11292;6075;407.4;407.1
5442;8892;421.39;420.49
3005;18970;418;414.6
19373;12787;402.7;401.8
13211;12014;382.6;381.1
4447;3004;458.3;454.6
5400;9745;389.74;385.04
4550;8414;420.14;409.94
16890;891;405;397.4
19385;12812;373;372.3
18997;10340;437.24;432.84
754;5211;401.96;399.86
749;5197;418.77;415.52
3435;21617;418.5;417.3
1038;21651;391.57;386.87
8637;9131;419.92;419.72
463;16907;400.7;397.3
9410;13701;409.35;407.85
12571;9754;398.85;397.2
16367;9331;401.01;400.06
17065;5313;421.45;418.8
7770;8515;389.8;374.8
12613;8665;419.48;415.58
2702;17371;399.35;370.75
1668;21053;410.85;385.85
10121;11747;359.5;352.8
18988;10311;463.1;462.3
16192;5603;418;417.2
9613;17163;337.16;325.36
16692;11647;381;377
14948;11447;368.11;367.31
16542;15244;442.59;439.49
12495;2476;413.02;412.02
8630;8525;417.91;404.01
19292;12385;442.25;434.4
551;13999;372.87;371.07
6473;20689;350.68;346.98
19688;14585;387.6;386.1
18857;9906;376.61;374.01
17128;285;415.1;410.3
16437;14375;392;388
13326;2560;392.6;364.2
15344;7070;401.81;373.61
11690;2322;378.11;375.91
14013;13430;297;249
2291;6067;406.02;404.27
19762;14773;455.18;448.08
8963;7433;401.2;401.1
2617;18549;384.65;376.95
13319;8101;384.27;370.12
2801;4800;428.28;426.93
15367;8988;416.05;414.95
17345;69;386.86;385.51
16738;795;431.63;428.83
15615;13134;419.87;413.77
7277;4664;451.5;451.2
16387;11680;292.8;82.8
14966;2;393.8;393.3
13502;14350;458.8;456.5
15705;13096;376.77;367.77
16813;8221;424;410
2836;21064;439.7;434.31
17198;316;460.1;459.4
16370;15367;401.4;395.9
11955;19049;389.25;370.35
9687;9149;420.16;419.76
17569;1642;380.8;377.8
559;14024;371.4;369.5
1425;16070;370;361.6
17718;6537;434.79;434.09
1232;19394;369.45;354.35
12103;2925;397.63;396.38
12817;8676;421.69;419.99
3774;17019;346.1;341.3
16810;15013;402.5;400.3
245;15940;350.2;337.05
9621;13681;408.5;401.8
19116;10645;419;405
18075;13986;390.72;373.62
11150;2547;393.8;363.5
18785;11861;390.8;371.3
18863;9926;377.56;374.16
17895;12570;429.3;428.3
19778;14842;356.19;354.19
19528;14135;383.9;383
4775;20278;383.41;366.91
5720;20737;435.4;429.4
16113;2667;423.5;395.5
13466;11239;473.8;472.3
350;22326;338;337.05
606;21149;424.95;421.15
18927;10124;418.8;406.8
2533;16997;382.25;378.8
10656;20931;450.5;449
9822;21977;485.5;472.1
17539;1525;419.01;415.01
18830;9816;427.5;425.5
15204;11976;382.75;369.95
11026;8598;421.1;420.1
14305;11416;434;430.9
15859;11566;395;241
19335;12502;386.7;384.7
16841;7092;353;307
14690;13483;398.85;359.05
14243;8712;397.9;394.4
5275;3018;454.6;454.3
14648;21137;375;343
18801;9489;439;355
16850;4158;421;345
17827;6713;370.8;367.3
14660;5384;421.65;419.45
17843;6752;373.2;369.8
1843;18552;399.78;395.18
19481;13920;433.4;431.6
19288;12367;427;425
20;14384;378.05;377.1
2656;21649;392.57;381.02
12689;17569;390.7;388.6
15875;8301;414;148
2291;6068;404.27;399.77
12894;7329;383.64;379.64
6085;19472;408.09;399.09
11154;7580;387.5;385.2
16728;15131;417.7;381.7
11690;2323;375.91;371.71
15919;4121;424;348
4042;20088;395.35;391.85
11970;4876;431.3;430.9
17293;397;415.11;414.91
12792;9222;422.29;422.19
1376;9674;369.99;368.79
1001;20179;373.44;369.39
1681;5926;402.65;401.25
473;13974;357.43;356.58
16686;15191;383;363
17829;6719;366.8;366
12496;7693;444;434
10954;22036;328.81;305.91
19552;14195;465.8;465.55
8072;19456;355.15;342.05
14838;8968;405.38;403.78
19173;10793;400.4;396.9
5488;2730;462;461.5
16973;118;450;286
16756;6835;359.95;354
5152;21725;375.3;372.7
13467;11240;504.35;483.25
16644;11614;360;350
19265;12225;409;377
12675;4089;409.8;408.4
2170;3374;444.7;443.9
17444;1127;384.61;384.31
10457;7056;440.75;440.25
5259;8884;405.03;404.43
19427;12935;463.1;462.1
6144;20429;399.02;396.32
3740;16543;419.12;417.42
11285;5976;405.5;404.1
4587;20003;452.1;447.2
19232;11790;351;179
11193;12104;471;470.5
16889;884;407.3;403.5
14311;5643;416;408.9
19453;13026;380.48;373.48
13058;20282;398.31;390.41
1132;7526;372.8;370.8
13124;18180;349.67;344.17
19377;12796;401.4;400.1
3024;21639;403.1;396.75
2637;4936;429.2;428.8
7939;5337;422.31;421.51
14415;6255;395.02;393.92
1614;5868;409.26;399.86
17278;248;439.15;438.25
14771;21584;353.4;346.4
9526;13683;395.33;393.23
10140;20951;383.64;374.74
14370;18264;460.6;459.5
5463;18500;437.3;435.3
4224;5068;421.25;420.85
8536;16745;369;365
1043;19355;336.6;334.2
2412;15728;409.95;385.6
2079;3337;429;427
17196;309;449.9;449.62
8385;19453;390.88;389.78
17283;455;413.2;403.2
11323;7353;394.9;391.4
12922;9233;423;422.7
3054;8383;398.87;386.17
10965;21373;430.37;419.42
3620;19437;327.88;313.4
3214;3708;428.89;427.89
5147;18361;354.3;340.3
2745;17272;390.15;382.15
366;17303;347;345.2
5107;20597;349.14;342.14
5147;18362;403.3;354.3
14835;8959;407.73;402.03
13924;8689;385.7;367.4
12355;19512;368.57;360.17
19209;11700;372.45;372
8485;4437;445.35;439.15
19673;14562;387;385.2
4694;20083;403.39;401.39
17817;6685;372.62;371.12
15273;6356;308;292
14372;18245;460.86;459.56
10457;7058;437.35;410.95
11416;5673;410.3;410
9411;13699;408;406.5
18941;10167;441.3;431.4
18903;10047;399.61;371.56
17543;1549;385.22;379.92
14369;17986;376.99;371.69
16963;584;394.5;390.2
9077;17534;420.02;419.32
9878;13667;417.45;413.45
9222;9707;396.53;393.83
11402;5865;405.65;404.15
5026;22152;419.7;384.5
13860;6119;344.3;308.3
16334;15354;407.8;404.9
10892;7867;351.4;341.9
17265;9383;422.57;422.52
355;22239;349;337.9
17699;6625;445;147
291;17742;414.75;378.4
19184;11320;433.7;433.1
19195;11360;391.1;385.7
11670;7856;349.35;348.7
15901;3735;429;428.5
16606;9347;421.78;421.68
15239;775;446;312
11418;5734;418.77;416.57
5110;20595;350.83;342.73
6710;20709;352.34;348.64
12497;2696;411.4;410
19748;14698;461.23;458.73
19122;10673;386.2;385.6
8712;17756;341.15;334.15
12507;2656;379.76;378.26
16876;853;430.36;421.96
9671;5443;422.2;421.5
991;15869;359.92;351.32
7051;9676;387.89;366.89
19212;11707;377.6;375
14562;16790;391.05;388.85
17593;1736;417.25;416.45
11083;17790;401.3;399.5
17436;1102;420.26;411.26
18983;10308;456.7;454.2
17810;6662;390.25;354.25
3781;2008;371.9;334.7
15114;21407;416.76;414.56
16386;11681;292.7;67.7
7592;3801;440.9;439.9
14052;11387;370;352
15735;11934;384.2;371.3
7756;20982;364.5;363
15488;7131;332;115
18996;10337;436;435.25
19064;10549;426.47;425.32
17816;6682;372.11;370.96
8637;9133;418.62;404.92
3250;8821;421.94;421.49
10302;5033;421.66;416.96
15266;13178;328.3;225.3
11531;9189;413.75;413.55
114;9644;338.6;329.04
16173;15425;412.1;407.4
19549;14186;418.15;417.6
17880;12664;422.1;386.1
5852;3154;443.6;443.1
16862;694;485;479
2013;5823;412.4;396.9
10763;19567;375.22;365
17589;1703;377.55;376.35
229;20057;352.55;338.35
13631;11269;383.9;382.5
19762;14771;463.18;458.68
10011;3674;364.8;340.4
13998;11308;372.6;362.6
10384;11137;369.08;364.98
15505;16086;400;278
10170;7833;397.5;391.5
12237;3217;426.8;426.4
6764;21688;377.22;370.42
10892;7869;369.5;365.8
12808;6180;401.44;401.04
10114;3465;478.4;476.7
19300;12410;365.88;362.28
2037;22208;406.54;403.54
123;20270;384.05;361.45
11425;2703;391.15;342.65
16970;146;301;239
19398;12849;408.9;400.9
2076;3329;437.8;436.4
3069;16697;367.44;363.84
3298;3183;427.1;426.4
13871;20768;408.5;309
10538;2971;377.19;375.49
10405;8587;421.4;421.1
4357;18684;408.52;407.52
14015;16828;445;443
14706;13478;391.4;363.3
2099;5109;420.47;412.72
7048;18483;443.6;439
16317;11911;407.4;406.7
2254;7742;495.6;495.1
17186;459;377.5;364
17814;6676;376.23;375.73
2764;13427;371.37;369.87
15266;13179;392.3;355.3
3273;12302;447.6;444.8
5387;9725;412.5;412.2
19291;12381;443.4;437.8
11038;13623;425.3;424.1
1035;15807;382.99;380.99
390;20266;356.6;355.4
19128;10700;455.58;453.68
363;22079;354.2;347.35
665;16591;366.55;351.85
7599;5055;0;0
19393;12834;382.24;381.24
17714;6569;412.5;411.1
1302;10870;374.84;371.04
11085;20538;399.7;397.6
5374;6827;405.61;403.61
6098;23003;409.76;402.66
6996;8488;420.6;419.9
14045;7263;399;255
17528;1479;447.16;446.91
13324;2555;402.6;401.9
18853;9894;312.28;308.93
3608;1942;340.5;339.5
15820;11924;387.32;384.92
14158;18668;388.05;375.85
323;10832;427.63;427.28
2331;21488;368.75;358
5957;13838;373.82;373.67
17339;5454;421.23;418.03
15001;18309;416;382
1386;16720;409.5;406.5
19490;13945;473.3;466.5
10495;22084;424.5;424
14682;21380;367.41;357.81
11670;7857;370;368.7
8635;8553;421.56;407.16
14336;19201;422.1;414.3
8816;19784;364.91;361.81
3539;1924;392.5;388.8
4077;20875;394.2;393.3
440;21449;331.63;327.33
6499;16706;376.3;375.6
994;22243;388.65;383.15
1322;4218;412.21;406.21
15295;7225;368;346
16727;3428;463;449
5649;1963;370.58;348.08
14012;16805;350;330
3008;3602;390.71;390.16
2400;12209;391.49;391.39
11291;6073;403.7;402.9
15527;16316;381;353
15479;6083;341;125
12250;3260;427.3;422
12095;2947;395.1;394.8
7054;8494;394.34;393.44
722;15819;379.7;368.3
35;14399;393.5;390.6
3107;22363;410.54;407.27
9477;6333;419.9;419.4
6864;4575;430.21;429.31
2194;8336;420.64;414.24
2978;4590;427.55;424.15
3507;3140;437.6;437.1
8262;18532;428.34;426.44
12164;21322;429.77;423.62
9925;20954;332.5;320.7
17318;5572;417.98;416.68
4020;17245;455.05;437.55
4644;17396;377.6;365
17435;1100;419.3;411.3
8830;16702;423.17;400.57
19345;12738;421.8;421.3
15593;9286;421;412.4
10025;7813;454.07;453.72
5574;13848;366.59;365.69
16740;812;437.62;426.82
2129;19465;436.7;390
5386;9723;413.47;397.47
16806;20150;354;256
18960;10220;426.4;426.27
15759;3912;372.35;370.95
12110;2235;379.86;375.51
2003;5816;406.75;405.3
5466;13852;394;393.8
14552;16791;404.64;400.14
6225;20579;384.3;383.9
3195;22254;401.03;395.58
1665;7578;412.85;410
8633;8550;418.97;417.77
9457;20082;408.8;406.9
12638;13584;421.87;419.77
12215;7798;443.6;443
17301;564;294;246
8146;5015;425.1;423.2
2017;4617;428.15;427.55
19365;12776;444.1;443.55
17547;1577;348.75;343.65
4552;8419;418.29;411.79
19424;12922;413.6;409.6
15197;721;386.31;384.01
19455;13033;421.3;414.9
4030;21769;368.9;360
2363;3696;427.49;426.74
10434;2182;-902.65;-911.65
1335;1327;381.42;348.22
1112;13361;405.74;405.29
17563;3570;450.34;449.74
5257;8876;419.08;407.28
10546;2187;391.25;380.25
5015;7397;391.17;389.77
19282;12277;417.55;416.75
2911;8379;422.42;421.82
12524;2268;377.2;376.4
4567;22174;397.8;391.5
5118;12349;378.8;370.35
14077;2500;398.98;397.38
14467;4491;426.4;425.2
8804;17187;452.2;444.5
17423;1058;455.4;454.8
16714;7669;454.5;450.25
6425;20111;393.85;377.15
3540;1930;430.1;428.9
12632;21974;393.56;365.66
1919;10885;392.15;381.9
7177;13807;461;454.15
19263;12081;438.29;437.09
19591;14236;423.67;423.07
14803;20909;346.28;342.78
8416;19434;414.5;413.4
1829;19856;376.97;372.77
15606;13137;386.55;384.55
5161;6778;420.9;402.3
19520;14115;422.1;421.15
14357;17937;392;344
12310;17781;366.99;365.99
5488;2728;464;463.2
14505;16470;405.4;403.4
12767;20444;391.63;382.13
8278;17527;428.9;426.4
19419;12903;376.15;369.3
19436;12964;403.7;402.4
8611;2262;375.09;374.09
10405;8588;421.1;420.5
1238;19067;375.25;369.7
7916;17332;361.75;358.35
13925;2292;387;386.45
10956;18400;395.7;390.2
8531;3718;427.5;426.9
19523;14122;420.5;418.6
12513;5301;419.24;416.74
17411;1039;390;387.85
19036;10473;439.9;439.6
18075;13985;390.82;390.72
2580;4498;426.21;421.21
6818;2528;396.87;386.57
3769;14279;373.5;370
3873;14290;415.6;413.8
2677;18528;399.67;388.67
19335;12506;350.7;346.7
16074;15510;384;350
17307;136;398;222
18939;10161;439.2;437.7
7735;18766;384.7;378.7
8277;17207;430.5;430.1
16359;15332;350;341
7396;19426;361.16;353.26
19692;14591;388.86;388.46
8002;18689;409.51;407.11
19421;12908;422.09;421.49
13936;9245;422.7;422.3
7733;17209;382.27;377.07
2095;16906;399.84;394.44
16265;15376;360.45;352.85
233;22109;341.6;335.7
17508;1428;415.05;414.45
4901;21238;388.6;386.5
16053;15512;448;196
14646;8191;410;381
15119;4196;419.36;404.96
5025;17362;419.65;395.05
34;14394;395.3;394.3
19018;10411;386.3;383.4
12143;21323;343.35;340.75
17543;1553;352.82;347.72
4781;2580;374.32;373.12
11317;9583;403.12;393.62
19065;10556;423.56;420.96
7179;13799;430;425.5
15778;11539;442.4;420.5
15129;5567;418.38;411.03
11426;19424;395.04;394.64
547;19133;351.8;347.5
1112;13360;410.44;405.74
17080;5154;421.25;420.8
5699;19497;420.63;412.23
39;14403;393.35;391.85
15864;731;409;397
16736;786;435.2;422.4
5576;7394;388.1;361.7
10445;19529;420.6;420.4
66;13962;373.9;373.2
12624;16481;374.1;363.45
2908;8368;421.29;420.94
9737;3968;426.3;426
10892;7868;341.9;338.3
6400;3503;437.64;436.04
8764;3957;422.4;422.1
17194;305;449.95;446
2086;21387;422.78;417.28
7523;3835;427.6;427.1
1260;17665;365.05;356.75
1380;17447;406.29;395.79
8643;19039;401.34;397.14
19764;14787;453.29;446.99
19485;13937;368.6;367.2
1704;21559;382.59;375.09
14193;18615;382.95;381.55
7206;13780;432.73;403.43
5268;4072;450;447.4
17831;6724;372.2;370.4
7612;11073;389.2;387.6
17586;1692;376.75;373.9
17194;304;454.3;452.1
17838;6737;371.5;366.5
13456;18981;482.8;475.85
881;22352;367.81;366.16
18806;9503;425;423
14036;11385;359;205
11894;21156;379.93;379.23
4219;8852;407.07;399.97
13402;18882;315.5;234
8281;19118;368.35;360.75
673;19380;369.8;352.9
14996;12731;391;257
17566;1631;390.62;389.12
10666;19345;449.9;449.6
14283;18152;423.3;412.8
14830;5025;418.39;417.49
14365;18010;374.69;372.49
16263;15380;429.6;425
5368;16873;400.25;399
5031;10952;386.8;373.3
19107;10619;386.1;384.7
2057;4651;428.15;427.7
908;21079;347.49;342.94
1114;9642;368.3;365.7
2971;1872;385.15;384.15
4430;9554;445.6;444.8
16120;13281;422.4;422.15
17329;206;412.2;411
19453;13024;422.08;394.48
5361;13874;434.75;416.9
127;17214;361.7;353.8
6201;16693;393.6;392.7
17516;1445;441.8;440.5
16433;10040;396;354
11997;4873;430;429.7
9160;12179;384.48;383.28
7102;8509;422.2;421.8
1264;15785;430;397.7
2525;19209;443.9;423.6
3873;10926;397;376.5
12625;20291;372.25;364.05
9374;16608;405.35;397.95
11286;5980;404;403
15506;7188;382;316
6010;11012;363.27;357.37
16740;816;464.02;441.62
11078;21372;395.85;392.95
14238;7419;426.3;407.6
465;20011;395;394.8
11599;15964;382.7;363.7
16829;13233;363;307
3670;12309;422.15;421.75
3483;13539;398.7;395.1
19215;11713;390;375
12440;6882;419.44;413.34
7066;18656;363.8;354.3
5501;19033;418.6;417
16654;4373;417;415
13022;20120;377.52;376.82
7308;13772;419.12;418.37
6063;8925;415.74;399.24
10334;16736;436.1;434.7
18958;10216;425.3;421
18878;9960;375.06;371.06
19224;11769;505;503
2534;18548;382.75;378.75
16166;2417;404.63;403.53
8632;9121;421.86;407.76
16952;605;423;421
15542;5544;420.15;418.25
19537;14151;403.8;398.7
4449;19406;423.9;417.9
1886;8330;420.5;406.7
3036;4553;424.8;418.4
157;14446;367.38;360.93
19637;14501;388.4;387.6
19221;11730;379.86;376.16
14454;13494;394.5;386.8
7770;8516;391.8;391.4
16052;15513;368;178
14565;16771;370.35;368.05
6202;20298;386.9;386.9
11367;18275;417.13;409.63
2970;6791;349.8;336.3
256;19139;365.75;335.25
8484;4435;450.41;442.91
2838;18996;379;378.7
17317;5568;420.79;417.49
9000;14230;388.2;387
5222;5127;412.59;411.69
15143;657;349;201
989;15890;351.3;350.1
12480;5008;425.4;422
9193;16650;476;475.4
13990;3279;451;437
15769;11528;426.6;420.6
19522;14119;421.3;419.6
16979;490;426;418
644;4116;419.6;419.1
320;17875;313.11;311.96
662;15821;365.8;351.15
9463;17966;412.4;411.9
4100;22337;383.25;376.25
16264;15379;353.96;352.36
9699;3421;463.35;462.95
19254;12063;436.67;435.57
14048;7260;388;374
6095;11026;375.36;366.36
9686;17584;371.33;370.43
15042;7239;394;166
4573;19659;392.22;386.27
11151;2553;402.7;401.2
10901;21539;476;472.8
11291;6074;402.9;402.3
17323;173;413.54;410.14
17347;81;384.92;384.77
19765;14793;462.31;452.91
8487;5040;419.37;417.27
16448;7127;390;350
18953;10199;422.29;421.19
15060;13436;411;408.5
6046;18804;381.09;380.29
2655;18529;401.51;396.11
580;14029;376.83;374.63
12782;2342;421.46;420.36
8827;3122;436.15;435.15
14077;2501;397.38;396.98
12309;7594;374.58;373.08
2802;4803;428.63;427.33
18992;10324;473.3;473
2803;4807;426.9;425.6
441;16643;340.38;338.73
19763;14778;464.83;462.43
14554;5779;411.63;406.08
19022;10434;422.1;421.7
12614;8669;417.35;415.75
3292;5908;401.7;399.2
9766;18950;411.2;406.8
3022;21435;385.98;360.58
17756;6396;364.4;362.4
1334;1326;352.24;351.44
11420;5740;419.02;416.72
17740;6442;441.8;435.5
11767;2244;381.92;380.02
17693;6642;415.4;413.8
11527;9178;418.85;418.55
11302;12100;377.66;374.96
15736;11933;385.5;384.3
5365;13868;415.55;410.3
19160;10757;382.34;380.74
723;20443;378.9;370.2
13365;8021;397.22;393.52
19609;14297;413.3;412.9
6119;11029;427.9;426.7
18946;10177;401.3;396.1
15004;743;480;320
18957;10210;426.8;426.5
19056;10507;413.51;413.36
17720;6548;427.15;425.35
16964;581;393.3;387.1
209;17327;323.67;316.02
16186;11917;420.76;420.46
3046;5725;420.56;419.06
12509;2255;375.77;373.12
14538;16442;393.78;391.98
14526;16447;462.48;461.48
7653;17522;442.15;441.4
17129;287;418.6;418.1
1536;10873;313.27;280.32
11954;16484;383.8;367.8
12768;8005;402.73;387.53
2182;21496;379.25;379
2904;7464;425.1;419.45
12607;8644;419.93;417.98
18951;10194;425.83;425.03
12687;21112;390.7;387.8
14551;16792;409.22;404.47
17409;1033;373.99;369.79
16989;6845;348.18;347.18
2229;4837;427.1;426.9
17533;1500;453.42;452.12
18922;10110;373.8;371.2
19279;12270;408.23;404.38
7593;3844;427.8;425.7
11218;19555;345.29;340.89
13498;4744;516.7;513.5
13115;20917;349.97;344.83
919;19943;374.3;370
2950;15704;414.19;408.49
19058;10522;412.55;412.25
19115;10640;373.72;371.22
19556;14212;419.7;418.4
16225;4517;426.2;421.3
9708;19099;392.7;392.4
12364;8622;393.7;393.1
17842;6749;370.9;367
16318;15388;395.8;394.1
13153;12018;382.1;375.2
19222;11733;473;471
7392;5528;419.14;404.64
1117;8788;418.54;418.04
4225;5076;420.5;418.2
16072;15466;463;281
13786;11284;310;250
12852;17237;405.2;401.7
5257;8875;419.28;419.08
6469;7740;477.35;474.1
2514;18993;413.73;406.23
15605;13139;388.28;386.78
2858;17889;347.1;340.1
17541;1537;378.72;376.52
14022;6158;352;260
295;1276;467.9;466.1
7539;18041;369.04;362.04
11981;2313;383.23;382.73
19430;12951;416.5;414.7
9176;5937;400.6;388.7
12136;21134;344.35;328.3
19158;10748;380.39;379.34
15713;5091;325;292
17706;6591;420.8;418
14054;7259;415;387
7504;17811;390.9;387.3
19233;11794;351;168
19593;14248;419.61;413.41
9674;11116;415.4;411.9
19248;11837;468.75;463.55
13795;3461;415;354
10790;19547;388.56;383.11
19229;11784;449;145
19398;12847;409.9;409.7
18867;9933;377.98;377.18
11073;19687;400.8;389.3
17290;485;352;325
16983;6373;349.98;348.98
5178;10964;399.6;397.3
8582;2537;394;385.4
400;22077;416.29;390.89
17472;1249;397;111
7104;19458;391.78;384.48
6015;11016;358.87;341.02
15502;6026;405;365
6856;9641;365.24;360.84
12129;19269;406.45;396.45
17810;6660;411.25;408.25
4566;22315;406.83;400.83
16958;123;362;355
3363;15783;454.7;447.7
19742;14679;391.8;391.1
13795;3460;447;415
4282;20188;414.06;410.06
17589;1702;380.25;377.55
3019;6788;397.65;365.13
17486;1362;443.67;428.97
13130;11215;394.4;382.4
12706;5878;414.3;413.95
7765;20681;410.48;408.78
17733;6486;403.89;392.89
17554;1604;377.4;372.4
19110;10626;391.9;391.3
7941;5272;416.39;414.89
5116;19765;379.06;374.86
10759;18072;407.92;401.72
19779;14845;415.2;409.05
4104;8838;420.5;407.8
13839;7730;480.5;479.5
2648;4342;412.94;410.34
13400;8680;414.4;412.3
7105;20804;389.84;384.34
6497;19009;376.6;376.15
8483;4431;448.68;448.28
15781;11545;418.9;414.8
7937;5335;420.95;419.15
15438;5093;326;297
15479;6084;405;341
17470;1235;364.29;358.59
896;49;446.05;443.1
10891;12107;381.31;379.01
1866;10880;399.9;377.4
19755;14737;433.1;428.2
12503;2834;410.08;391.73
16071;10069;423;385
17430;1083;377.38;375.03
12772;2340;422.71;421.96
18807;9509;375;279
12408;12092;382.1;380.7
12503;2833;391.73;388.68
3785;2027;379.15;337.75
5158;19634;405.7;405.1
1427;19769;372.1;347
12109;2238;379.8;378.75
1233;21009;369.65;367.4
11779;2150;409.3;408.65
1441;1332;377.35;369.85
11178;9668;339.05;335.75
6161;17313;395;394.3
16042;8197;418;360
2137;16595;422.3;390
16055;7635;416;414
16930;352;427.83;420.33
14614;8736;422.64;422.24
7759;19457;412.54;407.74
6586;19360;473.5;472.3
1105;13344;404.41;402.01
5125;19387;384.57;372.97
6762;7991;413.65;413.5
17010;477;426;224
1764;3378;454.39;453.19
9537;4177;426.8;426.3
11179;18135;350.6;335.84
17561;1619;445.48;444.88
6227;3381;452.09;445.29
9328;3523;455.7;455.2
19117;10648;386.3;385.6
14032;5644;378;350
14611;8729;421.52;419.52
2910;8375;422.35;421.95
17483;1301;418.3;407.9
18716;11880;335.95;332.45
14260;3021;451.8;451.2
2910;8376;421.95;418.55
10587;5322;419.63;410.53
14180;11402;374.68;373.59
18875;9950;377.94;376.44
10406;8591;420.8;420.3
17538;1521;415.03;398.33
15930;2069;347.2;346.9
11971;4879;431.7;431.5
7531;5255;414.04;412.94
8814;16637;380.9;364.3
1445;15740;494.29;444.09
7179;13798;425.5;419
10924;7488;350.3;349
19218;11724;391.2;390
17011;471;369;185
16614;932;415.3;413.4
14039;12733;349;329
19404;12861;442.48;428.71
3877;9578;387.55;377.15
1985;5406;422.28;421.98
11981;2312;388.73;383.23
16739;809;443.9;429.1
16888;879;406;403
16120;13283;420.9;411.7
8584;2542;376.7;360.7
1102;19774;362.9;356.85
9005;5418;425.5;425.2
14191;11411;364.27;363.07
18965;10241;409.41;403.41
5345;13876;468.68;465.18
9738;3973;426.7;425.1
121;7065;417.5;414.9
19181;11313;434.27;433.27
9391;2873;371.54;368.94
4759;18383;387.71;371.51
5955;8914;416.8;414
4264;18406;392.3;379.3
6250;19610;403.54;400.74
5266;4066;446.1;445.7
11694;2331;369.02;355.82
8632;9118;422.76;422.56
17541;1539;376.52;356.92
13127;20106;350.17;345.17
13299;11220;410.26;407
17723;6503;469.97;469.27
7038;13820;385.86;385.16
6457;20212;417.4;411
3977;8066;380.11;357.11
1290;15817;395.76;375
19677;14566;389;387
3770;14285;355.65;349.25
7508;9064;421.12;420.92
16168;9322;402.69;401.79
8704;6028;404.34;403.69
3551;22162;421.6;413.2
19457;13041;416.8;408
2906;8359;421.1;420.8
17812;6671;363.2;357.95
9169;15928;404.8;402.9
4994;9561;420.2;417.15
13057;20301;389.81;388.75
6857;13826;378.26;374.46
19331;12487;418.5;418.35
10642;6195;407.4;405.9
961;1978;354.9;348.4
13884;11301;369;269
7697;19193;398.5;391.7
19195;11356;416;415.5
14688;21375;359.26;354.36
17747;6422;429.03;427.63
11156;6973;350.25;346.4
7058;5308;411;405.1
16253;11916;400.7;368.6
3421;13463;408.38;406.48
5642;3283;462.5;459
941;7899;371.04;368.74
16854;4022;469;271
12605;8634;420.18;419.68
5754;7969;413.56;413.31
16106;2440;395.11;383.51
5450;21575;377.7;376.95
121;7064;418.7;417.5
8119;7378;396.48;389.58
6951;20406;393.81;374.81
12189;11191;443.9;439.5
15474;11494;340;330
17325;184;435.76;434.36
2341;8355;388.43;382.83
16922;650;412;362
18983;10307;462.1;456.7
16866;711;345.65;344.35
816;17401;365.25;364.05
2157;5618;415.97;405.17
12362;8613;396.7;393.2
9697;4043;455.19;453.69
16312;8769;417.2;415.2
5162;16940;410.2;404.4
14484;16514;394.5;388
1263;17491;441.15;409.5
16166;2416;391.93;384.63
437;6249;393.75;392.95
17275;230;443.4;443.25
942;17550;298;282
10671;3995;426.1;425.8
13925;2294;380.3;375
19;14382;397.96;392.21
17844;6757;373.1;371.6
2291;6066;408.77;408.27
19230;11785;427;345
6957;18841;381.7;374.8
19009;10372;374.28;371.78
12787;9207;420.45;419.15
15602;9295;397.44;387.54
18962;10230;466.2;464.9
15885;11578;384;350
14554;5778;413.68;411.63
16765;15105;316.77;283.64
19634;14492;385.7;367.15
3256;4848;428.69;427.49
4009;17595;444.5;432.5
1609;21578;379.39;376.94
7276;4660;447.6;447.3
17346;74;386.87;385.72
2801;4801;426.93;425.08
12498;2812;427;419.6
10171;7906;351.7;326.8
19697;14596;388.04;385.34
2017;4619;427.05;426.15
16827;923;401.8;347.8
13956;11979;375.82;373.92
336;10843;426.81;420.01
15705;13100;385.87;379.77
208;14466;333.63;333.38
8489;5044;419.69;417.69
17471;1241;411;409
12236;3193;427.8;423
19681;14573;388;387.6
15530;16314;322;130
284;5305;416.72;410.12
3539;1925;388.8;374.9
17124;270;421.3;420.9
15826;16372;432;320
17509;1429;418.12;417.52
13950;15754;413.7;408.6
15590;8753;422.5;422.1
5016;7398;392.41;389.41
8110;16587;414.7;409.4
318;18341;335.63;314.07
15053;6359;393;371
1666;22116;383.75;383.15
5029;21601;412.85;385.85
17502;1406;426.21;421.31
10156;21873;420.2;418.9
12367;8629;398.17;393.77
12103;2924;401.08;397.63
3666;3610;372.8;364.5
13508;4770;409;397
18875;9952;373.74;370.94
12087;5839;401.6;401.15
1304;3189;378;358
11822;13616;396.76;395.26
19412;12879;479.5;478.9
15267;12726;354.5;337.5
503;4277;420.6;417.5
6531;17268;450.52;446.12
2040;17453;378.61;372.26
15721;8999;419.5;396
11966;18254;399.48;382.33
19337;12513;443.8;428.8
4146;17241;377.52;370.22
19681;14574;387.6;384.8
5070;2892;408.6;374.9
3279;6226;388.43;384.78
17324;176;415.7;414.5
8441;7372;376.7;376.55
17560;3571;446.21;443.01
12262;3877;388.4;383
10113;3756;428.3;427.8
43;10822;375.75;372.2
18970;10265;382.3;381.2
9058;7370;389.25;389.25
19298;12396;368.25;363.45
12213;20309;429.3;422.4
15137;8750;419.15;418.15
14016;6011;399;367
19778;14840;382.19;379.19
11001;13630;426.3;426
12966;3452;441;375
18947;10181;426.62;424.42
15201;19932;383.49;380.79
15009;18638;370;332
15209;11964;382.12;368.92
3896;18627;421.46;418.06
1684;5649;412.26;410.76
10785;3131;436.4;434.1
402;20032;422.01;406.16
16564;9337;416.8;416
1841;8797;421.78;410.28
18970;10263;386.8;383.5
14997;18490;400;368
13512;4783;404.3;395.3
19766;14801;453.27;445.72
7966;3792;427.28;426.48
16692;11644;323;307
18965;10240;409.91;409.41
13857;13327;420;324
2006;5793;408.1;405.9
19299;12409;359.4;355.4
16272;7783;392.01;390.61
5753;7967;396.37;388.57
9068;17535;424.05;423.4
11562;11762;416.75;415.15
12412;2306;382.42;381.92
10516;13646;417.9;417.4
19778;14841;379.19;356.19
12796;7033;447.5;442.1
15031;18537;376;238
18808;9511;292;68
17507;1421;418.2;417.7
19159;10752;381.12;380.22
6786;8484;421.65;419.55
1418;12204;382.59;382.29
19748;14699;458.73;446.53
14507;7256;388.6;385.7
19454;13029;420.7;412.6
19268;12458;451;441
14432;9272;409.92;409.02
16645;7651;402;398
17470;1236;358.59;356.89
5849;4989;427;426.7
7172;5082;421.4;421.1
15899;4244;422;410
5599;8452;411.7;411.2
17323;174;410.14;404.74
12714;21011;407;374
19517;14106;382.8;382.3
1332;1319;423.3;382.8
11184;16297;350.28;335.88
12516;11198;412.72;410.62
531;13996;372.04;368.07
17073;5226;420.3;416.85
155;14440;361.08;359.48
7677;16589;389.12;376.17
5143;17372;411.4;410
10402;9173;413.5;401.3
17345;68;387.11;386.86
19350;12750;423;420.2
8234;11740;369;351.5
17874;12672;414.6;411.6
17006;6167;399.57;398.57
15740;13088;371.1;368.6
8511;4249;420.5;419.9
7205;13782;429.42;383.22
15367;8987;416.15;416.05
16985;6865;348.93;345.33
12364;8621;398.3;393.7
19528;14132;385.4;385.25
19273;12257;375.8;372
10176;13652;411.6;393.6
6476;18576;358.34;350.19
5222;5126;414.69;412.59
12252;3266;428.7;425.2
603;19984;425.88;421.68
677;14037;376.12;373.62
12680;13578;411.81;411.01
17897;6803;311.9;301.9
12972;3050;430;328
8538;19432;375.3;371.3
12251;3263;428.5;425.8
19301;12416;366.62;363.82
14612;8730;422.8;422.6
2634;17621;435.91;430.91
13472;11249;565.6;548.1
3044;5723;416.14;415.24
13893;20670;396;226
11316;9625;424.33;423.38
4142;12326;382.87;380.72
17455;1175;378.43;370.83
13909;16944;428.08;424.08
17322;167;414.5;414.2
5466;13853;393.8;391.8
3270;8069;390.2;349.8
13852;7292;350;182
3741;16524;419.54;409.14
9558;5627;411;410.8
3070;22238;367.09;364.74
6396;9677;355.12;349.42
9734;11119;345.14;344.64
17290;484;406;352
10154;21268;414;412.8
19193;11351;445.4;440.4
15275;11464;366;296
6251;16005;402.52;400.67
12150;17907;346.5;343.25
16890;885;397.4;395.9
6940;20663;380.08;375.88
13189;37;408;374
19426;12929;419.5;415.7
16299;13279;402.67;384.17
15367;8990;406.55;402.15
18880;9963;377.91;375.41
19612;14308;377.1;371.1
10509;21048;374.65;361.25
15214;11952;384.98;382.48
15656;9303;410.14;408.94
13432;7705;395.35;387.95
10773;5689;406.45;404.25
11292;6077;403.1;401.7
5015;7709;396.57;391.17
17548;1578;385.15;382.65
13781;16203;400;372
8915;3113;437.6;437.3
1252;22185;401.78;388.28
7548;14330;422.02;421.72
6079;19494;386.55;369.85
10960;20317;384.75;365.85
15639;1722;376.55;369.45
1333;12199;414.1;393.15
10296;5223;420.68;419.08
7954;9091;420.91;420.81
12822;17240;389.97;389.97
19423;12916;415.05;413.3
3738;2010;417.34;410.04
15366;8986;407.03;401.13
16440;11842;403.3;400.7
14007;15761;268;262
4458;3516;449.2;448.3
1636;15782;413.48;409.48
5386;9720;414.97;414.27
18924;10113;439.28;431.13
9410;13702;407.85;398.05
12118;2960;382.35;382
3018;17647;390.6;378.84
3019;6789;407.2;397.65
98;14423;382.07;374.96
7774;9671;368.54;353.74
18969;10261;373.98;373.43
6266;20112;381.59;377.59
10670;3993;425.6;425.1
4735;7796;470.4;469.4
116;8227;344.3;343.2
2097;5101;420.63;412.63
16658;10022;370;342
17475;1280;436.98;436.73
4478;21242;394.26;381.06
1665;7575;333.8;333.8
19486;13940;378.7;377.1
8297;17807;405.95;405.15
9535;4451;446.9;437.05
16951;603;338.5;336.5
7107;17148;421.36;409.46
16911;644;456;454
9319;13709;423.7;422.2
1234;7690;379.25;372.25
19430;12949;418;417.8
10764;3684;368.08;363.58
15516;16385;362;231
5703;21572;386.8;384
14751;5886;400.96;400.76
2022;4563;427.3;426.7
13493;41;379.5;127.5
11084;17732;400.6;398.6
12571;9753;399.2;398.85
11424;2870;374.35;368.65
9646;16883;371.15;370.9
1584;15813;369.3;347.62
16813;8220;362;201
13793;7726;481;459
17134;6017;403.87;403.77
1429;17423;339.23;333.89
694;14084;367.82;358.7
9701;3416;461.85;461.05
598;14033;372.35;367.9
14437;18196;377.8;373
9012;18953;348.35;345.15
1995;10892;428.1;412
13695;19030;411.23;409.53
8624;13732;382.35;381.35
4425;6286;395.2;394.8
3163;21791;399.05;392.85
17335;9408;415.5;400.7
3770;14284;375.05;355.65
16267;15421;356.8;350.3
4010;17080;445.15;429.95
681;14050;378.39;376.99
16843;725;411;382
15759;3910;370.95;363.35
8633;8548;419.47;419.27
14001;15850;379.33;261.33
5918;17234;438.9;438.7
19750;14708;462.47;460.67
12848;13570;410.2;409.7
14236;7417;418.3;401.6
11718;2458;432.9;431
17831;6726;367.9;367.2
19756;14742;441;438
19284;12283;409.41;404.61
12950;6141;367;351
14351;2795;375.44;369.38
7512;9692;389.22;383.92
15208;11967;382.91;382.41
19742;14678;392.1;391.8
4097;12320;383.65;381
8821;6797;388.53;386.13
12572;9758;390.7;389.35
12412;2305;377.52;336.42
8630;8523;419.01;418.51
17521;1460;438.5;436.2
11417;5678;414.5;410.6
17281;224;348;314
7828;16588;420.68;416.48
10121;11748;379.3;366.5
253;22144;349.5;332.4
7453;13754;428.2;425.35
12676;4090;416.9;415.9
4149;13837;394.06;386.06
9600;21482;430.84;427.64
19192;11344;451;450.8
16652;3550;431;425
20;14386;385.85;384.75
339;10845;430.6;421.9
941;7897;341.94;338.84
14837;8966;392.27;376.97
19742;14681;390.2;387.8
814;17402;368.4;359.8
15607;13129;385.76;385.26
19763;14781;447.43;442.43
10888;12116;373.74;370.74
7279;2781;470.4;468.7
3506;3142;438;437.4
9789;11128;412.05;389.85
12242;3248;427.5;426
19517;14108;380.85;371.55
10427;17537;373.6;372.8
17544;1559;352.45;348.85
16151;7722;400.61;398.21
158;14451;366.52;363.02
12090;2898;402;401.2
16702;7100;399.6;397.5
2132;20531;433.1;420.8
19755;14732;465.1;460.7
14100;18336;394.6;386
16520;15253;423.1;417.2
10586;5965;401.29;400.69
17117;319;433.9;432.7
9696;17583;445.91;445.71
2072;3318;430.9;430.5
12470;20912;392.89;392.7
19162;10769;378.8;372.8
16642;15229;399;389
1297;10869;373.96;370.96
12087;5840;401.15;399.8
17428;1075;448.43;445.13
18730;8164;-200.16;-233.66
19053;10499;425.1;423.6
7207;3658;362;343.2
19767;14808;461.74;452.04
2605;17393;376.17;367.32
13499;4751;512.66;511.16
4102;17587;382.05;374.45
4244;20027;420.06;412.46
5945;20730;364.33;356.58
686;14067;373.22;367.57
9784;9151;422.41;421.01
10526;4924;425.86;424.36
14368;17987;374.8;366.65
5948;17316;364.71;360.61
11802;2489;360.3;359
11163;12422;439.2;428.8
4840;7449;420.4;415.3
7086;18654;413.17;404.37
6665;18884;411.21;402.11
10143;19551;424;413.8
5256;8872;404.84;401.24
16086;8202;368;122
14244;8715;400.7;398.9
5112;12339;391.29;373.39
13862;16013;350;253
7998;2635;369.9;367.1
7965;3787;427.87;427.27
15530;16313;360;322
19156;10746;399.43;392.23
7391;5524;420.1;417.9
17826;6708;373.2;371.4
12773;2374;418.79;391.34
17830;6721;369.8;366.6
14931;4722;420.25;407.25
14786;2345;419.8;416.1
11403;5855;401.62;399.52
16550;15282;400.7;393.3
19134;10726;420.9;418.7
17705;6585;426;424.8
8281;19117;360.75;359.45
17186;458;378;377.5
16735;777;431.6;430.4
15604;841;395.6;395.2
2254;7467;486.6;481.6
12269;3896;378.75;365.45
2901;15793;407.99;399.09
7509;9658;366.66;348.86
3345;8397;415.87;415.17
16566;9342;415;398.1
14021;15895;387;343
3114;8817;422.16;421.76
12796;7037;418.95;413.8
16317;11910;407.8;407.4
12461;21957;346.25;333.25
7071;19279;353.95;348
248;17320;327.5;326.15
7991;19510;409.78;398.98
15656;9301;410.94;410.74
44;14409;365.15;361
7269;4266;421.4;420.7
6857;9634;370.66;363.26
11502;21285;363.25;362.15
14055;5884;415;414.7
14243;8710;402.4;401.3
12565;17220;397.4;390
14174;11399;373.85;372.5
8741;13721;426;425.1
7676;3104;437.9;437.15
10739;3042;449.8;448.4
3666;3611;364.5;356.8
14549;16794;407.82;401.67
15043;11451;374;358
14438;5687;414.9;408.3
19550;14188;418.4;418.15
17193;3572;450.2;449.4
2742;1866;379.6;373.65
5386;9718;397.47;395.47
3267;1896;356.1;348.2
4251;3171;426.25;424.5
19766;14798;466.17;465.47
3784;2021;296.5;292.4
3004;16995;417.99;415.89
12892;7331;383.19;378.09
16826;15051;410.14;352.14
7741;9657;366.59;361.69
266;2109;351.7;227.45
2650;4349;412.33;409.23
1428;20218;337.5;333.11
104;17098;359.75;353
17543;1550;379.92;377.22
5254;8431;417.91;417.56
7937;5336;419.15;417.15
5034;20998;380.7;361.35
16384;15359;412.76;408.56
16848;15100;380;372
8056;5421;426.9;426.4
8647;4967;427.5;426.3
12562;3548;429.03;428.43
354;15844;349.15;344.1
19246;11832;460.6;449.7
5343;13879;451.71;445.11
205;14461;402;372
2120;20009;402.55;402.05
5139;10960;409.3;366.4
12591;21590;500.85;477.65
16071;10068;385;379
16947;593;375.5;371.5
17499;1393;433.52;428.12
15820;11923;387.82;387.32
15857;15648;429;295
19554;14205;465.8;465.6
6858;9042;416.35;400.75
15799;556;393;335
14573;2759;470.43;470.13
16988;6850;349.85;348.05
4291;20087;417.5;414.4
8249;18743;374.77;367.57
15774;16192;417.1;415.1
10360;3044;450.5;450
15220;870;331;329.65
14662;5390;421.9;419.3
12005;22320;388.1;386.7
10238;19640;368.2;358.6
12948;9596;397;367
19366;12780;374.17;366.77
6397;3482;436.01;435.51
17534;1509;442.43;426.33
15274;19929;402;313
15203;8098;385.62;385.32
2448;7553;354.5;351.5
16711;13246;404.8;403.6
4127;18697;443.85;441.55
17118;323;433.9;432.5
4568;20554;405.5;399.5
10433;4402;415.1;414.55
398;1974;417.54;393.19
8488;5042;418.79;416.59
19386;12813;375.3;375
2977;4587;427.68;424.48
19102;10603;400.87;397.07
8971;6152;395;394
14362;18287;366;230
5917;20257;439.5;438.92
15646;16151;388.66;379.01
2493;4857;429.95;429.4
16453;15300;406.93;396.93
9392;2888;369.34;365.54
19758;14751;461.35;454.55
8351;16562;366.08;366
15529;6876;348;152
17553;1603;403.55;401.3
16946;511;397.5;397
12496;7335;430;344
18872;9943;375.17;370.97
16964;578;402.1;401.5
12486;2468;428.5;427.8
3770;14281;421.25;421.1
11995;4868;429.7;428.7
5153;17352;416.6;394.8
7552;3447;463.2;454.8
16756;6834;363;359.95
10677;3401;459.2;458.8
12877;18870;440.33;429.23
7867;3816;432.18;431.58
9558;5630;406.4;382.5
14037;15943;362;356
7393;5377;419.19;407.39
10188;18895;435;434.4
11052;4667;447.9;447.6
7993;11087;419.25;410.85
13882;20722;389;304
17886;12592;373.21;367.71
1687;5660;393.9;392.7
16983;6374;348.98;347.98
18949;10190;420.74;415.14
16975;498;453;285
5027;21195;433.35;387
17489;1371;474.7;473.2
3425;1921;398.14;384.64
1679;5873;403.2;402.9
2564;13419;392.81;392.51
6786;8483;421.9;421.65
16860;692;414;411
10017;8575;391.02;388.92
19738;14665;407.5;406.9
5297;17339;402.35;399.95
16429;13005;382;374
3633;20051;354.67;351.07
12792;9225;421.39;413.29
19687;14583;388.6;386.8
12957;4658;371;312
3104;17844;414.65;405.45
10402;9170;421.3;420.8
17843;6753;369.8;367.6
10590;5330;421.49;420.09
1034;8112;418.93;417.13
17452;1160;383.77;379.77
5852;3155;443.1;440.5
18844;9858;396.4;396.2
17343;60;414.3;404.5
11561;2115;413.21;410.71
10028;12133;392.7;382.5
3273;12301;448.1;447.6
7525;3827;427.9;426.2
1570;19063;372.66;371.96
4101;12322;388.05;387.4
12840;5293;417.9;413.5
10300;2206;382.6;379.7
18945;10175;440.1;439.4
19767;14809;452.04;447.44
10141;18720;377.78;374.98
15829;16326;370;348
11294;6082;404.5;403.2
19710;14620;370.85;368
8632;9120;422.36;421.86
606;21130;421.15;420.25
19738;14664;414.3;407.5
9389;5409;422.2;421.1
12494;2481;433.19;426.99
15037;13214;420;410
6924;20652;408.45;407.18
10247;16858;365.2;362.9
6772;18865;369.72;368.72
10017;8573;406.92;398.62
15743;13079;353.9;352.6
9388;9145;406.5;404.6
13038;4305;344;290
9965;19369;383.25;383
18858;9910;375.03;365.33
9958;3414;462.2;459.8
12440;6880;433.14;431.94
41;21853;374.6;372.75
16827;920;326.8;323.8
10816;20581;467.8;462.5
3872;14286;406;404.8
9282;19094;369.7;369.2
19180;11312;431.01;429.61
16769;19203;323.37;312.68
16848;15101;372;170
19206;11693;280.2;220.2
8634;9122;420.65;420.45
3876;9576;423.4;422.6
2157;5616;420.17;419.42
4565;19326;410.65;404.65
7938;5332;421.34;419.14
8487;5039;421.27;419.37
8654;19696;376.04;366.84
1333;6793;336;302.6
17054;6843;378.6;376.5
1663;1800;391.45;390.4
15866;7951;417;377
5436;16749;457;452.9
10843;16464;332.1;331.25
2064;3292;426.9;424.1
10642;6194;407.6;407.4
9023;11106;386.93;384.23
416;22218;332.58;329.58
1090;18674;391.83;389.63
11556;22015;413.08;408.73
7698;18451;399.55;394.2
13994;3177;446;432
14617;6989;332.08;331.13
5037;15936;397.75;372.75
8626;13725;386.2;382.9
15638;1717;376.9;368.4
8656;20784;372.14;360.14
10549;22063;381.4;378
17735;6884;423.1;421.3
13023;16019;379.57;375.32
2162;3353;428.7;427.4
9953;8565;421.8;421.5
946;21199;406.2;396.2
13321;11996;388.23;385.88
11763;19051;365.2;358.4
8497;4459;426.2;425.1
1774;8311;420.87;420.17
12521;2569;349.8;348.3
5187;16938;405.93;402.53
8970;6149;396.2;395.3
8707;5232;415.3;414.1
17446;1136;381.95;381.55
5822;11002;438.8;438.5
7974;18555;420.5;415
6163;16584;367.2;360.5
1576;1348;384.7;379.95
5957;9635;371.52;360.02
5584;10987;415.3;413.8
17581;1676;381.37;381.17
16991;6873;346.1;343.5
10346;3965;426.4;424.4
2649;4345;411.17;408.97
295;1275;469.9;467.9
9747;17582;418.42;393.12
6777;16705;398.3;393.4
319;21860;314.18;312.78
9324;12150;471;469
7940;5341;421.69;419.89
13358;11992;385.67;385.22
16168;8015;403.79;403.69
9790;17737;414;380.2
19312;12443;428.3;425.4
18922;10109;376.2;373.8
17108;351;390.5;381.8
1887;8798;422.81;421.66
61;10826;371.1;369.7
8430;4136;427.4;425.7
746;7471;370.35;361.85
19258;12071;436.79;435.89
19152;10736;398.2;385.9
17325;183;437.56;435.76
6702;4503;427.32;425.82
827;14093;378.05;375.25
14023;3755;417;407
7820;9079;422.52;422.12
6902;6271;400.1;399.8
18725;11870;430.1;428.9
2301;22179;399.45;391.8
15834;16299;322;304
18861;9919;307.96;290.96
3742;15751;408.19;403.79
12132;9599;407;405.4
6600;6047;394.3;384.2
16395;10049;418.37;411.37
16339;10052;339.3;338.2
1686;5655;406.73;397.63
10761;19340;366.71;364.41
7908;19174;403.26;393.56
6277;8465;399.08;397.08
7762;18765;411.11;410.01
7987;19143;404;394
10402;9171;420.8;420.2
19453;13025;394.48;380.48
10548;15904;379.52;378.62
4047;17589;389.2;384.9
7511;9656;363.63;361.58
16541;4408;412;404.4
6996;8489;419.9;408.6
16870;5240;408.11;406.11
10911;19316;484.05;482.65
15263;12722;262.2;260.2
5427;20757;394.09;388.79
2223;13403;380.3;379.7
13813;2939;424;421.9
12521;2568;388.8;349.8
3298;3181;428.2;428
17582;1678;427;426.7
15045;4653;401;399
16876;852;431.36;430.36
5854;20849;442.02;431.82
1765;3387;450.35;448.05
5598;8905;415.4;404.5
19298;12398;363.45;360.2
17977;6995;416;363
10015;18405;344.55;338.05
6464;13830;371.19;361.19
17296;387;413.96;411.96
7178;13801;451.1;432.1
14646;7478;363;340
9601;19692;455.75;455.05
6276;8462;399.3;399.2
3439;12306;426.6;421.4
19117;10650;384.6;381.7
14284;18151;427.61;413.11
374;20033;358.55;357.25
9850;19575;486.4;483.9
19015;10399;427.25;426.65
19746;14693;401.4;399.9
15118;21386;417.36;411.06
12685;19180;394.41;393.11
16698;9564;421.3;419.7
10296;5222;420.98;420.68
10767;2260;371;367.2
1132;7525;365.3;352.8
9268;6327;414.9;414.6
16682;7108;406;394
16709;7103;375.36;373.56
16739;808;457.8;443.9
5119;12357;387.62;387.07
15657;9306;409.33;409.13
5719;19014;427.1;420.5
16614;937;398.2;396.9
1763;3376;452.21;451.61
6771;21549;374.47;348.47
12912;6265;396.38;395.38
15469;13289;380;370
2973;12241;420.2;409.2
13895;4283;419;391
2177;17722;416.26;413.26
16163;10066;381.97;364.17
271;17093;346;340.9
13371;18883;385.25;383.85
15884;11575;388;354
9956;4181;424.1;423.3
15453;7213;370;328
3561;3274;431;429.6
14384;9259;415.9;415.5
18811;9517;288;68
443;19853;350.94;346.14
19158;10747;380.94;380.39
12220;20377;464.2;463.4
2098;5106;414.07;412.57
9823;3145;438.2;437.2
13841;15735;430;400
8456;4241;421.4;420.9
15217;11943;383.49;382.89
90;12552;389.09;379.59
12957;4659;447;371
19115;10642;368.32;367.52
1132;7527;370.8;365.3
956;20329;371.2;364.1
2845;19809;381.7;375.2
6080;14322;407.3;386.1
15222;895;335.9;333.2
19757;14746;460.38;453.88
6569;17463;397.6;397.2
4286;13905;417.31;416.46
3425;1919;384.64;363.14
237;22267;342.25;321.6
2578;4546;428.08;426.78
19036;10475;438.7;431.9
17112;328;349.7;349.22
19009;10373;371.78;371.48
17594;1741;413.95;413.35
2375;21793;403.2;397.2
16199;15457;438.73;438.53
1928;10889;427.12;419.92
19133;10722;420;408.5
2622;3591;405;404.5
17694;6650;392;368.6
15711;16427;404;388
4601;20413;346.2;339.7
14331;11417;411.5;404.4
18993;10330;474.5;472.8
8369;12187;380.8;376.8
5957;13839;373.67;371.52
19722;14634;418;416
11527;9177;419.3;418.85
17413;1046;372.24;370.99
7021;20326;405.71;403.51
16698;9566;425.1;424.3
750;5192;420.41;419.81
13125;16759;350.25;344.45
854;17189;364.95;364.05
5056;4631;410.53;407.23
8989;16674;410.43;409.43
665;16572;351.85;337.8
8584;2546;394.8;376.7
13321;6787;382.73;370.23
252;19469;350;332
415;19401;353.25;346.25
4599;2513;402.4;401.8
18806;9504;423;403
3432;22133;447.3;445.8
12309;7593;376.58;374.58
5117;12347;395.92;379.32
13516;4793;398.8;392.8
17294;396;394.18;392.18
16868;4228;422.7;422.2
17737;6430;455.5;443.7
11920;3091;437.8;437
16056;5803;357;331
19025;10439;421.3;421.1
3036;4551;426.8;426.4
18840;9847;468;444
19686;14580;387;386.65
16927;671;427;391
12352;9766;366.11;355.71
5542;3630;373.26;368.26
15907;11584;462;192
16937;586;425;411
18722;7343;364.65;362.5
19302;12423;365.75;363.55
16985;6863;349.43;349.23
13855;13547;421.3;396.3
15054;11454;430.08;426.98
19062;10541;433.17;426.67
17559;1616;444.02;431.22
3483;13542;406.7;406.4
18849;9874;378;372
243;20491;345.3;318.3
10678;3406;461.5;461.3
14383;9255;412.3;409.7
18912;10094;476.1;475.8
12518;6352;421.6;411.2
3267;1900;410.9;410
1007;19868;365.65;359.5
3998;2060;378.83;376.58
3278;6224;391.99;384.59
8913;5139;421;419.4
17871;12679;428;398.5
17724;6507;467.67;467.47
686;14065;376.27;374.92
2453;21607;423.95;413.65
16924;5281;313;215
19059;10528;413.09;411.99
19735;14658;416.7;416.1
10891;12108;379.01;375.21
11307;7356;430.7;430.1
1393;4104;426.66;421.06
19118;10654;387;385.7
9617;2040;384.11;382.81
741;8239;395.04;391.74
19694;14594;389.15;386.15
17692;6636;416.38;414.58
10409;11139;427;424.75
19302;12426;356.75;350.75
13949;15755;411.9;410.7
16949;525;331.86;308.36
16042;8196;360;253
471;16640;406.6;385.9
4756;18384;355.6;353.15
2012;17475;402.35;363.4
16073;3127;413;202
17694;6649;402.8;392
890;7557;354.23;343.2
14880;21288;397.45;395
9224;9708;374.63;363.13
6988;17230;418.3;416.6
16156;6294;392.1;390.8
11153;9777;388.8;388.1
10305;9558;448.9;448.7
5516;22127;401.87;391.87
12239;3224;428.6;427.3
4071;20190;436.5;423.4
1332;1318;424.37;423.3
11765;2275;383.8;383
7783;17335;459.1;458
936;14104;370.85;362.95
11668;7887;369.7;367.5
4126;21417;453.7;445.1
2542;21461;416.71;414.81
10891;12106;375.21;371.31
8765;4271;420.4;419.4
14503;16490;388.01;387.81
7763;20682;415.98;414.58
19317;12452;430.6;430
9627;21767;375.35;371.85
11824;7903;401.45;399.65
18839;9842;427;423
14354;17963;345;303
10526;4921;429.26;428.06
3910;22342;442.2;426.25
12676;27;417.3;416.9
9245;7367;393.2;391.5
2535;20368;391.8;371.8
14409;8948;376.77;373.27
8165;3738;428;426
2851;12234;389.3;388.4
5230;20949;340.2;333.2
92;12558;398.9;390.75
925;20373;388.75;379.9
7956;9098;420.42;420.02
18992;10327;468.1;466.1
7910;17817;362.05;355.85
17295;391;414.91;413.51
8341;18511;420.74;415
19485;13935;379.4;377.3
7938;5333;419.14;416.94
16827;921;425.8;425.3
12462;21592;335.08;330.78
6207;8933;409.38;395.48
15936;2075;347.38;346.88
10297;19668;382;325
17571;1654;362.7;361.3
8174;19629;443;436.5
2493;4860;428.15;426.55
15243;11457;339;317
9020;17990;406.55;402.75
10854;20013;384.06;383.46
18966;10247;375.43;373.43
19415;12891;403.61;401.71
1653;19982;366.68;363.23
9621;13679;410.1;409.2
2300;17612;407.62;398.12
12818;18890;387.36;387.06
18771;9434;452.9;202.9
14467;4490;428.1;426.4
7025;19339;397.07;396.07
246;15938;348.3;338.25
19053;10500;423.6;420.7
5735;4988;425.8;425.3
5146;17054;348.4;345.6
17330;209;415.75;411.2
14432;9271;422.22;409.92
14834;8955;403.63;402.43
15205;11975;386.32;383.12
1679;5876;400.55;388.2
17712;6559;412.6;412.15
3364;13455;418.23;415.63
14365;18011;381.59;374.69
7549;14335;415.6;410.05
12071;11171;450.9;444.8
13924;8691;397.1;385.7
14968;13;390.7;389.4
19480;13919;433.51;430.7
17586;1690;380.1;378.6
303;17326;380.97;375.87
10547;7922;372.75;371.45
3677;12313;418.92;418.62
19557;14213;418.14;417.79
4252;3163;430.3;429.8
16260;15383;434.5;427.8
9936;2677;408.45;402.65
727;19378;442.13;437.83
17351;96;385;343
13724;11273;356.61;353
7716;16065;362.27;360.37
12922;9235;422.4;421.6
17702;6611;440.73;438.03
16915;685;361;333
9879;13663;417.4;413.4
17866;12687;385.96;385.46
2981;4597;427.64;427.24
10153;16735;419.8;418.2
18934;10148;408.6;403.4
2968;19747;364.85;358.2
10771;5692;413.3;413
999;15831;346.79;344.89
663;21341;366.4;357.95
12956;5170;420;364
3001;20347;417.39;414.89
284;5304;419.32;416.72
19060;10535;410.69;402.99
15799;553;301;277
8405;17609;397.95;380.05
15290;13293;406;376
13168;21270;379.1;372.1
2522;7053;462.9;455.7
16850;4157;429;421
10757;21976;407.51;403.51
15471;18068;371;205
15878;11568;413;367
2970;6790;336.3;334.8
12359;8603;394.91;394.41
444;17660;358.12;346.42
17065;5314;418.8;407.75
3876;9575;423.7;423.4
17440;1112;382.59;381.14
14930;4720;400.05;394.55
15503;6122;403;349
9936;2676;418.65;408.45
14763;21589;420.57;418.57
17102;5587;419.2;416.4
17126;276;421.2;420.3
12371;2428;396.84;382.34
9823;3146;437.2;436.2
1436;20143;333.37;321.89
6892;19478;395.7;395
5591;7977;380.2;376.8
89;12545;404.52;397.67
19111;10629;389.6;388.8
13503;7039;431;430.4
7182;13797;436.8;427.3
11562;11764;411.2;408.75
4641;4007;432;431.7
10387;16981;387.48;381.08
942;17904;314.1;298
3291;5914;398.8;398.5
18828;9804;398.35;397.15
2255;7744;494.69;494.19
19050;10489;415.6;414.8
12229;3198;430.1;429.4
798;2199;405.7;405.15
3653;4036;462.4;461.7
4227;5114;418.65;416.75
2914;4358;414.98;414.33
1107;21603;399.69;393.44
10600;19526;429.73;330.03
4025;7987;385.39;368.79
16651;15214;449;305
19591;14239;420.37;413.57
2119;16596;404.13;399.68
2010;4222;412.45;410.2
18962;10231;464.9;456.7
15884;11576;312;228
19777;14837;352.22;351.22
10915;5366;417.57;402.87
12638;13582;423.67;422.57
12784;5317;418.57;402.77
17074;5228;420.2;416.4
1094;11853;407.94;400.39
19108;10621;388.3;386.1
3224;17624;387.25;385
9935;7926;386.4;384.9
11823;13612;396.64;395.44
7606;18039;385.33;381.03
6866;4579;429.98;429.18
6992;7393;429.57;428.77
4252;3164;429.8;428.3
2625;2194;389.2;380.5
1336;1331;377.65;375.85
4442;20555;453.1;452.4
5204;20950;373.09;364.39
18877;9955;377.93;376.63
19435;12959;418.4;417.65
5012;21217;363.04;357.84
943;11664;374.22;371.12
3481;13537;388.74;383.64
16070;3435;456;212
17712;6562;411.05;409.8
5069;2876;369.8;368.9
19226;11773;427;419
3948;10931;372.72;370.82
16257;11599;372.99;366.14
14641;4397;347;269
16044;8201;418;354
16724;16308;408;354
3557;4338;419.24;407.14
17707;6594;420.3;419.4
15763;2433;375.28;362.28
12367;8628;401.47;400.77
5614;7448;472.69;472.39
19055;10504;384.97;384.37
15196;718;385.05;382.95
10540;21563;367;361.6
17702;6609;442.93;441.63
12606;8640;419.61;419.01
8826;3116;438;437.7
14682;23008;357.81;370.91
14103;21114;404.3;390.8
16569;15276;387.1;386.9
1761;3389;441.8;440.1
3291;5913;399.8;398.8
16970;144;391;377
4224;5070;419.35;415.85
19405;12862;445.1;444.15
15221;903;329.2;328.7
6649;20407;422.6;421.3
10586;5964;402.49;401.29
8820;2842;373.5;372.5
2014;5810;418;417.4
7141;18838;384.1;380
11568;2141;407.92;405.75
19780;14847;412.19;409.19
15903;4850;350;180
5033;10956;383.6;372.7
19336;12508;456.57;444.07
17295;392;413.51;412.61
5441;8890;416.06;407.06
12914;6269;398.63;396.43
10968;20560;425.84;420.24
12796;7034;442.1;423.6
17575;1662;374.29;371.09
3622;19684;320.14;314.64
2341;8357;396.88;389.18
3066;17276;344.31;333.51
3957;18606;367.64;362.14
15865;3506;435;431
13503;7040;430.4;429.5
15224;868;341.4;328.7
18949;10188;421.04;420.94
17705;6587;423.8;417.9
10880;20331;449.55;448.35
13318;12000;384.18;369
3506;3143;437.4;434.5
2397;20261;383.39;373.69
9412;13695;409.47;407.67
16917;689;431;409
11247;21371;392.6;389
2385;4461;427.24;426.39
12319;2274;370.6;368.7
6298;2954;378.11;376.86
5886;3061;429.31;424.31
12505;2650;376.72;374.92
14525;8717;422.72;422.32
4361;5747;416.37;405.27
15284;6848;316;204
14754;5903;398.26;381.16
8381;18509;420;418.3
12369;2439;391.53;390.13
945;7930;341.71;325.61
12435;22228;346.8;346.6
12230;3203;423;419.4
17694;6646;414.5;413.1
17714;6572;409.4;408.2
5069;2875;370.3;369.8
2363;3697;426.74;417.99
7937;5334;421.95;420.95
6833;11042;371.81;371.51
17448;1146;378.11;374.01
16966;542;367;111
3233;12243;323.9;323.61
1856;10879;408.15;406.5
2131;17880;444.4;422.9
17425;1063;454.9;445.3
19717;14630;375.5;374.35
19728;14645;414.22;413.42
5488;2731;461.5;460.4
11972;4885;432.15;429.85
1864;1815;395.07;371.07
4144;2073;380.14;376.34
4044;21266;385.5;383.69
13078;12040;403.26;385.46
2306;20158;408.1;404.06
12085;5833;403.7;403.4
17571;1651;375.7;371.45
14830;5023;423.99;423.19
17830;6722;366.6;366.2
19672;14561;387;384.9
5120;12362;375.55;366.2
15846;6362;369;331
391;22207;363.15;358.85
5592;8441;406.4;394.7
8013;5799;407.14;391.94
17348;84;386.93;385.1
2438;7524;345.4;326.6
9441;7541;395.1;378.2
2579;4499;427.91;427.56
502;4274;420.6;420.1
7088;20686;411.34;403.64
3955;5713;419.27;418.37
6792;18985;390.58;389.58
3361;10918;427.24;424.59
2664;4258;420;417.9
17469;1225;368.89;365.64
19372;12785;402.6;401.6
15812;16397;383;369
18738;8271;365;163
16918;633;419;417
14062;3454;447;265
16079;4900;430;412
15491;17947;410;378
15345;3822;432;430
19031;10456;432;424.1
1600;14264;397.2;395.5
7676;3105;437.15;435.65
9901;19072;488.47;479.1
17883;12631;415.3;409.8
1791;8319;398.19;397.54
6996;8490;417.4;408.6
4577;20497;435.34;429.14
14355;17960;361;274
19609;14299;411.65;410.1
1773;8266;420;419.3
9375;19760;406.35;399.25
14275;2056;404.1;399.9
10596;19593;436.47;320.07
442;1795;347.3;346.25
8214;17287;422.45;421.25
16512;7116;430.9;422.4
19362;12769;443.92;442.42
15270;19902;432;285
19060;10531;417.99;417.49
2075;3327;435.3;433.6
11256;3688;370.12;362.12
11422;2770;469.8;469.2
15213;11953;382.78;368.98
11678;6024;399.97;398.67
2897;5947;402.24;400.39
9047;4448;446.47;442.47
16914;682;405;204
16428;10427;434;242
18953;10201;420.39;408.29
12499;2813;410.75;408.35
15865;3505;437;435
19636;14499;388.7;367
14446;17653;424.7;422
13920;8682;397.6;392.8
7865;4301;421.96;420.46
10893;7843;368.8;364.8
3230;18923;434.33;429.33
2003;5815;407;406.75
16414;7137;394.36;391.06
13512;4781;420;419.5
10525;4931;426.76;425.56
19436;12965;402.4;394.35
15053;6358;371;353
12480;5009;422;421.25
15925;15597;488.4;370.4
14247;4386;412.66;408.86
1387;20144;414.32;411.72
16736;781;422.4;421.9
13784;16864;428;298
11548;18027;450;322
3383;14270;417.7;416.1
1587;17294;402.02;397.22
19705;14608;402.6;401.1
18991;10320;468;466.7
19757;14744;466.88;464.38
12788;8670;420.72;420.52
7361;17179;393.3;388.8
3926;18607;392.65;387.65
12262;3879;392.6;388.4
8498;4454;428.55;426.65
15840;16256;403;307
19159;10751;381.22;381.12
4254;6998;422.9;379
14066;11393;414;388
19485;13936;377.3;368.6
11598;17524;382.1;361.5
15485;17975;441;413
16155;6292;389.3;386.5
2821;20196;378.05;360.05
5585;10989;414.99;414.09
8088;9772;390;368.9
15006;6260;369;265
1770;8261;421;412
5534;20760;406.09;399.9
16274;15415;413.65;408.75
17548;1581;377.05;352.05
2824;20482;348.15;346.15
19634;14491;390;385.7
6959;17773;380.16;371.26
10854;19993;387.21;384.06
8839;16700;443.31;440.55
11706;16020;342;329
13936;9247;421.9;410.7
13361;18833;381.39;380.79
5723;11000;414.72;406.92
2977;4586;428.08;427.68
1994;10891;443.63;418.13
15024;19795;372;209
17881;12621;414.89;408.89
16563;9333;414.9;414.55
15163;21337;373.4;371.5
9345;17968;417.33;416.73
7130;17830;445.9;445
12529;11199;438.26;429.96
15441;11481;325;215
19093;10574;419.27;413.37
15601;9293;394.41;393.41
3937;7455;379.05;376.35
15515;11505;387;257
7357;2029;365.4;363.3
12319;2272;379.3;377.4
15079;7284;473.2;470
11213;4084;368;367.1
17489;3578;473.2;470.1
11294;6081;405.7;404.5
5442;8893;420.49;419.39
4365;5720;417.73;412.63
17193;301;450.9;450.2
13479;11254;548.7;539.7
19266;12228;428;400
14309;18105;438.8;429.6
113;7962;394.46;383.68
19155;10743;398.88;396.88
19064;10548;432.82;426.47
10526;4922;428.06;426.86
5226;17800;352.3;351.25
17823;6701;372.8;369.8
17552;1597;418.39;417.54
15541;5540;420.05;419.75
15500;16111;369;277
15489;5441;422;368
18954;10203;418.97;409.07
2388;4470;427.38;426.78
12142;17910;345.55;341.5
16223;4509;427.3;426.8
9671;5442;422.5;422.2
12795;7333;413.44;410.59
10405;8589;420.5;417.4
3100;9683;379.7;366.35
19522;14118;422.4;421.3
13122;7503;352.08;350.08
14020;16850;388;258
19671;14560;387;385.8
19660;14547;375.62;375.32
757;18317;371.56;360.96
17468;3581;361.52;359.62
1466;19804;388.6;383.25
16803;7096;430;416
15314;4818;429;427.6
11291;6072;407.5;403.7
13211;12013;386.1;382.6
17583;1682;426.6;426
10668;3987;425.3;424.3
16230;15451;385.19;377.39
13844;18935;429.02;328.02
19057;10514;412.96;412.46
436;13337;386.76;384.16
15298;6169;402;368
6861;4569;429.78;428.78
15763;2435;381.93;375.28
18999;10344;43.08;38.58
18943;10170;444.5;443
13847;7294;376.2;340.2
17546;1568;380.54;376.14
8435;16648;379.7;379
3548;10922;423.34;417.09
4716;3623;375.15;369.55
18936;10153;416.07;412.97
19013;10390;424.78;423.08
17754;6413;413.35;412.3
2973;12240;421.1;420.2
6285;18122;391.3;390.9
16946;512;397;394.5
16926;668;416;396
19160;10758;380.74;380.14
8216;19312;422.45;422.35
14250;4393;415.68;414.78
98;14422;374.96;372.1
7181;14329;438.6;421.2
16663;21170;393.5;392.9
16910;643;357;275
7603;3490;439.3;439
15940;13061;349.19;347.19
17102;5585;420.8;419.8
15491;17948;352;232
15030;5999;362;270
15780;11541;434.4;427
2165;3362;429.7;429.3
16951;602;386.5;338.5
7108;8064;419.68;418.08
3289;6202;400.5;399.4
233;22110;344;341.6
19730;14650;415.54;413.24
7046;21875;436.3;431
12880;5584;416.92;405.82
10176;13651;418.6;411.6
14006;13527;379.28;297.28
17479;1286;437.09;436.79
3298;3182;428;427.1
9049;4444;444.32;437.12
12329;22252;389.16;385.46
14030;7653;440;422
11318;9589;401.96;393.61
11414;5667;414.8;412.4
19437;12966;401.85;401.75
19432;12956;398.21;397.21
122;1947;386.87;373.37
19645;14521;387.6;386.6
11041;18892;389.6;388.5
1500;21581;396.24;387.24
14502;16491;389.47;388.67
19493;13951;473;462
17529;1485;445.8;439.8
14646;7477;340;223
16025;3433;461.7;461.2
19109;10624;389.3;388.6
12242;3247;428.2;427.5
15864;14365;364;352
9242;18917;417;415.2
17488;1368;474.1;473.3
10785;3129;437.7;437.5
14878;21290;393.6;386.7
13458;18979;578.9;530.15
6922;18757;399.97;396.37
7001;8491;420.66;419.56
6986;22212;413.9;410.8
5366;13863;413.5;403.25
7002;9057;400.73;400.58
119;7573;424.25;420.05
12914;6270;396.43;394.83
19216;11716;390.4;389.2
14172;11397;381.59;378.04
13095;13564;417;402.5
14554;5777;413.78;413.68
17209;5639;419.2;415.8
11532;9194;419.9;415.3
19592;14243;420.13;410.38
6920;17786;405.74;401.09
9556;5624;417.4;415.7
2056;4647;428.1;427.7
9226;12170;398.88;366.38
17740;6441;455.2;441.8
12502;2979;377.21;359.61
19097;10586;429.25;418
12479;5003;419.5;418.6
17466;1212;386.2;371.3
251;15918;348.1;329.5
14070;16986;463;263
2110;16616;374.7;371.7
4840;7758;425.3;420.4
16713;13240;413.6;412.8
17297;379;412.26;393.06
13796;16202;336;166
2173;9689;369.36;366.16
4169;17431;367.37;358.27
15655;9297;411.85;410.05
13511;4780;411.6;401.3
7332;22211;362.3;354.4
18786;9464;380.65;373.85
949;15833;410.16;400.16
3874;20174;405.8;391.3
17453;1164;382.31;379.21
3878;20173;383.6;365.6
5898;18137;429.5;427.7
10246;9743;384;372.9
6787;8487;421.58;419.18
7297;17890;401.77;396.07
16421;7774;457;456.4
16986;6813;346.6;343.6
14884;21666;387.7;387.2
11530;9188;418.6;412.7
17539;1526;415.01;399.81
12711;5533;420.76;420.26
16856;846;379;367
17718;6536;435.29;434.79
6870;5768;405.04;399.74
10716;13643;476.6;474.9
18990;10318;460.7;454.8
19121;10669;386.3;385.9
1455;16503;393.2;387.9
17707;6597;412.9;408.6
3249;18545;382.82;374.82
2098;5105;421.47;414.07
3652;20130;460.91;460.31
13085;12035;419.7;419.3
12842;5297;421.5;421
12765;16479;393.81;389.01
2169;3373;438.6;436.9
12360;8608;397.36;395.66
10969;19688;346.07;338.22
1771;8262;421.23;420.43
14214;7289;373.6;365.8
16117;15481;387.66;383.36
645;21342;382.2;362.9
17454;1169;378.88;373.98
5120;12359;366.2;364.15
16843;724;382;378
14334;18034;413.5;408.7
14743;21306;371.6;370.5
10024;7806;454.03;452.93
17548;1583;347.65;344.15
1764;3379;453.19;444.39
2224;1840;394.4;383
10359;3029;449.5;449
8834;20764;387.23;385.83
4053;6317;391;390.5
6993;9048;408.73;407.83
13853;12723;376;360
11476;2252;382.15;379.95
2067;3301;427.8;427.4
6806;3001;457.9;457.5
234;22288;335.25;332.95
4388;22050;441.15;441.15
17079;5150;421.2;420.45
17820;6690;372.7;371.5
8846;21167;427.65;426.35
4125;8848;421.2;406.9
3540;1931;428.9;399
3425;1920;398.64;398.14
11278;9176;421.1;417.7
15819;11927;387.19;383.39
19548;14182;418.1;417.85
17300;558;302;275
5025;17363;395.05;376.85
10404;8586;419.9;417.5
12878;9227;411.3;411.2
6012;11014;355.5;346.5
15903;4852;424;410
12480;5010;421.25;419.55
17430;1081;378.78;377.63
17480;1291;444.25;435.6
13157;13322;399;363
3342;13437;420.06;419.56
19616;14314;387.25;370.25
8511;4246;422.3;422
13511;4778;420;419.5
3873;14289;416.9;415.6
17296;386;414.96;413.96
1790;8317;392.92;390.17
6952;11053;394.5;387.8
1436;20142;335.77;333.37
15511;16411;378;139
13086;12031;416.54;406.54
12411;12087;376.89;336.39
264;17111;347.83;345.83
19182;11315;435.5;434.5
16432;7132;391;375
941;7896;351.04;341.94
3923;19723;398.15;385.4
8970;6148;397.6;396.2
9268;6328;414.6;414.2
7394;4508;425.58;419.18
12880;5582;420.82;417.72
17066;4167;427.95;427.75
8629;8522;414.3;401.6
9003;3960;424.7;423.7
13325;2557;363.6;363.1
13309;16389;369.2;363.15
16893;906;401.8;399.6
13099;2289;381.36;380.16
17713;6567;410.7;409.9
9162;18918;368.67;366.37
19026;10441;433.9;426.9
2071;3314;430.1;428.8
7674;3098;439.15;438.15
2017;4620;426.15;423.75
12524;2269;376.4;370.6
11317;9585;419.02;414.82
19117;10653;376.7;374.3
8233;16585;352.1;344.6
3944;6208;409.5;409.2
19735;14660;414.7;406.7
14010;15945;409;391
14849;11441;408;406.6
9737;3967;427.1;426.3
17503;1410;426.01;423.81
7750;18692;371.67;369.87
2102;16904;374;349.45
1300;17870;403.49;389.79
16421;7775;456.4;454.9
12509;2256;373.12;368.47
17520;1454;439.8;439.4
7544;9074;421.77;410.37
15772;16212;448.2;433.5
7331;19427;371.8;360.5
16697;13261;475;465
1441;1334;418.75;414.75
15771;11532;444;442.9
15144;662;385;370
14111;13513;402.25;401.8
4140;17242;376.83;372.38
9132;4166;423.2;422.8
6210;8942;396.13;393.39
3270;8072;410.7;390.2
17328;196;441.59;440.49
4585;20004;418.78;412.78
14455;13493;397.3;393.6
693;14080;374.04;373.54
9785;9155;421.18;412.38
19333;12496;346.63;345.13
5546;18497;361.7;350.85
19699;14598;389.46;386.46
11672;6341;418.56;416.06
3874;20175;391.3;374.2
8532;3743;427.3;425.8
7540;9069;411.06;410.56
1657;8115;416.52;408.22
1821;17416;375.4;373.5
53;1224;409.07;401.07
683;21339;372;370.8
2174;9633;371.92;368.62
2911;8378;422.72;422.42
12074;11176;448.4;444.6
6896;18472;378.9;378.6
12608;8647;420.08;419.38
17318;5573;416.68;412.98
19239;11806;467.7;459.7
63;10828;375.2;374.9
2052;20268;400.42;399.42
17285;216;378;375.8
93;13109;389.2;388.35
1434;15741;334.11;320.79
16581;15271;370.4;369.6
8560;21182;412.9;412
8405;17608;410.85;397.95
451;12190;417.93;409.43
826;22264;360.5;357.62
18860;9916;374.68;366.73
3786;20393;381.5;380.45
2000;5824;399.2;398.1
16080;11597;352;158
2300;17613;398.12;386.32
17531;1493;435.41;419.51
679;14045;373.35;364.45
15946;13056;349.29;347.29
14991;13450;424;418
17729;6489;454.7;452.4
16638;552;390;302
17335;9407;416.65;415.5
19452;13019;422.66;422.06
4641;4010;430.1;429.1
3215;17843;421.5;420.5
15939;13066;349.1;348.45
1389;16719;427.14;423.84
1103;21034;363.19;356.94
11779;2151;407.2;406
12772;2341;421.96;398.01
3939;20456;443.2;441.1
17729;6491;450.3;447.5
10011;3676;322.4;318.6
2711;2198;399.75;369.75
10892;7870;365.8;359.6
3439;10919;418.9;412.6
3876;9573;395.3;377.7
16258;15449;374.37;364.52
19174;10797;411.85;403.7
17569;1641;381.8;380.8
17531;1491;440.01;438.51
7425;8513;422;421
1689;5664;407.15;403.7
17562;1622;447.74;429.94
13434;14854;413.3;413.15
3777;1968;370.35;369.55
11818;22129;391.69;375.69
11318;9591;413.91;409.36
10886;12124;376.99;374.29
13024;16431;346;296
15006;6258;371;369
546;16593;348.27;344.2
7062;22101;372;354.3
7453;13750;425.35;416.9
17750;6403;414;413
7050;18464;447.9;443.2
16797;13226;412;122
14321;3534;432.5;431.9
4023;8032;401.31;378.76
13782;16153;425;375
14835;8956;400.23;375.43
2911;8380;418.72;418.32
4052;6315;389.3;389
16119;15478;398.3;354.3
19110;10627;391.3;381.9
7529;5248;409.41;404.01
1151;17641;410.22;407.22
3265;8386;418.5;418.2
9999;13657;420.3;408.3
5109;17565;362.1;339
17009;478;434;382
19668;14557;386;384
2632;17277;434.48;429.43
2159;6037;416.32;412.67
3958;18411;367.14;359.54
7350;17124;393.61;381.61
955;20350;362.8;357.1
16737;788;435;428.3
12132;9600;419.4;419.3
1585;21058;369.19;353.29
4007;20436;441.7;428
19767;14806;466.34;465.54
1034;8113;417.13;389.13
15294;4236;358;292
7170;5081;420.8;420.6
19160;10756;382.54;382.34
65;13960;374.6;370.7
19645;14522;386.6;383.1
19011;10379;420.5;414.4
16420;7811;460.5;458.45
12103;2922;404.38;402.33
5632;17201;394.6;393.5
17435;1099;421.3;419.3
15630;16172;366.5;363.3
10771;5695;410.85;398.3
9970;17943;405.7;403
17298;268;378.8;375.9
12411;12090;379.29;376.89
39;14400;374.95;369.5
10554;3729;427.6;425.9
18991;10323;460.4;454.8
17744;6459;455.2;453.8
2557;7087;388.04;383.84
2679;19917;405.2;392
16572;15273;417.5;416.4
4228;5117;417.44;415.64
4226;5111;419.89;417.19
17538;1523;371.13;364.83
16070;3436;462;461
16050;15516;440;192
16692;11649;363;335
19701;14600;388.75;386.05
506;8233;413.95;409.95
1772;8264;421.96;420.96
12796;7032;452.4;447.5
16615;942;414.9;413.8
12370;2443;390.53;382.53
15327;11738;382.7;381.9
17306;535;336.45;334.95
15569;11513;427.8;422.7
156;14444;381.43;380.53
936;14102;375.25;374.55
7543;9070;422.46;421.01
16649;4380;417;399
3278;6223;396.29;391.99
17513;1439;443.1;438.3
14802;7598;345.76;342.61
12572;9756;388.15;386.35
899;19283;395.64;390.84
18922;10111;371.2;351.2
10026;12140;397.43;395.43
14661;5386;422.5;421.75
19287;12293;414.97;410.87
12941;4231;356;237
17838;6738;366.5;365.5
2999;19258;418.65;415.65
15485;17976;413;235
7532;5257;418.17;414.27
5114;12342;369.02;365.02
7610;20404;391.6;387
47;10825;371.25;368.75
15656;9302;410.74;410.14
19626;14417;441.85;441
5783;20450;428.3;420.7
18769;9431;388;382
17707;6593;421.1;420.3
2621;3589;402.58;399.5
16473;7121;398.8;397.9
7960;3776;427.23;426.13
17329;207;412.2;406
7599;5056;0;0
9813;18915;453;451.8
17479;1289;433.09;422.09
1334;1325;397.14;389.04
101;14431;368.2;367.2
3565;4674;432.7;432.1
9697;4044;453.69;444.99
1617;5869;404.29;403.79
12510;2878;371.68;369.73
15677;16082;424.7;421.8
16697;13262;465;449
5652;18828;508.6;392.3
16115;15483;389.2;384.5
9926;19574;298.4;280.5
10888;12118;377.24;373.74
1512;9608;419.78;417.38
19239;11805;469.7;467.7
17592;1735;412.8;397.1
530;13984;366.55;363.55
2039;4094;425.48;424.68
15833;16301;423;249
1761;3390;450.8;450.15
643;4115;422.69;415.44
8583;2540;403.5;403.2
2194;8333;422.24;421.74
11278;9175;421.8;421.1
13460;11226;518.7;485.1
15250;2068;376;348
12805;6174;401.79;401.59
605;19851;415.43;401.33
15852;5089;423;411
1340;12203;378.33;376.48
9334;19624;391.84;391.24
17490;3577;466.4;463.2
15820;11922;384.92;362.82
13157;13321;363;357
5231;16896;350.6;347
19394;12836;384.4;381.1
17542;1544;380.26;376.56
12770;2364;380.12;378.87
4752;10945;370.27;368.37
10716;13644;476.9;476.6
10916;5367;422.62;422.02
13986;7494;346.59;342.39
14709;4421;409.96;403.06
19758;14750;464.55;461.35
16057;15547;413;203
7606;18040;381.03;378.23
740;8237;405.45;402.55
203;14458;364.5;358.5
17828;6715;373.2;342.2
19118;10655;385.7;383.4
4586;17398;429.08;423.08
18875;9951;376.44;373.74
13921;8684;397.4;394.6
8586;5268;414.15;405.25
19643;14514;387.1;386.4
15013;13442;428;414
10851;20512;367.3;365.5
1863;3468;471.7;469.35
5209;8422;407.26;406.76
13495;4758;403.85;393.2
8625;9651;376.5;371.3
309;15834;380;377.93
16893;905;402.2;401.8
19342;12523;416;415.8
18764;9414;414;360
11284;5973;404.4;402.5
9709;2041;393.6;393.1
16204;15455;448.7;437.9
17709;6578;451.85;443.15
19113;10635;389.8;383.2
12838;5288;421.59;420.49
19208;11697;371.75;371
14248;4389;416.62;409.42
17814;6679;372.23;370.23
11678;6023;403.37;399.97
15938;13067;349.6;349
16712;13243;414.7;414.5
7222;3664;368.58;360.38
945;7934;369.61;349.71
4351;17420;381.54;380.04
19419;12902;377;376.15
19616;14315;370.25;356.25
6444;9632;363.5;359.5
1498;10872;420.66;420.66
8828;3111;437.27;436.87
2068;3305;425.9;425.2
12499;2816;406.25;403.75
423;21808;394.15;380.8
7207;3656;373.6;371.6
13753;11281;388.94;387.44
4320;17410;373.62;365.12
19061;10539;411.83;408.93
12106;2248;368.22;367.82
19443;12981;420.45;419.45
14242;8706;404.5;402.5
16738;797;460.33;457.73
17504;1412;394.5;393.4
15846;6364;331;271
698;1979;415.15;413.75
13084;8082;413.11;370.11
15864;728;397;364
17540;1531;419.95;419.55
17710;6581;449.73;444.53
15060;13434;414.9;411
16054;15552;204;124
15368;8992;415.8;415.2
11152;9779;387.7;387
401;15842;415.66;390.86
19257;12070;436.33;433.23
12237;3218;426.4;425
2005;5789;407.8;406.7
19745;14691;388.7;387.8
7234;17127;418.7;417.4
4691;18601;413.04;399.24
13189;39;358;108
17346;73;387.02;386.87
830;10853;491.16;483.65
14760;7251;421.4;419.7
17344;61;387.97;387.82
4108;8842;419.85;419.55
10585;5957;403.06;401.86
10693;6088;402.4;401.4
7063;19338;366.42;356.07
4251;3172;424.5;420.65
1839;19017;421.71;413.91
13513;4784;401;400.5
19113;10634;390.2;389.8
11155;7489;359.9;346.6
12774;2377;416.38;395.18
18981;10299;391.1;390.8
18812;9522;465.11;464.46
10211;22085;396.6;371.4
17103;5591;418.25;412.5
5386;9722;413.57;413.47
7355;18436;354.03;351.33
1511;9614;415.64;412.14
2840;17601;383.1;378.1
7942;5276;414.35;410.05
13790;7305;380;288
11075;17137;394.15;389.85
5225;5136;411.4;410.1
17703;6612;441.49;440.89
1366;2723;433.7;427.3
15632;19222;391.58;388.78
3477;20238;382.52;377.92
17312;156;410.3;402.6
5546;18498;350.85;340.45
16945;508;387.89;384.09
2348;19082;389.38;386.38
18848;9870;343;339
16025;3434;461.2;458.5
13820;11291;376.45;375.05
15802;14831;376;240
5255;8436;411.9;406.1
1822;22066;374.8;373.7
12840;5291;421.5;421
834;21497;490.8;484.6
5645;5425;424.5;424.1
10705;6110;407.65;404.75
10889;12115;378.57;375.97
16963;585;390.2;386.4
14261;3017;453.1;443.9
5675;3804;435.99;435.64
19123;10678;384.2;382.55
1006;19135;371.93;361.03
19030;10451;397.15;389.05
9013;20980;418.55;415.85
18913;10099;473.8;470.8
14617;6988;346.68;332.08
19428;12937;466.7;466.5
15478;7196;370;318
19195;11358;414.7;409.3
19218;11723;392.5;391.2
18947;10183;420.32;408.82
12104;2926;394.79;394.44
2444;19901;349;335.6
7990;17330;409.88;398.98
18957;10211;426.5;425.7
19458;13044;436;435.35
1377;13377;405.36;404.66
4101;12324;386.75;382.95
8352;19311;366.38;366
10698;6103;405.1;402
15215;11949;382.97;382.62
17312;155;412.2;410.3
19722;14636;414.9;413.7
16400;15285;412.76;410.76
6490;17832;376.4;373.5
18812;9524;450.91;449.11
37;21567;388;388
40;14405;372.5;363.4
13037;22075;443;374
693;14083;369.84;367.79
3036;4548;428.4;427.9
3342;13438;419.56;419.16
1306;7469;363.5;344.5
4124;8845;421.51;410.61
15261;11462;380;283
14012;16804;330;328
4904;3955;424.4;423.4
10742;13631;451.63;421.73
12175;11189;420.8;414.1
13401;9239;419;418.85
13431;7316;392.25;388.55
19750;14714;418.87;416.47
1279;10864;384.94;368.64
17550;1589;384.68;380.18
12108;2241;376.5;373.1
7869;3818;433.22;432.92
15280;7231;374;236
19262;12080;436.98;434.78
17410;1035;375.05;372.05
17864;12683;376;366
15280;7232;376;374
9841;17906;491.89;488.69
10542;17678;386.89;336.89
16896;751;436.2;423.6
13894;51;395.3;390.4
14153;18314;389.5;386
17728;6525;455.15;449.15
16168;9321;403.69;402.69
6039;11019;381.38;380.18
14111;13512;402.4;402.25
16958;120;399;397
2057;4652;427.7;425.4
7159;4319;420.4;419.8
17863;12691;349.35;348.05
14637;4944;344;320
4284;13914;417.8;414.2
12712;17767;344.5;341.5
12364;8619;393.1;378.3
3277;6221;391.46;383.16
5665;20852;404.2;401.7
12140;17656;345.7;341.5
19129;10703;461.76;460.16
8154;22193;443.3;442.6
18861;9920;290.96;77.96
1685;5653;409.84;400.34
17193;302;449.4;442.9
15778;11540;420.5;419.47
9067;19149;425.2;421.4
3128;16993;386.3;384.5
9928;3873;346.2;342.6
1334;1324;422.84;397.14
5557;20740;377.15;366.65
15382;13158;388.05;385.85
9772;14338;380.34;379.14
13318;12001;386;385.15
13958;15777;385.8;376.7
14525;8718;422.32;421.92
11735;7346;373.58;369.88
19665;14555;386;384
5440;8887;414.6;405.5
18833;9823;360.4;345.9
5117;12346;365.12;359.92
9177;5940;402.8;402.4
18979;10294;374.7;374.1
40;14406;392.2;372.5
19486;13939;379.3;378.7
8485;4439;448.05;446.25
15443;11484;353;195
16609;9355;420.97;406.07
16192;5604;417.2;415.7
19750;14710;455.67;440.47
19633;14489;388.5;385.4
6472;19743;365.94;358.44
11363;21919;412.69;407.39
7174;13813;475.3;464.7
12306;2267;374.19;357.99
15666;13111;372.19;365.29
2062;3286;428.1;427.7
12130;11179;400.5;395.25
16743;1004;437.1;436.3
19391;12829;383.5;377.1
14834;8952;409.83;409.13
7675;3100;438.85;438.65
16759;15107;350.9;350.15
821;14088;374;372.9
15761;16284;372.65;369.85
1455;16504;398.4;393.2
1295;15815;405.54;366.74
15222;894;336.4;335.9
19243;11823;464.35;456.7
11165;2482;435.1;434.3
15236;773;414;230
16659;9019;399.76;396.86
11127;4946;429.3;429
7853;17334;386.8;384.8
17006;6164;402.97;401.97
9843;21099;487.86;485.46
17291;410;412.93;397.33
15495;18279;432;290
9194;20358;475.2;475.1
12506;2651;374.18;367.88
3067;17614;344.33;333.83
15598;951;402.8;402
10361;19365;403;368
15804;7785;392.4;391.6
676;14034;376.97;372.97
6060;8917;406.7;398.7
18924;10114;431.13;429.38
19100;10595;400.71;397.01
12473;19530;392.8;388.4
543;19852;372.4;364.12
3272;1909;370.5;330.5
571;17406;386.85;371.9
4112;3615;360.28;359.48
5111;12333;393.71;392.11
17010;475;434;430
12953;20422;344;120
17334;415;443.6;435.8
12711;5536;416.86;415.76
19104;10609;398.29;394.89
12325;2883;374.26;372.96
12335;2283;380.95;379.15
16628;11611;379.3;377.8
3610;1960;385.4;384.35
12913;6266;399.82;398.32
6713;16796;352.59;347.09
11319;11154;380;377
2734;17346;398.16;393.66
13498;4747;470.9;461
17017;3470;470.7;466.5
7352;19720;388.84;386.44
7446;13770;420.95;413.3
12261;3875;393;392.7
19101;10596;402.12;401.92
10016;8569;404.58;399.88
1148;21030;369.45;362.5
6298;2020;376.66;363.61
16565;9339;417.7;417.55
9340;16628;448.1;447.9
15506;7189;316;298
8826;3117;437.7;436.8
2233;6321;390.15;380.85
6235;19654;388.5;388.5
9176;5935;403.2;402.3
19058;10526;406.95;405.15
19241;11816;460.65;457.65
19061;10540;408.93;402.43
2437;21630;342.15;337.45
536;4412;408.78;406.28
4096;18698;382.5;371.7
684;14060;377.12;375.52
14311;5641;418.9;418
19410;12872;429.03;427.93
19049;10488;410.6;409.9
4572;22313;403.08;397.08
13849;15712;419;319
9738;3972;427;426.7
11531;9190;413.55;413.05
1609;21579;376.94;376.64
15013;13441;378;198
750;5195;413.91;413.41
17469;1226;365.64;365.39
5512;19518;410.69;406.39
16814;203;422;374
15669;13104;368.68;363.68
6461;9012;407.39;406.89
17438;1105;421.4;420.4
5820;16810;390.7;387.8
11302;12099;379.06;377.66
9962;16859;392.3;390
19754;14730;438.2;433.9
2004;5800;408.4;408.2
1332;1317;425.1;424.37
8971;6151;396.1;395
3935;7828;382.22;379.62
16075;11594;464;438
12074;11175;451.5;448.4
19009;10371;377.58;374.28
8770;16556;347.7;330.5
11051;3133;437.8;436.5
8802;17734;390.3;389.4
5374;6828;403.61;390.61
18983;10305;464.2;464.1
2392;4488;426.93;425.63
19182;11316;434.5;433.5
16698;9565;428.9;425.1
19631;14483;421;254
14355;17959;413;367
5574;13850;373.09;366.99
19533;14141;414.35;414.15
15382;13159;385.85;382.95
1681;5925;403.05;402.65
16058;7148;332;242
13080;20920;386.05;374.35
237;22285;350.5;342.25
7519;13744;423.86;423.56
3674;7405;484.08;481.68
3044;5722;419.34;416.14
10024;7427;449.43;436.43
9049;4443;444.72;444.32
9611;19074;427.1;417.4
2022;4564;426.7;425.2
16191;5600;420;418.9
9612;19562;425.05;418.45
1376;13371;373.99;369.99
2566;5750;417.76;416.31
17308;139;407;405
17196;311;449;447.2
2036;16550;412.19;404.19
8356;18414;417.4;416.7
15841;16254;442;254
12674;20;413.3;412.3
8916;2778;472.9;470.6
17812;6669;402.3;391
8203;5436;420.4;419.8
5598;8903;416.5;415.8
17114;336;345;341
19427;12934;463.6;463.1
12941;4232;425;422
11971;4881;431.1;428.8
6397;3485;437.56;436.01
548;22257;343.9;328.95
5753;7964;417.57;417.37
4574;19325;430.33;424.33
16224;4512;427.4;426.2
862;16437;367;364.2
7963;3771;427.66;427.26
18769;9432;382;303
14612;8732;421.9;420
14247;4383;418.16;415.96
5937;2805;372.23;365.33
17538;1518;425.93;425.53
9984;17437;422.6;420
9610;17965;430.1;423.2
13099;2291;377.46;374.36
19447;12994;420;416.3
456;21153;386.92;382.51
2825;17271;357.6;355.3
12700;11212;427.3;425
19428;12939;465.6;465.1
6391;19652;380.1;377.3
10526;4923;426.86;425.86
15615;13127;413.67;412.57
19437;12967;401.75;400.75
16151;7721;411.21;400.61
17330;211;409.6;406.2
16186;10063;415.76;370.76
7598;5052;420.3;419.8
17896;12575;426.4;412.4
16167;9319;402.45;401
265;20054;348.37;343.57
11183;16317;351.45;336.65
5211;8429;402.84;399.04
17726;6519;456.25;450.65
14025;15897;368;356
17566;1632;389.12;388.37
3092;17273;459.32;456.32
5715;17563;437.8;430.8
15758;3909;372.43;369.63
2010;4221;412.8;412.45
19769;14818;455.87;451.87
19479;13916;435;434.25
13083;20127;404.3;373.7
595;14256;375.45;373.85
8614;18448;383.5;371.8
17594;1740;416.65;413.95
8389;9111;419.8;418.4
10588;5325;416.81;410.11
15863;11567;292;76
1396;16548;360.8;351.44
10403;8582;420.8;420.1
9494;2765;469.3;467.5
12243;3241;426.4;425.7
13843;15991;358.2;283.2
5083;15934;477.2;474.9
3769;14276;420.6;420.2
16753;968;437.6;436.9
11802;2490;359;352.5
2070;3313;427.8;426.1
17546;1567;382.04;380.54
19409;12871;427.84;425.74
986;17325;405.25;401.6
16794;15065;365;183
17456;1178;380.18;377.18
3630;16992;338.93;337.93
758;16763;363.98;362.68
5257;8873;419.98;419.28
16725;11620;274.76;75.76
33;14390;397.7;397.1
19131;10711;457.86;453.96
17009;479;382;314
3623;21996;316.95;313.65
18850;9880;415.56;413.76
3877;9581;419.15;387.55
12109;2237;381.95;379.8
2072;3317;431.4;430.9
19764;14786;461.49;453.29
8532;3741;429.1;428.6
17897;6799;431.9;430.9
19233;11793;371;351
19227;11779;322;176
12786;5158;419.54;418.24
2443;16738;351.75;345.55
17704;6604;445.36;444.46
17693;6643;413.8;403.8
19410;12873;427.93;426.03
390;20247;360.9;356.6
1790;8314;390.17;383.32
19329;12483;418.2;416.4
890;7559;356.33;354.23
13373;18811;386.1;385.4
5404;17338;390.22;377.52
4252;3166;424.1;422.15
17462;6384;372;308
16508;10032;372;366
10673;5432;423.9;422.5
17328;198;436.49;434.69
17073;5225;421.35;420.3
14383;9253;414.6;413.9
5596;8901;411.9;411.2
17466;1214;329.3;325.3
17897;6801;421.9;366.9
536;4413;406.28;400.68
11635;11156;403.2;402.8
15364;8977;411.87;405.27
15219;855;330.5;329.7
13893;20669;406;396
19426;12930;417;415.7
16440;11841;396.2;389.8
687;14068;382.25;381.95
1272;15838;358.29;350.59
2022;4565;425.2;423
19060;10533;415.99;412.39
17720;6547;432.45;427.15
19777;14836;379.22;352.22
11671;7863;369.5;365.2
16510;15255;438.9;434
868;20528;396.7;366.6
17127;279;419.6;419.1
10191;17859;447.2;447.1
3482;18944;382.9;372.4
15542;5545;418.25;409.6
12244;3235;427.1;425
11670;7854;350.4;349.35
19306;12432;430.65;429.9
16554;15278;404.1;398.9
17543;1551;377.22;354.92
4757;9734;373.71;370.81
3322;8393;423.46;423.16
9566;20779;439.45;431.5
1566;20123;392.38;384.25
18850;9879;415.76;415.56
15039;7751;386;384
16540;4405;412.45;410.85
19350;12749;423.2;423
15679;16080;424;420.2
12790;9214;421;420.3
7813;4159;425;424.7
15837;7165;451.5;436
14555;5783;412.05;410.15
1099;15768;368.01;361.71
8471;22191;447.58;441.58
19705;14609;401.1;396.6
3099;22364;386.67;375.47
19238;11803;420;332
17104;5595;418.21;412.51
5416;13855;428.19;427.99
12267;3892;377.4;364.15
298;13966;383.01;374.86
13881;11300;389;292
10970;16980;351.41;341.51
18926;10119;421.8;419.2
5661;19631;411.25;406.85
2140;22055;430.7;415.2
14992;13444;425.31;425.01
14710;4424;408.84;402.44
19674;14563;389;387
14819;13459;410.63;409.63
3424;19725;383.04;378.14
16981;6367;351.02;348.97
1983;5402;421;412.25
7961;3778;427.97;426.97
821;1976;350;344
18950;10192;430.75;429.35
19172;10789;380.5;370.3
2448;7554;351.5;349
13996;8187;383;317
17192;327;461.2;460
12414;20449;369;367.69
11868;2478;426.5;425.9
17187;441;375.95;373.7
2233;6320;370.55;354.95
2168;3370;435.9;435.5
4602;19324;357.22;351.32
15090;7414;444.2;442.4
11666;2687;366.75;355.65
9537;4176;427.1;426.8
232;20285;349.8;348.7
7222;3659;360.38;357.58
5255;8435;413.3;411.9
1757;17278;390.15;364.55
12795;7700;414.84;413.44
15200;19933;383.59;380.79
7370;18583;376.2;371
4227;5113;418.95;418.65
9022;18940;389.81;375.91
19551;14194;459;458.6
17109;355;370;363.7
6078;19391;395.18;370.23
11968;19534;402.3;385.7
3788;16996;376.45;370.5
2097;5100;421.63;420.63
12410;2351;377.5;376.3
5124;17374;398.68;389.48
11157;7358;388.8;385.8
19415;12890;406.21;403.61
7963;3773;426.96;426.46
4633;7402;427;426.2
11567;2122;412.43;410.73
13245;2287;382;380.7
12306;2266;376.59;374.19
9788;19263;418.05;412.65
12969;3899;370;368.4
2400;12208;379.59;361.49
9160;12178;385.18;384.48
14077;2499;403.78;398.98
15019;13224;296;286
16956;133;485;469
6399;3497;440.41;439.86
16862;693;479;275
11058;18256;412.8;400
6299;2956;378.4;377.4
15741;13085;365.3;360.8
15803;9002;408;374
13460;11227;485.1;437.1
4806;7401;392.8;390.7
2909;8374;411.72;409.72
11125;3863;423.5;423.1
7948;17029;379.23;363.93
16683;5412;374;156
13429;6311;392.5;384.5
11561;2113;420.71;419.11
15605;13138;386.78;375.18
13752;11280;391.01;387
558;14020;377;373.4
12351;20914;451.7;442.5
3213;3706;428.01;421.61
9227;12166;374.62;370.82
2045;6879;375.72;357.77
17283;454;415.2;413.2
5343;13881;472.91;459.31
10030;12130;374.4;352.6
8265;17528;440.29;435.79
18730;8165;-233.66;-330.21
9225;18951;368.78;361.98
1432;22092;334.86;327.72
18992;10325;473;469.5
10893;7840;351.2;350.1
16817;20151;442;409
9050;16538;408.05;404.55
11971;4880;431.5;431.1
1334;1322;347.54;337.34
9487;5987;404.2;403.2
8146;5013;425.7;425.4
3360;19859;420.1;417.1
2109;22261;387.5;380.5
10386;11138;376.29;368.99
17294;394;413.78;412.58
18952;10198;420.89;405.29
1680;5920;403.18;401.93
17488;3579;472.5;471.9
12249;3256;425.9;422
9526;13685;407.23;406.63
17691;6632;414.77;413.17
760;21101;333.5;307.8
12796;7021;408.4;361.3
2136;19111;455.9;389.5
2160;3346;427.5;427.2
8968;6139;401.4;399.6
7967;3762;430.5;430.1
7732;19718;381.44;378.04
233;22111;335.7;332.9
15297;11474;412;388
19765;14790;466.41;466.26
18959;10218;426.2;425.4
104;17099;373.8;359.75
12483;2950;366.46;362.46
3266;1876;389.8;389.3
19757;14745;464.38;460.88
1446;21005;488.55;455.44
16677;962;380.5;377.69
10570;19711;413.25;412.05
11156;6974;346.4;344
17488;1370;471.9;462.1
17713;6564;412.6;412.2
14897;825;377;375.8
3954;5710;419.5;418.4
1840;8323;411.6;411.2
16107;2423;399.86;394.76
9752;21250;380.98;378.68
6863;4573;428.57;427.67
14230;18225;376.43;369.63
5117;12348;379.32;365.12
1824;8793;402.8;400.7
19612;14309;371.1;350.1
8532;3742;428.6;427.3
19435;12962;416.05;405.4
10724;19571;412;411.1
749;5199;404.62;403.52
8817;16724;363.58;355.98
7955;9094;421.14;420.84
5111;12334;392.11;376.21
13469;11243;469.1;467.1
12792;9226;413.29;410.29
19399;12850;400.02;398.82
8619;7765;455.2;452.8
2391;4485;426.83;426.13
19274;12261;372.1;368
9314;2993;455.9;455.5
10892;7866;338.3;336.5
16955;130;376;312
16931;360;428.06;422.06
16925;665;404.8;370.8
894;21128;345.12;340.67
15860;6349;416.2;398.2
7061;18753;370.6;354
7180;14326;424;409.5
2074;3325;432.8;431.8
10737;6125;403.5;403.2
13498;4748;461;457
17728;6524;457.8;455.15
2704;17370;408;400.9
13082;8088;396.13;395.13
14267;18176;384.28;381.83
3385;14272;417.6;415.6
14180;11403;373.59;372.59
16360;15373;349.76;341.26
12949;8182;339;243
14524;9274;422.18;421.18
12503;2835;426.68;426.08
8070;17762;353.46;344.46
14306;18126;435.8;429.4
2175;13397;381.32;374.82
2402;22278;391.59;385.59
2442;19801;349.7;343.6
8386;7760;455.6;454.9
6761;7994;390.59;389.79
821;14090;370.2;357
15638;1720;378.2;376.9
4284;13913;418;417.8
15292;20845;316;306
6483;17288;397.92;375.82
19346;12741;420.7;420.25
19298;12399;360.2;346.9
15589;9280;422.2;413.1
5211;8427;405.04;404.54
602;22034;410;406.54
18926;10118;422.3;421.8
13204;22076;362;347
6939;16633;373.38;370.38
18956;10207;415.94;412.64
16820;10007;392;378
2825;17270;355.3;351.6
17709;6579;443.15;440.15
15767;11522;440.5;409.3
16691;15184;438;418
14454;13495;404.8;403
19424;12919;415.6;415.2
9005;5416;426.4;426.1
1110;13354;407.95;406.9
17565;1629;389.29;387.59
11287;5983;404.4;402.4
19011;10380;414.4;411.7
4127;18696;449.35;443.85
18990;10317;464.6;460.7
1808;20503;408.9;406.4
19534;14144;406.75;405.55
9842;21179;486.4;480.4
15036;18494;376;218
19210;11702;372.1;370
18941;10166;443.4;441.3
19375;12792;402;400.3
891;15794;344.2;330.5
5273;17329;404.9;401.6
5955;8915;414;398.8
10487;4208;419.1;418.4
16372;6854;406.1;405.4
8438;19626;380.9;380.25
4225;5077;418.2;417.75
16327;15365;406.9;403.2
16107;2422;402.56;399.86
6294;3632;367.06;362.26
13087;2449;415.69;409.79
17586;1691;378.6;376.75
2899;5954;400.26;390.81
2514;18992;439.53;413.73
8370;12182;381.47;381.27
7900;19144;447.7;443.3
14998;18353;409;401
17716;6550;407.9;400.2
10839;2999;457.4;456.5
12246;3229;420.7;419.9
6276;8464;391.5;391.3
10496;16509;430.13;429.63
4845;3157;435.9;434.9
11017;13626;425.2;424
14611;8728;422.22;421.52
19741;14676;391.7;390
4360;5743;419.75;415.85
19014;10395;425.97;423.17
1045;19087;349;336.6
11896;21901;379.18;378.73
534;8073;335.1;332.35
134;20269;371.3;367.9
17434;1097;420.88;418.38
10914;5358;417.23;407.63
14786;2344;421.1;419.8
19247;11836;465.8;456.6
19722;14635;416;414.9
19756;14739;465.1;462.2
12194;11193;379.6;374
2077;3333;439.4;439
2540;19372;416.18;415.03
2971;1871;380.05;358.15
2503;22277;435.54;433.14
89;12542;392.27;390.12
13798;2053;377.8;373
10838;22059;381.95;380.35
11008;3726;427.2;425.9
3869;2057;404.75;402.75
2649;4346;408.97;408.17
8402;11100;390.66;378.56
3233;12244;424.41;415.71
4372;17419;386.2;382.3
2009;4288;413.2;412.1
13136;2298;369.14;367.44
13876;11297;429;335
1722;1806;401.35;385.6
16312;8768;417.3;416.3
471;16639;385.9;384.22
19063;10546;424;418
11150;2549;402.8;393.8
13367;18831;387.6;376.6
2623;20262;393.35;368.35
997;15832;388.34;380.34
2616;22097;378.48;377.8
7745;20984;363.31;363.11
15210;11962;384.87;370.97
18869;9940;376.04;370.29
14711;21351;412.37;407.67
2016;4339;417.8;416.7
16084;5538;421;351
15194;19959;404.83;402.63
10179;2050;383.77;377.47
19309;12439;429.1;425.25
5976;16823;428.2;426.5
19374;12789;402.8;402
17863;12693;346.05;340.7
5528;17204;418.12;410.62
16440;11843;400.7;396.2
19099;10587;402.24;401.94
2900;21606;410.63;399.63
2087;17687;431.18;419.38
2026;10897;384.79;370.29
19396;12843;381.72;379.92
2167;3367;432.5;431.9
19554;14202;469.9;469.7
7519;13746;423.26;416.86
15204;11977;382.95;382.75
12440;6881;431.94;419.44
13516;4795;396;383.8
15203;8097;375.62;345.62
9678;11117;453.48;449.78
3769;14278;395.5;373.5
8524;13734;491.7;482.2
5192;18359;391.79;387.09
5331;2173;390.8;387
15824;16373;230;178
15218;11939;386.54;386.44
16918;637;353;345
2653;15973;400.54;381.94
17487;3580;476.8;475
17821;6696;371.1;364.8
2389;4476;427.57;426.97
5035;21191;389.3;371.7
2093;19423;394.68;392.68
17447;1143;373.73;372.33
12949;8184;383;355
2717;17347;402.92;394.62
9327;3555;454.9;454
17458;1187;437;411
232;20287;348.7;347.7
5345;13877;465.18;458.88
14078;2496;379.67;378.17
7452;13756;427.5;427.2
19540;14161;422.95;422
19301;12415;368.82;366.62
19115;10641;371.22;368.32
7522;3831;428;427.7
16817;20152;409;206
15029;7242;374;338
17874;12673;411.6;391.6
7447;13763;418.25;409.65
13507;4766;409.7;407.2
8079;20662;470.95;465.1
19484;13931;378.3;377.9
19635;14494;388.4;388.1
14640;21186;396;386
19538;14152;401.2;401
1304;3190;428;426
7592;3799;441.9;441.6
19312;12442;428.6;428.3
18886;9982;372.85;372.05
12533;11201;395.6;373.15
15390;17979;357.65;351.75
16438;12705;396;384
9737;3966;427.5;427.1
19389;12823;374.6;374.6
17528;1482;440.16;431.16
18876;9953;377.31;376.31
17568;1639;391.12;387.62
19120;10664;385.1;384.1
8368;12365;377.81;376.81
13879;11378;434;350
7821;9085;419.37;418.07
16346;6297;391.8;390.1
2008;4294;409.8;408.6
6074;19495;391.1;383.25
879;17066;366.9;366.5
2290;6062;408.7;408.2
10841;2775;473.6;471.5
2680;20902;382.55;380.95
115;19052;358.8;335.8
6594;5445;423;422.7
5518;20059;397.57;392.47
10223;18076;424.8;423.5
8765;4269;421.4;421.1
17726;6518;459.55;456.25
1237;19484;382.4;368.25
10802;11150;392.16;388.51
3539;1927;366.7;352.9
5157;19979;389.9;383.8
4103;8836;408.01;406.21
16142;15444;364;346.1
4254;2088;444.5;443.5
6994;8007;389.94;388.54
12152;22049;338.8;317.05
4581;21240;496.2;390.6
18998;10341;442.57;442.17
4757;9731;359.11;356.41
551;14000;371.07;368.27
18730;8162;-141.16;-186.16
1253;19920;401.89;393.69
7085;21205;408.12;401.42
16313;9327;419.7;418.6
2401;12212;389.5;389.1
15039;7285;384;106
13436;7311;412.15;405.25
424;22281;382.97;380.8
5441;8888;419.06;418.36
19652;14540;374.82;369.32
821;14091;360;350
19221;11728;382.46;382.31
4360;5742;420.35;419.75
10904;16488;473.9;472.9
1223;20220;353.2;352.4
3630;16973;347.98;345.73
17843;6755;365.2;363.2
7308;13773;418.37;410.02
5754;7971;412.56;392.06
13922;8686;397.3;394.5
9371;19761;411.25;403.15
14190;11410;362.01;360.91
15220;874;336.2;335.7
12523;2856;426.97;414.97
1287;10867;443.79;434.81
16931;358;432.06;431.06
19281;12276;316.55;314.55
4603;20250;348.79;346.89
7523;3834;427.9;427.6
12952;14346;359;295
17546;1570;350.14;346.84
19059;10529;411.99;408.29
8531;3717;427.9;427.5
11404;5856;404.3;404
17983;6889;359;91
11475;7624;379.7;349.2
8913;5137;422;421.7
2479;13413;422.38;421.58
6401;3868;441.23;438.93
6389;20578;377.5;376.4
1840;8327;403.6;396.6
6994;8009;413.24;395.24
2029;17720;368.75;366.45
19379;12799;403.9;400.5
17837;6735;367.6;366.2
19046;10479;404.7;401.8
4986;19981;360.99;355.99
14932;4727;407.03;399.03
19390;12825;376;374.3
17825;6705;372.5;369.7
2434;6766;351.7;342.8
9953;8563;423;422.8
19551;14191;463.3;463.05
4342;4627;427.12;423.82
3955;5712;420.27;419.27
13936;9248;410.7;407.7
17687;4030;378;373.85
556;14012;379.2;376.2
4289;20873;415.96;414.86
3608;1940;389.6;346.7
5861;11004;413.99;410.89
1289;3586;395.24;392.69
13732;11274;361.32;359.32
11416;5676;408.4;405.8
7399;18417;360.26;353.06
19259;12074;436.66;434.06
18855;9899;377.82;377.02
726;15818;442.21;439.86
6585;3280;466.8;466.5
19363;12772;442.59;441.79
7576;8058;411.48;410.63
2445;16116;339;331.8
19365;12777;443.55;442.75
17330;210;411.2;409.6
17693;6644;403.8;368.7
9315;3057;450.8;449.1
3654;4040;459.55;458.45
6145;17314;406.03;402.53
16858;15033;402;392
17722;6532;422.6;422
15914;7045;388.3;378.3
13817;2644;421.12;419.32
19031;10454;438.55;438.3
12508;2658;383.39;366.99
6923;19448;406.75;401.35
7604;11071;379.47;378.22
1010;17090;366.26;360.06
759;19420;373.03;362.23
12006;22013;390.1;387.5
10028;12132;362.2;356.7
2663;4250;421.92;421.02
14838;8970;403.38;384.68
19633;14490;385.4;368.8
17897;6800;430.9;421.9
6220;6130;402.7;401.8
4023;8030;378.76;376.66
18994;10333;475.7;469.5
17347;82;384.77;383.02
2493;4859;429.4;428.15
14664;5396;422.5;422.25
2451;10905;371.6;362.9
17866;12689;383.56;375.16
13964;15707;411;391.6
4256;21043;497;494.9
295;1283;367.6;309.9
16451;7123;337;227
1045;19088;336.6;324
19258;12072;435.89;433.29
12710;5531;420.5;419.3
5535;17564;391.18;382.28
4479;18524;398.83;382.53
10849;6984;356.57;355.57
3780;1999;370.45;306.25
7519;13743;416.86;415.56
17111;345;454.8;451
14737;11432;361.6;359.9
16059;7146;350;292
18942;10169;443.4;432.2
9987;19736;413.4;407
8013;5797;411.94;410.84
1511;9612;420.14;419.04
18969;10258;376.28;376.13
3669;17622;413.61;411.61
12596;15857;500.54;489.04
9953;8564;422.8;421.8
2913;4361;415.01;402.76
19275;12264;372;367.8
12268;3895;376.65;362.4
1114;13362;377.7;374.8
2826;15749;375.1;365.7
16614;933;413.4;408.2
15265;13184;356;340
15280;7230;211;191
19692;14592;388.46;386.06
16918;636;395;353
16317;11912;406.7;399.3
13449;19006;505;504
15277;11466;427;417
5909;11007;442;442
8619;7435;452.8;451.9
7023;18754;405.94;394.74
16043;8199;418;354
5826;2523;353.9;351.9
6993;9047;409.03;408.73
15457;4129;346;228
19450;12999;433;419
6703;4506;426.02;425.02
442;1798;360.3;351
10212;16511;372.18;369.18
15877;15667;362;290
6063;8923;419.44;417.54
16421;7777;454.9;449.25
1762;3383;450.47;441.07
15055;11455;432.08;426.18
19766;14803;442.47;440.57
12972;3051;448;446
34;14392;363.7;358.5
11886;2467;428.2;419.2
687;14072;376.4;373.05
17506;1420;383.4;376.8
10010;3666;375.17;371.07
6787;8486;421.98;421.58
4044;21265;390.9;387.6
1392;4100;426.75;423.05
10024;7807;452.93;449.43
7901;18558;447;442.6
101;14430;392.2;368.2
16509;10030;387;381
15028;18539;410;368
15837;7166;452;451.5
6850;17031;449.51;449.01
6043;11022;381.23;380.23
15245;7821;477;475
6773;17175;354;350.15
15835;16280;326;306
1780;1961;413.38;410.53
4909;16751;431;428.4
1000;17541;371.28;347.08
12201;2700;406.02;354.02
3048;18478;411.03;408.63
13841;15736;400;314
19738;14662;416.9;416.3
15230;769;406;112
5849;4990;426.7;424.9
332;10839;424.18;422.88
12623;19053;369.6;362.59
4807;18897;405.35;404.3
254;21830;442.5;325
7526;3839;429.5;427.5
4551;8416;419.88;419.68
19340;12516;384.06;380.26
19267;12246;374;366
8814;16657;364.3;359.6
378;15810;361.47;358.52
15006;6261;395;389
12775;2360;419.56;400.61
6912;4920;427.9;426.8
4309;4365;410.12;409.52
19273;12256;378.8;375.8
16696;8224;394;384
12101;2902;419.27;418.92
17012;5344;421.7;420.6
15723;16355;425.29;255.29
230;17744;335.2;332.95
17574;1660;374.05;371.25
13087;2446;409.79;365.79
579;14028;369.51;360.51
15615;13132;433.47;432.27
7869;3820;432.52;430.22
10434;2184;-911.65;-1250.65
16741;823;451.85;443.25
2285;13407;411.32;406.22
15678;16081;421.6;419.7
3502;4636;425.07;423.97
96;13152;390.9;369.2
14078;2494;377.17;359.57
15276;5026;340;326
2742;1865;382.05;379.6
12788;8671;420.52;418.82
3250;8823;419.94;418.29
16654;4375;399;345
19329;12482;418.5;418.1
13313;12004;371.7;370.5
4040;22340;399.7;395.79
752;5200;419.89;419.39
16988;6851;348.05;347.05
10331;21051;390.1;388.6
1574;1336;380.1;365.4
17893;12564;409.31;377.81
19447;12993;422.3;420
16155;6289;394.5;392.4
19217;11722;390;389.8
5756;17776;370.32;352.52
14969;15;391.8;391
15513;16408;332;254
17509;1430;417.52;415.22
11424;2865;368.65;360.65
5635;6197;410.3;409.3
16422;7772;459.4;458.4
19241;11815;469.2;460.65
16079;4898;354;252
18878;9958;378.06;377.06
8234;11741;373.9;373
15266;13181;339.3;328.3
11569;2112;412.2;410.1
15673;16103;430.8;422.5
19035;10470;439;438.6
9793;17580;418.35;388.95
15715;7183;333.4;215.4
10470;21050;448.5;447.9
2980;4595;427.38;426.98
1864;1816;408.52;395.07
19317;12453;430;426.3
17506;1419;385.4;383.4
17490;1373;467.8;467.2
7956;9100;419.02;407.12
14504;16471;406.35;405.4
9998;13660;424.68;412.98
14247;4384;415.96;413.36
15394;9768;364.11;353.77
17592;1732;417.4;416.8
2978;4588;428.35;427.95
11678;6021;406.67;404.17
3234;16519;401.39;400.19
11186;16295;351.55;336.65
2078;3336;433.7;431.6
8150;7601;367;362
15843;7160;263.5;251.5
15936;13071;347.78;347.38
4319;17593;374.41;368.61
17697;6658;302;240
13463;11233;459.7;454.5
693;14079;367.79;360.94
2106;22280;386.9;371.4
534;8074;381.45;335.1
19440;12975;414.7;403.8
15044;18397;394;392
2007;4410;412;408.9
15817;7835;400.9;399.6
10739;3040;450.9;450.6
18881;9968;375.16;370.96
12101;2903;418.92;415.87
19517;14105;383.55;382.8
7638;20208;367.71;367.61
13873;20766;420;420
5402;9750;396.9;378.07
3780;2001;306.25;293.95
16119;15477;354.3;344.3
11302;12101;374.96;362.66
5705;7958;391.6;388.1
945;7932;372.21;370.21
12483;2951;378.46;376.66
17596;1747;414;413.4
11124;3866;423.6;423.2
3265;8385;385.5;382.1
846;21220;370.78;367.73
12790;9217;417.1;409
1723;1810;391.8;388.9
14466;4493;432;426.4
17342;6070;419.02;417.32
1590;8254;413.27;405.17
14835;8958;408.73;407.73
15502;6025;365;309
16143;11641;367.2;364.2
13417;3443;461.6;460.8
15942;2083;347.17;345.27
7528;6171;401.8;401.4
3977;8067;393.11;390.11
10966;20511;435.74;420.84
4757;9732;374.81;374.71
19771;14829;446.03;444.03
4263;17586;391.3;380.9
18840;9848;444;304
8524;13733;482.2;473.5
2016;4340;416.7;411.8
19133;10723;408.5;406.09
19407;12866;429.2;428.4
14524;9273;422.58;422.18
3916;9628;394.15;393.7
1333;6794;393.15;336
18757;8544;392.75;391.5
8629;8521;416.6;414.3
12090;2900;397.4;396.4
16984;6831;347.2;347
12601;18132;486.52;481.87
16932;363;426.46;421.46
14009;4313;420;400
19777;14834;381.22;380.22
9024;2036;376.67;375.87
8837;21413;389.42;388.72
12837;5286;420.75;418.45
17441;1116;380.65;377.35
7182;13795;424.3;401.8
13503;7044;426.2;423.65
1683;5647;409.84;408.04
19359;12763;444.3;443.5
18754;8527;338;146
812;15862;371.4;367.2
8624;9639;381.35;371.75
2611;2005;397.6;371.8
17188;449;373.95;373.65
9314;2994;455.5;454
8234;11739;351.5;349.9
4253;5882;412.75;409.4
13059;20281;397.32;395.02
12105;6305;389.73;388.03
17439;1110;377.91;372.31
16164;7566;364.18;362.48
19411;12874;480.15;477.75
3608;1941;346.7;340.5
1689;5663;408.7;407.15
14023;3752;429;425
18847;9868;337;123
6793;20706;393.84;390.89
8986;19645;389.3;381.45
15255;7237;372;326
14310;18104;438.8;430.25
16825;3749;412;402
19420;12904;376.45;376.25
2108;19115;367.2;366.7
5826;2522;393.9;368.9
1118;8790;419.67;419.17
17080;5155;420.8;419.1
19177;10809;433.43;430.93
12073;21470;451;439.8
17871;12677;430;429.8
8339;19172;419;415
15488;7130;378;332
2495;4865;428.35;427.85
4951;20525;416.4;412.4
436;13336;383.16;379.46
19524;14125;380.85;373.65
1702;17805;383.12;377.92
15041;7240;341;247
12512;5018;422.94;420.54
14000;14360;396;306
14836;8963;406.36;395.26
18942;10168;444.2;443.4
7913;17763;363.65;358.45
3291;5912;401;399.8
89;12544;404.72;404.52
17544;1555;384.55;380.05
19306;12433;429.9;426.45
16963;583;399.7;394.5
19765;14791;466.26;464.96
16195;5614;418.25;417.75
8867;6187;401.7;401.4
9872;11758;389.18;383.68
13452;19003;455.25;449.1
15196;716;382.95;369.75
2224;1843;407.75;398.1
10295;5219;420.4;419.8
4932;17385;506.1;362.5
970;21495;369.83;362.69
2650;4351;408.33;400.33
17501;1400;434.93;434.13
14996;12729;427;401
8831;21067;419.16;403.46
5961;4056;450.08;444.98
7597;5050;421.1;420.6
15783;11549;422.56;418.11
6474;7536;390.61;390.31
5226;17799;351.25;349.25
6445;9631;363.7;358.2
9315;3056;451.1;450.8
14311;5642;418;416
8169;11090;441.95;434.15
12680;13577;412.01;411.81
5037;15935;416.35;397.75
3277;6219;394.16;393.36
19780;14852;340.19;332.19
10800;11149;376.05;373.9
17864;12682;383.75;376
4016;19787;444.9;431
13922;8685;398.5;397.3
15497;7794;488;476
16976;494;416.3;404.3
10359;3027;450.7;449.5
16898;9356;422.5;422.4
19021;10432;424;421.2
2229;4836;429.3;427.1
15367;8989;414.95;406.55
5595;8898;415.8;415.4
12118;2963;381;375.65
12085;5835;400.3;397.7
6898;17180;375.2;375
1146;21602;382.8;375
869;14097;368.7;367.75
8447;16557;388;387.5
19269;12250;401;393
1680;5924;393.38;388.38
19350;12751;420.2;411.2
15277;11465;417;407
3511;4681;431.8;428.15
4003;19788;440;430.1
7975;18536;418.6;415
3354;15792;364.8;361.2
4588;17397;453.4;351.4
8224;18962;433.27;427.07
2062;3288;425.3;421.6
1589;8252;413.23;403.83
14854;4185;426.85;426.65
17977;6996;363;353
9964;21159;386.9;385.5
14247;4382;418.66;418.16
5958;4051;453.26;452.36
15263;12720;380.2;378.2
19642;14512;387.7;382.6
8640;18973;410.63;409.03
10855;19544;386.46;382.66
10550;20513;384.05;379.45
7205;13781;383.22;379.42
2071;3315;428.8;427.7
6987;18299;416.4;413.7
19187;11327;444.53;444.13
15462;7212;409;237
14575;2749;471.9;467
5032;10954;385.2;372.6
19396;12841;387.92;383.92
15229;758;360;316
7552;3446;463.7;463.2
17839;6740;371.1;368.4
13441;7677;411.8;411.45
19411;12877;473.35;470.15
19359;12764;443.5;434.3
864;20438;366.5;364.55
11814;22012;423.99;420.39
319;21859;328.33;314.18
684;14062;375.02;373.22
9411;13697;411.5;410
7425;8512;422.3;422
2803;4806;428.3;426.9
17897;6804;301.9;131.9
16926;669;396;358
9315;3055;451.4;451.1
17692;6639;367.68;358.88
18964;10237;408.92;408.72
16982;6371;350.47;348.97
16194;5612;416.85;415.85
18716;11879;338.45;335.95
2194;8335;421.44;420.64
17756;6395;388.9;364.4
15724;7178;350.3;268.3
5265;4061;450.4;447.8
7204;13784;424.04;393.84
13357;13552;409;397
5387;9727;409.8;409
14682;23009;370.91;367.41
17584;1686;426.8;423.8
2716;4018;475.5;474.35
530;13983;367.55;366.55
5115;16949;371.16;369.06
8969;6146;395.1;388.7
6786;8481;423.05;422.85
5141;20883;434.3;430.2
6585;3281;466.5;463.2
14754;5901;401.16;400.86
12507;2657;378.26;377.56
11163;12420;440;439.5
13982;7498;348.14;347.34
13880;20742;387;329
14266;18177;385.11;383.81
2252;8343;389.16;382.16
17330;208;416.2;415.75
16913;676;430;392
9738;3970;427.7;427.4
5365;13865;417.65;417.45
17500;1396;341.41;332.41
17490;1375;463.2;459.8
14307;18107;435.4;429.4
9760;17788;391.38;386.98
13885;20697;370;358
17718;6540;428.99;427.29
2062;3287;427.7;425.3
10672;4001;424.6;424.4
17707;6595;419.4;416.9
17719;6543;432.76;428.26
11125;3862;423.8;423.5
1437;16068;334.04;325.84
16737;793;439.6;435
14741;11435;362.7;361.9
13473;11251;564.5;548.9
15498;9595;419;413
13885;20698;358;196
6005;7447;460.9;454.6
13786;11283;312;310
10841;2774;473.9;473.6
16808;12709;406;404
8913;5138;421.7;421
2251;8341;395.74;395.14
2023;4567;427.3;425.8
18955;10204;420.92;416.72
9003;3959;425.1;424.7
2802;4804;427.33;425.83
365;2137;346.6;336.2
10113;3759;427.3;425.5
6593;4264;418.5;417.5
10347;3848;426.8;426.5
19013;10389;427.08;424.78
15508;7946;428;406
17569;1644;364.8;319.3
17571;1649;378.3;377.1
39;14402;369.5;366
866;19285;398.1;369.2
17451;1158;375.84;374.64
8149;2783;473.3;471
19331;12489;415.95;414.5
16871;5243;410.61;408.21
2027;10898;382.78;369.53
827;10850;372.05;369.55
19092;10569;433.46;432.26
17894;12569;371.55;369.55
6103;7060;440.79;440.19
754;5209;414.96;413.76
1225;17827;357.6;351.35
12792;9223;422.19;421.79
12262;3878;393;392.6
19275;12263;375.6;372
3451;17460;381.4;380.8
2536;20460;361.93;353.63
16636;7114;335;201
1008;16978;366.07;362.27
8824;17702;400.78;394.78
12820;17418;383.69;383.19
13164;13560;451.6;450.6
19129;10704;460.16;450.16
9535;4450;447.9;446.9
10028;12135;379.7;378.35
19156;10745;402.23;399.43
11155;7490;346.6;345.2
11403;5853;403.42;402.52
248;17319;350.1;327.5
999;15830;372.24;346.79
16166;2419;395.93;393.03
14018;15874;383;377
12605;8636;419.18;418.28
19179;10812;433.22;430.22
5265;4060;450.7;450.4
11995;4869;428.7;425.6
3938;21443;443.1;442.7
14804;7596;375.38;345.58
10682;15901;420.93;418.33
16120;13282;422.15;420.9
10028;12137;372.9;363
12611;8656;420.44;420.04
19755;14736;436.2;433.1
330;10837;432.4;430.9
11316;9622;423.38;402.43
19693;14593;388.48;386.18
19542;14167;422.05;419.75
277;20053;348.21;342.53
2565;13425;384.44;383.74
6947;11045;386.76;385.96
19545;14173;465.95;465.55
11247;21370;389;386.6
2898;5950;402.14;398.94
7185;13790;462.7;457.7
831;10854;493.05;485.35
6484;6013;403.9;403.7
19411;12876;476.45;473.35
6984;7712;419.1;416.6
9061;21146;439.42;437.62
16922;649;422;412
17502;1405;430.86;426.21
324;16953;411.21;409.11
3774;17017;357.6;346.1
5647;4132;428;427.5
2224;1839;383;369.8
4376;20252;391.36;384.86
15822;3980;426;404
10152;18159;417.4;415.6
5293;18358;405.18;392.98
3342;13447;408.06;406.36
13087;2448;417.39;415.69
15346;7222;392;330
13403;13550;450;400
3091;19915;465.63;459.28
18827;9802;438.4;381.4
5137;4952;427.3;426.8
12791;9218;422.3;422.1
595;14257;373.85;353.75
10913;5355;407.62;402.62
11666;2684;355.65;354.65
5052;10959;417.25;411.05
382;21472;362.56;361.96
5596;8900;412.1;411.9
6476;18577;350.19;345.95
12613;8664;420.28;419.48
5894;20080;428.7;427.5
4899;20617;395;392.2
10694;6093;402.95;402.15
19423;12915;415.3;415.05
68;19966;330.58;324.18
12069;11170;447.75;439.55
3277;6218;383.16;379.16
2636;4934;427.6;427
17470;1234;365.49;364.29
19420;12906;375.55;368.45
19101;10599;401.42;396.92
17755;6415;414;413.35
19664;14554;377.15;372.35
2482;20074;392.25;391.45
114;9645;389.5;338.6
14582;21236;378.97;378.17
14816;20815;402.07;381.87
395;21471;412.92;388.62
14249;4391;415.1;410
2109;22260;372.3;367.5
2002;5818;404.6;404.35
5446;18519;385.02;377.12
4477;19026;399.19;383.29
16103;15489;372.32;371.02
6220;6131;401.8;400.7
10389;18391;386.01;380.51
8821;6796;386.13;370.93
14709;4420;411.06;409.96
16571;15274;387.9;387
12075;11178;446.2;443.15
19687;14582;389;388.6
12947;18231;360;335
5751;8909;418.79;418.59
19751;14715;462.04;461.04
17711;6557;412.2;410.55
3774;17018;365.3;357.6
19366;12779;374.37;374.17
6862;4571;429.06;428.16
2392;4489;425.63;418.63
7159;4317;422.2;421.2
12637;13585;418.84;414.84
17585;1689;424.95;422.25
5386;9719;415.47;414.97
12139;22249;344.95;341.2
6761;7997;418.89;398.49
5225;5135;413.1;411.4
2068;3304;427.8;425.2
16827;922;425.3;401.8
19611;14305;370.25;356.25
5229;16917;353.6;339.2
9872;11756;368.18;367.48
18968;10255;379.72;377.12
4079;17436;391.85;391.25
19055;10505;384.37;377.47
8483;4429;455.38;454.88
8060;17311;398;390
17737;6432;426.4;425.5
236;21520;339.65;339.15
5151;21190;414.1;397.5
17420;1052;455.4;454.9
461;17668;411.4;403.9
14033;11383;356;256
10086;21465;357.62;354.12
13095;13563;419.7;417
17593;1737;416.45;414.25
1094;12195;410.39;409.54
34;14393;392.8;363.7
9145;17699;397.6;385.5
17430;1082;377.63;377.38
1011;21196;371.81;366.41
14440;5682;407;403.5
5495;18109;419.1;416
11163;12421;439.5;439.2
6995;9052;412.29;411.69
16213;15453;452.8;452.6
15785;16121;424.85;423.8
10030;12127;383.5;379.6
17348;87;381.7;377.1
670;19731;367.4;365.1
7775;9654;366.91;357.51
7001;8492;419.56;418.21
675;17069;371.5;364.4
18626;9003;376.89;372.39
14553;5775;404.29;401.29
5995;20830;482.6;480.6
17530;1488;442.28;435.08
10690;21157;396.9;382.6
12244;3238;421.9;419.1
16682;7948;428;406
17574;1661;371.25;362.05
1499;19857;395.29;385.79
18989;10314;463.4;462.3
14154;18313;389.5;385.8
14494;6242;401.31;401.11
12603;18133;498.95;486.45
3984;7404;410.8;409.3
6396;13834;375.42;372.72
292;17025;371.8;336.4
6965;19186;396.15;394.25
17530;1487;442.88;442.28
4881;18896;470.2;469.5
17006;6166;401.27;399.57
17468;1223;359.62;357.02
7820;9082;414.12;412.52
2165;3363;429.3;427.3
13861;9244;422.7;377.7
13944;4530;427.11;426.81
1340;11854;376.48;366.88
6984;7446;416.6;412.1
16543;11675;443.9;440.3
4430;9556;446.2;445.6
12768;8006;387.53;385.98
2106;22279;371.4;356
16293;15412;399.7;396.3
10676;4903;429.9;429.5
8931;20632;411;409.2
17299;266;372.8;370.9
15546;11511;381.26;370.66
3556;4336;417.19;406.49
13499;4750;513.06;512.66
12566;21281;392.3;387.4
13461;11228;529.8;502.5
12680;13576;407.61;406.26
12940;22027;384;380
12706;5877;414.7;414.3
5744;13847;411.5;410.4
12848;13569;410.9;410.2
2715;17366;385.35;377.85
17297;378;414.16;412.26
4312;19766;351.06;349.86
19608;14296;409.8;409
17124;271;420.9;411.3
12014;15880;448.2;442.9
17716;6552;362.3;359.3
4309;4364;412.12;410.12
9000;14227;362.5;361.5
11568;2140;412.05;407.92
5365;13867;417.45;415.55
10554;3727;429;428.8
10677;3404;460.2;459.2
1392;4099;427.25;426.75
12115;13601;401.22;393.12
11071;22347;397.6;392.5
12966;3453;475;441
5646;5424;426.4;425
15025;18542;398;260
2566;5748;419.51;419.36
3015;16696;386.88;363.88
17748;6425;434.3;431.95
8389;9113;408.5;402.9
15591;8755;422.7;422.45
10554;3728;428.8;427.6
14006;13526;411.28;379.28
15938;2077;347.9;346.9
14931;4721;420.75;420.25
3545;21772;420.1;415
17473;1254;389.71;386.21
15712;5998;405;359
2008;4293;410.6;409.8
17882;12629;391.32;355.82
16852;15737;398;372
16952;607;395;245
4861;5967;404.9;404.5
12246;3228;426.3;420.7
5599;8451;412.1;411.7
14240;8701;413;410.1
17722;6531;422.8;422.6
17329;204;418;417.2
14755;21633;415;411.8
676;14036;370.17;361.82
19128;10701;453.68;448.68
9856;17140;420.06;416.16
694;14085;373.8;371.7
19523;14120;422.5;422.1
14351;2798;456.88;441.38
10402;9172;420.2;413.5
8056;5420;427.2;426.9
9477;6335;417.5;417.2
1068;19398;320.35;313.79
16841;7612;393;389
13400;8679;415.8;414.4
15216;11946;388.09;384.99
14804;7595;345.58;343.98
7301;11062;358.96;358.26
11076;20930;396.3;388.2
473;13969;381.93;379.33
15134;8745;419.66;419.11
14277;2061;406.1;403
8611;2264;371.59;368.79
2401;12213;389.1;367.8
2641;15975;405.26;396
1267;21835;371.53;370.38
18;14379;362.85;360.45
18810;9514;368;292
17274;9404;422.69;421.69
13295;11218;418.92;398.82
3337;17044;392.27;377.27
12887;21571;423.7;416.8
16112;2664;423.5;421.6
8636;9129;421.32;420.52
12248;3252;426.3;426.1
6025;19011;403.06;395.46
14338;19198;428.2;418.2
17323;175;404.74;399.74
5269;4076;449.1;446.6
12878;9229;410.4;406.5
16251;15448;378.9;375.5
16185;11920;393.93;393.03
19648;14534;377;366.7
19067;10560;432.95;427.25
15854;989;366;332
1590;8253;413.87;413.27
16942;629;453;445
1274;16525;397.51;392.41
15286;13176;408;378
6804;15953;470.8;468.7
13790;7303;288;266
11150;2548;403;402.8
10693;6087;404.2;402.4
552;14008;371;369.55
15299;11476;462;264
15446;13143;415;399
3935;7827;384.82;382.22
17451;1154;384.64;384.04
12495;2477;412.02;404.02
19269;12252;379;181
605;19850;427.93;419.03
3268;1903;401.7;356.2
6474;7535;361.56;359.11
9759;20183;380.05;376.95
376;21365;358.4;357.6
16172;15426;410.2;406
16947;594;371.5;195.5
2225;10419;386.7;366.72
8627;9660;379.55;370.85
14195;11414;371.18;369.73
19012;10385;414.1;409
16919;640;359;239
5035;21192;371.7;367.1
13832;11984;386;384
10599;15903;432.88;328.98
14555;5784;410.15;408.25
8710;3712;427.54;425.64
2703;22182;390.15;370.15
19768;14817;417.66;415.96
15145;13203;375.97;369.97
1339;8081;378.9;376.5
19640;14508;385.9;384.5
15829;16327;406;370
5299;16891;456.7;453.6
3618;20153;320.1;313.62
12666;35;448;440
16340;11908;342.38;331.88
7002;9058;400.58;390.73
16753;967;432.2;430.6
18979;10291;380.5;380.2
16609;9354;421.97;420.97
10024;7805;455.43;454.03
7451;13761;426.85;424.7
15443;11482;359;353
12946;20990;437;300
16653;11616;351.5;341.5
11318;9590;414.11;413.91
19637;14500;389.5;388.4
18789;9471;380.1;377
13931;16031;369.7;368.7
14817;20814;393.98;384.88
5148;11659;428.5;427.3
9000;14228;387;362.5
11246;17488;394.8;389.5
13401;9241;418.4;406
9937;8560;420.05;414.95
752;5203;410.84;409.39
3685;14254;351.55;346.5
1660;14266;453.95;450.95
614;22186;376.8;373.5
3868;9626;404.5;402.5
3922;17100;390.45;382.35
17713;6565;412.2;411.3
18883;9973;373.58;372.18
10155;21249;416.4;415.8
3908;19410;442.4;428.6
18490;6954;414.5;414.3
3648;20934;388.07;382.07
7142;13815;392.87;391.07
308;19944;389.16;381.01
12108;2242;373.1;372
7866;3852;427;426.3
16067;15474;374;200
15268;742;466;462
12703;17219;388.2;383.3
4225;5078;417.75;415.1
16741;820;465.65;465.35
10902;22226;476.4;474.4
14995;12718;406;374
9558;5629;408.35;406.4
8204;4154;424.5;424.2
8115;19455;423.1;419.7
17735;6885;421.3;420.6
16075;11595;438;344
19555;14207;422.1;421.55
9556;5625;417.65;417.4
15526;11506;426;418
1352;19464;382.31;372.11
9129;6213;405.7;404.3
3139;7927;373.21;366.91
10916;5369;418.02;387.77
69;19947;367.1;346.1
14541;6114;408;407.8
15959;7151;397.5;394.4
9735;11120;345.73;345.28
15217;11957;382.89;369.79
19034;10467;438.3;431.9
12086;5838;398.5;396.3
8274;17283;442.6;438.6
15601;9290;393.41;388.21
17353;101;430;210
15482;17996;394;264
12523;2855;430.97;426.97
16767;15103;323.63;311.53
19380;12802;373.5;372.8
19061;10536;417.43;417.13
12849;13567;412.6;407
5682;6792;370.6;367.6
13491;17119;486.4;478
5936;2799;375.11;373.11
7966;3790;428.08;427.48
12319;2273;377.4;370.6
9349;22188;349.8;345.5
2195;8337;416.34;415.94
2833;10914;452.2;444.91
3017;17591;372.2;365.11
19244;11826;460.85;455.85
14192;11412;362.61;361.51
14324;18083;422.58;410.73
8755;22190;388.2;386
13088;12024;335.6;334.4
16893;904;393;392.2
14322;9653;383.78;372.38
18882;9970;403.18;394.58
13493;40;413.5;381.5
11671;7864;365.2;357.3
12776;2362;421.54;418.74
16253;11915;401.5;400.7
12124;20610;410.25;396.35
529;13977;370.9;368.9
11415;5669;411.1;410.7
11895;11161;379.44;378.44
2612;10416;383.9;378.2
15295;7224;346;310
17458;1188;411;227
8202;3797;441.2;440.7
19319;12463;430.9;430
4673;20229;441.1;439.4
15849;16186;369;222
11600;2984;374;373.5
15512;16409;409;393
5591;7980;389.1;380.2
17751;6405;414;413.7
15034;7808;460;458
19173;10790;409.4;409.2
19035;10471;438.6;432.2
17693;6645;368.7;367.4
270;15916;347.36;341.44
18947;10180;426.82;426.62
14662;5389;422.9;421.9
4027;21421;370.25;368
16738;794;438.33;431.63
3954;5709;420.4;419.5
5054;20598;381;380
16358;15333;349.13;341.23
7940;5340;422.29;421.69
14703;1208;383.71;378.31
8616;16561;383;371.3
19093;10572;433.37;432.97
15598;958;375.8;357.8
3504;4644;426.37;424.52
8972;6157;387.9;385.8
17351;97;385;250
15775;11536;422.9;421.4
6603;6052;412.85;407.05
866;19284;369.2;362.6
19593;14246;423.01;422.26
16892;901;401.9;400.9
19248;11838;463.55;456.75
9935;7925;387.5;386.4
19538;14155;400.2;395.2
17299;265;381.1;372.8
598;2143;366.5;361.4
13718;19046;466.14;465
19101;10597;401.92;401.62
4784;2639;367;365.8
10667;3982;425.9;425
2851;12232;390.7;390.5
370;16886;359.5;358.1
7543;9072;421.01;412.46
3044;5724;415.24;405.74
12633;13591;411.64;402.44
3685;14253;391.8;351.55
2072;3316;432.3;431.4
15240;12736;430;142
15766;11520;434.1;417.4
12520;2567;398.4;388.6
15368;8994;414.6;409.2
16736;784;439.8;437.1
18919;10105;376.17;375.67
19053;10498;428.7;425.1
19494;13956;401.8;401.1
3735;22236;419.99;414.19
3985;20500;342.2;282.2
1130;17846;361;360
19495;13958;401.2;400.8
5208;8858;408.32;406.72
19777;14838;351.22;350.22
4128;17434;443.15;437.05
16151;7720;412.31;411.21
19134;10725;421.4;420.9
15284;6847;378;316
12602;16461;499.57;491.17
16343;11683;297.73;285.13
11667;7846;351.5;350.2
8828;3112;436.87;433.77
7960;3774;427.93;427.53
8686;17007;380.55;377.25
11584;2166;391.95;390.3
2063;3291;425.8;421.6
5208;8856;393.12;388.82
13838;7733;486;484.4
18958;10214;426.85;426.3
15254;4031;411.8;337.8
7224;18815;362.47;356.67
13085;12037;418.3;403.7
13429;6310;394.1;392.5
16887;872;408.5;408
3480;13534;385.21;382.81
16866;710;350.95;345.65
11762;11160;371.5;371.2
15724;7179;358.3;350.3
139;14437;406;400
17840;6742;373.5;371.5
677;14038;373.62;370.12
16112;2665;421.6;381.3
650;19130;376.67;371.47
19114;10636;374.08;371.58
16642;15230;389;217
8932;17733;412.7;408.8
12836;5283;418.1;416.6
19412;12881;476.3;469.7
15852;5088;333;313
19549;14185;418.4;418.15
585;16247;349.95;342.35
3279;6227;384.78;383.18
872;14100;373.1;369
16169;15428;403.15;399.55
6382;16583;385.2;382.8
5120;12361;395.55;375.55
6344;19471;410.48;402.68
19057;10517;409.66;404.96
12253;3269;425.6;421.3
16740;813;441.62;437.62
16924;5279;415;409
17413;1045;378.19;372.24
15840;16255;415;403
3254;4842;429.41;428.11
8917;3014;455.9;455.4
11154;7582;417.5;416.65
7439;5021;424.9;424.6
7865;4302;420.46;420.26
5198;18144;368.08;356.88
15207;11969;386.79;384.79
12237;3219;425;420.6
5030;21727;386.5;372
13925;2293;386.45;380.3
2306;20157;413.46;408.1
18764;9415;360;164
15860;6346;398.2;394.2
19415;12892;401.71;399.21
19307;12434;429.6;428.85
9227;12164;400.32;398.92
8210;5698;417.48;414.73
17985;8307;470;464
16834;4453;428;400
17539;1529;357.76;351.96
9602;21785;455.5;452.6
2004;5802;406.6;404.4
11888;2830;409;408.8
5416;13857;427.54;420.19
7995;2630;374;369.55
14239;7809;433.3;430.2
16413;7136;394.3;391.3
1376;13370;375.79;373.99
1681;5929;392.05;385.05
11686;7350;333.94;232.94
1687;5657;402.1;401.5
862;16438;372.4;367
3423;18719;379.93;375.13
10351;4137;428.2;427.9
15308;3951;377.7;364
8511;4247;422;421.3
5544;22125;345.6;341
5144;22149;346.6;306.9
14640;21185;386;336
9638;2572;374.07;370.87
9517;15927;427.49;421.99
19365;12775;444.75;444.1
11181;16274;352.1;336.7
12643;4942;427.15;426.75
4719;21019;369.05;367.5
11404;5857;404;403.7
438;21363;376.25;365.05
2851;12235;388.4;382.7
7965;3789;427.07;426.67
13910;16926;437.7;433.7
4601;20411;359.6;346.2
8628;9116;416.18;415.48
6588;5085;421.5;420.2
17453;1166;374.71;373.41
17753;6410;414;413.7
18831;9818;436.8;398.8
19484;13933;377.1;367.4
17502;1403;433.31;432.51
19030;10452;389.05;357.5
5114;12344;394.82;379.72
8847;17740;426.5;426.1
4840;7757;425.4;425.3
15722;7633;409;397
2866;22041;381.12;376.22
14285;18150;418.83;414.03
1044;17469;338.7;336.2
1654;19797;369.45;362.6
12712;17766;345.9;344.5
17844;6760;366.5;363.5
2853;12237;389.1;388.7
2303;21508;395.61;390.31
17697;6654;394;392
9228;12160;400.34;376.04
8742;13716;425.5;423.9
15721;8996;396;366
19680;14571;389;388.6
2121;5373;421.8;420.4
1334;1321;397.14;352.24
6619;9028;413.74;413.39
15317;4827;428.2;427.6
12972;3052;446;430
4603;20248;357.89;348.79
7355;18438;351.33;349.73
17208;5637;415.65;415.35
2102;16905;376.7;374
10479;8593;422.2;421.9
17694;6651;368.6;368.3
5331;2172;391.3;390.8
4284;13912;412.7;408
1722;1807;385.6;379.45
16958;122;391;362
13989;15709;424;274
6066;19612;421.3;418.3
10586;5966;400.69;397.69
9950;21097;462.3;459.1
14346;11422;426.7;424.4
667;19983;366.07;362.3
15090;8046;449;448.3
17551;1593;384.43;380.18
19337;12511;458.8;458.3
16056;5804;331;237
8583;2538;398.5;361.9
680;14047;377.35;371.9
13937;8694;422.7;422.3
5541;20754;389.72;382.12
11521;19666;406.2;405.4
13895;4282;421;419
12638;13583;422.57;421.87
1728;22087;433.1;431.7
7203;13786;418.5;388.4
5112;12340;373.39;372.64
2363;3695;427.99;427.49
15827;16371;284;166
1150;15763;411.91;408.41
2744;12221;401.03;400.23
17600;1757;417.3;415.4
3286;6207;397.3;397
8484;4433;452.01;450.91
2076;3330;436.4;435.2
19643;14516;384;378.9
15046;13431;368;270
11424;14857;400.85;400.45
8648;4969;428.2;426.8
16970;143;393;391
551;14001;368.27;367.62
5441;8889;418.36;416.06
5826;2521;368.9;353.9
16051;13285;413;381
16345;5163;395.8;392.5
7821;9084;420.17;419.37
2171;9649;370.61;357.21
17565;1628;389.59;389.29
2899;5953;402.46;400.26
693;14082;370.14;369.84
2066;3300;424.8;424.3
6383;20386;385.1;382.5
17327;191;440.18;439.18
14493;6237;405.93;405.53
11532;9192;420.3;419.9
1592;21895;377.1;366.9
15799;554;335;301
19524;14126;373.65;372.15
805;21297;401.7;366.4
19493;13954;450.9;449
11670;7855;348.7;346
19288;12368;425;415
2045;6877;377.77;376.77
19669;14558;387;385
275;21223;350.1;348.91
15819;11925;383.39;362.69
15264;13186;334;227
8368;12364;381.41;377.81
2390;4479;427.87;427.57
6484;6012;404.3;403.9
9998;13661;428.28;427.28
17013;5349;420.6;419
15931;2070;347.98;347.48
16797;13227;422;412
1663;1801;390.4;388.25
5492;17337;416.3;415
13514;4791;380.5;373
5162;16941;404.4;400.05
19639;14505;385.7;383.2
327;10835;426.44;425.89
16106;2441;401.51;398.31
9687;9150;419.76;408.16
3053;8814;415.97;415.77
10638;17675;363.05;361.75
2483;17248;385.4;377.5
6475;17911;359.1;357.95
3250;8824;418.29;411.94
17493;1380;391.71;389.91
1900;16717;387.16;380.16
14525;8720;417.22;414.72
17126;277;420.3;413.3
11421;2767;468.9;467.6
19759;14757;460.73;453.73
21;10816;371.79;352.54
2160;3347;427.2;426.1
7675;3102;437.45;435.9
19300;12414;346.38;344.88
35;14396;375.9;360.5
17531;1490;441.01;440.01
12441;6819;424.3;418
12350;17440;452;444.4
16741;821;465.35;464.15
17328;195;442.29;441.59
19251;12058;434.44;432.04
4208;5755;419.78;417.48
11292;6076;407.1;403.1
13157;13323;357;257
17732;6484;403.27;401.37
12196;19988;367.21;363.41
3110;4896;429.15;423.15
1886;8328;421.7;421.5
15442;18261;417;351
608;7473;361.68;357.98
16696;8226;402;394
5221;5125;414.67;411.77
13359;11985;385.65;374.22
17831;6725;370.4;367.9
12612;8662;419.43;415.03
5946;17317;361.39;356.59
990;16789;358.1;354.9
11601;2981;372.5;355
12768;8004;404.43;403.93
5111;12331;369.51;363.21
16049;13013;366;250
18855;9900;377.02;374.57
19174;10795;413.2;412.7
1685;5651;410.84;410.54
17466;1209;421.3;419.4
17445;1133;380.17;378.17
19052;10497;386;206
16958;125;334;199
14654;4998;421.15;412.45
5231;16894;387.5;350.6
1286;10866;448.66;440.66
4053;6319;390.2;389.7
19546;14177;465.75;465.35
8972;6154;395.8;394.2
19104;10608;398.89;398.09
740;8235;395.15;391.75
4021;7985;406.27;405.72
11152;9780;387;384.1
9632;13672;380.52;379.42
18991;10322;461.7;460.4
4785;13899;401.76;393.06
15604;839;392.6;391.6
547;19134;367.6;351.8
19250;12056;432.06;429.96
18845;9861;395.9;395.7
2709;19832;399;368.5
6460;8471;407.02;400.62
3252;8830;422.23;421.93
14932;4726;420.03;407.03
4783;2625;373.43;370.43
10693;6086;405.2;404.2
15440;7220;403;387
12960;7323;365;189
18886;9983;372.05;371.85
4377;20556;395.52;384.32
13712;22023;418;413
16946;515;350.5;341.5
12116;13597;395.11;386.31
5137;4953;426.8;426.3
4984;1827;416.76;411.36
4570;22314;403.17;397.22
7851;18746;393.3;391.8
15146;13200;389.6;381.1
12938;12046;375.74;368.64
19159;10753;379.92;379.42
719;10849;493.6;490.17
19386;12814;375;372.3
3252;8832;419.58;412.58
15927;15595;389;282
2153;4606;423.28;422.38
7478;21248;426.3;422.6
404;17717;419.48;404.13
2008;4292;411.9;410.6
4239;21395;425.84;419.94
15142;13297;375.71;374.51
15655;9299;401.85;396.85
8582;2535;399.5;398.2
15945;2086;347.49;345.79
10170;7834;391.5;369.1
15590;8754;422.1;413
3631;16026;361.73;349.73
16385;11682;288.6;67.6
894;21127;353.27;346.27
19235;11798;416;398
9127;6193;408;406.1
19247;11835;467.4;467.1
6308;7388;382.75;380.05
18999;10343;44.58;43.08
17341;5460;421.49;419.69
2707;21532;400.6;392.5
14854;4186;426.65;426.35
16114;15484;389.52;383.02
2664;4257;420.6;420
8207;9686;359.86;354.16
7597;5048;422.5;422.2
7734;20402;383.99;376.99
16110;5319;420.04;416.14
6640;11039;385.7;385.5
2252;8346;390.46;389.16
15142;9679;362.41;358.01
359;2128;349.16;346.21
10853;22040;390.35;381.55
11582;2163;399.6;399
4591;21041;403.8;397.35
5708;10997;372.27;370.97
13490;19776;486.3;422
4786;13895;404.07;402.17
9935;6783;384.95;356.45
17516;1447;439.6;436.3
10676;4905;428.9;427.9
6897;20836;378;377.5
19300;12413;356.38;346.38
12467;20307;372.1;335.6
12153;8601;422.85;416.25
16869;5235;415.14;411.59
5256;8871;413.09;404.84
7049;17170;456;449
12530;11637;438.36;430.26
953;10857;398.62;394.57
3561;3276;429.6;429.4
7818;6132;402;401.6
8076;20809;462.26;460.76
12923;20425;371.31;370.41
12245;3232;425.9;423
14321;3535;431.9;429
17711;6558;410.55;408.7
5179;10967;385.72;378.12
446;20570;357.78;356.65
11213;2228;356.9;356.7
11693;2328;381.13;380.33
8388;9106;420.8;419.9
14337;19200;421.8;414.7
6851;18862;450.46;449.96
6859;9043;417.76;417.36
18839;9844;375;373
1426;8249;422;421.6
12710;5530;420.8;420.5
6209;8938;409.72;409.42
5704;18931;387.8;382.25
17584;1684;427.8;427.3
821;14089;372.9;370.2
2299;22021;391.73;385.73
6871;4893;428.84;423.94
19760;14762;461.16;452.66
7609;18998;392.4;387.5
10023;8041;453.33;453.13
3617;15701;311.3;308.3
18853;9893;375.43;312.28
11704;3058;430;412
13733;11277;349.17;346
13886;20696;385;314
9820;18949;486.3;465.8
19113;10633;391.2;390.2
19355;12758;352.8;350
19308;12436;429.95;429.3
12876;19873;439.25;430.45
7961;3777;428.87;427.97
6860;9045;419.37;417.27
896;48;457.15;446.05
4142;12325;376.52;367.87
15771;11533;452;444
7183;13793;450.4;432.7
2158;5620;419.27;416.02
5148;11657;405;366
11703;7349;336;220
9132;4163;424.9;424.4
8694;19287;386.27;385.47
7962;3768;428.1;427.9
12782;2343;416.86;395.01
19226;11774;419;347
9794;22269;426.9;388.8
7912;17333;363.2;358.5
2060;7020;325.1;319.3
944;22262;318.06;305.11
4341;4623;428.14;426.44
10128;17679;401.99;396.29
13430;6301;394.6;391.7
15706;13095;379.6;370.4
11077;20510;395.6;387.9
5179;10966;393.52;385.72
12957;4657;383;371
18730;8159;-39.16;-99.16
15568;11512;428.5;422
18730;8155;77.84;6.34
4787;13892;402.82;395.02
2178;15892;412.76;411.76
5231;16895;396.5;387.5
10301;5031;418.3;414.6
4787;13893;395.02;393.02
17298;269;375.9;369.7
17447;1141;382.03;377.43
15045;4654;399;269
157;14448;376.33;375.53
18954;10202;421.07;418.97
7923;18690;389.5;367.9
12241;3179;427.7;425.1
15216;11947;384.99;384.09
11209;4369;420.56;419.76
19228;11782;449;153
19284;12281;414.61;414.16
17532;1499;440.29;427.39
12674;4088;412.3;411.7
19026;10444;377.9;368.9
5259;8881;419.43;419.13
10894;7877;355.6;351.9
2112;1836;384.04;381.04
10628;22062;372.43;371.73
15999;5561;396.8;378.65
9655;20306;408.01;404.31
19532;14138;377.1;376.95
17528;1480;446.91;445.16
5118;12350;402.35;402.15
6820;7510;354;353.7
11890;20536;373.8;369.8
9562;3958;422;421.5
11008;3724;428.3;427.9
3507;3141;437.2;433.5
9900;21098;487.29;478.9
9226;12168;399.88;399.13
17275;229;444;443.4
10666;19344;450.6;449.9
11316;9624;426.33;424.33
18854;9896;375;374
3964;18168;389.77;384.47
15878;11569;367;275
7674;3097;439.35;439.15
15458;18162;221;195
7821;9083;420.57;420.17
16563;9334;414.55;414.1
12848;13568;407.3;403.9
15143;658;394;369
8266;17726;434;432.6
15859;11565;433;395
1002;16453;361.86;357.06
16965;622;395;381
3265;8388;408.9;385.5
17463;1200;418;234
10176;9672;335.1;332.2
17532;1498;446.39;440.29
18913;10098;474.7;473.8
12137;20101;344.65;318.65
16925;666;370.8;208.8
4599;2514;401.8;398
16928;331;439.38;427.38
9331;20955;391.66;387.16
10510;19618;365.59;361.29
6018;21872;425.3;422
16079;4899;432;430
5701;18932;421.07;416.47
113;7960;383.68;357.46
16058;7147;380;332
4149;13845;405.06;394.06
2341;8356;397.83;396.88
17291;409;414.33;412.93
9656;20944;409.08;404.85
14175;11400;372.4;370.65
881;22353;366.16;361.11
16856;845;299;99
19012;10384;420.1;414.1
2912;4321;411.74;411.49
15542;5543;421.1;420.15
14300;9250;405.95;405.6
3038;4561;425.4;424.1
10271;19366;388.95;378.65
2614;1847;396.2;377.6
19413;12884;480.26;471.06
10171;7912;364.2;360.6
19332;12492;415.8;414.65
4734;7763;472.8;470.9
4535;8406;421.4;418.8
19548;14184;417.25;413.9
14030;7270;422;280
15911;11585;460;320
5862;11005;415.05;411.85
15340;20703;397.64;383.44
18827;9801;440.4;438.4
19543;14169;407.95;404.85
9177;5943;390.1;383.8
8771;17755;348.4;330.3
14443;18193;429.8;425.7
2906;8360;420.8;420.45
17422;1056;455.2;453.8
2060;7015;432.9;432
18879;9961;377.95;375.1
14754;5902;400.86;398.26
7576;8054;421.58;421.28
3561;3275;430.7;429.6
3232;18629;400.7;379.5
17449;1150;372.85;372.15
6993;9050;390.53;389.03
17198;318;457.7;435.4
15829;16328;348;284
2164;3359;427.7;426.2
3502;4635;425.62;425.07
4125;8849;406.9;406.1
17732;6483;404.37;403.27
20;14387;384.75;378.05
14332;11418;408.6;404.95
9621;13680;409.2;408.5
12369;2436;390.13;377.73
17507;1422;417.7;416.2
14895;805;379.3;378.7
13077;20147;377.06;369.96
4734;7762;473.1;472.8
16859;15006;388;350
13407;7317;446;284
5755;20496;374.63;352.18
16059;7144;368;350
3909;17228;442.2;426.1
14896;811;378;371.6
14300;9252;398.6;392.2
9819;7710;489.2;488.9
19744;14688;405.1;401
5173;20970;469.2;468.5
8191;18963;376.2;374.9
8109;18688;411.5;405.3
12771;2369;419.5;418.7
2492;4854;429.08;428.68
16870;5238;415.31;411.31
18948;10187;418.31;408.81
4778;2578;374.75;371.25
2112;1834;390.54;389.84
8582;2533;385.4;358
17311;153;410.7;401.2
9772;14341;320.84;313.64
14529;6825;460.7;459.7
1773;8268;419;417.85
4672;18738;440.75;439.15
4241;10936;420.4;417
8204;4152;426.3;426
16601;13264;474.61;465.11
4052;6313;392.4;391.15
11284;5972;405.6;404.4
16990;6808;345.8;342.9
13470;11246;454.8;446.7
4318;20621;373.82;366.62
4549;8411;416.83;414.58
5940;22123;397.27;396.37
16311;9325;418.3;412.2
17187;444;371.6;369.65
10056;4889;429;427.9
11671;7860;349.4;341.5
16163;10065;364.17;360.67
3205;7512;346.45;343.35
11278;9174;422.3;421.8
2303;21507;402.31;395.61
10719;13638;459;458.7
17479;1288;435.94;433.09
11425;2705;457.65;457.05
17174;3945;465.15;451.25
9049;4441;446.12;445.32
16976;495;404.3;376.3
649;19304;373.79;367.99
10534;2964;377.96;368.06
10740;13633;448.88;419.93
6061;8918;414.7;414.3
18980;10297;375.3;374.5
9616;2039;384.24;382.54
16317;11909;398.1;395.1
18721;7340;383.63;363.93
7362;18791;395;386.1
19542;14166;422.85;422.05
7223;19167;368.82;358.22
15445;18237;358;245
3205;7514;352.15;346.45
1117;8787;419.29;418.54
1680;5919;403.38;403.18
19479;13917;434.25;429
1112;13357;405.29;397.94
18809;9513;292;68
19756;14743;438;436.5
4730;17224;476.3;475.8
14790;5577;420.9;419.9
5716;20850;423.85;421.55
10487;4205;421.3;421
3873;14291;413.8;397
1883;15698;428.08;423.08
5476;8437;421;420.1
13939;16035;373.76;367.26
2844;17251;381;375
12790;9216;419.7;417.1
9816;7736;488.7;488.6
17757;6400;390.2;380.7
12532;21614;437.5;435.7
8123;7375;399.11;392.21
13405;12716;398;394
9785;9156;412.38;408.08
2447;18294;350.5;350.1
7394;4507;427.18;425.58
12094;2943;395.3;395
17347;79;386.85;385.77
16871;5242;415.01;410.61
14819;13460;409.63;408.43
17813;6675;372;370.2
17569;1645;319.3;311.8
15712;5997;409;405
19289;12373;371.5;360.5
17725;6513;460.57;458.07
13130;11216;380.4;376.4
12268;3894;378.45;376.65
19517;14107;382.3;380.85
19609;14300;410.1;409
15224;863;328.7;327.7
16991;6869;351.5;351.3
6992;7754;431.77;429.57
12930;16271;374.41;360.41
133;21545;371.15;367.65
17127;280;419.1;413.6
2056;4649;427.7;426.15
4747;5757;417;416.5
17339;5455;418.03;417.73
12468;2465;437.16;423.76
11573;2103;408.4;407.65
19544;14171;466.15;465.95
10020;4604;430.25;428.05
12604;8631;420.35;419.95
3145;2218;404.25;399.85
7068;17771;354.02;349.22
17191;3569;456.2;451.8
15544;11509;378.86;378.26
17886;12590;422.71;396.71
15784;11550;424.75;420.4
13858;4983;427;423
19539;14156;423.2;422.95
15716;2754;472;450
16690;7107;379;171
16394;15290;416.99;411.54
1385;17444;420.95;412.25
17460;6386;480;476
8867;6188;401.4;401.2
16069;15471;448;172
3540;1932;399;384.7
15551;16288;417.73;409.98
3883;18718;433;425.3
19328;12481;417.75;415.5
229;20058;329.85;326.65
10990;19502;313.5;313.5
6143;18907;403.67;402.57
3509;3150;438.5;438.2
3364;13456;415.63;412.23
16600;13265;459.49;456.59
12699;11210;425.55;424.35
6823;18863;350;349.4
14345;19179;424.5;424.3
8497;4458;426.6;426.2
106;17323;361.35;342.68
15866;7950;419;417
13511;4779;419.5;411.6
7914;18016;363.05;353.35
15079;7769;474.4;473.2
5361;13872;439.7;439.1
19261;12078;435.85;433.65
7302;11063;364.32;362.77
2744;12222;400.23;393.68
17468;1219;369.02;365.82
12173;15878;417.5;398
4529;17400;414.88;407.68
17576;1664;420;419
9631;13673;385.58;384.38
19777;14835;380.22;379.22
12469;2470;421.86;420.61
12773;2373;420.49;418.79
14805;20888;373.96;345.96
274;19468;348.15;344.2
6711;21551;352.4;347.5
10886;12123;381.09;376.99
14017;7544;369.6;368.2
1003;16450;372.8;358.25
1687;5659;399.3;393.9
12702;18872;388.53;385.73
19678;14568;388.65;387
15117;21405;414.7;412.2
19399;12851;398.82;396.02
2979;4591;428.73;428.33
16521;15252;420.2;417.1
1795;16502;413.97;406.67
3174;18456;372.67;365.37
19102;10600;402.27;401.97
15514;11503;378;284
19130;10708;456.46;448.26
19718;14631;377.9;376.1
17013;5348;421.9;420.6
16194;5611;418.75;416.85
14663;5393;422.4;421.5
18859;9912;377.46;373.41
15812;16399;369;235
1927;10888;431.63;419.98
16090;14370;382.26;380.46
3276;6214;384.45;377.45
15956;15569;369.9;369.45
10295;5220;419.8;418.3
16855;5808;328;175
9440;11112;357.2;355.9
2997;18647;434.28;429.88
5895;21871;428.6;427
10089;7085;398;397.5
17469;1227;365.39;363.49
11825;7916;402.1;399
19559;14222;413.25;409.45
19754;14729;439.4;438.2
19487;13942;473.1;468.5
10026;12141;395.43;366.63
16509;10031;381;372
5229;16916;406.2;377.9
16369;15368;393.6;390.7
14710;4422;410.44;409.24
14060;11391;383;373
17845;6761;373.6;371.4
6820;7509;351.5;349.5
17501;1401;434.13;423.48
15848;16205;388;250
5265;4062;447.8;447.5
10145;17793;426.3;416
15897;15602;427;255
11285;5977;404.1;402.9
16105;8765;395.64;383.64
11317;9584;419.82;419.02
19763;14777;465.43;464.83
14615;21232;405;235
893;22159;344.1;334.5
2565;13424;389.44;384.44
19594;14249;432.52;424.92
10741;12404;453.7;452.7
14362;18268;404;366
12236;3194;423;420.6
6620;9031;415.83;415.53
2301;22178;405.8;399.45
9487;5988;403.2;402.7
10219;16621;404.85;400.8
17111;346;451;450
12229;3200;423;422.3
11572;2146;408.7;406.4
2353;5762;415.58;404.98
19592;14241;422.83;422.33
7794;16670;383;381.6
352;16932;351.7;345.5
5023;15958;403.4;382
13212;8096;387.8;383.3
9745;11124;353.35;328.55
16744;998;442.5;441.8
3950;16971;374.65;371.85
10525;4932;425.56;424.46
14032;5646;418;378
5616;17033;473.5;472.8
4252;3165;428.3;424.1
12781;2414;421.32;421.02
9013;20979;422.15;418.55
18849;9873;380;378
17331;215;408;405.8
13516;4794;398.3;396
6861;4570;427.58;419.78
4605;21748;357.7;355.4
14968;10;392.1;391.7
11920;3088;440;439.7
15168;21314;372;371.1
8126;17309;426.4;425.9
4195;18695;363.03;357.03
17474;1255;391.3;390
761;15885;305.12;304.22
9028;18651;409.67;406.77
2060;7013;435.1;434
15903;4851;430;424
9132;4164;424.4;423.6
7452;13757;427.2;426.25
14240;8700;415.1;413
14897;824;378.6;377
16614;925;396.9;395.3
12680;13579;411.01;407.61
13057;20302;391.05;389.81
10534;2965;382.06;380.86
7911;18556;362.6;356
1331;1306;412.48;395.83
17344;65;385.22;379.17
16877;860;431.96;430.86
2111;18340;385.4;365.9
17005;5062;425.35;424.55
2013;5822;416.5;412.4
1114;13364;371.05;368.9
64;10829;375.3;374.75
1375;13369;0;0
18849;9872;383;380
19211;11705;374.5;372.7
19067;10561;427.25;425.95
9703;3410;461.1;458.6
17726;6515;462.65;462.55
3231;21773;423.12;404.92
11214;7565;355.6;353.7
1887;8799;421.46;397.81
14110;13518;402.2;402
12367;8627;392.27;381.47
10487;4207;419.1;418.4
14013;13429;321;303
14488;16493;392.72;392.02
16950;597;478;232
10034;22248;411.98;402.88
16653;11618;341.5;157.5
15808;4057;436;312
678;14042;371.45;319.55
7967;3763;430.1;428.5
12360;8610;386.06;385.76
17293;399;412.71;395.11
19117;10652;378.8;376.7
18739;8273;388;362
16912;674;425.7;339.7
13865;20793;405;300
19221;11729;382.31;379.86
12319;2271;383.2;379.3
8232;11745;372.8;369.5
18877;9957;374.73;370.93
16725;11619;306.76;274.76
12357;17574;368.66;360.56
2065;3295;426.8;425.6
3610;1959;384.35;355.4
15229;757;304;260
2443;16739;326.75;322.75
1240;22094;378.77;368.47
741;8240;405.74;404.44
14238;7803;432.7;430.6
1791;8318;388.39;384.19
19484;13932;377.9;377.1
11181;16275;336.7;335.1
4784;2638;370;367
6184;20215;363.09;360.19
7804;2035;385.8;384.7
5592;8439;407.3;406.9
12019;19665;392.64;392.44
12489;2454;426.73;421.03
5111;12332;394.11;393.71
10705;6111;405.75;402.95
19385;12811;373.3;373
13472;11250;548.1;533.1
15806;7177;378.44;142.44
7451;13760;427.2;426.85
6869;5764;413.87;403.27
15244;11459;412;376
18927;10122;422.5;421.8
15290;13294;376;192
12348;9603;412.5;407.2
13413;21329;426.8;420.9
118;13249;395.06;386.66
19547;14179;465.6;465.2
22;10819;358.97;356.32
13436;7694;413.25;412.15
12075;11177;451.4;446.2
13509;14351;395;393.3
15922;15553;360;220
1754;20938;355.25;343.2
17265;9384;422.52;421.62
2764;9663;369.87;366.37
11717;2708;386.05;362.85
867;18316;406.2;367.6
8165;3740;420;390
8250;20660;372.61;367.11
5270;4079;447.3;445.7
18964;10238;408.72;404.42
14610;8724;422.73;422.33
17704;6607;443.56;439.66
4605;21747;366.5;358.1
14013;13523;395;325
7778;17520;422.3;421.3
8482;4425;447.5;439.1
15959;7150;394.4;394
2679;19916;392;378.06
16870;5239;411.31;408.11
17698;6627;455;443
3768;5551;420.65;419.4
12786;5160;415.94;399.54
9222;9705;397.63;397.23
13533;14255;452;342
17814;6678;375.03;372.23
11072;19297;402.6;397.1
1665;7576;391.85;333.8
17480;1290;445.6;444.25
16;22025;371.13;367.12
7276;4663;446.4;445.2
6785;8480;421.09;419.59
13840;7727;479.9;477.7
16428;10426;456;434
18952;10197;422.99;420.89
13418;3440;461.6;456.9
6953;11055;394;388.8
14576;2752;471.91;467.01
2133;15808;435.5;389.8
17328;197;440.49;436.49
6064;8458;418.14;404.34
9040;7371;449.5;437.9
337;22081;426.75;420
4571;20619;416.07;409.97
7278;3053;456.2;455.7
15236;774;430;414
19355;12757;358.6;352.8
17348;86;384.15;381.7
3013;3604;381.8;359.82
19710;14619;373.95;370.85
17560;1618;443.01;430.61
2847;15723;380;377.5
13941;16033;374.05;369.65
2077;3332;439.8;439.4
9675;21683;412.35;407.95
14051;6124;403;345
116;8228;397.55;344.3
2011;4212;415.3;414.9
15388;17981;365.5;354.1
5897;18156;429.6;428
10495;22083;431;428.5
14617;6990;348.53;346.68
19318;12462;441;429
15032;5098;412;334
16930;350;430.33;429.33
19544;14172;465.95;462.05
15365;8980;416.7;416.15
13363;16865;386.33;386.1
13129;21273;351.5;337.8
14734;21303;392;383.1
10698;6102;405.6;405.1
13313;12008;377.7;371.7
16118;15480;387.45;382.3
15830;16325;323;127
9489;5989;405.45;405.15
13122;7502;350.08;344.18
19608;14293;413.3;412.9
19453;13027;373.48;364.48
19249;12053;434.86;433.26
14052;11388;352;241
19491;13948;460.61;458.11
19760;14761;464.06;461.16
12605;8637;418.28;415.38
956;20330;364.1;361.7
16795;12708;379;234
14239;7810;430.2;426.7
16649;4378;343;119
12482;7611;373.69;369.89
17350;91;408.1;377.1
15013;13440;414;378
1110;13352;406.5;405.85
1412;13382;421.56;420.56
349;16663;346.75;345
12254;3271;428.1;425.7
10296;5224;419.08;415.78
5753;7965;417.37;417.12
6532;17891;450.77;445.97
90;12551;390.29;389.09
11671;7865;357.3;349.4
17352;98;463;455
19102;10601;401.97;401.47
13025;16690;407;389
3037;4555;426.7;426.25
3270;8071;415;410.7
5107;20596;364.59;349.14
11209;4370;419.76;417.56
6299;2022;371.85;361.8
13084;8083;422.11;420.91
19162;10768;382;378.8
9879;13665;399.1;392.4
15211;11961;382.94;382.74
4536;8407;422.6;422.3
5165;20062;416.8;396.8
9621;13678;397;395.1
8486;5038;422.04;418.14
3484;4024;398;260
7696;20802;357.9;355.55
439;21344;377.01;359.01
18863;9925;377.86;377.56
17345;72;384.11;383.11
8465;13739;404.1;397.8
10983;20559;312.06;312.06
14068;11638;366;132
7928;19313;365.8;363.1
16065;6191;409.8;357.8
17553;1600;417.3;417
19346;12742;420.25;418.7
19544;14170;466.55;466.15
18956;10208;412.64;409.04
19750;14711;440.47;434.17
15846;6363;399;369
2444;19919;324.8;321.41
12643;4940;428.35;428.2
13711;11271;392.3;389.9
1831;18671;376.48;369.48
11802;2488;361;360.3
16648;15221;408;270
19182;11317;433.5;432.3
1691;17279;419.81;410.71
3159;19351;388.1;378.48
5721;22124;426;421
16805;7093;328;312
19422;12912;421.59;420.19
7055;9063;402;400.65
572;19987;375.25;372.32
15645;16152;386.82;376.42
19764;14783;465.99;465.79
5208;8859;406.72;393.12
18791;9477;375.9;375
19632;14486;414;404
682;14054;379.5;377.7
1110;13353;406.9;406.5
2982;4602;426.92;423.52
6869;5765;403.27;390.27
2097;5099;422.03;421.63
14747;21634;397.1;374.8
15767;11523;409.3;408.5
14637;4945;430;344
8264;19488;438.3;435.8
4101;12323;387.4;386.75
19195;11361;385.7;384
16660;9020;395.6;394.1
15144;663;386;385
2007;4409;412.4;412.1
12128;17556;407;396.2
12335;2285;377.65;372.95
16100;15492;371.81;370.61
3271;12297;420.9;412.1
1227;21814;358.4;314.85
10887;12121;378.62;377.02
898;15861;396;388
8166;19173;441.3;434.15
15272;7233;428;304
2973;2009;409.2;355.36
5711;10999;427.6;415.8
6215;8459;423.04;422.64
12249;3257;422;419.1
19755;14735;453.7;436.2
1401;18672;367.68;363.38
1578;1356;385.05;379.75
15742;13080;374.5;366.5
16692;11646;307;201
1002;16452;373.06;361.86
8825;2824;405.52;404.82
16738;799;457.73;438.33
3070;22256;364.74;356.54
10097;18403;375.91;359.51
17728;6523;458.15;457.8
16821;12469;411.8;370.8
19106;10614;433;432.5
14494;6243;401.11;395.91
676;14035;372.97;370.17
3946;17081;380.11;376.96
14554;5780;406.08;402.08
7032;16613;378.09;373.79
12489;2452;428.53;427.33
384;22302;379.71;379.26
5211;8426;405.24;405.04
10285;9164;414.09;412.39
3380;17638;458.9;450.74
3625;7534;369.72;363.32
16990;6806;347.9;347.1
11421;2768;468.9;465.2
19335;12504;381.7;352.7
13986;7496;347.29;346.59
16950;596;480;478
12970;2720;459;352
6065;8926;419.04;412.64
17379;6380;412;142
5031;10951;408;386.8
317;17022;330.5;307.95
18716;11874;383.75;382.85
19034;10468;431.9;424.3
19192;11345;450.8;448.5
17884;12640;365.68;354.18
10957;16664;393.5;380.3
12768;8003;386;376.43
12964;7083;407.56;392.56
17431;1087;372.58;370.88
17117;322;427.8;423.9
3364;13454;410.83;408.23
8407;17606;410.23;380.23
6487;17892;376.4;373.9
10096;3677;353.58;352.08
15366;8985;414.63;407.03
17724;6508;467.47;466.57
9014;21147;421.9;413.1
19732;14652;417.2;416
1034;8111;419.23;418.93
1269;10862;371.18;370.88
2459;20417;477.23;462.43
9177;5939;402.9;402.8
19114;10638;369.48;365.18
3283;6228;394.4;393.9
11750;11752;389.3;389.1
19714;14627;379;376
1576;1346;379.95;368.95
662;15820;351.15;350.65
7524;3829;428.2;427.7
7034;18063;373.3;372.4
15668;9773;367.74;363.64
12522;2854;426.87;414.87
14707;13473;396;395.6
17471;1245;403;395
17452;1162;378.87;374.07
19123;10677;385;384.2
13434;14853;414.4;413.3
9816;7429;485.4;473.4
17725;6511;463.67;462.77
4113;3541;428.8;428.2
16721;15143;458;312
12409;8109;377.41;372.41
16143;11642;364.2;346.1
5947;17916;361.47;357.07
7994;18708;417.95;410.95
19300;12411;362.28;359.58
15706;13093;390.4;388.4
12772;2339;385.76;383.71
17896;12574;428.4;426.4
6491;19651;376.2;374.8
10695;6096;407.95;406.15
2974;15703;363.9;363.5
15529;6874;404;390
8825;2822;361.62;345.42
14897;828;368.3;365.7
13838;7299;484.4;472
14946;11446;377.17;375.17
5258;8879;417.92;417.32
2174;13395;377.22;371.92
17547;1574;380.55;376.55
4251;3168;430.65;430.35
19629;14478;426;413
2228;4833;428.6;426.9
14999;18352;329;241
11566;2132;410.05;407.8
5119;12355;360.67;358.87
1727;22056;438.04;428.64
10694;6094;401.35;399.25
19345;12740;408.4;406.8
7437;18026;466.4;466.4
19532;14139;376.95;376.3
2614;1845;377.6;369.1
16990;6805;349.9;347.9
2951;17618;415.71;410.71
19276;12266;376.6;371.9
2996;20240;434.38;426.89
1331;1304;412.83;412.48
11584;2167;390.3;389.25
13113;20916;350.3;349.1
2041;16788;381.39;377.39
14740;11434;363.1;362.4
17530;1489;435.08;421.18
451;11850;383.93;376.93
5152;21709;414.3;375.3
7098;8500;421.57;420.87
15780;11542;441.3;434.4
18895;9996;428.4;427.8
19127;10697;457.67;453.37
11293;6078;406.2;404.9
6298;2953;379.06;378.11
17825;6707;364.8;364.5
4005;19722;442.7;429.1
5754;7968;386.26;383.36
6604;6056;408.65;407.95
3429;16028;377.6;377.3
10924;7486;352;351.3
5442;8894;419.39;409.39
15743;13078;374.6;369.4
19388;12819;377.5;375.9
7489;11065;398.2;397.5
15871;15673;458;314
9228;12161;376.04;369.54
15438;5094;422;412
4738;21018;382.55;378.55
18967;10248;381.27;380.74
14431;9267;422.18;417.48
19091;10566;433.45;432.45
15850;4522;427;401
8587;5270;418.7;412.3
1761;3391;450.15;441.8
16058;13011;382;380
10147;8579;414.15;409.85
10988;18251;311.27;311.27
10987;16487;310.21;310.21
17520;1457;436.9;435.3
1886;8329;421.5;420.5
5574;13849;375.69;373.09
6209;8939;409.42;409.12
8203;5435;421.1;420.4
10515;13649;417;416.7
17545;1564;353.96;348.16
3949;10932;376.75;373.75
9880;8060;419;418.1
12353;16956;368.6;361.5
2330;8811;409.14;399.84
10906;21024;475.8;474.4
14240;8702;410.1;393.1
12790;9215;420.3;419.7
19259;12073;437.06;436.66
9299;21391;388.4;386.6
13482;11262;555;542.6
16654;4372;421;417
17508;1427;417.45;415.05
15592;9282;422.1;421.3
10095;21226;353.9;351.7
14019;16831;447;355
11699;15942;385.86;383.21
15657;9308;405.73;399.53
15607;13131;383.56;381.26
12819;21282;387.18;384.78
15047;13206;378;324
16345;5162;417.8;395.8
12787;9206;420.65;420.45
14839;8972;404.66;403.46
18949;10191;415.14;401.04
10665;19589;449.2;448.9
16175;15423;422.4;420.9
5142;18600;406.9;403.7
19313;12444;429.15;428.5
14536;16444;401.64;394.74
2;10815;387.97;387.97
13480;11256;557.6;555.1
17410;1036;372.05;367.8
15023;18562;405;237
12433;2155;405.1;404.3
6799;6343;419.39;418.59
6668;20827;411.81;396.41
9961;17884;400.3;398
18808;9510;368;292
13481;11259;558.4;553.3
12214;19248;433.6;428.8
19432;12957;397.21;383.21
13319;8102;387.12;386.62
11156;6977;352;350.25
17822;6699;369.9;365.5
2075;3328;433.6;432.9
19046;10481;398.6;394.3
19639;14507;381.9;365.7
15828;7168;371;329
2354;5173;415.44;404.74
14058;11389;400;300
8642;19605;404.01;397.31
539;4418;406.82;406.62
13334;16344;332.95;332.45
15267;12725;392.5;354.5
3787;20348;380.3;378.35
15945;13057;349.29;347.49
18951;10195;425.03;405.83
12134;11182;435.85;433.05
12465;19875;365.7;331.2
15291;20847;437;145
19051;10494;382.89;381.39
2710;1856;408.5;397.1
4341;4622;428.54;428.14
5342;13884;421.85;420
19427;12932;465.6;464.7
17705;6586;424.8;423.8
19756;14738;466.5;465.1
721;22010;379.6;378.4
17114;335;353;345
11691;2302;380.34;375.04
13114;21914;350.24;344.94
19494;13955;402.2;401.8
12363;8618;390.91;390.61
1375;13368;372.26;367.56
19208;11695;377.5;375.1
16974;499;480;478
19321;12473;431.55;430.55
1755;19706;364.2;363.7
18874;9947;377.99;375.59
13203;21934;430;220
19133;10720;421.2;420.5
9339;21124;443.4;438.4
12359;8602;387.41;376.91
19192;11346;448.5;444.9
10737;6127;402.5;401.6
17110;357;370.1;363.3
10285;9165;412.39;408.29
5205;18853;391.6;389.8
19320;12465;432;431.25
15220;869;329.65;309.7
100;14427;370.9;369.6
1288;16776;437.4;435.05
5110;20594;362.13;350.83
14415;6256;393.92;390.82
10535;2967;367.07;363.87
7594;3846;427.7;427.1
1291;21652;392.71;366.96
17500;1395;343.61;341.41
4758;9735;381.3;371.7
17721;6526;421.7;421.5
1484;17422;374.3;369
12151;21897;347.5;340.5
19534;14145;405.55;394.75
4253;5881;413.6;412.75
19764;14788;446.99;443.99
2440;21106;316.5;312.4
762;17404;312.82;311.42
1105;13346;402.01;399.51
8594;19583;359.99;352.49
1266;15860;366.3;360.7
12941;4233;422;401
9268;6329;414.2;412.2
9701;3415;458.35;457.95
4593;19701;398.63;397.43
18850;9881;413.76;404.36
5148;11656;366;352.9
5542;3631;368.26;353.56
19179;10814;430.22;429.92
5825;2507;398.8;396.8
3265;8389;418.2;417.3
19125;10690;373.5;369.6
16930;349;429.33;427.83
17580;1674;383.31;383.11
6721;21550;434.5;432.9
15866;7949;421;419
4011;19409;447.8;435.6
1111;19772;401.32;396.92
7548;11067;414.42;411.52
16056;5806;395;357
12468;2464;438.76;437.16
8248;20788;374.19;368.09
746;7819;372.45;370.35
2907;8364;421.14;420.54
8828;3110;437.47;437.27
16447;15304;344;122
12805;6176;401.39;398.69
19299;12406;367.85;362.9
8498;4456;425.85;425.85
9631;13674;390.38;389.28
743;8248;409.28;397.28
10784;3136;437.5;434.2
7439;5022;424.6;421.9
16357;15334;351.52;346.12
8995;16535;425.7;425.2
12153;8600;423.55;422.85
4012;18149;449.8;435
11165;2483;434.3;425.1
2107;3916;373.85;371.3
9879;13664;413.4;399.1
14683;21378;365.83;363.13
11685;2691;398.1;363.1
12522;2852;409.87;373.87
6398;3495;440.61;440.21
17554;1605;372.4;347.4
8122;7376;398.77;388.97
2141;21301;434.6;418.1
13082;8087;397.03;396.13
15885;11577;350;318
7303;19587;374.96;373.96
17351;94;433;427
3037;4554;427.7;426.7
4994;9563;425.9;420.2
16735;779;439.6;431
9839;21230;486.37;483.82
15240;12735;442;430
19648;14533;379.05;377
3014;20345;385.54;364.14
12950;6142;351;297
3256;4849;427.49;417.59
989;15889;357.4;351.3
16346;6296;393.6;391.8
5612;19499;475.75;474.95
12958;6285;382;329
12608;8649;417.48;415.48
9558;5628;410.8;408.35
9871;17945;362.93;360.93
17586;1693;373.9;373
15072;13314;405;380.4
6759;8001;416.78;394.83
15107;21409;387.6;377.8
12521;2570;399.1;397.5
8999;19150;388.34;372.84
16710;13258;413.9;405.3
2436;16741;349.8;340.8
6601;6048;415.55;409.75
19733;14654;416.5;414.5
17747;6424;427.13;420.13
7678;20341;385.96;375.46
10030;12128;379.6;378.4
16981;6366;351.97;351.02
15734;11937;386.6;383
8087;18745;366.66;361
12247;3244;429.6;428
15077;21457;474.7;468.4
16909;647;433;423
15607;13128;381.26;376.76
19450;13000;419;208
8484;4432;442.91;440.01
7099;8503;422.35;422.05
19337;12512;458.3;443.8
12808;6182;400.54;399.41
12487;2485;424.63;417.13
3381;20416;458.68;447.38
17431;1088;370.88;369.08
19484;13930;379.3;378.3
12609;8652;419.16;415.76
4534;8401;422.6;422.3
16892;900;405.5;401.9
18765;9417;401;371
12841;5295;420.58;417.53
7607;19163;380.13;377.13
10016;8567;406.88;405.08
16682;7109;394;274
11303;12095;379.08;377.18
15016;18610;427;415
19419;12901;377.3;377
17335;9406;416.7;416.65
18877;9956;376.63;374.73
15718;11517;377;295
15489;5440;368;302
5824;2511;404.8;398.8
8485;4440;446.25;445.35
1062;19858;435.06;431.21
7744;17177;364.23;363.13
19635;14496;385.73;368.4
1983;5400;422.1;421.5
17713;6568;409.9;408.3
9526;13687;406.03;398.73
4534;8403;421.2;419.1
7224;18816;365.07;362.47
139;14436;400;363
12217;20225;353;350.3
6994;8010;395.24;389.94
7177;13806;462.8;461
1830;16545;377.36;373.06
15918;15557;356.2;319.2
19592;14244;410.38;409.33
4783;2626;370.43;365.83
12808;6183;399.04;398.44
11368;16485;417.75;411.35
19451;13016;400.41;398.11
13494;4761;362;341.6
16713;13239;404.8;403.6
19011;10377;421.7;421.45
8330;17632;423.2;422.5
10129;16622;379.13;375.23
18947;10182;424.42;420.32
13319;8103;386.62;384.27
12799;2356;412.38;410.73
8628;9117;415.48;401.58
9936;2674;402.65;369.55
18883;9972;375.38;373.58
12777;2379;424.25;423.05
15493;7193;360;256
12102;2921;404.85;404.15
2223;9647;372.8;365.7
16957;137;484;468
34;14395;394.3;392.8
13724;11272;357.6;356.61
13461;11229;502.5;420.5
3023;18948;380.64;359.64
15167;21333;371.6;370.6
12249;3255;427.1;425.9
10113;3758;426.8;425.5
15656;9304;408.94;401.34
3877;9579;377.15;369.65
18936;10155;412.17;410.07
3068;17651;364.56;356.86
3255;4844;430.45;429.65
12879;9230;408.89;408.64
15889;14366;346;242
8587;5269;419.5;418.7
13849;15711;429;419
13788;7654;435;425
14643;21163;390;296
18716;11877;373.75;352.75
7749;20384;370.81;367.21
12938;12048;382.64;375.74
15922;15600;376;360
9854;20591;397.87;394.97
16910;641;415;413
19766;14800;462.77;453.27
14609;8721;422.92;422.57
12072;11174;449.8;439.6
14048;7261;400;388
18839;9845;373;227
11761;19945;377.2;375.2
16912;675;339.7;307.7
11215;2975;363.03;352.83
13991;15729;433;320
14769;11437;440.2;438
13943;4528;426.51;421.11
15891;15610;420;105
17752;6409;413.25;412
15383;13148;378.8;376.8
642;4111;424.98;424.68
15366;8984;414.93;414.63
6080;14320;409.2;408.9
16090;14369;382.46;382.26
8242;19563;462.8;461.2
3373;3173;430;429.7
688;14078;375.32;360.42
6492;18887;375.9;373.5
7035;18486;373.77;372.97
19047;10484;407.9;395.3
19094;10575;433.17;429.07
2390;4481;426.17;425.47
5782;20017;426.6;421.1
8283;9101;416.7;416.2
11812;43;427;417
6274;20711;402.1;400
16195;5615;417.75;416.05
2302;17869;401.97;398.32
2048;19466;394.97;394.27
8647;4965;429;428.7
19285;12286;415.27;414.52
16740;815;464.82;464.02
16458;15265;409.4;400.7
4604;3620;370.06;368.56
12594;17196;501.42;488.27
10894;7875;368;364.1
16568;9346;409.6;396.8
19234;11797;365;131
607;20463;428.26;423.31
17753;6411;413.7;412.3
15656;9300;397.04;395.94
17281;222;408;348
9568;22170;434.15;432.3
7279;2780;470.8;470.4
15164;21336;370.8;370.6
18790;9475;375.6;373.3
2302;17868;437.22;424.32
16144;11643;366.8;346.3
2357;5180;420.89;419.89
17838;6736;373.5;371.5
19245;11827;468.4;460.9
19369;12782;402.6;401.5
2702;17389;405.15;399.35
7007;8034;399.77;397.77
19404;12860;442.73;442.48
13087;2447;418.79;417.39
11476;2253;379.95;378.65
10716;13642;477.2;476.9
13362;18832;385.78;385.38
4226;5110;420.19;419.89
17757;6398;414.5;410.2
7906;16681;404.67;393.77
16609;9353;422.07;421.97
15541;5542;416.15;413.95
11691;2299;375.04;362.04
13152;16156;381.1;370.9
17831;6723;373.2;372.2
7091;21548;372.86;364.96
2453;21627;413.65;410.95
742;8243;406.32;404.32
7594;3845;428;427.7
16737;789;428.3;427
1331;1299;355.93;347.73
8634;9125;420.25;419.55
15923;15599;343.3;310.3
9906;12146;404.18;393.48
9045;21788;466.8;464.8
1377;13378;404.66;395.06
13596;14358;465;451
13934;5770;415.45;408.25
12497;2694;410;367.4
238;21224;340.9;334.95
11001;13629;426.6;426.3
16871;5244;408.21;395.01
11750;11753;389.1;388.1
16865;707;352.12;345.92
18961;10226;464.58;463.63
19290;12375;375.75;374.7
12484;17555;374.65;373.05
12879;9232;407.39;403.69
913;9616;418.97;417.92
17533;1503;451.22;447.82
4286;13907;413.46;411.46
10670;3991;426.6;426.3
19172;10787;385.3;384.1
16055;7636;414;360
19481;13921;431.6;430.7
9749;19265;392.52;388.02
16522;15251;418.5;417.1
14689;13486;399.47;398.97
12330;17135;390.24;386.64
15801;7079;303;241
14040;13325;400;185
2356;5179;415.23;414.93
8596;18488;367.06;360
3271;12296;422.1;420.9
7142;13816;-0.5;392.87
2802;4802;429.33;428.63
1136;16505;376.5;371.3
8294;18941;394.77;387.77
15264;13187;392;334
18912;10093;476.5;476.1
19045;10477;403;399.9
14897;826;375.8;371.4
6870;5767;413.34;405.04
7920;9630;366.49;358.69
17706;6590;422.1;420.8
16422;7773;458.4;451.45
3657;17823;386.53;375.53
18844;9859;396.2;395.7
17172;3948;451.08;446.08
7525;3825;428.6;428.3
15899;4245;410;364
16766;15104;324.29;302.25
14438;5686;416.5;414.9
9638;2574;367.27;366.07
6207;8930;395.48;391.28
15462;7756;413;409
8176;18449;442.2;436.05
15603;9763;392.78;391.18
17577;1668;419.8;418.8
11693;2329;380.33;378.03
19417;12897;420;411.5
7304;18439;374.84;374.04
7807;5813;419;418.7
4602;19323;362.72;359.62
15598;954;395;394.4
5594;8445;413.8;413.5
17500;1397;337.21;335.21
7575;17379;415.81;410.21
15866;7459;364;261
16166;2418;403.53;395.93
19356;12761;442.7;434.3
12677;30;418.4;416.9
15128;5563;421;420.25
19111;10628;390.3;389.6
18994;10332;477.2;475.7
677;14039;370.12;349.82
18721;7339;391.83;383.63
1689;5665;403.7;401.4
13947;4539;427.65;427.15
13432;7704;396.1;395.35
2478;20371;410.07;407.07
5342;13886;433.15;421.85
2701;10906;400.9;378.5
1290;15835;365.8;365.26
10588;5324;421.51;416.81
16351;15338;424.58;414.88
12792;9224;421.79;421.39
17351;93;435;433
15776;11537;436.7;417
16964;580;394.7;393.3
12102;2920;407.8;404.85
14638;7272;414;270
17012;5345;420.6;418.9
2387;4468;426.68;425.53
17118;325;431.1;428.1
4229;5120;416.71;413.96
12147;17908;338;335.1
17301;560;406;370
13429;6309;394.5;394.1
13441;7678;411.45;410.5
15254;4033;475.8;411.8
9229;12156;401.29;384.09
13563;14353;448.9;442.2
2969;17598;361.25;357.25
1066;15790;336.18;319.56
4754;19212;363.51;355.21
12135;16881;345.8;327.55
16646;3859;426;422
19690;14589;387.65;385.7
19187;11329;442.13;438.53
17575;1663;371.09;362.29
3780;1996;374.45;371.95
3541;1936;405.2;374
5426;19520;394.51;388.01
5267;4068;448.9;448.4
1334;1320;351.44;347.54
8275;17282;449.5;442.9
12706;5879;413.95;410.6
7822;9088;419.98;419.13
8835;16541;386.33;384.73
9682;17946;412.8;408.9
529;13975;356.1;353.05
19555;14208;421.55;417.85
4445;3010;455.6;453
7598;5051;420.6;420.3
16825;3746;392;178
19769;14820;446.87;444.87
19333;12495;380.63;346.63
10767;2259;372.9;371
2340;8351;386.7;381.2
17545;1560;385.76;382.66
12631;19531;394.1;368.1
2039;4092;427.88;426.68
5824;2509;398.8;346.8
5126;19036;399.21;387.41
12348;9606;418.1;412.5
8583;2539;361.9;358.5
7529;5249;404.01;402.61
19483;13928;427.5;418
19238;11804;332;220
1139;17829;381.68;364.48
2176;13399;382.83;382.63
601;19824;409.1;404.1
388;16927;368.4;366.35
3597;17845;391.34;377.74
2615;3919;398.3;397.1
8687;20783;379.45;376.09
17456;1176;383.33;381.83
1532;7412;386.35;384.2
3948;10930;375.12;372.72
392;22284;367.45;362.05
18864;9929;377.29;374.89
19412;12880;478.9;476.3
19655;14543;375.45;369.25
19152;10735;402;398.2
1614;5867;409.86;409.26
12106;2250;373.62;368.22
15687;11515;436.85;434.05
1263;17492;409.5;405
17431;1086;376.08;372.58
3782;2016;374.8;371.8
2437;21629;351;343.6
2625;2196;380.5;374.4
17719;6544;428.26;425.86
19012;10382;420.3;420.1
5693;19498;443.51;433.31
18946;10176;401.6;401.3
16421;7277;449.25;446.6
3160;19350;380.2;370.74
2617;18530;391.2;384.65
2433;17642;385.5;373.2
5935;2802;372.95;364.55
19764;14784;465.79;464.99
14834;8954;408.23;403.63
2835;10916;447.9;437.62
19051;10496;376.19;373.89
740;8236;405.75;405.45
10807;19709;328.78;319.43
10887;12119;377.02;370.42
17488;1369;473.3;472.5
19644;14520;378.8;366.5
12245;3231;426.2;425.9
17419;1050;454.5;452.5
19154;10741;396.91;393.21
6207;8931;411.28;410.98
14466;4494;426.4;425.1
9785;9154;422.08;421.18
19265;12226;377;375
15506;7625;410;382
14361;13505;418;376
44;14411;388.55;387.55
13201;20941;376;208
393;22283;414.38;387.48
9676;16512;411.1;407.2
8090;18744;378.53;370
5525;18830;417.64;414.84
6397;3483;438.81;438.31
17186;461;348;346
2233;6323;380.85;370.55
4641;4009;430.9;430.1
11428;19271;397.22;394.82
19537;14149;404.7;404.6
4262;17411;402.3;385.3
6398;3494;441.01;440.61
8151;17308;367;361
17754;6412;414;413.35
19680;14572;388.6;387.2
5722;20736;431.95;428.4
15297;11473;388;296
604;18843;415.13;409.93
17708;6599;423.1;420.8
17821;6694;372.6;372.1
12253;3268;428.5;425.6
16608;9352;421.18;405.98
9000;14229;388.5;388.2
7060;18062;395.45;390.85
1394;4109;421.41;416.51
9177;5941;402.4;400
13515;4792;400;370
1768;8257;408.57;407.87
19394;12835;387.4;384.4
15909;3952;407;139
6775;22102;412.2;406.3
236;21521;347.55;339.65
18852;9887;377.9;375.7
16818;11627;474;322
19759;14759;440.23;436.23
17190;295;451.1;450.3
8806;19097;449.3;442.6
203;2106;350;349.5
15450;831;413;392
5118;12354;380.85;378.8
15120;4197;419.35;419.25
7868;3808;434.05;433.95
16422;7133;451.45;447.6
12461;21973;333.25;332.75
19610;14301;423;401
7452;13758;426.25;424.9
1750;17449;380.46;373.21
16420;7812;458.45;455.5
414;16785;355.7;347.9
6081;19473;368.4;352.8
605;19849;419.03;415.43
12519;9195;422.1;422
12781;2415;421.02;400.87
19239;11808;409.7;405.7
15939;13065;340.6;338.6
4737;19239;387.15;374.35
17418;1048;455.05;445.3
19059;10527;413.89;413.09
7360;2032;360.5;358.6
19413;12883;481.06;480.26
6995;9053;411.69;393.29
6294;3634;374.21;372.46
17881;12625;344.39;341.39
8522;19554;471;468.1
13982;7497;346.84;344.14
16812;15093;383.4;379.8
16825;3748;426;412
17896;12576;412.4;378.4
16271;7784;388.35;387.85
1660;14268;446.45;420.15
18945;10174;442.4;440.1
15365;8982;405.75;400.95
13471;11247;565.3;546.35
10096;3678;374.98;353.58
5824;2510;406.8;404.8
5962;5261;414.99;409.69
19743;14683;397.1;395.9
2328;8804;412.96;412.66
15600;16242;391.26;390.01
9737;3969;426;424.6
5594;8446;413.5;412.7
12365;8624;401.49;396.59
5313;3080;433.79;433.39
12132;9601;419.3;415.7
15060;13432;408.5;407.2
14684;21377;364.56;357.36
664;15909;366.8;356.82
17341;5461;419.69;415.19
3364;13457;412.23;410.83
15197;720;382.31;369.31
17322;169;413.7;407
688;14077;377.52;375.32
13895;4279;383;351
17735;6886;420.6;418.5
16815;698;429;385
3480;13531;382.8;374.76
5150;15931;404.2;388.7
19049;10486;412.2;411.3
16167;7474;390.55;384.45
4285;13908;411.77;401.77
15015;11449;399;191
361;17295;346.85;346.2
18739;8272;390;388
3956;5707;419.48;417.58
16741;822;464.15;451.85
15237;765;317;75
5700;20732;420.04;412.94
9391;2872;373.64;371.54
10663;7363;435.7;430.7
686;14066;374.92;373.22
10674;5046;423.9;423.4
17274;9403;422.79;422.69
1586;21650;426.09;425.74
7771;8519;393.9;393.3
7766;16560;411.91;411.01
4124;8844;421.81;421.51
4251;3169;430.35;427.65
19554;14204;468.55;465.8
14368;17988;380.95;374.8
16438;12706;384;114
19421;12910;414.89;413.49
10042;11134;452.1;448.8
19191;11341;448.5;447.15
15493;7195;256;219
10915;5363;422.87;422.27
16338;10053;347.6;339.5
14575;2748;472.2;471.9
10479;8595;421.3;419.9
9923;2808;391.54;368.34
16720;15144;419.55;414.3
14439;5680;415.5;401.8
93;13110;396.3;389.2
16889;880;403.5;397.6
8273;7443;442.6;440.3
14018;15875;377;283
5191;16920;390.59;384.99
3090;22237;456.08;454.63
16708;7102;376.99;373.99
18787;9465;381.95;379.55
1725;19923;443.96;435.36
19288;12369;415;391
16652;3537;425;276
7223;19168;356.82;355.02
17579;1672;384.25;384.15
4205;21397;385.98;379.08
5193;20882;394.91;385.61
7395;20684;356.29;352.94
18127;6939;414.8;414.3
17447;1140;382.33;382.03
16805;7094;312;135
16655;15208;402;316
8530;4907;429.9;428.6
15902;15637;456;260
13197;20305;399;276
9442;17738;366;353.9
240;17897;333.5;331.9
8382;18508;420.6;417
7207;3657;371.6;362
16649;4379;419;417
6865;4577;428.88;428.08
17821;6695;372.1;371.1
3248;19058;376.26;370.96
17475;1284;436.73;435.18
16813;8222;426;424
14111;13516;396.3;394.9
13985;15779;347.95;343.35
3583;7458;413.63;410.08
10023;8042;453.13;450.83
10142;17794;382;374.1
12791;9221;418.7;410.3
13405;12717;394;324
12361;21615;388.23;377.63
14059;17058;410;398
13359;11989;388.02;387.72
13514;4790;384.1;380.5
13890;20674;380;276
235;19756;343.85;324.95
19455;13034;421.7;421.3
16946;514;380.5;350.5
6917;3551;440.6;440.3
749;5196;419.52;418.77
15870;15674;474;312
14155;18312;389.5;385.7
908;21080;370.19;347.49
16987;6860;346.3;345.5
2615;3918;376.9;368.3
4430;9555;447.3;446.2
14454;13496;403;396.3
12605;8635;419.68;419.18
19213;11709;379;375
958;18206;362.65;359.85
12110;2234;382.06;379.86
16015;13055;382.2;375.35
19734;14656;416.1;415.5
870;14098;368.3;357.8
12769;9201;406.99;400.14
9078;18937;419.43;418.78
12365;8623;392.49;381.49
16645;7112;396;206
1069;16115;321.19;321.07
14972;18357;352.6;344.3
15444;7218;416;386
7413;13748;401.9;401.6
11301;3400;447.7;447.3
13856;13544;421.3;396.3
8920;19695;431.05;431.05
16953;610;370.5;320.5
13411;21331;427.6;419.5
11561;2114;419.11;413.21
19461;13114;423.15;422.65
19407;12867;428.4;425.5
11865;3533;433.1;432.9
14452;13502;388.2;387.2
16164;7572;366.58;364.18
6641;20193;391;390
14414;6254;392.22;388.42
8465;13735;397.8;396.6
17275;227;453;452.2
17318;5571;420.98;417.98
15079;7767;476;475.3
1322;4215;421.21;420.81
5487;2733;459.9;458.9
2065;3296;425.7;423
15867;7627;412;408
15120;4200;416.85;416.45
9765;19580;415.2;409.6
19264;12085;415.3;414.75
15742;13081;366.5;365.6
3778;1983;365.2;334.2
17714;6570;411.46;410.5
5361;13870;416.95;415.1
16715;7648;451.68;451.18
17291;408;415.33;414.33
14015;16829;443;311
3044;5721;420.74;419.34
13534;11267;315.4;313.3
259;17027;347.45;326.73
3670;12310;421.75;419.15
15885;11579;318;228
8649;4974;426.3;425.7
5070;2891;369.9;315.3
19063;10545;433.2;424
15466;7204;335;317
17450;1203;382.15;381.95
3214;3710;421.69;420.89
5445;18111;380.75;377.15
17265;9385;421.57;415.82
12688;20465;389.9;389.9
2355;5176;419.98;414.73
15342;20701;379.1;373.7
12939;12045;381.56;372.66
15941;13060;349.14;347.79
10669;3989;426.1;424.7
13795;3462;479;447
10677;3403;460.4;460.2
8160;22192;405.6;404.1
16991;6871;350.2;347.1
15852;5087;349;333
2063;3290;426.8;426.6
17338;5451;421.37;419.57
15261;11461;416;380
19745;14689;389.7;389.3
7924;20206;388;370.1
17694;6652;368.3;368
12573;9760;388.5;386.5
17455;1174;380.33;378.43
17844;6758;368.4;366.5
2135;16526;463.9;390
70;17552;366.5;353
14967;7;392.4;392
9227;12165;398.92;374.62
12363;8617;396.71;390.91
2479;13415;416.98;410.38
19461;13117;393.65;391.15
16455;15298;409.56;396.86
17571;1650;377.1;375.7
394;19847;413.98;386.68
19446;12992;420.05;416.2
19710;14618;378.95;373.95
13507;4767;407.2;391.5
14041;7265;367;355
11750;11754;388.1;383.1
11151;2551;406.5;406
6902;6273;398.3;398
241;20201;337.55;330.48
19046;10480;401.8;398.6
8972;6155;393.8;389.8
9007;3125;436.3;435.5
16433;10041;354;242
15926;13324;384;172
13942;4525;426.46;421.16
4052;6312;394.7;392.4
15072;13310;380.4;377.2
7611;16590;388;381.1
18786;9463;382.05;380.65
19058;10524;412.05;409.7
1303;3764;411.5;406.5
12087;5841;399.8;397.1
16081;15501;408;273
16434;10039;349;243
14055;5885;414.7;319
15030;6002;408;406
7269;4265;421.7;421.4
14013;13525;303;297
17819;6686;372.6;369.5
3995;19235;438.75;431.25
12961;20968;286;250
12606;8642;417.71;415.11
18716;11876;378.95;373.75
19482;13924;430;428.8
1665;7579;410;391.85
7351;20210;393.95;387.95
15762;11929;400.02;397.82
2114;19112;359.17;353.42
1905;21084;367.6;365.09
746;7818;374.05;372.45
2353;5761;415.98;415.58
2255;7468;489.64;484.19
7090;11061;369.5;364.46
226;14470;333.7;332.05
15948;15572;394.15;386.55
10669;3988;426.4;426.1
7854;17502;387.8;386.2
17317;5569;417.49;416.79
19638;14504;384.6;365.4
14242;8709;400.6;396.5
2907;8365;420.54;413.04
15867;7628;408;340
12503;2836;426.08;425.08
2747;18526;406.6;402.7
2004;5801;408.1;406.6
14751;5888;400.06;397.86
10907;16835;481;479.3
3064;20484;432;431.4
4750;2991;455.2;452.5
451;12191;409.43;383.93
16119;15479;344.3;184.3
1268;10860;371.35;370.95
10144;20605;421;410.8
17334;417;435.8;432.1
8836;21685;389.97;389.27
7538;18060;369.45;361.95
10027;21074;362.8;361.4
17190;293;453.7;453.53
17344;63;386.22;385.47
8369;12185;376.8;369.6
4228;5118;415.64;412.64
17331;213;415;410.7
2713;17368;408.9;399.3
5540;20759;392.66;384.56
2385;4463;425.39;419.64
19193;11349;455.1;451.9
10303;17183;402;352
9313;3093;439.4;438.6
15035;13218;423;417
14214;7750;375.3;373.6
19134;10728;415;411.77
3053;8812;418.37;418.07
4039;19233;402.7;399.11
14036;11384;385;359
2445;16136;331.8;328.8
12953;20421;406;388
16727;3427;449;243
16548;15242;398.9;394.5
19231;11788;358;176
15718;11519;295;133
6615;7385;387.8;385.9
16989;6846;347.18;344.08
15366;8983;415.13;414.93
7054;8495;393.44;390.14
16073;3128;437;413
2623;20263;403.45;393.35
12770;2367;388.47;380.12
15010;11448;326;148
682;14056;376.5;375
17513;1440;438.3;352.9
19533;14143;413.7;406.35
19026;10443;408.9;377.9
7174;13812;464.7;456.8
868;20527;366.6;363.6
12880;5583;417.72;416.92
16798;6245;371.7;195.7
5004;19656;368.67;359.77
18911;10090;473.61;470.71
18979;10292;380.2;378.9
8168;20807;450.8;436.6
16168;7475;388.39;383.79
9160;12176;380.08;366.28
16644;11613;350;346
978;21476;367.88;362.03
11127;4948;427.1;426.4
6166;19611;368.1;367.8
17333;421;442.4;440.8
5724;11001;420.47;416.27
2023;4568;425.8;423.6
358;2123;350.4;346.7
2340;8354;387.2;386.7
19210;11701;380;372.1
14046;17133;374;272
1063;20221;418.99;418.29
15193;19976;401.95;393.95
16167;9320;401;390.55
12675;24;408.4;403.8
9121;13714;409.7;408.2
12072;11173;452.3;449.8
16271;7279;387.85;380.35
19010;10375;375.4;373.8
13892;20672;393;303
7181;14328;421.2;401.9
5055;19210;408.91;401.01
17543;1552;354.92;352.82
12380;19075;366.5;366.1
9969;21480;405.5;403
4776;18898;382.35;366.75
16165;15432;378.26;376.36
1722;1808;403.45;401.35
18874;9949;374.19;370.99
13171;16756;384.3;374.5
15452;7217;292;290
17125;274;422.3;412.7
11294;6080;407.2;405.7
16926;667;418;416
12507;2655;382.26;379.76
11693;2330;378.03;377.13
9746;11125;424.85;346.65
15853;983;368;338
15660;16148;398.76;392.26
1667;21054;398.4;383.1
9906;12143;389.48;381.98
18626;9005;370.49;366.89
9372;21501;408.3;400.6
926;7505;368;366.95
6498;20254;376.2;375.9
4237;20028;430.16;421.26
8742;13718;426.2;425.5
13888;20694;375;213
18710;14231;388.03;387.73
17576;1665;419;417.8
13790;7302;266;235
11672;6340;419.36;418.56
15467;11492;368;214
5026;22171;384.5;375.7
13471;11248;546.35;430.6
1254;22140;407.52;392.67
13503;7038;423.75;354
17542;1542;385.76;385.26
18997;10339;438.84;437.24
18950;10193;429.35;410.75
13433;7706;422.6;421.95
62;10827;373.2;372.55
10698;6105;400.9;400.6
2015;5795;409.9;407.9
10893;7844;364.8;352.7
4575;17076;450.94;444.74
7829;18560;418.99;415.59
10695;6098;405.55;397.95
2012;17474;405.4;402.35
19186;11326;425.83;424.63
11667;7850;367.4;352.7
17596;1746;416.5;414
17747;6421;429.63;429.03
17593;1738;414.25;413.65
554;20243;369.25;363.45
4207;21044;386.15;379.75
5277;3625;374.6;373.4
19418;12900;421.11;412.61
16312;8770;415.2;409.4
441;16642;367.53;344.73
19234;11795;421;417
16913;677;418;412
18926;10117;423;422.3
15196;717;386.75;385.05
19222;11732;475;473
19290;12374;375.8;375.75
15305;20750;373.8;364.9
2719;10908;402.09;388.59
15134;8746;419.11;384.96
12836;5282;421.2;418.1
5590;7975;410.2;390.5
16314;15258;397.7;394.8
18880;9965;375.41;374.91
3608;1939;391.8;389.6
12016;22319;447.71;441.86
2176;13401;380.28;372.93
19126;10691;386;385.8
19441;12977;420.21;417.51
12251;3265;422.7;421.2
10457;7057;440.25;437.35
1000;17542;347.08;343.18
1774;8313;419.57;415.87
17699;6623;467;455
1339;8079;381.1;380.9
11217;21513;349.44;348.34
4600;2505;394.2;390.1
19761;14767;460.7;452.9
5229;16915;377.9;353.6
2082;9637;378.23;368.23
16744;997;441.8;438.9
12479;5001;424.6;420.4
2359;5186;415.71;411.71
5111;12335;376.21;369.51
10123;21072;413.6;407.8
19010;10374;378.05;375.4
15265;13185;340;330
18967;10250;380.37;378.47
11285;5975;405.7;405.5
13956;11980;373.92;328.72
17883;12632;409.8;404.8
14177;11401;368.19;367.74
19766;14804;440.57;439.47
15476;7201;246;220
16054;15551;342;204
15817;7837;398.9;381.6
5011;22173;363.55;358.05
12378;22026;345.9;345.9
14611;8727;422.52;422.22
13435;7312;418.7;410.1
10695;6097;406.15;405.55
19647;14529;387.8;384.2
1904;17413;367.6;364.93
2742;1864;367.5;362.55
5365;13864;402.75;397.65
6940;20664;375.88;374.02
16179;15460;413;410.6
12352;9767;375.71;366.11
17410;1037;367.8;366.95
19280;12285;406.29;405.09
12292;17441;366.46;358.56
19539;14158;422.7;422.1
16710;13256;414.6;414.35
2422;18669;431.11;427.41
16566;9341;416.1;415
9872;11759;383.68;368.78
14025;15896;356;336
7998;2634;373.9;369.9
2403;12217;394.85;368.55
892;19830;341.4;338.1
5333;10981;395.8;395
3869;2054;402.75;362.75
12464;17570;364.35;334.65
11323;7352;391.4;389.2
4782;2629;370.29;366.29
17438;1106;420.4;411.4
16084;5537;351;110
3000;19890;418.59;415.89
2223;13402;381.7;380.3
17540;1535;363.15;357.65
15120;4198;419.25;418.75
18963;10233;408.98;408.48
7397;20405;363.81;353.81
4052;6314;391.15;389.3
1429;17424;333.89;330.51
6537;18779;394.54;375.04
12360;8609;395.66;386.06
15145;13202;384.97;375.97
17704;6605;444.46;443.76
11256;3687;371.32;370.12
18722;7342;375.65;364.65
13025;16691;350;260
39;14404;391.85;378.2
19429;12944;415.8;414.1
13861;9242;377.7;347.7
2716;4019;474.35;472.8
15762;11930;397.82;373.82
13912;16924;437.2;432.4
958;18205;371.65;362.65
17421;1055;454.9;445.4
2899;5952;403.26;402.46
9132;4162;425.2;424.9
10434;2181;64.35;-902.65
1771;8263;420.43;413.23
3110;4895;430.7;429.15
5530;20755;415.66;406.66
19125;10689;380.9;373.5
1922;19261;377;373.16
18890;9991;426.6;423.4
17485;1307;439.65;438.65
13480;11257;519.1;434.1
19402;12858;398.5;395.5
1070;15788;333.2;320.51
3989;19789;401.07;396.12
5149;14292;384.67;383.57
4254;2089;443.5;422.9
14994;7247;370;316
14064;17012;361;360
13406;7320;302;262
16874;843;415.7;413.4
2447;18293;350.1;349.7
1384;17445;410.08;406.38
16794;15064;387;365
17934;11891;403.22;391.62
5558;20739;374.63;365.63
728;10418;435.81;434.61
14369;17985;371.69;364.59
18946;10179;386.7;375.6
3260;19347;385.47;376.47
1239;19770;381.8;369.35
19302;12424;363.55;359.85
5230;20947;381.7;340.2
14788;5575;420.45;417.75
14995;7246;374;324
2175;13396;382.42;381.32
12250;3261;422;421
18885;9978;372.15;371.75
13693;16912;428.1;419
7852;18416;390.6;389.2
19279;12269;414.88;408.23
14589;21233;434.19;433.39
19025;10438;421.5;421.3
8780;17753;452.66;444.46
16675;945;410.9;408.41
14938;5156;420.9;418.6
14304;18128;431.86;431.46
2909;8371;421.72;421.37
9795;19244;423.3;388.4
3686;13817;376.66;372.51
12520;2566;398.9;398.4
6762;7993;393.15;382.65
15832;16302;418;378
17464;1201;424;368
2357;5182;416.09;414.59
4227;5115;416.75;413.55
4224;5069;420.85;419.35
16313;9329;417.5;407.7
13897;13319;402;398
12949;8186;417;383
12116;13599;385.01;383.21
4614;18385;471;469.5
6103;7061;440.19;439.09
754;5207;417.46;416.46
19641;14510;387.7;386.8
13359;11988;389.82;388.02
1055;21077;363.1;359.1
1375;13366;376.26;373.86
2045;6878;376.77;375.72
18959;10219;423.8;420.4
14573;2760;470.13;469.63
2706;22329;410.6;401.3
1412;13383;420.56;411.06
1044;17468;346.5;338.7
12935;7328;441;265
19057;10519;404.36;396.76
13360;18834;380.57;372.97
8440;16748;381.7;380.6
19763;14779;462.43;452.63
3003;21439;419.2;418.6
7770;8517;391.4;389.8
19245;11828;460.9;459.4
12234;3214;428.1;427.7
10947;22011;403.5;403.3
7438;5019;424.9;424.6
12412;2307;381.92;377.52
17378;6379;412;142
13342;16365;387.26;386.96
19034;10465;439.3;438.95
11695;2338;374.99;370.39
10403;8583;420.1;417.1
11765;2277;381;374.7
19049;10487;411.3;410.6
15819;11926;387.69;387.19
16568;9345;410.8;409.6
7508;9066;420.42;413.12
14325;18082;418.55;410.35
15882;13074;385;365
16865;706;353.92;352.12
4249;10938;433.27;430.77
19239;11809;405.7;364.7
11476;2251;383.35;382.15
14480;4296;417.94;417.74
17546;1571;346.84;345.14
10702;6106;405.9;405.6
7038;13818;377.26;376.06
1322;4216;420.81;419.41
14931;4723;407.25;399.75
1366;2725;494.15;434
13082;8085;386.83;370.33
16046;15522;437;197
14250;4394;414.78;409.88
19312;12441;429.4;428.6
15775;11535;424;422.9
9161;12175;384.26;381.66
15290;13295;418;406
943;11667;339.72;332.52
683;21340;370.8;368.61
3105;16051;409.96;406.96
3251;8828;418.03;411.53
8631;8546;421.23;420.63
17128;284;417.8;415.1
10547;7920;359.05;348.75
15364;8976;413.97;411.87
17347;80;385.77;384.92
4286;13906;416.46;413.46
18958;10213;427;426.85
12291;21324;365.12;360.32
19234;11796;417;365
14882;13164;385.8;383.8
18993;10331;472.8;462.5
6040;11020;382.07;381.07
11416;5674;410;408.7
11424;2866;360.65;357.75
14065;17011;385;265.5
14857;4191;427.91;422.41
6210;8945;405.59;396.79
5276;16893;543.6;435
15497;7282;476;351
15697;6041;407.6;405.1
12089;5844;400.5;400.2
8457;6007;404.2;403.8
16925;664;416.8;404.8
14992;13446;424.21;415.86
19429;12945;417.5;415.8
8531;3720;426.9;425
14707;13472;360.1;356
17457;1180;384.62;381.62
14609;8723;422.32;419.42
6762;7990;382.65;381.75
12231;3205;428.8;427.9
304;17023;380.28;371.08
8069;14223;368.65;368.35
10773;5691;402.35;395.45
4014;18605;446.9;431.5
15800;11555;353;283
15208;11966;382.41;369.91
17439;1108;381.71;380.11
2971;1874;384.15;380.05
10888;12117;381.74;377.24
17375;1001;417;360
19486;13938;379.7;379.3
296;21221;379.75;355.65
19242;11820;455.05;451.25
4348;13901;392.12;391.62
7108;8061;415.58;409.48
16865;705;345.92;343.92
8465;13738;412.8;404.1
2621;3588;403.38;402.58
16541;4407;412.4;412
9878;13668;398.95;395.45
11324;20311;393.65;390.45
297;18847;355.18;354
40;14408;396.55;392.2
17014;464;396.7;394.4
12487;2484;426.13;424.63
529;13978;368.9;356.1
17198;315;460.4;460.1
2914;4356;417.68;417.38
9267;6276;400.9;399.6
19266;12230;396;273
18911;10092;469.91;469.31
1153;19808;415.7;409.7
7007;8033;385.32;384.27
863;17188;370;366.9
17752;6408;414;413.25
3026;16053;381;360.45
15448;18211;344;338
14235;7416;415.6;399.8
19744;14686;406.5;406.4
12778;2383;415.81;402.11
18826;9800;399;176
2252;8345;396.16;390.46
15919;4120;428;424
8456;4239;422.8;422.5
8150;7602;371;367
607;20462;423.31;410.16
310;17893;383.11;381.81
1793;16809;403.55;395.55
2449;10903;371.5;365.5
2714;19814;408.3;398.4
16945;509;384.09;351.09
2446;17694;351.3;343.5
230;17743;337.75;335.2
8833;19604;388.99;368.39
19361;12767;443.66;442.26
16728;15132;381.7;123.7
17710;6582;444.53;443.93
19363;12771;443.79;442.59
13085;12034;403.7;369.7
13430;6300;394.9;394.6
10487;4204;421.6;421.3
15285;7228;408;388
12770;7981;418.87;417.17
3877;9580;420.05;419.15
16686;15192;363;223
19244;11825;461.8;460.85
16302;15404;394.1;389.4
10097;18402;359.51;358.71
16225;4516;426.65;426.2
10534;2966;380.86;377.96
580;14030;374.63;373.73
1394;4106;427.71;427.31
17845;6763;368.1;366.5
6081;19475;352.8;314.38
14384;9257;417;416.7
10303;17182;417;402
15253;11839;397;395
19118;10656;383.4;381.6
19689;14586;389;388.65
9324;12152;466;445.6
2224;1842;409;407.75
695;22029;368;364.76
1539;10875;353.97;352
5735;4987;426.9;425.8
12442;6840;420.4;418.3
19545;14175;465.35;461.55
2105;22198;368.6;363.45
273;19754;350.2;349.73
17583;1683;426;423.2
2285;13409;413.42;411.32
19006;10361;400.2;399.1
3777;1969;369.55;333.95
15866;7953;372;364
4550;8415;409.94;409.44
19390;12827;372.6;372.3
14506;7257;387.72;386.32
10674;5047;423.4;421.3
18936;10154;412.97;412.17
15238;763;435;417
15711;16428;388;290
16954;613;460;260
14247;4385;413.36;412.66
19178;10810;433.79;433.09
1294;22136;381.05;377.75
13496;4755;409.3;375
16099;15493;374.67;373.07
18908;10077;472.24;470.44
19442;12979;420.78;419.28
19646;14525;386.1;385.2
19114;10637;371.58;369.48
16739;807;458.1;457.8
11530;9186;419.8;419.2
16745;994;429;426.5
13924;8690;398.4;397.5
15550;7791;426.23;425.98
12778;2381;421.31;419.81
15042;7652;416;394
18908;10078;470.44;469.84
18968;10254;380.07;379.72
17459;1190;259.84;119.84
17299;264;381.3;381.1
2995;18760;434.03;429.63
17592;1733;416.8;412.8
13419;2279;384.2;381.5
12237;3220;420.6;420.4
97;14421;382;376
5631;19302;396.7;395
3291;5911;401.3;401
15800;11553;385;353
12775;2359;420.66;419.56
10304;17138;444.2;438.7
10394;9670;363.9;357.9
1838;19855;417.3;413
13791;11289;460;342
3956;5708;417.58;408.38
3872;14287;404.8;403.4
19188;11330;444.6;439.3
17466;1210;419.4;414
383;21364;365.5;364.85
5542;3629;374.36;373.26
3577;13808;416.26;412.26
338;10844;432.29;421.74
19750;14712;434.17;427.27
18774;9437;393.05;390.9
17453;1163;383.41;382.31
17706;6589;423.3;422.1
19551;14193;462.1;461.65
17549;1585;384.55;380.35
12229;3199;429.4;423
19364;12773;444.2;443
6620;9032;415.53;414.83
13855;13545;396.3;373.3
12849;13565;407;405.7
11424;2867;400.45;399.15
441;16641;344.73;340.38
1391;4096;426.46;422.66
12788;8673;417.52;400.72
10404;8584;421.1;420.8
14574;2755;471.05;470.65
15182;21309;362.6;360.8
320;17874;337.56;313.11
12101;2901;420.67;419.27
16922;651;362;322
2643;19834;416.83;409.53
11706;16021;329;288
18847;9867;423;337
19105;10612;389.99;382.59
18792;9481;375.1;367.7
19125;10688;382.8;380.9
9489;5990;405.15;404.15
15742;13082;365.6;357.5
17544;1554;385.35;384.55
6076;18716;390.7;379.5
4107;8840;419;418.5
19723;14637;423.7;421.6
17864;12681;387;383.75
12092;6233;403.5;399.3
17011;469;381;373
9872;11757;392.78;389.18
743;8246;397.28;394.88
12768;9199;403.93;402.73
19409;12870;429.14;427.84
12943;7324;375;352
12497;2695;413.4;411.4
19185;11322;433.25;432.75
10889;12113;375.97;371.47
3543;17101;420.53;414.18
9229;12157;384.09;373.69
3544;20599;416.91;416.41
99;17523;365.7;364.9
17196;3565;447.2;444.6
348;21473;353.3;346.75
943;11662;361.82;339.72
19342;12524;415.8;386
389;20267;363.8;359.85
1635;7409;409.03;406.68
9567;21122;439.2;428.5
1998;10895;426.09;420.19
10762;11146;374.57;369.57
17588;1701;375;373.1
15383;13155;384.9;378.8
11547;7638;384;372
3007;18481;382.4;365.38
13480;11255;555.1;519.1
4785;13897;390.86;384.86
2998;18482;422.69;419.39
19639;14506;383.2;381.9
19743;14685;394.8;392.9
8207;13741;375.81;372.16
14802;7600;368.31;345.76
1447;20141;478.69;441.69
7782;17354;429.9;428.4
17450;3871;382.35;382.15
16736;787;421.9;419.9
18882;9971;394.58;392.48
14432;9268;424.02;423.32
206;6981;313.14;287.24
5365;13869;410.3;402.75
7098;8501;422.07;421.57
12563;3546;427.51;424.11
6110;20502;414.91;413.91
2511;21486;436.85;424.7
15314;4819;427.6;419.7
16917;690;409;241
19427;12936;462.1;460.8
17457;1182;381.62;376.62
5526;10983;420.6;413.9
13548;11268;357;325
9121;13715;408.2;407.3
6277;8466;397.08;393.58
5275;3019;454.3;452.8
4604;3618;358.46;352.16
3028;20344;382.12;360.92
2125;19843;410.45;378.7
10742;13632;451.73;451.63
15478;7198;318;246
13641;3450;451;301
10589;5328;419.06;408.26
19281;12275;416.75;316.55
19192;11347;444.9;441
14386;11427;385.1;383.2
10113;3757;427.8;426.8
753;5204;416.61;414.11
2440;21104;334;316.5
17134;6018;403.77;402.57
4774;16766;384.74;365.14
18792;9480;375.7;375.1
17841;6745;370.8;369.4
1009;15868;366.04;362.39
6210;8944;406.99;405.59
19057;10516;411.26;409.66
15762;11931;373.82;369.72
13432;14858;396.6;396.1
5366;13858;403.25;401.25
5158;19635;405.1;396.8
7298;18793;402.88;400.58
16637;548;282;90
8811;21001;380.46;376.86
2606;19332;376.24;366.94
1433;22090;332.14;329.54
19267;12247;366;322
10693;6090;400.2;397.3
6955;20825;359.25;349.85
897;21655;394.8;390.5
7268;4954;428.6;428.3
17340;5457;421.46;419.66
823;19753;362.1;360.75
19106;10616;432.1;420.4
17445;1131;384.57;383.57
12248;3253;426.1;422
17721;6528;421.05;414.5
13099;2290;380.16;377.46
16434;10038;399;349
2185;11672;368.2;363.35
1791;8320;397.54;396.99
3053;8815;415.77;410.87
18934;10145;413.9;413.6
9930;7939;427.6;426.1
7856;11083;383.8;382.4
2513;21483;461.5;444
17529;1486;439.8;422.8
15639;1721;380.75;376.55
251;15937;329.5;326.55
2164;3358;428.4;427.7
6063;8924;417.54;415.74
15141;13303;373.52;370.87
2636;4935;427;425.2
19050;10490;414.8;412.1
4552;8418;418.79;418.29
14500;16492;426.6;423.5
7907;18557;403.88;393.98
3677;12315;416.52;416.32
3016;3606;391.45;365.24
14260;3022;451.2;444.3
18948;10185;428.56;428.11
19289;12372;374;371.5
9930;7938;391.9;387.2
17550;1591;377.73;374.33
16868;4229;422.2;421.6
7988;17331;410.67;399.07
16105;8766;401.64;398.04
13857;13326;434;420
17727;6521;457.5;452.2
7576;8048;410.63;409.58
12677;31;414;406
2060;7016;432;408.9
9711;2044;394.1;393.7
13450;11223;451.7;445.3
17528;1481;445.16;440.16
16915;683;407;397
12956;5169;424;420
2831;22296;452.6;441.03
6075;7391;391.26;382.46
10232;3510;435.7;435.4
984;21475;407.85;392.5
17189;452;373.95;373.2
2025;17903;397.36;394.61
7100;8505;422.28;420.68
5254;8432;417.56;403.51
6401;3487;438.93;438.23
9556;5623;417.8;417.65
19703;14602;401.6;400.2
8204;4153;426;424.5
1983;5401;421.5;421
8172;11091;442.15;442.15
2175;9643;374.82;367.42
9477;6334;419.4;417.5
15865;3504;431;257
688;14076;378.22;377.52
1842;20545;395.56;390
17571;1653;364.7;362.7
10434;2186;-1707.65;-2101.65
13112;22071;351.6;349
1105;13343;406.31;404.41
4753;16769;359.95;354.85
8210;5696;419.23;418.83
17826;6711;367;366.2
15921;7153;458;438
1840;8324;411.2;410.7
16914;681;435;405
7269;4267;420.7;419.8
13020;7882;370.05;355.15
11689;2320;373.4;368.3
15229;756;316;304
2268;19084;377.82;374.82
10443;16602;393.2;388.5
11731;11159;382.25;379.85
9441;7539;357.15;344.45
2069;3311;426.8;426
17881;12623;393.89;356.89
4143;12330;378.93;374.38
8731;20185;444.8;443.9
11572;2147;406.4;404.4
19644;14519;383.6;378.8
3875;20320;383.95;369.85
14215;18246;375.7;366.6
260;21500;333.7;326.7
5804;16846;363.49;362.29
19303;12428;362.87;359.87
16429;2212;310;302
12110;2236;375.51;372.06
5149;14319;340.67;319.67
13404;6112;344;262
18918;10104;380.7;377.9
11824;7905;410.25;405.85
18903;10046;419.31;399.61
17589;1706;371.85;369.25
2094;15823;400.3;388.3
9267;6275;401.6;400.9
8602;2886;375.73;370.13
19636;14497;390;389.6
7964;3784;427.86;427.26
15846;14862;421;419
8962;7432;403.6;401.7
19427;12931;465.9;465.6
1110;13355;408.95;407.95
2614;1846;397.1;396.2
2168;3371;435.5;432.9
601;19823;428.65;424.65
1105;13342;399.51;398.31
17539;1524;420.91;419.01
15210;11986;386.47;384.87
15499;7192;335;263
1791;8322;392.79;388.39
2254;7743;495.1;486.6
9772;14340;374.14;320.84
10234;4961;430.3;429.9
17017;3469;471.5;470.7
5258;8880;417.32;408.02
14009;4314;388;380
3289;6201;400.8;400.5
17539;1527;399.81;366.51
2439;6771;348.4;343.1
19489;13944;472.8;468.8
2841;1870;388.6;384.3
19440;12973;416.8;416.4
7820;9080;422.12;421.72
3770;14282;421.1;420.4
13204;22095;347;262
7366;18603;388.4;379.6
13492;16476;486.04;476
17451;1156;379.14;378.84
17584;1685;427.3;426.8
19061;10538;415.93;411.83
1926;10887;433.33;420.03
10917;7361;409.15;407.15
13512;4782;419.5;404.3
17544;1556;380.05;377.15
3628;7519;349.09;346.24
8404;17725;401.79;381.09
11670;7859;361.4;350.4
9906;12147;393.48;390.98
17192;3573;460;459
12145;11185;338.47;315.97
2650;4350;409.23;408.33
15638;1718;380.4;379.6
4457;3518;446;445
10985;17512;309.55;309.55
7689;17359;400.17;394.82
10010;3668;369.37;356.07
19302;12425;359.85;356.75
19635;14495;388.1;385.73
9267;6274;401.9;401.6
90;12549;372.94;368.09
4342;4628;423.82;419.52
13822;11293;373.67;372.57
1688;5662;407.5;400.5
9049;4442;445.32;444.72
14508;16467;386.51;385.51
17329;205;417.2;412.2
5590;7976;390.5;379.4
16193;5608;417.1;415.8
33;14389;393.7;361.7
17409;1032;376.29;373.99
379;16530;366.2;364.4
3577;13802;410.06;407.56
1340;12202;379.03;378.33
9963;19572;387.5;387.1
2357;5181;419.89;416.09
7703;15951;367.47;360.67
12666;36;440;204
16194;5610;419.55;418.75
9978;21095;459.9;458.9
8969;6145;397;395.1
6707;16797;363.3;362.4
18839;9843;423;375
2676;19085;402.57;393.57
17163;5932;401.92;398.12
12776;2363;418.74;402.19
19378;12798;401.9;399.9
19768;14816;419.76;417.66
6762;7992;412.15;393.15
757;18318;360.96;359.91
2011;4213;414.9;412.9
9621;13682;401.8;397
7846;11079;388.25;386.05
15666;13112;390.29;372.19
19745;14690;389.3;388.7
13406;7318;352;302
12796;7036;413.8;408.4
17500;1398;332.41;327.61
8458;16747;431.8;429.2
15286;13174;378;364
15636;1709;377.1;376.7
556;14013;376.2;373.7
558;14022;372.8;344.2
12499;2814;408.35;408.2
12971;16023;323;323
16896;749;423.6;422.1
1275;19820;400.27;397.27
15142;13300;369.26;362.41
7857;11084;386.1;385.6
7760;17521;409.55;406.65
2400;12210;391.39;379.59
16894;907;393.2;392.8
15494;5064;410;302
10937;6337;421.1;420.7
13986;7495;348.39;347.29
1901;16000;386.55;379.2
8235;18976;366.9;353.5
12250;3259;428.2;427.3
2009;4290;411.25;409.8
14063;17013;346;330
5653;20515;551;453.3
5257;8877;407.28;404.98
16074;15464;350;254
11282;20928;437.98;433.78
7813;4161;423.5;423
613;16592;377;374.5
18948;10186;428.11;418.31
12951;7515;352;348
19405;12863;444.15;434.6
22;10818;372.97;358.97
8389;9110;420;419.8
9536;4174;428.85;428.4
14895;791;367.15;364.4
16312;8771;409.4;407.3
13787;11286;310;205
12563;3545;428.51;427.51
8803;16658;453.8;448.7
12462;21591;350.28;335.08
4953;17384;415.88;411.88
7942;5278;409.55;406.05
17524;1469;413.8;412.5
16643;3109;436;406
15141;13302;374.32;373.52
11155;7493;368.45;359.9
13153;12017;386.4;382.1
15630;16173;363.3;351.6
15853;986;382;368
19159;10755;379.42;375.22
16983;6375;347.98;347.58
5963;5262;421.86;418.46
19019;10415;374;372.6
19116;10646;405;385
16185;10064;391.53;363.93
10806;21038;337.43;337.13
5334;20517;382;381.5
7444;15952;347.6;347.55
5340;19035;380;378.6
12174;11188;428.85;412.85
8207;13740;378.16;375.81
8824;17701;394.78;370.93
16606;9348;421.68;420.98
4113;3543;428;425.8
2744;12220;401.83;401.03
15345;3824;352;307
19414;12885;481.21;480.71
10667;3983;425;424.5
19609;14298;412.9;411.65
2438;7523;350.4;345.4
9227;12163;400.42;400.32
14967;9;389.3;389.1
6714;20708;350.83;347.23
15452;7216;356;344
17468;1222;365.72;361.52
5212;8867;397.86;394.86
17433;1094;410.25;409.8
15009;18637;332;294
14996;12730;401;391
10495;22064;428.5;424.5
18765;9416;403;401
11052;4669;446.4;445.6
18852;9888;375.7;374.4
10016;8570;399.88;394.88
10306;16856;444.3;438.2
10881;11151;448.19;447.99
16953;611;320.5;78.5
12826;6161;403.3;402.1
18982;10303;386.2;385.4
9713;2047;393.8;393.2
19231;11787;426;358
3098;9690;375.81;365.81
14802;7599;372.61;368.31
15513;16407;370;332
17286;1780;374.1;369.1
10623;19591;381.98;373.53
19556;14210;422.2;421.8
130;14435;362.43;358.53
19391;12828;385.1;383.5
2079;3338;427;426
15247;13190;404;390
205;14460;351;351
7186;13788;472.5;472.1
9392;2890;371.74;369.34
12335;2286;372.95;372.93
17723;6504;469.27;468.27
14992;13443;415.86;412.18
16101;15491;373.69;371.99
18811;9516;368;288
693;14081;373.54;370.14
8970;6147;398;397.6
11718;2457;435.4;432.9
5080;20904;392.5;389.8
5222;5129;411.49;408.69
5343;13880;475.31;472.91
678;14041;375.75;371.45
5118;12351;402.15;401.15
11812;46;407;139
752;5201;419.39;416.14
5405;19034;381.51;376.51
11215;2976;352.83;348.13
14212;7746;377.3;376.5
12116;13598;386.31;385.01
2252;8344;397.16;396.16
12970;2719;472;459
2139;21425;441.2;426
8708;3714;428.65;428.05
6604;6055;413.75;408.65
15203;8100;381.32;375.62
9752;21231;378.68;377.73
19191;11342;447.15;438.3
8872;6135;402.7;402.4
5144;22147;367.4;346.6
4736;17854;470.75;469
16868;4230;421.6;416.7
4785;13900;393.06;390.86
13463;11232;508.7;459.7
19301;12417;363.82;359.02
16829;13234;427;417
1512;9609;417.38;416.58
5036;10958;401.15;379.8
16296;15409;383.8;380.6
208;14463;308.48;304.28
19541;14164;423.15;422.25
15721;8998;420;419.5
17710;6580;449.93;449.73
9519;16605;409.52;408.62
298;13965;383.86;383.01
11799;2475;420.4;413
1238;19068;381.8;375.25
8709;3721;428.47;427.87
13959;15776;382.68;374.8
3935;7457;379.62;376.82
8829;16703;423.57;398.77
18852;9890;308.45;305.9
19703;14604;399.3;397.4
570;17518;388;372
6784;8477;421.62;419.47
10601;15902;458.04;348.54
19101;10598;401.62;401.42
17446;1139;374.05;372.15
160;17921;370.08;361.33
12243;3240;427.3;426.4
11636;17096;406.45;406.3
3947;21647;377.01;374.81
10914;5360;392.93;377.03
6463;9661;354.87;353.57
889;22351;384.55;382.45
13211;12015;381.1;379.2
19555;14206;422.35;422.1
5449;21576;388.28;385.18
9632;13670;381.37;380.97
13856;13329;373.3;261.3
8704;6030;400.49;396.69
17454;1167;383.58;382.78
19274;12260;375;372.1
16851;15069;387;365
14194;11413;382.64;380.89
11013;18249;458.3;456.9
17726;6517;461.35;459.55
7159;4316;422.7;422.2
14103;21115;390.8;390.3
1068;19397;335.2;320.35
12838;5290;418.69;413.59
17446;1135;382.15;381.95
15316;4825;427.8;419.5
3255;4845;429.65;427.95
113;7961;404.26;394.46
5223;5130;415.13;411.03
11309;19536;386.05;378.05
12922;9234;422.7;422.4
11303;12094;367.48;354.58
2390;4480;427.57;426.17
19761;14768;452.9;446.2
14941;11442;386.34;378.64
5387;9726;412.2;409.8
6345;17834;407.88;402.68
1297;10868;375.96;373.96
3634;17590;368.57;367.62
16857;20227;333;175
16048;15518;417;389
17172;3946;456.08;454.98
19103;10606;394.72;387.12
12939;12043;384.66;384.46
5647;4133;427.5;425.6
1289;3583;370.57;361.54
128;18345;361.15;345
24;2091;377;372.8
5342;13883;420;413.8
2906;8361;420.45;413.1
11405;5863;402.85;400.65
17014;462;401.9;401.6
19333;12494;383.63;380.63
2111;18321;365.9;354.5
11573;2104;407.65;405.2
18911;10088;474.31;473.91
1350;16090;359.6;353
11558;19479;414.33;413.73
3208;20133;348.13;344.43
2841;1868;384.3;363.6
872;14101;369;367.1
3511;4679;433.65;432.65
17541;1536;386.12;378.72
10696;6100;405.35;402.55
17471;1244;405;403
2564;13421;384.61;382.51
12788;8672;418.82;417.52
17827;6712;373.2;371.2
6709;20656;388;366
5254;8433;403.51;403.31
18803;9497;411;235
19749;14706;436.12;434.22
19753;14722;452;444
5896;18157;429.6;428.1
2904;7738;427.45;425.1
35;14397;390.6;375.9
14467;4492;425.2;418.1
2910;8377;418.55;417.95
15892;11583;315;143
15278;5058;359;305
19349;12748;417.8;407
14333;11421;409.7;408.8
17077;5143;422.05;421.8
17484;1303;418.8;407.6
16957;138;468;264
19122;10674;385.6;384.5
10360;3043;450.8;450.5
5325;19677;454.2;453.6
4384;17408;400.43;393.23
1289;3585;396.94;395.24
5600;8454;414.7;414.3
8165;3739;426;420
19155;10744;396.88;388.88
13338;16369;388.79;386.59
19658;14545;375.76;370.76
7392;5527;420.24;419.14
7225;18813;366.36;364.46
19746;14694;399.9;396.5
16448;7125;350;332
8633;8549;419.27;418.97
18789;9473;374.45;371.1
17599;1755;415.5;414.35
14248;4387;419.42;418.92
5644;20856;471.1;468.5
13095;13561;402.5;400.5
7176;13809;458;451.3
19765;14792;464.96;462.31
19650;14538;374.74;369.04
3673;7406;484.52;481.97
17694;6648;403.5;402.8
17333;420;445.3;442.4
53;1221;411.07;409.07
14646;8189;423;421
6921;17231;398.08;397.23
15759;3911;363.35;361.85
11405;5860;404.65;404.25
10010;3669;356.07;330.07
9160;12180;383.28;380.08
13358;11993;385.22;383.02
13196;20375;357;225
19330;12485;418.5;418.2
2107;3917;374.75;373.85
14032;5645;350;218
1985;5407;421.98;420.52
15835;16281;306;110
11666;2683;354.65;349.65
6086;11024;412.5;401.3
6588;5086;420.2;417.8
4389;20104;442.35;441.15
1824;8794;400.7;398.1
7061;18734;354;342.6
12416;16497;368.2;364.81
12334;2697;420.33;366.63
7856;11082;382.4;381.8
17813;6674;374.2;372
1999;5830;398.8;398.5
15882;13073;353;245
12817;8674;422.79;422.39
569;21343;390.1;388.5
14788;5574;421.75;420.45
16860;691;411;164
15461;18140;381;132
3345;8396;416.17;415.87
13945;4533;427.22;426.72
15937;13069;349.23;348.13
13156;20354;397;380
19377;12795;402.6;401.4
2328;8805;412.66;410.21
15686;11514;434.85;434.25
14444;19202;426.6;423.5
10588;5323;422.11;421.31
17704;6603;446.66;445.36
13313;12006;382.7;380.7
16294;15411;396.5;393.8
7592;3800;441.6;440.9
17748;6429;426;422.5
16813;8223;410;362
8057;20810;395.7;395.5
12604;8632;419.95;417.85
6462;9018;403.67;400.17
8232;11746;369.5;366.8
14641;4396;389;379
553;22053;368.35;363.3
4078;20189;392.8;388.4
13324;2554;395;364.1
10450;18074;337.85;330.25
307;17894;385.29;376.29
19704;14606;402.5;401.5
17351;95;427;385
16923;654;428;422
18855;9901;374.57;365.82
2029;17721;366.45;362.45
15467;11491;388;368
15875;8302;448;444
16168;8017;401.79;388.39
13892;20671;405;393
1664;1803;387.4;386.6
19771;14828;454.53;446.03
6164;6785;366.65;359.65
5256;8870;415.94;413.09
15765;16263;424.9;412.5
15237;764;319;317
10839;2998;457.7;457.4
7184;13791;452.4;436.9
15209;11965;382.92;382.12
4170;22161;368.11;356.51
1610;19333;380.8;375.8
16266;15375;352.2;350.3
908;21081;342.94;333.74
16432;7128;317;91
648;22030;373.6;362.5
7549;11068;410.05;401.65
15045;4656;447;401
4644;17395;365;358.5
10028;12136;378.35;372.9
3054;8381;386.17;383.77
12728;7508;348.95;343.95
2224;1841;369.8;363.8
12841;5294;421.68;420.58
16614;936;408.2;401.9
19291;12378;445.1;444.8
11214;7562;353.7;349.3
2099;5107;422.72;422.32
19706;14610;400.3;397.9
2074;3324;433.3;432.8
4425;6288;394;391.5
3653;4037;461.7;460.3
12243;3243;423.8;419.3
544;17426;373.95;363.95
11889;19535;369.2;366.2
11125;3864;423.1;422.3
2958;21641;344.5;338.5
13510;4771;396.7;366.7
17075;5229;421.55;420.25
16675;949;428.41;427.21
6636;18575;396.8;396.5
18989;10315;462.3;453.4
5361;13871;440.1;439.7
19758;14754;435.55;432.55
3628;7521;357.84;349.09
10913;5353;421.82;417.92
5597;8449;413.5;413
1842;20546;398.86;395.56
17874;12675;385.6;365.6
19670;14559;388;386.3
3674;7741;484.68;484.08
19131;10710;459.06;457.86
6077;18084;393.73;375.73
19727;14644;414.72;411.02
4015;16754;444.5;429.8
17439;1109;380.11;377.91
11803;2486;359.3;358.6
19541;14165;422.25;420
10771;5694;411.6;410.85
13068;20918;373.45;361.95
3146;19060;402.64;399.84
19711;14622;369.1;367.85
682;14057;375;369.5
16889;883;407.6;407.3
5590;7974;411.3;410.2
863;17543;366.9;364
10467;20563;428.6;427.2
18626;9004;372.39;370.49
12535;11204;391.25;389.15
18991;10321;466.7;461.7
10433;4404;413.55;405.1
13787;13548;380;364
11528;9181;415.3;414.1
2286;8040;425.85;424.65
7000;9055;420.72;419.92
9763;8554;419.65;419.4
19660;14548;375.32;370.12
13170;16757;377;366.7
13530;11264;314.5;311
16696;8225;412;410
19610;14302;401;381
11582;2165;396.7;393.6
17533;1505;441.72;423.72
5361;13873;439.1;434.75
13502;14349;464;458.8
19130;10705;460.46;460.36
15014;7244;340;308
5259;8883;418.53;405.03
9177;5942;400;390.1
15394;9769;353.77;349.81
13733;11276;355.97;349.17
14063;17015;330;184
12938;12047;386.64;382.64
10033;17941;412.54;406.14
2075;3326;435.7;435.3
12637;13588;424.29;423.99
1765;3386;448.05;443.35
9962;16860;393;392.3
12117;9023;383.23;371.43
7172;5083;421.1;419.1
7864;4299;422.23;421.63
1839;19018;413.91;411.21
7450;19164;423.6;413.25
2030;8801;421.79;408.39
16826;11630;314.14;118.14
687;14069;381.95;381.25
8484;4436;448.11;446.51
715;22096;495.1;494.88
12958;6284;390.5;382
11799;2474;421;420.4
5751;8911;417.99;408.39
15035;13215;417;379
10016;8568;405.08;404.58
6948;11047;395.43;381.53
3016;3608;392.79;391.44
15219;859;332.4;330.5
4758;9736;391.7;391.6
7674;3099;438.15;436.15
19738;14663;416.3;414.3
19100;10594;-0.6;-1.3
91;12554;366;364.56
13086;12027;418.64;418.57
12952;14347;410;387
19286;12291;406.8;405.3
13513;4785;400.5;396.75
3509;3153;435.5;434.8
913;9618;417.92;412.82
531;13994;367.57;363.44
13868;20789;394;263
892;19828;346.1;341.4
407;19924;416.54;408.44
19539;14157;422.95;422.7
14061;5414;367;315
19123;10680;379.9;376.95
7544;9073;422.37;421.77
8647;4966;428.7;427.5
918;16436;371.35;362.65
14213;7749;375.1;374.4
2171;13385;379.51;378.51
16702;7718;411.2;403.25
19402;12856;400.6;399.9
1003;16451;358.25;355.95
14690;13482;399.25;398.85
19332;12491;418.55;415.8
16715;7647;454.58;451.68
5386;9721;414.27;413.57
19128;10699;456.68;455.58
436;13338;384.16;383.16
5330;21596;392;389
14968;12;391.4;390.7
5053;19636;415.45;410.75
14431;9265;423.28;422.48
19313;12445;428.5;424.15
1769;8259;416.2;415.2
2080;17452;383.72;373.92
4068;18148;433.64;405.34
19193;11348;455.4;455.1
7069;20233;353.69;348.79
19015;10397;429.85;428.85
17724;6509;466.57;463.57
9387;9144;408.3;400.7
9701;3582;459.45;458.35
895;22349;355.69;348.09
13851;11294;465;343
17579;1673;384.15;378.75
5646;5423;426.8;426.4
9046;20380;465;464.8
12105;6303;394.63;392.73
7528;6173;401;399.6
8971;6153;394;386.1
11422;2771;469.2;467.1
17874;12671;416.1;414.6
17437;1104;419.17;411.17
19346;12744;418.2;414.7
18959;10217;426.4;426.2
16635;15241;456.8;448
19440;12974;416.4;414.7
3862;20216;375.02;374.12
17126;278;413.3;411
17195;306;460.9;459.7
2185;11668;363.35;357.9
10285;9163;414.49;414.09
2359;5187;416.91;415.71
7593;3842;428.7;428.4
13364;8028;406.83;396.43
9710;2042;394;393.8
9902;17139;486.87;478.75
17102;5588;416.4;412.4
16015;13014;375.35;367.5
16552;15280;403.1;398.3
16525;15248;423.1;417.3
19630;14480;429;425
16658;10023;406;370
3038;4559;427.6;426.6
2185;11669;357.9;352.6
9357;19266;437.7;431.9
3151;17646;365.28;358.28
9664;19620;391.2;390.5
11327;17731;368.23;364.73
3629;21135;364.03;348.03
17730;6496;444.2;442.8
19325;12477;394.62;386.72
9313;3553;438.6;437.7
7108;8063;420.78;419.68
10849;6985;355.57;333.57
15499;7190;351;335
18730;8154;385.84;77.84
16899;9364;408.1;407.8
19223;11765;421.5;413.5
3998;2059;366.83;363.33
12952;14345;387;359
8812;16726;385.67;373.27
19535;14147;384.8;371.4
19331;12488;418.35;415.95
10360;3045;450;448.5
1679;5875;401.2;400.55
16736;783;439.9;439.8
18967;10252;375.17;373.27
5028;20906;388.15;370.65
11149;7584;396.5;367.95
11344;9520;424.65;416.65
19416;12888;406.84;406.64
17328;194;442.69;442.29
19249;12054;433.26;431.16
8225;20661;433.79;428.59
10585;5959;401.36;400.26
19389;12821;377.1;376.9
13131;11217;384;378.6
17285;218;374.1;363
11175;4917;427.6;420.4
5230;20948;401.2;381.7
18952;10196;423.29;422.99
9219;16537;387.4;385.4
15766;11521;417.4;414
5949;18806;367.67;361.17
4719;21020;367.5;363.5
8820;2841;425.85;402.8
14438;5685;417.5;416.5
16923;655;422;190
18856;9904;375.21;366.41
16706;15155;368.33;365.13
15273;6355;354;328
6619;9029;413.39;409.14
18774;9438;390.9;373.05
15899;4243;364;277
435;8779;418.75;379.15
549;17667;357.59;356.64
19626;14416;442;441.85
17748;6426;431.95;430.65
4645;19657;417.85;414.45
7373;16580;381.7;377.2
14453;13501;390.7;390
19057;10513;413.16;412.96
17428;1074;454.73;440.93
3010;18967;384.74;359.74
19763;14782;442.43;441.43
14573;2758;470.73;470.43
19558;14218;415.57;409.97
11328;5035;425;393
10478;7425;447.7;446.8
16826;11628;352.14;314.14
208;14465;326.68;308.48
17283;457;369.2;363.2
16449;15306;448;231
3996;17457;442.4;426.4
17822;6700;365.5;364.9
11831;17464;397.05;392.88
584;17517;344.02;325.02
1805;7619;370.42;351.02
14059;17039;398;322
1123;17467;424.52;423.04
5313;3081;433.39;432.69
19540;14162;422;419.6
2352;5759;418.7;417.5
17128;283;418.3;417.8
2620;15996;374.8;369.8
10044;18393;456.4;453.8
14432;9270;422.22;421.72
13804;17143;346.35;344.85
19288;12370;391;227
3541;1935;428.3;405.2
9059;11109;435.98;434.28
7658;7444;430.35;429.85
10669;3990;424.7;424.4
3225;20132;386.5;385.2
15304;20751;377.1;374.8
17454;1170;373.98;373.58
19749;14705;444.02;436.12
13832;11983;384;371
10448;18390;348.18;333.98
18849;9877;322;294
18903;10045;420.16;419.31
11414;5666;416;414.8
15206;11972;386.79;384.99
17111;348;447.1;444.8
15917;8194;423;421
6598;6042;411.17;405.07
7868;3807;434.45;434.05
12943;7325;387;375
19058;10523;412.25;412.05
3897;10927;448.15;447.35
17195;308;458.2;435.4
15637;1713;379.5;378
2161;3350;428;427.5
10181;17577;421.75;420.5
16877;856;423.36;421.76
14805;20887;345.96;343.16
19770;14823;453.93;443.43
15213;11954;382.98;382.78
17748;6427;430.65;428.1
6062;8921;411.5;410
7067;20234;355.72;342.72
3269;1907;415.5;415
15545;11510;380.23;379.83
19743;14684;395.9;394.8
3511;4682;428.15;425.65
15318;4831;427.4;420.1
759;19421;362.23;360.23
16060;15541;397;203
19243;11822;464.9;464.35
13415;21327;428.2;419.1
16909;648;423;233
11214;7563;349.3;347.3
14414;6253;393.32;392.22
17811;6665;418.6;353.6
19;14381;392.21;372.46
19160;10759;380.14;378.64
11529;9183;418.2;417.6
12942;7327;286;248
15470;18069;409;401
1687;5658;401.5;399.3
12442;6841;418.3;410.7
14059;17059;322;288
950;19306;409.62;400.52
15393;13146;385.23;364.83
7038;13823;379.16;377.26
8131;17810;391.5;390.6
16966;540;421;417
1540;17824;371.54;370.29
8465;13736;414.6;413.5
4336;10940;372.8;372.3
12970;2721;477;473
19698;14597;388.79;386.19
5959;4049;451.19;450.89
14047;2214;305;275
2163;3356;428.4;427.5
18940;10164;437.1;427.9
4048;17079;365.15;357.15
17582;1679;426.7;426
11415;5671;409;407.9
13076;2353;399.47;396.27
14355;17940;367;361
2021;4202;422.8;420.7
15867;7626;340;242
14244;8716;398.9;395.5
91;12556;368.2;366
12633;9667;394.64;366.64
1265;20550;364.21;360.91
13944;4529;427.51;427.11
12506;2653;377.13;374.18
10890;12109;376.27;370.37
8537;16744;375.2;371.2
16102;15490;372.08;371.18
4098;18408;384.95;373.95
6065;8929;419.44;419.04
33;14388;397.1;393.7
1984;5405;419.9;400.2
12161;21881;433.62;422.52
13948;4543;427.47;426.47
10010;3665;321.37;314.57
11348;22323;436.3;436.2
9743;21766;405.68;364.48
18725;11869;430.5;430.1
6234;16006;387.9;384.4
15637;1711;374.5;368.1
7964;3786;427.06;425.86
15957;15568;370;364
2131;17899;422.9;384.7
15345;3823;430;416
13895;4280;391;383
6954;19588;388.56;379.46
17839;6741;368.4;366.5
9144;20359;393.8;382.7
6462;9016;405.77;405.17
13025;16689;389;350
16648;15220;418;408
16899;9363;422.4;408.1
19770;14821;456.43;455.93
4255;20498;405.96;402.46
871;22354;367.8;363.8
116;8229;411.3;410.3
16975;497;455;453
9044;16646;468.7;466.8
8586;5267;419.15;414.15
18853;9891;377.93;376.33
3686;13825;382.91;376.66
17816;6681;374.11;372.11
12486;2469;427.8;419.5
14249;4390;416;415.1
19240;11813;463.4;458
2307;18762;429.07;421.97
16200;15456;438.49;438.39
12105;6304;392.73;389.73
7307;13777;418.72;410.12
11812;42;429;427
15490;11502;390;284
17448;1144;384.01;382.01
12677;29;419;418.4
19049;10485;414.7;412.2
5211;8425;395.24;390.04
19527;14131;378.95;376.1
14038;15058;409;273
2652;19460;401.06;391.31
2026;10896;388.29;384.79
2980;4594;427.78;427.38
7947;18710;380.01;365.91
9520;22271;408.02;405.72
16174;15424;418.4;412.7
17336;5450;418.17;415.57
18850;9883;386.41;385.26
17883;12634;396.8;366.8
8212;11093;413.91;413.01
7962;3767;429.1;428.1
10668;3984;426.2;425.9
18960;10221;426.27;425.6
16974;500;478;474
13782;16154;375;310
13366;18812;382.75;382
1118;8791;419.17;408.77
158;14455;375.02;372.92
8840;17700;445.16;442.16
13430;6302;391.7;389.9
12202;2793;416.42;410.12
7446;13767;413.3;408.7
18953;10200;421.19;420.39
11175;4916;428.9;427.6
13482;11263;512;495.6
957;18207;371.58;359.53
4219;8851;407.67;407.07
17710;6583;443.93;443.18
13213;12010;390.2;387.1
2341;8358;389.18;388.43
9738;3971;427.4;427
11156;6975;357.5;354.8
11283;7696;446.74;444.64
5858;18825;409.57;405.07
101;14428;367.2;366.2
988;21197;362.54;348.44
3955;5714;418.37;412.17
12410;2349;379.5;379
5597;8448;413.9;413.5
17105;5599;415.22;411.22
18925;10116;431.55;430.2
19703;14605;397.4;395.6
8819;19783;377.52;372.92
3925;20295;402;383.16
11156;6976;354.8;352
14048;7262;374;299
14152;18315;428;378
15448;18212;358;344
7392;5529;404.64;390.24
14662;5391;419.3;418.3
754;5208;416.46;414.96
14410;18221;468.1;458.9
18756;8537;387.9;387.4
17866;12688;385.46;383.56
16946;513;394.5;380.5
4805;7400;392.3;390.2
10547;7923;371.45;360.65
11285;5978;402.9;401
17568;1640;387.62;338.62
12231;3207;423.8;422.5
15563;16267;408.18;406.48
13878;11298;405;260
12564;11208;370.1;368.9
16567;9343;417.2;417.1
16630;15199;380.29;378.89
6210;8946;396.79;396.19
13492;16475;507.24;486.04
16596;10026;381.6;379.7
17934;11890;404.42;403.22
3509;3151;438.2;436.7
17510;1437;414.15;413.75
17514;1443;381.3;359.6
615;17516;376.6;372.1
11981;2314;382.73;381.03
155;14439;375.93;361.98
7989;19142;411.13;397.33
6758;8025;394.35;391.65
6857;13827;374.46;370.66
9526;13686;406.63;406.03
747;7472;369.37;361.62
4229;5119;416.96;416.71
14008;21092;266;228
3227;18924;386.4;385
7764;20981;416.2;414.7
5328;2169;388.5;387.7
17811;6663;420.6;419.6
19457;13042;408;388.3
2866;22042;389.07;381.12
5119;12356;387.87;387.62
2146;20102;376.17;356.12
19411;12875;477.75;476.45
14009;4312;356;320
8071;18015;352.82;342.12
19316;12451;428.55;424.65
2680;20901;390.15;382.55
5144;22148;401.1;367.4
7356;2024;354.41;350.61
8535;17507;370.4;366.4
14021;15876;427;387
16856;847;367;299
15936;13070;348.58;347.78
9389;5410;421.1;381.8
17585;1688;425.45;424.95
4970;20064;442.22;430.72
19240;11810;470;469.4
14659;5381;417.96;414.76
12621;21880;367.69;362.99
4758;9737;391.6;390.9
18785;11860;469.3;390.8
15000;18330;416;390
11149;7585;367.95;366.5
19395;12840;380.9;379.6
13962;8699;408.7;388.2
4785;13898;404.86;401.76
12370;2444;401.53;397.73
11125;3861;424.1;423.8
15769;11526;432.45;426.6
2979;4592;428.33;427.83
2420;21648;434.25;430.25
15636;1708;379.1;377.1
2554;21176;397.51;391.51
9068;17536;426.9;424.05
19013;10387;428.98;427.88
2001;5828;397.3;397.1
17208;5635;416.95;416.65
2637;4937;428.8;427.7
15480;17998;326;174
19770;14825;441.43;440.93
8582;2534;358;354.5
5956;13840;378.23;372.38
11418;5735;416.57;410.77
16583;15269;369.2;364.4
5120;12360;396.15;395.55
10905;16836;474.8;474.1
3510;4677;431.22;426.97
5164;20973;417.3;403.8
13906;16010;435.7;434.3
15072;13311;409.7;409.3
12539;19181;346.37;344.02
6863;4574;427.67;418.57
16212;7675;460.2;459
10945;7360;464.8;463.8
12609;8650;420.76;420.46
2031;8803;420.88;407.73
9229;12154;373.69;371.69
9953;8566;421.5;420.5
506;8234;409.95;408.05
19307;12435;428.85;425.2
2994;21994;431.37;427.72
1569;19352;370.47;368.97
10011;3671;318.6;308
11349;22322;419.93;417.23
19121;10671;384.55;383.7
2068;3303;428.2;427.8
15316;4824;428.6;427.8
15629;16174;360.9;352
19067;10562;425.95;424.7
4114;3539;428.4;427.7
16807;11674;408;356
8827;3123;435.15;433.55
13432;7315;387.96;385.2
3231;21790;404.92;399.12
3013;3605;389.82;381.82
1229;17448;359.7;352.5
3267;13428;412.9;410.9
1092;9620;419.83;418.63
11669;7893;369.6;358.1
15470;18070;401;253
19629;14479;413;252
6818;2527;400.97;396.87
6651;20192;420.16;417.96
5781;20495;428.3;415.4
16916;687;427;398
1682;6004;405.62;404.62
19209;11699;375;372.45
3008;3603;390.16;382.41
18845;9863;395.2;390.9
5030;21726;410;386.5
11295;22345;407.94;407.54
18831;9819;398.8;175.8
14038;15057;411;409
12777;2378;424.85;424.25
11730;11158;386.94;379.54
2482;20073;391.45;380.85
7058;5307;416.2;411
1683;5648;408.04;389.84
17191;298;451.8;432
2516;16523;444.1;433.3
6176;17913;356.2;355.9
3654;4041;458.45;457.25
16745;995;434.9;434
8384;19310;387.48;386.38
15248;12713;454;452
8826;3119;435.3;434.3
1535;19353;329.36;314.86
12706;5880;410.6;409.2
1443;17672;478.24;466.29
19422;12914;414.49;412.24
19130;10706;460.36;458.36
8649;4971;428.6;427.4
7909;19564;402.17;393.47
2494;4862;428.61;427.91
17463;1199;434;418
16988;6853;346.85;343.85
9931;8557;421;402.6
8648;4970;426.8;426
14111;13514;401.8;399.5
14110;13521;393.4;389.1
17053;5546;420.96;419.96
15128;5562;420.25;418.75
7639;18038;368.02;363.57
97;14419;376;371.25
15501;16109;397;155
9979;21227;451.7;449
1290;15816;375;365.8
17306;533;351.85;350.95
19663;14551;378;377.5
12348;9605;418.7;418.1
16625;15203;383.95;382.85
6289;20296;358.82;355.62
18938;10160;424.5;423
15550;7793;423.53;423.23
16372;6855;405.4;404.8
3025;17247;391.25;366.65
16372;6857;403.5;391.6
17296;390;366.96;362.96
8531;3719;426.9;425
2569;22082;393.54;392.54
2332;20075;358.56;356.36
13365;8020;406.87;397.22
363;22080;347.35;339.4
610;22031;370.05;362.1
5318;2716;491;487.8
10694;6092;404.85;402.95
10575;16599;400.58;397.78
18710;14233;384.03;382.03
8388;9104;403.9;403
15705;13097;366.17;365.77
14111;13511;394.9;390.4
7599;5057;0;420.2
19378;12797;402.4;401.9
19747;14696;396.46;393.86
8867;6189;401.2;400.4
7293;7381;383.4;382.3
1723;12207;357.4;351.8
17542;1547;353.66;350.76
17285;217;375.8;374.1
15253;738;357;309
19280;12284;414.59;406.29
18937;10157;431.4;421.6
5591;7978;417.3;416.6
14039;12734;329;229
14004;16803;309;241
11764;17478;367.06;359.06
13602;17765;460.8;459
19105;10611;391.59;389.99
13084;8084;420.91;413.11
19455;13035;414.9;411.9
19481;13922;430.7;428.4
15954;2455;429.11;428.11
13417;3441;450.25;450
362;17900;355.4;346.05
10406;8590;421.2;420.8
12241;3180;425.1;423.4
4008;17596;442.05;431.35
4595;17855;394.35;392.4
5209;8423;406.76;398.06
15278;5059;425;359
8639;5214;418.81;416.81
15812;16398;431;383
8368;12366;376.81;375.21
13136;2295;375.44;374.44
14690;13484;359.05;342.75
14300;9251;405.6;398.6
10302;5034;416.96;414.51
19557;14214;417.79;411.14
17208;5636;416.65;415.65
19103;10605;398.57;394.72
15221;902;328.7;326.3
19494;13957;401.1;397.6
19416;12889;406.64;394.84
3008;3601;382.4;364.71
9441;7538;378.2;357.15
7612;11072;390.6;389.2
5142;18599;416.7;406.9
12912;6263;399.38;397.73
17576;1666;417.8;413
530;13982;371.02;367.55
18750;8278;413.5;377.5
10684;19343;417.06;414.76
17340;5458;419.66;419.06
16272;7782;396.11;392.01
15215;11948;382.62;368.97
15864;730;412;409
17883;12633;404.8;396.8
17534;1507;450.83;447.63
2376;19892;392.17;386.17
12612;8660;420.43;419.93
19332;12490;420.75;418.55
11997;4875;428.9;425.7
17730;6494;458.3;456.2
15706;13092;370.4;367.4
17865;12685;387.68;379.48
17128;286;410.3;408.3
3547;10921;418.32;412.72
9051;18631;407.3;405.1
17066;4169;427.5;423.45
2435;6768;337.5;298.5
8069;14224;386.35;368.65
15288;20871;349;317
16986;6809;350.1;349.4
16986;6812;347.1;346.6
14212;7291;376.5;365.3
14102;18334;406;399.8
1393;4102;427.66;427.26
15438;5095;412;326
4904;3954;425;424.4
2186;11653;371.85;367.75
68;19948;362.78;330.58
14353;17964;437;229
17553;1602;414.55;403.55
2618;19105;389.6;376.9
2716;4020;472.8;465.8
15212;11958;382.77;369.97
7180;14327;440;424
10246;9741;386.4;386.3
11149;7588;402.6;396.5
4900;20410;402.7;399.5
1903;20119;368.32;363.47
19349;12747;421.5;417.8
941;7895;338.84;322.44
12947;18230;378;360
9121;13713;410;409.7
16866;709;353.85;350.95
1825;7548;429.13;415.13
5825;2506;391.8;353.8
3499;16994;404.44;395.44
15442;18260;351;329
19362;12770;442.42;441.92
16457;15296;409;401
9838;20627;490.54;488.29
19126;10692;385.8;375.7
15949;15571;392.05;390.25
10160;9162;421.15;387.15
13531;11265;307.8;307
2162;3354;427.4;425.1
18841;9849;416.97;416.37
2532;19749;374.3;371.7
17129;289;417.4;408.6
17109;354;389.7;370
2390;4483;415.27;414.87
17708;6598;424.3;423.1
16965;621;407;395
19646;14528;379.1;372.1
18968;10253;380.32;380.07
12826;6160;403.7;403.3
12517;21594;418.05;410.25
18754;8526;386;338
16795;12707;394;379
8867;6186;402;401.7
12937;12051;385.97;384.07
15602;9294;402.04;397.44
16892;897;400.9;396.7
16105;8767;398.24;395.64
2914;4357;417.38;414.98
17103;5590;419.25;418.25
13491;17118;507.6;486.4
15050;18493;340;195
17692;6641;358.08;355.38
829;10852;493.15;486.15
19739;14668;407;402.6
15469;13291;402;400
1492;22069;426.6;419.3
14660;5383;422.35;421.65
6370;16003;357.8;353.5
8263;19506;441.09;439.19
3884;20300;432.84;425.24
8056;5422;426.4;423.1
19057;10515;412.46;411.26
8710;3711;428.14;427.54
2315;17866;418.65;414.65
13815;3343;427.54;427.14
16456;15297;411.26;401.26
19285;12288;405.27;403.77
14837;8964;406.97;405.67
101;14429;366.2;364.4
361;17297;346.2;340.45
15294;4238;420;358
12162;19229;431.46;420.96
16985;6868;344.83;343.83
4458;3515;449.4;449.2
12236;3192;428.6;427.8
9870;19561;370.68;369.58
12937;12049;373.27;366.37
2413;22158;407.95;393.8
4443;20433;451.9;450
17076;5140;422.25;422
10546;7852;400.05;398.05
17472;1248;411;397
17692;6637;414.58;398.58
9132;4165;423.6;423.2
11178;9669;378.05;339.05
2859;7005;319.8;317.7
10435;19713;355.6;349.25
18844;9860;395.7;391.9
5961;4055;451.98;450.08
16422;7771;459.9;459.4
9391;2871;368.94;365.64
19211;11703;380;376.4
15238;762;413;283
8178;11092;441.6;438.35
19558;14216;418.97;418.37
19291;12382;437.8;436.1
4733;7770;474.4;473.4
7994;18709;410.95;407.05
17326;185;441.82;441.62
1391;4095;427.36;426.46
5954;8913;416.1;395.4
1349;15744;357.9;350.9
7066;18655;354.3;343.9
6760;8474;402.63;400.78
17108;353;381.8;375.5
6041;11021;381.39;380.69
19116;10644;421;419
5210;8863;405.26;395.36
17433;1096;402.15;398.8
1512;9607;413.08;404.58
12789;9213;418.15;408.8
11326;11155;368.25;364.85
3038;4562;424.1;416.1
6398;3496;440.21;439.21
815;19446;362.6;361.5
5345;13878;458.88;453.08
11569;2110;420.1;419.5
7052;17152;387.04;375.24
3628;7520;358.24;357.84
10096;3679;352.08;345.78
14707;13474;395.6;364.6
18788;9470;379.45;374.15
3534;20236;361.16;355.46
11694;2332;377.82;376.72
17127;281;413.6;410.6
18979;10293;378.9;374.7
19527;14128;380.4;380.25
2060;7012;319.3;313.1
9642;19079;333.5;260.5
8825;2825;404.82;398.87
6253;21707;407.34;404.19
10597;20932;434.04;319.04
13357;13553;412;409
10915;5364;422.27;420.17
7899;17728;450.35;444.75
5223;5132;410.33;409.13
19153;10738;399.03;395.83
15550;7792;425.98;423.53
1582;20222;410.87;409.57
2006;5791;410.6;408.1
15478;7197;394;370
17547;1573;384.85;380.55
2618;19086;399.4;389.6
2173;13391;379.66;378.31
16814;202;372;262
6464;13831;361.19;355.99
3483;13541;409.5;406.7
16420;7134;455.5;448.4
17886;12589;426.21;422.71
8639;5215;416.81;410.81
17563;1624;449.74;430.64
19528;14133;385.25;384.75
9928;2678;360.9;346.9
2380;15746;390.68;386.18
9074;21684;350.62;349.12
11671;7862;340.05;338.5
14494;6240;402.11;401.86
604;18823;425.03;415.13
3006;18969;392.75;368.8
291;17741;378.4;332.4
17540;1532;419.55;418.65
1336;1330;381.45;377.65
17117;321;430.3;427.8
12148;21893;344.8;341.8
16887;873;408;407.1
4646;17377;420.75;416.45
13088;12023;384.6;382.6
2134;22259;459.6;390
19176;10807;431.69;427.54
6045;11023;380.96;380.06
17542;1543;385.26;380.26
14494;6241;401.86;401.31
16807;11673;412;408
272;19138;347.6;343.58
892;19829;355.06;346.1
18769;9429;448;408
19425;12925;415.4;411.8
1041;21319;350.8;332
19406;12864;429;427.8
17691;6631;415.47;414.77
18737;8298;411;142
824;21858;362.3;360.4
10030;12131;352.6;350.7
2391;4486;426.13;417.73
2832;22234;450.3;443.61
19445;12988;420.5;418.4
8213;11094;413.46;410.06
1511;9613;419.04;415.64
19269;12251;393;379
11318;9588;409.36;401.96
18881;9967;375.46;375.16
4735;7452;469.4;468.2
2744;12219;393.68;389.83
13489;17547;475.7;473.7
2989;19207;418.38;417.38
19257;12069;437.13;436.33
3951;19237;373.57;371.37
9789;11129;377.05;373.85
16026;3431;461.75;459.05
6620;9033;414.83;410.33
6994;8008;413.54;413.24
19329;12484;416.4;414.5
864;20439;370;366.5
40;14407;398;396.55
1711;19940;347.41;343.41
14588;7287;439.63;439.43
16515;4612;427.5;427
3630;16972;345.73;338.93
15202;19931;382.79;378.79
741;8241;404.44;395.04
19648;14532;379.2;379.05
7020;17171;397;391.2
15675;16101;424.2;421.7
2163;3355;428.8;428.4
17581;1677;381.17;375.87
18948;10184;428.81;428.56
14241;8705;401.5;396.9
1117;8789;418.04;397.29
17819;6688;369.5;365.4
12786;5159;418.24;415.94
9226;12171;366.38;360.68
15159;21357;435.95;429.65
5489;13003;515.3;507.45
14950;12560;412.6;412.4
12787;9208;419.15;417
16437;14374;348;152
19337;12700;428.8;426.8
13853;12724;360;226
9928;2682;370.7;360.9
17844;6756;373.5;373.1
8707;5234;413.3;412.3
13498;4745;513.5;500.4
14487;16494;400.34;399.04
3552;20580;420.88;417.08
17720;6545;433.35;432.95
12231;3206;427.9;423.8
15760;13075;372;370.6
7959;3781;427.73;427.33
15734;11936;383;371.4
3339;20146;372.03;368.43
2018;4210;417.5;415.7
18;14378;370;368.5
11213;4086;357.7;356.9
14661;5388;418.25;417.5
19336;12507;457.07;456.57
13414;21328;427.3;420.6
6008;11008;369.48;368.08
7740;11078;368.95;366.05
15306;20748;374.1;363.2
12144;11183;337.03;334.83
19559;14219;418.45;417.95
3126;19206;409.85;409.45
19395;12838;386.6;383.1
18966;10246;378.13;375.43
534;8076;388.35;383.75
8261;17028;441.88;438.58
15607;13130;385.26;383.56
11415;5670;410.7;409
18992;10329;464.8;454.2
17837;6734;369.1;367.6
9487;5986;405.7;404.2
5600;8456;411.2;408.8
19524;14123;381.55;381.4
3036;4549;427.9;427.4
19241;11814;469.65;469.2
2804;4809;428.72;427.37
6473;20688;365.78;350.68
350;22325;353.15;344.45
11017;13624;423.8;423.3
4535;8405;422.3;421.4
17449;1148;381.35;378.05
5977;20431;479.15;479
18963;10235;406.78;389.78
19091;10567;432.45;413.35
9146;21277;397.75;383.65
10894;7874;369.7;368
7959;3783;427.03;425.93
16820;10009;408;392
10121;11749;366.5;362.4
552;14003;368.5;360.65
17444;1128;383.26;377.21
7744;17176;368.33;364.23
7449;18712;418.75;411.65
9327;3520;454;451.6
4550;8413;420.44;420.14
13211;12012;379.2;371.1
2446;17693;343.5;340.7
15782;11547;420.77;416.97
8814;16656;382.2;380.9
8584;2545;398.8;394.8
19771;14826;457.03;456.03
1576;1347;385.15;384.7
679;14044;376.9;373.35
16690;7947;421;387
16345;5161;420.5;417.8
12233;3210;425.9;425.4
3275;3148;438.2;437.2
16937;587;411;371
16710;13257;414.35;413.9
17582;1680;426;411
11668;7888;367.5;360.7
15395;5217;416.95;402.35
12222;19250;381.25;374.25
14926;4707;419.58;395.18
13213;12009;385.6;371.2
10959;2310;387.85;386.05
19780;14849;407.19;373.19
46;21566;378.5;377.2
1578;1355;385.45;385.05
5314;3078;434.24;433.74
12093;6236;395.6;390
19342;12525;386;372
3940;10928;442.2;439.7
11694;2334;375.42;369.02
1937;3703;428.2;426
1392;4101;423.05;419.55
18790;9476;373.3;366.3
2112;1835;389.84;384.04
13956;11981;328.72;307.92
6796;20655;393.09;390.5
9244;7368;393;391.3
15444;7644;410;388
15029;7243;338;256
295;1278;459.9;389.9
19659;14546;375.42;369.62
16950;595;482;480
502;4275;419.1;418
19242;11819;467.25;455.05
246;15939;338.25;335
19779;14846;409.05;406.05
14264;18179;384.03;379.83
985;19467;407.9;402.4
17115;337;353.1;348
10737;6126;403.2;402.5
15047;13205;302;220
14856;4188;426.74;426.44
6862;4572;428.16;419.06
11187;21517;339.61;337.61
16988;6852;347.05;346.85
18838;9840;428.2;424.8
19519;14111;383.4;383.2
12252;3267;425.2;421.5
19413;12882;481.26;481.06
7869;3819;432.92;432.52
3916;9629;393.7;385.45
1773;8267;419.3;419
4536;8409;421.5;418.1
9956;4179;425.1;424.8
12127;17557;408.2;395.5
9161;12173;386.36;384.86
17437;1103;421.17;419.17
2458;22184;478.04;473.94
44;14410;379.05;360.75
12013;11162;442.63;438.03
12520;2564;388.6;354.7
12241;3178;429;427.7
15741;13084;376.3;365.3
6535;18990;423.98;414.4
12240;3185;429;428.2
11322;7354;392.55;389.85
12793;22131;412.02;409.02
12506;2652;381.38;377.13
12480;5006;426.4;425.9
7548;14332;419.52;414.42
10764;3683;373.18;368.08
2710;1855;409.7;408.5
5712;17032;435;431
15130;21385;379.1;375.8
16299;13278;403.87;402.67
1724;1813;380.1;364.8
17325;182;438.46;437.36
12093;6235;396;395.6
5936;2800;373.11;365.11
4549;8410;417.53;416.83
18911;10089;473.91;473.61
1393;4105;421.06;417.66
18869;9939;377.29;376.04
16615;939;397.7;389.9
14739;21307;374.5;373
5705;7957;412.1;391.6
3088;19812;453.11;449.11
14323;9652;381.81;372.21
8626;9665;376.3;371.2
1777;15718;392.88;391.88
65;13961;370.7;359.6
10096;3682;377.48;374.98
15592;9283;421.3;416.8
19035;10472;432.2;424.6
9012;18952;345.15;340.25
17461;6389;431;429
19217;11719;392.8;392.45
12604;8633;417.85;415.35
18846;9864;395.1;394.8
442;1797;366.5;360.3
18969;10259;376.13;373.98
2009;4289;412.1;411.25
16478;15263;400.85;392.8
2011;4214;412.9;410.4
17577;1667;420;419.8
19451;13015;401.11;400.41
18856;9903;376.71;375.21
16941;618;422;412
3780;1997;371.95;370.45
17487;1366;478.2;476.8
3046;5727;418.56;409.06
10237;19641;371.3;360.2
7933;11085;374.74;373.54
14803;20910;370.78;346.28
6758;8022;391.65;390.05
16739;801;429.1;420.1
1279;10865;366.29;364.04
6227;3380;455.29;452.09
3619;18972;311.9;306.94
7417;18061;404;403.5
256;19140;335.25;333.65
15222;898;333.2;331.75
5416;13854;420.19;416.19
3036;4552;426.4;424.8
15144;661;353;186
17725;6514;458.07;449.67
1285;16141;448.58;429.48
16849;199;445;201
19031;10455;438.3;432
10689;19342;384;380.2
2859;7006;424.2;319.8
15845;5439;399;363
11815;19870;390.34;375.64
7182;13796;427.3;424.3
2251;8340;389.84;380.74
15448;18213;338;245
19233;11791;421;411
17134;6019;402.57;401.77
19414;12887;479.81;470.41
17326;189;437.32;433.82
3205;7513;352.65;352.15
12638;13580;419.77;418.07
11157;7359;396.2;388.8
671;17698;366.9;364.2
1231;21085;365.98;357.88
684;14064;369.87;369.02
12953;20420;388;344
13085;12036;419.3;418.3
2654;21533;394.02;387.42
6795;20665;391;389.65
10899;19070;475.7;474.4
19771;14827;456.03;454.53
19097;10583;433;432.6
17443;1124;380.17;377.03
14001;15849;399.33;379.33
10586;5962;403.49;403.09
4093;5904;401.5;401
6270;19609;394;392.8
12643;4941;428.2;427.15
13913;3905;377.3;367
19732;14653;416;414.2
19013;10386;429.08;428.98
9201;20081;373.1;372.6
1768;8258;407.87;403.37
16340;11906;373.08;342.38
10674;5045;424.2;423.9
13126;21896;352.39;345.59
17504;1414;391.3;379.2
3433;19682;448.65;447.9
11823;13614;408.04;399.84
9329;3524;453.3;448.8
18721;7338;393.93;391.83
15914;7046;378.3;271.3
14384;9258;416.7;415.9
2622;3590;400.2;369
16596;10025;376.5;373.6
3963;10933;383.79;377.49
3171;20324;451.35;446.35
14213;7290;374.4;364.3
11823;13615;399.84;396.64
8473;17723;442.58;440.58
9789;11127;389.85;377.05
16743;1000;430.5;429.5
17456;1179;377.18;373.33
19318;12461;451;441
8485;4438;451.15;448.05
13696;19029;407.35;406.25
15368;8995;409.2;402
3769;14274;376.1;370
1779;2000;416.14;412.84
15165;21335;376.5;373.1
4750;2990;455.8;455.2
14384;9260;412.5;405
8615;21069;385.6;372.2
12912;6264;397.73;396.38
19758;14752;454.55;440.45
14744;21637;396.6;392.4
17842;6748;372.3;370.9
872;14099;367.1;361.1
3677;12314;418.62;416.52
1230;15764;359.57;351.57
6237;19188;376;375.2
7530;5250;413.83;411.03
8387;17993;445.2;443.6
15364;8978;405.27;400.17
17545;1565;348.16;345.26
13328;16390;376.9;373.6
6398;3493;438.21;437.31
17431;1085;377.08;376.08
10089;7084;356.6;353
9655;20325;404.31;401.61
17692;6640;358.88;358.08
19735;14659;416.1;414.7
1224;19280;358.2;352.2
3565;4675;432.1;430.8
14879;21289;395.75;393.9
3734;17887;422.32;417.82
1753;21427;360.25;359.05
3021;6777;387.05;360.54
15452;7215;344;290
9216;21144;381.6;379.5
12519;9196;422;421.1
11562;11763;415.15;411.2
16367;9330;401.66;401.01
19707;14612;402.8;402.3
15856;11560;420;380
2166;3364;429.8;429.3
14583;21235;379.82;379.42
17520;1458;435.3;431.8
3557;4337;420.64;419.14
3271;12295;396.1;350.6
17711;6556;413;412.2
17722;6534;416.3;415.6
7358;18604;361.56;360.26
249;21876;347.3;342.4
17485;1308;438.65;434.85
10740;13635;449.63;449.03
5330;21598;389;387.3
9739;3976;429.8;428.5
2566;5749;419.36;417.76
14616;11431;392;268
11026;8599;420.1;420
5400;9747;404.79;401.14
7371;16609;382.9;375.6
8355;17816;423.1;416.4
17065;5312;422.65;421.45
10741;12407;452.7;446.9
17845;6764;366.5;363.6
2142;15911;438.1;425.95
11718;2459;431;429.4
18857;9905;377.81;376.61
19230;11786;345;142
13399;11222;373.7;372.7
15656;9305;401.34;397.04
1435;22164;333.85;322.54
14364;11425;412;277
10010;3667;371.07;369.37
16182;7142;399.24;396.94
11038;13622;425.6;425.3
8369;12188;376.8;374.8
3677;12312;406.92;403.92
3038;4560;426.6;425.4
15912;15625;380;350
19301;12419;348.32;347.82
7525;3826;428.3;427.9
996;17324;392.09;386.29
2083;9664;382.72;370.52
12230;3201;427.4;426.8
12448;11197;423.64;421.74
16712;13245;413.2;405.5
13130;11214;382.4;380.4
4569;20620;404.36;398.16
35;14398;394.1;393.5
11502;20927;362.15;360.75
8482;4426;454.4;453.9
3012;21438;383.75;357.55
6079;19476;369.85;364.65
13494;4763;397;395.3
19125;10686;385.6;385.3
12519;9197;420.7;411
5277;3626;373.4;369.85
2362;3692;427.9;427.45
9852;20336;416.8;416.4
19594;14250;424.92;424.52
4600;2502;390.1;359
8507;18741;406.8;404.8
14046;17132;400;374
9167;9137;422.5;422.3
893;22160;357.4;344.1
13859;4234;354.2;242.2
9817;19759;485.9;473.5
17503;1411;421.41;418.91
17507;1423;416.2;414.1
17510;1435;417.95;416.85
1418;12205;382.29;381.79
1611;8255;419.58;419.08
5600;8455;414.3;411.2
14181;11404;375.72;373.57
11153;9776;384.8;366.8
8624;13729;386.75;386.25
369;16887;359.07;358.37
6271;21552;385.2;381.8
4448;17567;422.35;411.65
7447;13764;426.65;426.25
9556;5626;415.7;409.3
9226;12167;360.68;358.08
397;22108;411.51;400.21
17722;6535;415.6;410.8
1439;20548;341.65;332.5
19292;12384;442.5;442.25
19006;10362;399.1;394.2
15518;7186;369.8;111.8
13839;7298;479.5;469
14408;8949;379.76;376.66
1140;17634;373.1;363.56
10023;7428;446.13;443.33
4605;21746;358.1;357.7
1110;13356;409.4;408.95
11717;2709;435.85;431.15
17893;12565;377.81;371.31
7599;5054;422.4;0
4380;21768;397.22;390.52
17543;1548;385.72;385.22
10672;3998;426.1;425.8
3768;5553;416.95;396.15
366;17304;354.35;347
11767;2245;380.02;377.02
19063;10547;418;413.2
6785;8479;421.64;421.09
11863;13604;419.88;419.58
11476;2254;378.65;374.35
15874;7156;412;376
8611;2261;375.79;375.09
5209;8420;395.66;388.06
15280;7229;236;211
17102;5586;419.8;419.2
1441;1335;414.75;377.35
405;16528;419.4;404.15
17305;529;351.95;351.05
19430;12950;417.8;416.5
15804;7786;391.6;386.4
15710;16429;411;299
16253;11914;402.3;401.5
16928;330;459.38;439.38
4401;5703;420.65;419.65
17345;71;384.46;384.11
19292;12383;442.6;442.5
12234;3215;427.7;424.1
15846;6365;421;399
12115;9021;393.12;386.92
7866;3853;426.3;423.5
19719;14632;376.15;374.85
13418;3438;456.75;451
15830;16324;351;323
17446;1138;378.15;374.05
3936;7824;383.46;381.36
13793;7301;459;346
6460;8468;409.62;409.22
14839;8974;403.06;381.96
9161;12174;384.86;384.26
1568;17280;371.75;370.05
157;14447;377.33;376.33
290;15915;335;334.1
2113;19922;377.03;359.23
1758;17041;389.39;369.49
15272;7234;444;428
7607;19145;380.63;380.13
19116;10647;385;111
15638;1719;379.6;378.2
7391;5526;408.9;390.1
15901;3736;428.5;415
11051;3132;438;437.8
1370;15742;384.23;383.83
3270;8070;415.8;415
4109;17435;369.58;367.88
17192;300;459;436.2
17444;1129;377.21;375.31
5753;7966;417.12;396.37
12240;3187;427.8;422.1
4348;13902;411.62;392.12
12092;6232;404.3;403.5
10547;7921;374.55;372.75
9413;13689;398.55;396.55
12442;6838;429;420.7
16564;9338;416;399.2
10845;17715;420.8;419.6
2414;10901;405.05;383.85
11284;5974;402.5;400.9
2159;6035;419.97;419.22
15636;1707;379.9;379.1
9702;3411;460;457.1
19748;14700;446.53;442.23
16900;9367;421.88;412.78
3484;4023;400;398
538;4416;406.88;406.28
19554;14203;469.7;468.55
601;19822;424.65;409.1
14991;13449;425.4;424
4359;5701;419.85;417.5
2072;3319;430.5;429.6
6060;8916;409.3;406.7
16730;2210;340;292
8456;4242;420.9;420.1
17733;6485;404.89;403.89
13200;13556;398;376
1868;10883;371.75;368.75
3998;2065;370.63;366.83
2108;19114;366.7;355
19295;12388;366.46;363.41
742;8244;404.32;402.12
19019;10413;382.1;381.2
957;18208;359.53;356.78
789;19831;430.4;427.1
1377;13376;389.36;387.36
14066;11394;388;306
3151;17627;403.18;373.13
6864;4576;429.31;426.41
10497;22167;430.14;429.14
5220;5122;414.64;412.94
19480;13918;434.7;433.51
7307;13778;410.12;408.22
1863;3467;472.5;471.7
11417;5677;414.9;414.5
13441;7310;409.3;409.1
955;20349;372.1;362.8
1654;19798;362.6;355.7
17516;1446;440.5;439.6
250;21519;337.6;330
3609;1952;391.4;331.4
12410;2348;376.4;364.5
12837;5287;418.45;413.25
11866;3529;435.45;432.4
15929;11588;343.2;201.2
5542;3628;378.56;374.36
19758;14753;440.55;435.55
16913;679;392;190
16299;13277;382.87;381.87
6818;2526;402.07;400.97
539;4419;406.62;396.47
8811;20999;406.96;380.46
15844;7158;270;254
100;14424;369.6;367.05
12251;3262;429.2;428.5
1303;3766;426.5;412.5
14710;4423;409.24;408.84
19390;12826;374.3;372.6
15218;11938;385.64;363.54
15044;18398;384;224
669;19090;367.9;364.75
7960;3775;427.53;427.23
5333;10980;395;393.35
3385;14273;415.6;397.6
10525;4929;429.36;428.86
15473;5429;424;366
19092;10571;411.46;403.46
13723;21849;358.11;355.01
17433;1095;409.8;405.15
19747;14695;397.26;396.46
7530;5251;411.03;410.73
12518;6350;422.6;421.6
3936;7825;381.36;376.76
15344;7071;373.61;372.11
7607;19146;381.63;380.63
3769;14277;420.2;395.5
15800;11554;415;385
538;4417;406.28;391.73
12412;2304;336.42;332.42
247;16686;349.6;342.9
9390;3107;435.98;433.08
15132;21384;403.8;398.85
4196;21644;360.18;357.23
15037;13212;410;370
1399;19961;364.3;363.35
17716;6549;411.3;407.9
9167;9139;420.4;410.5
10573;17676;415.33;413.73
798;2201;405.15;403.8
2329;8807;411.52;411.32
19280;12271;415.09;414.59
555;14010;372.7;370.3
1805;7616;375.62;375.02
15268;741;432;231
7365;19165;388;379.77
19290;12377;372.5;360.8
17829;6717;373;370.8
10814;22321;457.6;457.2
11403;5852;403.72;403.42
16015;13054;382.6;382.2
18890;9992;423.4;417.2
5935;2801;374.55;372.95
7704;18964;367.43;357.33
16697;13259;449;418
3784;2019;372.6;296.5
1790;8316;395.82;392.92
18982;10302;386.6;386.2
15440;7221;387;253
12824;17417;389.8;389.5
15503;6121;349;263
12095;2949;390.5;389.9
3547;10920;422.32;418.32
10246;9744;372.9;357.3
5163;18522;412.6;402.9
356;2119;347.15;337.45
16193;5609;415.8;405
19206;11689;360.2;308.2
19679;14570;388.6;387
7038;13822;385.16;379.16
17013;5347;422.1;421.9
16741;818;438.15;433.65
12091;5849;395.6;392
1712;20532;347.89;342.79
6061;8920;414.1;402
3953;5732;418.67;416.07
12635;9655;393.08;369.48
7100;8506;420.68;417.18
4861;5970;402.5;402.4
12843;6279;391.7;390.9
12563;3544;429.11;428.51
17505;1417;390;380.6
13320;6786;383.65;368.85
12480;5012;416.7;412.4
17585;1687;425.95;425.45
2565;13423;389.74;389.44
17281;223;348;338
12484;17554;379.55;374.65
19175;10800;413.7;413.5
14537;16443;398.65;393.55
19175;10802;412.4;404.7
16295;15410;397;395.2
15589;9279;423.1;422.2
3114;8820;420.46;419.56
15854;990;332;232
9358;21123;443.85;434.75
19769;14819;451.87;446.87
11286;5979;405.3;404
16354;15337;368.35;365.35
19279;12268;415.38;414.88
3911;19417;442.35;426.1
15919;4119;348;173
17841;6744;373.5;370.8
19546;14176;466.15;465.75
18965;10242;403.41;389.91
7332;22210;370.3;362.3
14033;11382;360;356
16644;11760;402;386
10498;21564;431.41;430.61
19289;12371;375.5;374
16640;7780;463;453
12464;17571;334.65;333.55
231;17046;346.5;342.65
943;11663;314.92;303.52
6633;18885;394;393.7
298;13967;374.86;344.06
20;14383;377.1;362.7
15717;13090;372;210
9976;19559;464.3;463
9129;6211;407.2;406.7
3017;17610;389.2;372.2
17188;448;376.05;373.95
2230;4838;429.8;429
8165;3737;390;308
19646;14526;385.2;382.6
10346;3964;426.4;424.4
5148;11658;352.9;337.5
45;10824;372.8;371.55
19260;12076;436.44;433.54
10981;18050;306.34;306.34
16063;3793;425;313
8457;6006;404.5;404.2
1396;16547;363;360.8
14452;13504;402.8;389.1
3565;4673;433;432.7
6469;7386;474.1;470.6
687;14070;381.25;378.35
10914;5357;421.33;417.23
10030;12129;378.4;374.4
5210;8861;405.86;405.56
158;14454;377.07;375.02
12215;7797;444.2;443.6
11344;9519;425.8;424.65
3336;17281;388.62;375.62
15851;16182;363.3;362.3
353;22304;344.2;341.45
5342;13885;436.15;433.15
13357;14861;412;411.5
6042;16801;381.57;380.17
14839;8971;381.96;374.66
19191;11340;448.8;448.5
11569;2111;419.5;412.2
2186;11652;372.65;371.85
12771;2368;386.35;385.5
5209;8421;408.06;407.26
1538;20985;320;285.31
8369;12186;381.6;380.8
17544;1558;353.85;352.45
4948;4354;422.8;422
15364;8975;414.17;413.97
17865;12686;379.48;363.28
609;15910;370.8;363.85
16869;5236;411.59;409.19
18919;10106;375.67;371.97
2103;16617;369.98;363.03
13937;8693;423.1;422.7
1296;17645;408.35;368.1
15785;16122;423.8;418.85
15837;7164;436;212
19441;12978;417.51;408.71
12354;20292;369.08;361.28
1863;3466;472.6;472.5
19682;14575;38;37.6
19676;14565;389;387
15344;7069;402.31;401.81
16710;13255;405.3;404.6
5517;18934;402.94;394.64
2906;8362;413.1;409.1
45;10823;376.9;372.8
17466;1213;371.3;329.3
12202;2791;441.02;440.72
3687;21605;375.59;372.34
12674;21;411.7;402.5
17134;6020;401.77;401.52
19211;11704;376.4;374.5
15450;832;392;307
890;7558;342.35;330.8
8391;16558;404.7;392.26
3250;8822;421.49;419.94
15771;11534;442.9;428.9
9963;19553;387.1;386
15038;4909;384;370
10840;2996;457;455.8
6603;6053;407.05;405.75
1726;18783;438.18;429.58
7864;4300;421.63;420.23
17297;381;369.46;367.06
14453;13500;402.8;390.7
15828;7170;329;247
17708;6601;413.2;412.3
1289;3584;392.69;370.57
17549;1584;385.6;384.55
3054;8384;421.77;407.77
14077;2497;349.48;347.78
4387;18386;446.78;443.63
19553;14201;467.45;464.05
2073;3320;432.6;430.7
19250;12055;433.96;432.06
13859;4235;422.2;354.2
12467;20308;335.6;333.11
8232;11743;352.3;349.5
12940;22047;380;272
7307;13775;408.22;404.52
3744;17020;416.61;412.61
4108;8843;419.55;410.95
8392;19043;402.14;393.24
14930;4719;409.05;400.05
6989;18487;413.5;405.2
16265;15377;352.85;351.35
14017;7545;368.2;363.6
8631;8547;420.63;406.23
5754;7970;413.31;412.56
790;22006;428.3;424.9
19390;12824;376.3;376
534;8075;390.55;388.35
555;14009;368.55;363.95
6991;19232;412.2;403.8
8636;9128;422.12;421.32
10787;22001;396.07;392.57
19725;14642;415.56;411.66
9772;14336;385.64;383.14
2429;18171;395.1;394.5
15294;4237;422;420
13803;17145;372.56;363.06
19158;11856;381.14;380.94
8916;2777;473.2;472.9
7868;3809;433.95;431.45
12971;16022;373;323
1684;5650;410.76;401.96
15244;11460;376;300
10887;12120;381.42;378.62
19050;10491;412.1;411.6
19036;10476;431.9;424.9
1313;5753;417.79;416.69
3541;1933;374;329.5
2719;10909;388.59;383.09
749;5198;415.52;404.62
4107;8839;419.3;419
19219;11725;382.47;380.87
19414;12886;480.71;479.81
3731;15772;411.68;409.78
15504;16087;313;235
19389;12822;376.9;374.6
5259;8882;419.13;418.53
13788;7307;413;327
19611;14304;387.25;370.25
19734;14657;415.5;406.5
13464;11235;457;422.5
7939;5338;421.51;419.41
12267;3890;364.15;362.3
4481;17573;391.7;381.7
18730;8158;-12.66;-39.16
6461;9011;407.59;407.39
15045;4655;449;447
19436;12963;404.35;403.7
6456;19218;421.7;415.2
8969;6144;398.7;397
17008;481;395;269
16745;996;434;429
6719;18866;426.3;420.2
130;14432;358.53;348.73
9228;12159;400.84;400.34
17444;1130;375.31;374.61
6388;16692;378.3;377.6
9168;9141;422.4;421.8
1169;17274;322.07;314.87
18748;8276;421;351
17176;437;367.5;364.9
2641;15976;411.8;405.26
6095;11025;383.96;375.36
19034;10466;438.95;438.3
1681;5927;401.65;398.05
16677;965;425.49;417.19
18963;10232;409.78;408.98
19593;14245;423.41;423.01
4101;12321;382.95;363.55
16896;750;437.1;436.2
1426;8250;421.6;421.1
8532;3744;428.6;426.8
8641;20382;408.82;407.22
4342;4626;428.02;427.12
890;7556;343.2;342.35
7954;9092;420.81;420.01
7984;20960;403.1;395.1
18858;9908;377.33;376.38
12232;3212;428.5;426
11017;13627;424;423.8
12463;15986;365.37;333.57
8235;18975;353.5;351.8
17725;6512;462.77;460.57
6272;20828;383.4;381.2
17424;1060;455.4;455
12372;8011;382.81;382.31
19161;10762;385.01;382.21
11325;19480;366.42;360.82
7524;3828;428.5;428.2
18991;10319;469.8;468
16340;11904;383.48;382.88
8617;20636;456.5;455.1
19749;14703;460.22;458.12
6082;18474;428.91;368.9
5210;8860;395.36;390.86
350;22307;344.45;338
14659;5380;418.36;417.96
3508;3139;433.1;432.9
11475;7622;404.7;383.2
12195;11194;382.17;376.72
4371;19679;389.15;379.45
2836;21063;453.81;439.7
11188;16273;336.24;335.14
13645;18957;488.19;486.69
10696;6101;402.55;401.15
5849;4991;424.9;423.5
12309;7592;373.05;366.58
15849;16185;411;369
15737;16331;383;381.5
2859;7009;430.2;424.2
7915;1246;369.7;364.7
15120;4201;416.45;409.35
18944;10173;443;431.5
12676;26;418.2;417.3
17698;6626;467;455
3941;10929;439.1;435.9
6299;2957;377.4;375.25
16979;489;428;426
119;7574;420.05;394.5
4733;7450;473.4;470.8
3912;18431;442.4;426.1
13118;18181;351.85;345.55
15561;16269;405.59;404.39
895;22350;346.19;336.19
13356;13554;406.5;396
12677;4091;416.9;414
12203;15694;392.05;388.35
15914;7047;441.3;420.3
13502;14348;456.5;446
12951;7516;348;262
2899;5955;390.81;387.26
13418;3439;462;461.6
15831;16323;378;222
9048;4445;446.95;445.55
8872;6136;402.4;401.9
3654;4039;461.05;459.55
14661;5387;421.75;418.25
2009;4287;413.8;413.2
15368;8993;415.2;414.6
502;4273;421;420.6
19691;14590;388.83;386.03
19354;12754;359.5;353.1
6240;18801;432.3;431
18841;9851;412.37;411.17
7903;17530;462.3;450.6
5294;18851;399.3;398.5
3286;6206;399.8;397.3
19392;12831;379.6;375.7
17587;1695;380.4;379.7
19423;12918;412.9;409.3
1433;22089;339.63;332.14
19152;10737;385.9;382
15207;11970;384.79;383.64
13405;12715;400;398
1349;15743;363.8;357.9
18853;9892;376.33;375.43
17744;6461;449.7;440.9
12381;19246;367.6;366.9
15053;6360;353;255
15886;15618;408;392
12608;8646;420.38;420.08
16922;652;322;252
16311;9323;418.7;418.6
10670;3992;426.3;425.6
12799;2357;410.73;400.38
298;13968;344.06;327.06
7816;4284;416.7;416.4
2714;19813;398.4;390.5
12955;20991;438.1;347.6
19740;14672;399.9;397.5
17325;181;439.26;438.46
13783;7308;425;265
14969;14;392.2;391.8
14415;6257;390.82;389.02
18927;10123;421.8;418.8
12572;9759;389.35;388.15
13333;16345;341.99;332.34
15445;18235;380;358
17338;5453;418.57;415.37
12348;9604;419.2;418.7
17751;6406;413.7;413
5592;8440;406.9;406.4
1028;22300;385.62;374.32
6621;9036;415.63;409.88
19745;14692;387.8;385.1
1681;5928;398.05;392.05
89;12543;407.27;404.72
9750;20628;394.55;388.15
19109;10625;388.6;385.1
18848;9871;339;123
42;15965;375.75;372.15
3618;20154;313.62;311.4
16715;7649;451.18;446.08
17541;1541;355.52;350.62
2977;4585;428.48;428.08
11284;5971;405.8;405.6
16850;4156;343;249
9387;9143;409.7;408.3
17189;453;373.2;369.1
2181;16552;380.45;377.25
19228;11781;455;449
19225;11772;383;205
16986;6810;349.4;348.4
18807;9508;395;375
13897;13320;398;274
19195;11359;409.3;391.1
435;8778;418.75;417.85
14212;7747;377;376.5
19397;12844;406.3;405.95
3743;2011;416.95;409.85
414;16786;346.2;336.2
6819;2530;403.2;402.4
2333;22019;365.26;357.36
16919;639;404;359
206;6982;333.54;326.79
1825;7549;415.13;379.13
10358;3023;452;451.7
16110;5318;422.14;420.04
4276;20434;398.2;393.9
19018;10410;387.8;386.3
19493;13952;462;455
4969;20000;441.83;431.78
4112;3612;375.48;373.28
19251;12057;435.54;434.44
1313;5752;418.99;417.79
11570;2116;417.75;414.75
1333;12197;419.6;419.15
19442;12980;419.28;410.78
12172;11187;397.15;394.35
2078;3335;434.1;433.7
17552;1599;406.39;403.19
19552;14198;462.8;461
10125;19552;416.28;411.38
11582;2164;399;396.7
1600;14265;395.5;341.75
16393;18005;417.6;410.05
4097;12317;381;371.05
19011;10378;421.45;420.5
13326;2562;401.5;398.3
11216;15969;353.49;348.09
17871;12678;429.8;428
8889;20763;378.5;371.4
3953;5731;420.17;418.67
12817;8675;422.39;421.69
12332;19970;390.91;388.01
5750;8906;420.83;420.68
6211;14325;372.55;355.25
19730;14649;416.34;415.54
15797;16119;416;134
17727;6522;452.2;449.3
19256;12068;434.98;432.38
9772;14337;383.14;380.34
7222;3661;373.38;369.88
2230;4840;427;424.7
15817;7437;381.6;380.9
3269;1906;400.5;349.7
15245;7283;475;272
19342;12526;372;358
5595;8899;415.4;402.8
9195;16631;475.4;475.3
6078;19390;369.18;357.88
13434;7313;413.15;406.75
11113;18930;428.4;427.8
5650;19382;584.13;540.53
17188;450;373.65;366.05
19174;10799;397.8;396.2
752;5202;416.14;410.84
2712;22181;403.7;398.2
2000;5825;398.1;393.2
9005;5417;426.1;425.5
15099;21432;421.05;415.65
16083;3840;414;198
5914;20494;439.1;438.9
6400;3501;438.54;438.14
8707;5231;415.8;415.3
16085;15496;392;234
17717;6553;412;409.4
11689;2318;368.3;359.4
14261;3016;453.9;453.1
10663;7364;430.7;430.5
3273;12303;444.8;424.7
11767;2243;383.42;381.92
15277;11467;407;139
3267;1901;410;389.2
4446;3005;458.1;457.7
12782;4268;420.36;416.86
14683;21379;363.13;357.33
14282;2064;419.05;417.65
4025;7988;402.79;399.79
6712;19358;352.31;347.21
18895;9998;423.6;417.4
13308;3903;381.13;378.13
12372;8014;384.21;382.81
745;7817;372.61;370.96
17934;11892;391.62;389.12
10773;5688;407.45;406.45
6463;13833;361.07;355.97
19216;11718;388.2;384.2
1864;1818;410.32;408.52
19768;14814;440.76;437.66
15636;1710;376.7;364.9
90;12550;368.09;368.09
15715;7185;395.4;333.4
18911;10091;470.71;469.91
19558;14217;418.37;415.57
16272;7278;390.61;382.11
19175;10804;401.9;398.7
17561;1620;444.88;431.08
17421;1054;455.4;454.9
1690;20414;419.46;410.16
16090;14373;377.16;371.96
158;14453;377.62;377.07
16941;619;412;122
7166;19336;450;449.1
12714;20992;374;311
5473;16872;379.5;377.9
15862;15683;422;256
8171;20781;445.4;436
16949;527;304.86;304.36
10602;11142;400.96;340.06
13364;8027;408.13;406.83
10408;5994;407.8;407.3
10554;3730;425.9;425.5
16225;4515;427.3;426.65
1937;3704;426;423.5
1271;19399;362.98;354.23
8985;18652;389.3;382
7598;5053;419.8;418.5
12843;6277;394;392.3
16272;7781;396.61;396.11
4600;2503;399;398.5
17569;1643;377.8;364.8
12937;12052;384.07;373.27
16646;3860;422;404
16515;4613;427;419.8
18994;10334;469.5;465.2
158;14452;369.42;367.12
19417;12896;422.5;420
12521;2571;394.3;388.8
17485;1309;434.85;432.65
1135;17674;369.18;365.98
19291;12379;444.8;444.65
16163;10067;360.67;357.27
4509;10941;421;413.6
603;19986;421.68;418.43
17499;1394;428.12;420.92
19760;14760;464.66;464.06
3623;21995;343.15;316.95
440;21451;327.33;327.18
16822;3424;448;260
1064;17300;403.72;401.77
9958;3413;459.8;458.7
17474;1256;390;382.9
7446;13768;424.7;424.3
13503;7041;429.5;428.55
7820;9081;421.72;414.12
10969;19689;352.27;346.07
13119;7501;352.01;351.41
17163;5934;392.72;383.92
3198;19348;396.84;390.24
2334;22017;351.94;348.64
100;14426;390.9;370.9
403;20245;422.48;408.28
15487;11500;292;268
19540;14160;423.1;422.95
18793;9482;376.25;375.45
19021;10431;424.3;424
12789;9211;420.5;419.3
1749;10876;382.97;380.07
15473;5428;366;274
11704;3060;448;430
2483;17249;392;385.4
9067;19148;421.4;419.5
4341;4625;422.34;416.54
6770;20667;375.48;354.98
2329;8808;411.32;410.82
9332;17006;392.91;389.81
11215;2973;348.13;345.93
5119;12358;387.07;367.12
18995;10336;434.89;431.14
14039;12732;429;349
17327;193;438.08;435.18
10388;19733;386.86;380.16
32;21568;386.8;380.6
6494;19450;375.9;374.2
19129;10702;462.16;461.76
16270;15419;367.42;354.32
19438;12969;396.91;396.66
14450;21139;413.46;413.06
6010;11011;364.27;363.27
2441;7530;316.59;312.69
15770;11529;447;440.35
16397;15288;415.49;409.49
17461;6390;429;183
263;16890;347.6;345
19417;12894;423.5;423.3
15040;3977;410;278
19369;12783;401.5;399.5
13785;16863;422;288
6400;3500;436.04;434.84
19751;14720;428.04;425.54
1322;4217;419.41;412.21
17196;310;449.62;448.6
16768;15102;323.89;302.41
5270;4078;448.6;447.3
6819;2531;402.4;398.9
19215;11712;402;390
19354;12755;353.1;349.5
9849;19073;491.97;488.97
15206;11971;383.19;369.79
12201;2702;439.02;406.02
9329;3525;453.9;453.3
5387;9728;409;397.5
808;18821;412.75;409.45
8826;3118;436.8;435.3
19002;10349;375.42;371.12
4942;20616;376.4;374.6
7364;17784;395.2;393.2
14614;8737;422.24;421.59
12358;20467;369.28;362.38
7186;13787;472.1;451.5
15799;555;277;203
17722;6533;422;416.3
9328;3522;455.2;451.7
10121;11750;366.9;366.5
118;11849;386.66;346.26
10694;6095;399.25;395.05
18757;8542;393.3;393.1
16878;864;428.93;427.73
6642;11040;389.8;389.6
16970;145;377;301
19014;10393;428.57;427.37
15941;2079;347.79;345.74
19547;14180;465.2;464.8
8547;19625;392.3;390.9
10900;22038;477.8;474.4
19215;11714;375;132
18790;9474;376.3;375.6
1925;10886;434.53;420.03
18867;9934;377.18;374.28
4445;3009;456.7;455.6
19255;12066;434.36;432.16
13894;53;390.4;386.7
39;14401;378.2;374.95
17104;5592;420.51;420.06
16598;13269;465.97;463.07
17881;12622;408.89;393.89
506;8232;414.35;413.95
8924;11105;434.5;339.1
12534;11203;391.9;372.8
6061;8919;414.3;414.1
19340;12515;384.56;384.06
10586;5961;403.69;403.49
16164;7570;384.88;380.88
2161;3351;426.5;422.8
9638;2573;370.87;367.27
682;14055;377.7;376.5
17469;1229;358.09;356.89
5448;19519;386.55;383.15
13356;14860;411;410.6
14351;2797;467.78;456.88
681;14049;379.69;378.39
16852;15738;372;188
11691;2301;382.04;380.34
678;14040;379.75;375.75
503;4276;421;420.6
12681;13573;413.9;413.5
1335;12200;424.02;384.02
1108;16774;397.7;386.34
14968;11;391.7;391.4
13462;11230;476.6;471
2855;20367;378.3;373.3
11001;13628;426;423.8
16043;8198;354;253
3114;8818;421.76;420.96
12823;17222;389.8;386.8
8825;2823;398.87;361.62
19114;10639;365.18;364.08
2438;7522;326.6;300.2
2909;8372;421.37;420.82
758;16762;374.38;363.98
89;12546;397.67;392.27
9228;12158;369.54;366.34
15267;12727;337.5;324.5
5366;13860;421.1;415.05
7279;2779;471.1;470.8
4757;9730;370.81;359.11
2018;4209;417.8;417.5
5345;13875;453.08;452.58
3265;8387;417.3;408.9
19252;12059;435.17;434.17
11154;7583;416.65;403.25
19493;13953;455;450.9
8649;4973;426.9;426.3
19730;14651;411.94;411.74
12787;9209;417;405.65
19121;10668;385.9;385.3
19056;10509;413.01;411.81
1040;20419;381.59;376.39
4226;5112;417.19;414.99
13532;11266;316;314
9149;17513;367.8;362.05
17871;12680;398.5;394
1577;1352;383.85;383.35
16965;620;411;407
12512;5016;425.54;424.24
12684;2735;470;450
11527;9179;418.55;407.3
9697;4042;444.99;443.19
13948;4544;426.47;421.77
15805;7787;392.44;391.64
15920;4123;428;424
8961;21789;403.3;402.3
15827;16352;324;284
15049;9277;422.34;421.24
15841;16253;446;442
12780;22231;386.45;378.45
8872;6137;401.9;401.4
16991;6870;351.3;350.2
5574;13851;366.99;366.59
13076;2354;396.27;380.67
14236;7801;421.6;419.4
19452;13020;422.06;402.66
1869;21556;442.4;428.4
2604;15998;374.76;362.76
5671;5730;416.41;414.61
6776;20707;409.1;399.5
4365;5719;419.53;417.73
3953;5733;416.07;412.07
415;19402;345.15;339.7
19728;14646;413.42;409.42
4922;18878;405;385
8354;20659;422.4;416.6
13434;7707;414.75;414.4
1680;5923;398.38;393.38
7772;9075;423.1;421.9
15078;21456;474;470.4
12221;16046;395.32;388.42
2223;13404;379.7;372.8
9937;8559;420.85;420.05
1339;8080;380.9;378.9
12240;3186;428.2;427.8
7605;2204;375.95;374.9
12607;8643;420.38;419.93
15806;7790;391.64;388.44
14009;4311;400;356
6013;11017;355.36;347.71
442;1794;351;347.3
15828;7169;393;371
19286;12289;415.3;414.6
18944;10172;443.5;443
9906;12144;406.18;405.08
15717;13089;404;372
14641;4395;379;347
15825;16350;412;378
10453;2712;442.3;441.6
17717;6555;401.8;400
15012;18470;418;408
2121;5374;420.4;412.4
13468;11242;474.5;471.9
12243;3242;425.7;423.8
5210;8862;405.56;405.26
14897;819;369.1;368.3
1680;5922;401.38;398.38
15524;16339;426;280
2557;7089;403.24;390.64
19533;14142;414.15;413.7
19382;12808;373;372.6
6008;11009;368.08;364.08
16337;10055;349.7;338.9
2504;21664;435.72;435.72
12235;3195;429.2;428.8
1036;19108;389.4;386.5
3210;19726;346.65;342.85
13116;21913;351.9;344.8
9147;17504;358.7;352.3
19550;14190;417.6;414.2
18806;9506;387;230
9223;20357;400.54;362.59
15312;4811;430.1;429.3
18810;9515;292;68
13128;20148;352.09;344.09
3498;20343;399.82;394.92
5227;10971;471.45;467.55
111;22024;340.2;333.5
5784;18088;430.9;416.9
3670;12311;419.15;415.15
15740;13087;383.6;371
11419;5736;419.5;417.8
14009;4315;380;356
17694;6653;368;365.5
14610;8725;422.33;422.03
19750;14713;428.27;419.07
7528;6170;402.1;401.8
6068;16947;426.6;419
15243;13296;413;339
12611;8658;419.34;416.24
17348;83;387.1;386.93
3977;8068;390.11;380.11
13321;11997;385.88;382.73
17893;12562;429.31;425.31
688;14075;382.72;378.22
13794;3481;488;464
9324;12151;469;466
18998;10342;442.17;436.57
12200;19076;383.66;380.26
19663;14552;377.5;372.9
12411;12088;380.99;380.59
14991;13452;418;417.25
7847;11081;383.8;383
13333;16346;332.34;331.64
7532;5259;413.97;404.17
643;4114;423.44;422.69
2233;6322;354.95;353.95
17812;6668;402.7;402.3
18879;9962;375.1;370.95
12248;3251;427.7;426.3
14110;13519;402;398.8
17196;312;444.6;441.9
10958;20318;395.4;381.3
2158;5619;420.02;419.27
8753;19020;395.8;395.8
6794;16704;391;389.69
1395;19806;353.81;348.31
13417;3442;462;461.6
11088;19501;398.1;396.9
11920;3090;438.9;437.8
4266;10939;423.44;421.24
9853;17905;403.87;400.27
14276;2058;405;403.1
16808;12710;404;172
13400;8677;417.3;417
11575;2157;407.9;406.6
12949;8183;355;339
6666;19187;412.39;402.79
19778;14839;383.19;382.19
16212;7141;457.9;457.5
16192;5606;415.7;403
14761;7250;421.54;418.54
2128;15773;428.1;389.6
947;21198;406.2;396.2
2441;7531;345.49;322.69
18912;10095;475.8;471.7
12306;2265;377.99;376.59
2355;5175;420.73;419.98
14640;21187;336;262
7092;16612;396.94;390.14
16980;487;420;384
12366;17576;395.21;381.81
5632;17203;393.5;392.7
17013;5350;419;410.1
12538;11207;393.8;374.3
19429;12948;409.8;409
203;1953;358.5;350
3139;7928;376.91;373.21
17729;6490;452.4;450.3
19528;14134;384.75;383.9
9147;17503;367;358.7
10425;23001;396.3;395.2
16855;5807;398;328
4219;8850;407.97;407.67
15804;7175;386.4;142.4
4965;19038;407.27;406.27
14969;16;391;390.4
19193;11350;451.9;445.4
9657;11115;404.39;400.69
16259;7140;326.2;252.2
15858;11562;382;369
19015;10400;426.65;424.2
7184;13792;462.9;452.4
19097;10585;429.7;429.25
18873;9945;376.21;375.81
10623;19592;373.53;372.13
2138;21302;423.5;390
7593;3843;428.4;427.8
15805;7176;386.44;142.44
2290;6065;404.15;399.4
5137;4951;428.1;427.3
17842;6751;365.6;363.2
9373;16626;407.3;399.3
750;5194;415.51;413.91
6080;14321;408.9;407.3
12371;2426;381.94;367.34
19104;10610;394.89;387.09
1042;17697;334;331.7
1465;20199;407.79;406.39
15606;13135;384.55;376.55
11826;18024;395.6;395.6
10705;6109;407.85;407.55
15854;992;382;366
13296;11219;417;406
14541;6116;406.2;403.5
19429;12946;414.1;413.2
16821;12471;431.8;425.8
3993;17264;449.05;431.55
19727;14643;415.52;414.72
8827;3121;436.85;436.15
2166;3365;429.3;428.7
7522;3833;427.3;425.4
19457;13043;388.3;379.3
14333;11419;413.2;409.7
6400;3502;438.14;437.64
19012;10381;421;420.3
3373;3174;429.7;429
8555;21070;472.7;472.7
745;7470;370.96;362.36
19376;12793;402.6;401.5
12409;8107;372.41;363.41
4194;19768;393.93;389.73
12308;21283;369.12;361.12
742;8245;402.12;395.57
3483;13540;410.1;409.5
8611;2263;374.09;371.59
19276;12267;371.9;369
12237;3216;427.6;426.8
15477;18021;411;373
19180;11310;432.61;431.61
7995;2631;369.55;367.5
9007;3124;436.5;436.3
13839;7729;481;480.5
15858;11564;369;235
17710;6584;443.18;437.93
19751;14718;445.54;435.64
19090;10564;433.37;433.12
15956;15570;369.45;364.3
3997;21771;436.7;425
7604;11069;383.32;379.47
4716;3624;369.55;363.15
15808;4058;452;448
13365;8019;407.72;406.87
6369;18781;355.7;353.5
12191;21325;404.78;400.28
10603;11143;404.3;364.3
3616;21997;335.03;326.66
12103;2923;402.33;401.08
19645;14524;379.1;376
15776;11538;417;414.72
12518;6353;411.2;406.6
12945;20397;392;390
19360;12766;441.3;433.4
13887;20695;380;248
10023;8044;449.58;446.13
9092;7369;455.5;455
3421;13466;418.48;411.23
944;22244;352.61;318.06
13947;4540;427.15;426.65
19553;14200;468.4;467.45
12949;8185;423;417
19528;14136;383;381.8
23;10821;353.88;351.33
7176;13811;462.2;458
17413;1044;382.29;378.19
10812;7362;466.4;465.6
12230;3202;426.8;423
16987;6862;345.5;342.5
3266;1875;380.3;359.8
8505;20638;453.7;452.4
11529;9184;417.6;416.7
2649;4348;407.77;399.17
19640;14509;384.5;365.9
13797;2052;378.1;368.37
3272;1913;385.4;370.5
13983;15781;346.46;343.76
295;1281;371.7;367.6
8241;17286;370.32;366.22
11179;18136;335.84;333.99
17726;6516;462.45;461.35
13081;20129;391.47;374.87
17375;1002;361;353
18730;8157;-8.66;-12.66
10693;6085;407.3;405.2
14550;16793;411.75;404.35
2859;7008;434.2;430.2
18789;9472;377;374.45
6215;8460;422.64;422.44
5488;2729;463.2;462
16598;13270;474.67;468.57
11669;7892;370.1;369.6
14182;11405;378.57;376.07
15382;13157;382.95;376.25
206;6980;326.79;313.14
5675;3806;434.87;432.49
10453;2714;429.3;410.1
15292;20846;304;176
9885;18913;354.6;353.8
3233;12242;411.41;323.91
234;22287;349.65;340.1
15529;6875;390;348
13202;3761;430;400
11245;20315;389;389
12878;9228;411.2;410.4
4551;8417;419.68;408.38
12239;3226;426.4;420.6
19160;10760;378.64;370.54
15282;13177;396;312
6650;17266;419.09;418.43
15839;2189;258;238
11812;45;417;407
16346;6299;389.1;385.6
2328;8806;410.21;402.96
19400;12853;398.46;395.96
15886;15617;392;380
14361;13507;430;418
7576;8056;420.18;419.08
10626;22166;375.63;373.08
4784;2637;374;370
14574;2757;469.55;465.85
10444;20564;422.2;421.5
10792;16598;362.23;359.93
607;20464;410.16;408.46
15706;13094;388.4;379.6
1438;1994;339.74;333.4
19174;10796;412.7;411.85
14440;5681;408.3;407
16643;3108;420;206
11086;19686;400.3;398.3
1984;5403;422.2;421.35
19754;14726;463.4;459.4
19090;10565;433.12;413.37
19014;10394;427.37;425.97
9784;9152;421.01;414.21
2005;5790;406.7;405.6
936;14103;374.55;370.85
18725;11873;422.5;421.5
8113;20782;368.6;367.5
17547;1575;376.55;350.15
1334;1323;423.84;422.84
15197;722;384.01;382.31
2579;4500;427.56;427.21
2908;8369;420.94;413.49
19298;12400;346.9;345.7
2823;22297;365.45;357.3
19325;12475;421.72;419.62
11702;7422;380;300
17546;1569;376.14;350.14
16606;9349;420.98;405.78
13495;4759;393.2;380.3
19456;13036;421.4;409.4
1985;5408;420.52;410.98
12969;3900;368.4;367
19538;14153;401;400.5
16342;15342;290.13;275.93
2640;21534;405.48;395
15599;16243;373.04;370.24
16638;550;302;282
9007;3126;435.5;433.7
2185;11671;371.3;368.2
19225;11771;435;383
579;14027;374.91;369.51
9281;19286;400.8;399.1
4091;20499;410.97;410.17
11245;20316;396;389
2194;8334;421.74;421.44
12791;9220;421.45;418.7
4434;3513;437.2;435.2
17418;1047;455.5;455.05
18913;10097;475;474.7
16949;522;399.36;399.26
19424;12921;414.1;413.6
7771;8518;390.3;374.9
5441;8891;407.06;399.06
15301;11477;375.25;367.25
10028;12138;363;362.2
11152;9778;384.1;366.2
12469;2471;420.26;412.86
17712;6560;412.15;411.7
971;21856;373.33;367.33
4018;18134;456.9;439.6
2912;4325;409.69;403.74
14431;9266;422.48;422.18
3251;8827;419.93;418.03
4446;3007;457.7;453.9
9823;3144;438.4;438.2
5400;9748;401.14;389.74
14854;4187;426.35;418.85
13020;7881;370.85;370.05
18828;9806;393.35;369.95
9964;21160;387.9;386.9
6946;19447;395.1;391.8
11398;21493;399.7;389.2
10598;22227;433.3;330.02
13442;7309;408.2;408.2
19264;12084;419.05;415.3
16722;15142;335;119
16326;15355;403.9;403.2
14184;11407;362.92;362.42
2401;12211;367.8;363.3
4285;13909;416.77;416.27
14104;21113;393.2;391.9
10760;21560;373.1;363.1
3577;13814;412.26;410.06
896;47;457.8;457.15
1723;1811;388.9;381.3
10124;19560;413.53;404.63
14819;13461;408.43;401.43
17106;9378;422.8;422.2
8388;9108;410.5;403.9
2099;5108;422.32;420.47
8561;19663;435.1;434.1
6791;20014;391.86;390.52
9536;4173;429.1;428.85
8206;9650;360.84;356.74
9712;2045;394;393.4
13946;4536;427.15;426.65
16399;15286;413.6;411.6
13838;7731;487;486.6
9960;22169;402.9;397.2
3161;16465;406.28;402.73
13088;12025;334.4;321.1
18730;8163;-186.16;-200.16
18757;8543;393.1;392.75
14663;5395;418.9;418.7
16191;5601;418.9;416.5
2710;1853;399;370.7
7098;8502;420.87;417.67
18966;10245;379.33;378.13
17389;6382;411;141
8801;16542;394;392.5
14263;18198;382.72;380.52
9642;19080;349.5;333.5
16985;6866;345.33;344.83
19744;14687;406.4;405.1
13719;19045;468.61;467
7605;2203;381;375.95
9176;5936;402.3;400.6
4397;19214;407.24;398.74
6097;23006;407.5;403
18807;9507;439;395
6470;17233;472.85;470.65
9961;17883;398;397.5
7354;20363;372.87;356.07
18787;9467;379.15;373.95
15606;13136;387.55;386.55
15080;21454;378.78;375.98
18867;9935;374.28;370.98
14992;13445;425.01;424.21
12125;19533;408.45;395.1
14706;13479;363.3;358.8
10356;7366;379.1;378.2
16337;10056;338.9;337.1
14555;5781;412.35;412.05
18939;10162;437.7;424.2
2622;3592;404.5;400.2
17756;6393;410.4;395.9
16070;3437;460;458
19286;12290;414.6;406.8
13855;13546;373.3;261.3
19216;11717;389.2;388.2
11532;9193;420.1;419.9
18880;9964;374.91;370.91
4787;13890;393.02;382.72
7170;5079;423.2;422.9
17474;1258;382.9;381.3
17884;12639;396.68;365.68
8149;2782;473.6;473.3
14006;13528;417.28;415.28
7508;9065;420.92;420.42
8927;21148;459.75;446.85
3685;14252;394.55;391.8
3252;8829;422.58;422.23
3868;2034;402.5;362.5
1533;7411;389.85;388.8
2664;4256;421.05;420.6
12791;9219;422.1;421.45
17580;1675;383.11;377.81
1617;5872;401.99;394.29
13993;3011;443.5;435.5
19247;11834;468.6;467.4
6096;11027;383.82;379.47
15694;16059;470.7;467.9
9745;11122;373.75;353.35
14689;13487;398.97;398.57
5206;18113;390.2;386.8
16753;969;436.9;432.2
6909;19449;480.6;480.45
16382;15361;400.7;397.7
13056;21933;399.81;393.31
19712;14625;371.25;367.95
19112;10632;391.1;381.8
17428;1077;430.13;429.33
15285;7641;422;408
1034;8110;389.13;377.68
17886;12591;396.71;373.21
5855;17852;435.89;426.24
3053;8813;418.07;415.97
16553;15279;401.7;398.3
13642;18959;486.6;485.25
15048;18371;412;266
3158;16050;389.8;380.84
16954;612;484;400
10678;3408;460.5;459.8
8077;19509;470.41;466.16
19295;12387;369.01;366.46
11920;3089;439.7;438.9
12331;22251;390.53;388.03
19214;11711;374;373.5
4350;17409;380.33;379.53
4944;17055;378.5;376
2434;6767;314.8;310.4
12266;3887;378.92;366.02
9027;16534;411.72;408.52
448;20031;348.26;345.76
15810;11640;358;300
9812;19124;456.3;454.3
155;14442;377.08;375.93
7702;20403;366.51;359.51
2841;1869;388.9;388.6
12875;21012;438.66;429.96
14485;16513;404.2;388.1
18854;9897;374;305.45
7299;18792;407.17;390.67
9172;16651;389.32;386.92
9150;21503;362.3;352.5
19610;14303;381;173
3502;4638;423.02;417.62
7453;13753;429.5;428.6
11813;20535;425.8;411.8
16911;646;446;266
12637;13589;423.99;423.39
19239;11807;459.7;409.7
14834;8951;402.43;375.83
17468;1220;365.82;365.72
11695;2335;370.39;357.59
19520;14114;422.35;422.1
4112;3614;372.98;360.28
14654;4995;426.15;425.65
15782;11546;426.57;420.77
9227;12162;370.82;367.92
11701;21244;373.85;372.5
4001;20437;439.7;423.7
10494;3508;435.6;434.7
17692;6638;398.58;367.68
10672;4000;425.3;424.6
15413;17954;386.03;375.73
2195;8339;412.14;408.34
5056;4630;411.33;410.53
19425;12926;411.8;411.7
6209;8941;408.62;395.92
17720;6546;432.95;432.45
3677;12316;416.32;406.92
3259;20323;390.27;381.47
227;14473;351.8;339.6
15873;6117;355;155
9657;11114;408.99;404.39
5487;2732;461.9;459.9
5260;6331;417.5;415.9
12410;2350;379;377.5
1920;15999;385.42;376.72
9222;9704;393.83;362.53
19002;10350;371.12;360.42
18849;9878;294;208
17003;5060;424.86;424.46
386;16929;360.7;359.9
2718;19811;401.22;399.72
6707;16798;387.75;363.3
12962;20964;381;377
5264;20880;463;463
2564;13418;382.51;380.81
11685;2693;419.9;398.1
17294;393;415.18;414.58
6867;4582;427.74;425.74
4143;12329;379.13;378.93
9671;5444;421.5;420.5
15443;11483;365;359
3108;19257;458.36;452.96
17349;88;422;368
10305;9557;445.55;439.9
14942;18030;388.92;382.02
18722;7341;378.2;375.65
12504;2829;392.31;386.61
7369;18584;379.79;375.2
3852;21642;394.45;392.45
2642;17391;414.52;404.62
17352;99;455;213
16454;15299;402.75;396.75
15453;7214;386;370
5223;5131;411.03;410.33
19050;10492;411.6;411
15822;3979;408;256
7590;7380;408.2;407.3
16195;5613;419.45;418.25
19729;14647;414.92;414.12
15637;1716;376;374.5
17549;1587;376.05;374.15
15593;9285;422.15;421
17346;75;385.72;384.37
5474;18849;393.6;392.4
7102;8510;421.8;420.9
6980;20642;344.73;340.43
579;14026;376.91;374.91
7867;3814;433.58;433.28
2643;19833;409.53;398.83
17483;1300;419.9;418.3
4838;8855;400.24;390.74
16474;7120;399.4;396.15
12766;22335;394.58;391.78
19158;10750;378.54;375.14
6635;11038;388;387.9
329;10836;424.45;423.2
15232;752;403;83
13326;2563;398.3;392.6
17339;5456;417.73;413.23
5316;19678;407.71;398.51
10741;12403;454;453.7
11128;4928;426.4;425.8
14838;8967;384.68;375.38
7044;7445;446.5;444
12838;5289;420.49;418.69
2290;6064;406.7;404.15
351;21107;353.5;347.95
16967;544;419;417
15437;18285;407;394
3421;13470;411.23;408.38
1682;6005;404.62;395.97
298;13964;384.36;383.86
15144;660;370;353
5015;7708;397.77;396.57
7055;9061;411.9;411.3
13723;21850;355.01;352
9413;13691;409.95;399.15
7917;16649;355.29;348.04
19366;12778;374.77;374.37
12086;5837;401.9;398.5
11668;7883;353.7;353.3
945;7933;370.21;369.61
13947;4538;427.75;427.65
14745;21636;394.03;392.33
8202;3798;440.7;439
9410;13700;396.35;392.35
17348;85;385.1;384.15
13936;9246;422.3;421.9
15355;13160;402.6;369.2
13308;3904;378.13;375.13
4948;4352;423.8;423.5
17756;6392;415.9;410.4
16637;547;302;282
5255;8434;416.1;413.3
14554;5776;414.08;413.78
8390;19487;392.8;379
4473;19702;455;455
5209;8424;398.06;395.66
3653;4035;463;462.4
17548;1582;352.05;347.65
9741;15926;420.54;372.04
861;20035;371;367.5
17564;1625;448.65;447.95
5654;18827;542.66;434.46
16223;4510;426.8;426.4
19613;14311;377;371
10673;5431;424.3;423.9
12118;2961;382.05;381.65
19282;12278;416.75;402.55
4073;10935;418.72;376.67
17721;6527;421.5;421.05
19708;14615;403.3;400.5
11767;2247;374.62;373.42
17292;400;415.17;414.57
15938;13068;349;347.9
6879;18778;461.65;460.1
17326;188;440.02;437.32
3999;9636;364.34;362.82
19335;12505;352.7;350.7
19336;12510;425.07;423.07
9815;7430;487.35;474.95
15016;18609;415;407
19119;10658;386.2;384.65
464;20569;391.45;385.55
16049;7149;250;130
17298;267;379.7;378.8
13341;16366;386.7;385.09
5149;14318;383.57;340.67
19119;10662;383.3;382.2
19054;10502;384.71;378.86
16877;861;430.86;423.36
12325;2884;372.96;368.66
14609;8722;422.57;422.32
11800;2462;435.1;434.5
531;13995;373.47;372.04
17078;5148;421.1;417
10840;2997;455.8;454.9
12523;2857;414.97;411.97
7700;21527;366.62;355.92
15445;18236;398;380
334;10841;428.87;419.97
557;14017;373.9;372.2
2060;7011;385.3;325.1
8504;19433;433.8;433.1
10873;19542;347.5;343.3
4734;7451;470.9;469.5
15705;13101;379.77;376.77
14610;8726;422.03;419.23
19631;14484;454;452
16736;782;419.9;417.9
7795;18017;383;382.6
4580;10943;471.75;405.85
15770;11531;440.35;426.75
239;19308;360.25;338.6
8282;16566;361.9;352.5
17075;5230;420.25;416.85
5805;18496;363.13;362.33
9168;9142;421.8;410.6
19060;10534;412.39;410.69
13507;4765;410;409.7
227;14472;339.6;333.75
11128;4925;429;428.7
14612;8731;422.6;421.9
5219;4304;422.7;420.9
16515;4611;427.8;427.5
6098;23004;402.66;398.36
15808;4059;448;436
3481;13538;383.64;378.04
19452;13022;384.66;364.16
12233;3208;430.4;429.8
18964;10239;404.42;389.92
18739;8275;346;100
7658;8038;431.85;430.35
5960;4053;452.77;451.87
7939;5339;419.41;417.21
1114;13363;374.8;371.05
4093;5905;401;400.4
15466;7205;317;209
10089;7086;397.5;356.6
16800;15045;384;375
9526;13688;398.73;395.33
10030;12125;350.7;344.8
13006;16178;368.7;356.2
10346;3963;426.9;426.4
448;20030;345.76;339.56
10161;22086;432.2;431.2
5270;4077;448.9;448.6
9411;13698;410;408
19629;14477;432;426
19126;10693;375.7;375
16723;4259;362;282
2388;4472;426.48;418.38
14408;8950;376.66;373.76
9059;11108;439.28;435.98
13956;11982;307.92;304.92
3272;1910;420.5;418.6
7961;3780;426.57;426.37
341;10847;432.08;426.98
2017;4621;423.75;413.05
106;17342;365.4;361.35
15697;6039;415.1;408.5
3875;20319;407.85;383.95
19212;11706;381;377.6
19123;10676;385.2;385
9762;19127;386.54;383.14
11688;2315;369.27;357.27
7961;3779;426.97;426.57
12638;13581;424.07;423.67
2980;4596;426.98;423.68
13533;8532;342;30
11425;2704;342.65;331.65
6859;9044;417.36;399.76
15353;20677;398.76;375.16
13993;3013;455.5;443.5
16654;4371;345;166
17707;6596;416.9;412.9
13399;11221;374.1;373.7
2912;4322;411.49;411.14
595;14258;353.75;344.95
416;22216;346.43;332.58
18861;9917;377.96;373.96
10176;9673;393.6;335.1
9928;2681;371.2;370.7
7603;3492;438.4;437.15
5242;20946;406.7;406.2
2648;4344;409.64;402.44
17412;1042;380.7;377.6
12101;2904;415.87;413.57
3233;12245;415.71;411.41
14638;7715;420;414
11678;6022;404.17;403.37
1992;22044;437.34;411.79
11038;13621;424.1;423.3
13931;16032;368.7;355.5
7108;8065;418.08;416.88
15884;11574;354;312
742;8242;395.57;392.32
19186;11325;427.13;425.83
1277;21125;391.76;391.36
19176;10808;427.54;424.89
356;2120;350;347.15
10114;3463;479.3;479
3283;6229;393.9;391
8403;20657;403.16;398.16
2077;3331;438.4;436.8
19455;13032;421.9;421.7
15917;8193;357;263
19556;14211;421.8;419.7
19632;14487;404;244
1688;5661;411.3;407.5
6209;8940;409.12;408.62
9411;13696;406.5;403.5
15158;21358;437.98;432.78
19418;12898;422.61;422.41
10257;16983;406.2;405
416;22217;362.43;346.43
9561;20356;433.9;430
4069;20435;434.58;412.58
19386;12815;372.3;371.8
19018;10412;383.4;375.8
10014;19368;365.3;360.05
17505;1416;390.8;390
3510;4678;426.97;425.67
18826;9799;436;399
11303;12096;377.18;374.68
18859;9911;378.11;377.46
13494;4764;395.3;381.75
357;16888;352.7;347.3
19217;11720;392.45;391
10811;22060;336.35;332.8
473;13973;373.93;357.43
15307;20747;374.4;363.5
12290;19270;463.37;463.37
14762;7248;419.87;416.77
15128;5564;418.75;417
19708;14616;400.5;400.1
6950;11051;391.42;384.42
16051;13286;381;311
12606;8639;420.01;419.61
15999;5557;378.65;374.3
14553;5773;416.59;416.29
15604;842;395.2;392.6
2746;19260;390.63;381.23
7549;14334;416.85;415.6
19387;12817;375.4;371.8
5594;8447;412.7;401.6
14818;20813;395.35;386.55
6621;9037;409.88;403.88
16714;7667;457.5;454.8
16253;10062;368.6;366.3
2331;21487;358;354.5
4641;4008;431.7;430.9
7574;20361;415.59;410.79
16843;726;429;420
7177;13805;454.15;442.3
12248;3254;422;420.1
753;5205;414.11;412.61
3653;4038;460.3;459.2
19134;10724;421.8;421.4
535;11851;335.8;334.5
19422;12913;420.19;414.49
7393;5375;422.39;421.29
17548;1579;382.65;380.65
12843;6278;392.3;391.7
1567;21580;372.85;372.45
1313;5754;416.69;402.99
19454;13030;421;420.7
740;8238;402.55;395.15
15504;16088;329;313
8227;19507;428.34;426.14
17551;1592;384.98;384.43
19523;14121;422.1;420.5
17012;5343;421.9;421.7
10426;9764;383.65;382.6
7529;5247;410.51;409.41
11573;2102;409.5;408.4
14938;5157;418.6;400.9
12479;5000;426.4;426
14360;18290;390;385
19559;14220;417.95;417.15
14837;8965;405.67;392.27
8203;5433;422.7;422.4
9313;3554;437.4;437.1
19303;12430;355.37;348.87
16026;3429;462.75;462.45
797;15883;426.2;425.25
12501;2978;381.03;379.53
16322;15386;408;403.2
14078;2495;381.57;379.67
3342;13435;406.36;405.06
9324;12153;459.5;453
19254;12064;435.57;432.97
6795;20666;392.6;391
4017;21770;446.45;435.25
15365;8981;416.15;405.75
19108;10622;386.1;384.7
5757;20036;377.87;361.87
368;21088;357.67;355.62
1888;8332;420.16;405.51
18769;9430;408;388
8283;9103;414;396.7
15316;4823;429.5;428.6
6482;17289;417.93;405.43
15253;736;357;297
12408;12091;377.3;357.1
11566;2131;411.9;410.05
14265;18178;384.42;381.72
18730;8160;-99.16;-118.16
17311;152;411.2;410.7
17721;6530;413.1;409.7
943;11661;332.52;314.92
6623;9040;402.65;394.65
608;7714;368.78;361.68
7552;3445;464.7;463.7
19340;12518;359.06;356.56
11528;9182;414.1;412.9
15205;11974;383.12;370.32
4141;20576;379.42;373.12
14967;8;392;389.3
19265;12227;375;233
10097;18404;358.71;357.01
17825;6706;369.7;364.8
5212;8864;394.86;390.86
14327;18080;427.6;419.05
19461;13116;419.15;393.65
10204;21975;402.1;395.1
408;16527;415.92;408.32
3538;19256;364.87;345.97
15047;13209;438;428
10160;9161;387.15;341.85
10235;4964;429.5;426.7
2388;4471;426.78;426.48
7170;5080;422.9;420.8
19228;11780;463;455
5482;7396;409.6;406.5
15839;7161;374;258
16640;7113;453;208
17275;226;454;453
6799;6344;418.59;415.39
9028;18632;417.67;409.67
14242;8708;401.3;400.6
3785;2026;382.75;379.15
15516;16384;400;362
19178;10811;433.09;429.79
1902;19750;386.69;383.44
17345;70;385.51;384.46
15133;21383;409.03;402.63
16967;546;369;111
15011;7439;396;216
15090;8047;448.3;446.3
19649;14536;374.49;369.79
9388;9146;404.6;398.5
16317;11913;399.3;398.1
10403;8581;421.1;420.8
19354;12753;360;359.5
7553;3448;465.07;464.57
6832;11041;373.58;373.38
17551;1594;380.18;376.88
19321;12474;430.55;427.4
19751;14717;452.64;445.54
5314;3077;434.74;434.24
19406;12865;427.8;426.5
1353;19898;367.7;361.6
9319;13711;424.6;423.7
12069;11169;451.75;447.75
19402;12857;399.9;398.5
15424;17929;440.75;437.55
19014;10392;429.07;428.57
1453;19942;371.4;371.38
12535;11205;389.15;373.35
13024;16430;406;346
8069;14225;387.85;387.35
16063;3794;443;429
3539;1922;352.9;336.1
19173;10791;409.2;408
2356;5177;420.93;420.13
12715;20424;416;374
18725;11871;428.9;424.3
3660;10925;496.05;493.15
7204;13783;393.84;384.04
1793;16808;395.55;391.55
19645;14523;383.1;379.1
2820;15750;362.85;358.4
6471;19607;472.4;468.4
19649;14535;374.79;374.49
6224;7390;381.52;380.12
9981;21076;448.2;445
17305;528;352.05;351.95
3288;6204;404.2;402.2
9631;13675;389.28;385.58
8210;5699;414.73;409.23
17526;1475;413.3;410.8
13732;11275;359.32;358
15449;18210;397;267
17324;179;407.1;400.7
14466;4495;425.1;420
19647;14531;378.5;374.4
13817;2643;422.02;421.12
9823;3147;436.2;435.2
19749;14707;434.22;433.42
15592;9281;422.8;422.1
17451;1157;378.84;375.84
12956;5168;364;329
6474;7537;390.31;361.56
11779;2152;408.65;407.2
11283;7357;444.64;434.44
2512;15725;459.75;442.75
7963;3770;429.06;427.66
10741;12401;446.9;424
7513;9693;390.63;383.93
16918;635;403;395
12494;2480;433.99;433.19
16987;6858;349.5;346.3
4378;21243;397.3;385.1
2442;19800;343.6;330.4
9324;12149;445.6;445
14654;4997;421.75;421.15
12675;22;413.9;411
12496;7334;434;430
11301;3397;449.1;448.6
12254;3272;425.7;422.9
6759;7999;389.78;388.38
13882;20720;394;389
17008;480;429;395
5341;13889;462.42;453.52
14790;5576;421.8;420.9
684;14063;373.22;369.87
17729;6493;446.9;442.7
15217;11942;386.79;383.49
12681;13575;413.3;409.7
17449;1149;378.05;372.85
16758;15108;351.55;350.1
19458;13045;435.35;434.75
19054;10501;385.26;384.71
2074;3323;433.9;432.8
2379;18505;403.6;394.6
9745;11123;418.75;373.75
12085;5834;403.4;400.3
16339;10051;347.6;339.3
14442;18194;424.95;420.75
353;22305;354.05;344.2
16990;6807;347.1;345.8
15695;16058;472.5;467.5
15285;7227;388;232
6427;20691;404.44;381.54
19303;12427;365.87;362.87
16967;543;421;419
15221;909;336.3;335.95
15119;4194;419.96;419.81
14012;16806;328;316
5070;2894;431.4;429.6
6902;6272;399.8;398.3
5744;13844;412.2;412
19428;12938;466.5;465.6
7816;4285;416.4;416
12699;11211;424.35;423.55
13943;4527;427.01;426.51
13496;4754;411;409.3
3345;8399;409.87;406.17
19118;11857;381.6;380.2
19285;12287;414.52;405.27
13076;2355;380.67;375.97
19283;12280;406;296
3373;3175;429;427
17486;1360;457.97;457.67
5113;8091;403.1;396.85
15129;5565;421.03;419.98
238;21225;357.9;340.9
12533;11200;400.45;395.6
8386;7759;456.4;455.6
17197;314;448.7;445.6
17702;6610;441.63;440.73
13406;7319;398;352
15221;912;332.05;329.2
712;19729;495.32;492.27
8439;7373;375.75;374.75
14060;11392;321;225
12363;8615;391.61;380.21
1001;20180;369.39;365.34
16224;4514;426.2;421.4
8223;21525;430.61;426.91
11800;2463;434.5;431.1
6294;3636;369.36;367.06
9027;16533;419.42;411.72
11666;2685;374.35;369.15
548;22258;369.85;343.9
1617;5870;403.79;403.04
18996;10338;435.25;430
16715;7105;446.08;444.58
11293;6079;404.9;403.1
3255;4846;427.95;420.45
19229;11783;455;449
11767;2246;377.02;374.62
15016;18611;407;331
16051;14863;431;427
12504;2827;395.61;394.31
8630;8524;418.51;417.91
1921;20265;383.4;376.56
13962;8697;423.2;413.2
13513;4786;396.75;390.2
16887;867;405.3;396.5
16649;4376;383;343
15912;15626;350;140
557;14015;379.2;376.9
13459;11225;484.55;420.5
18770;9433;452.9;202.9
10964;11152;414.57;410.57
9744;18426;409.73;404.73
4148;17226;375.8;375
6819;2532;398.9;389.1
12269;3897;380.55;378.75
396;17718;412.77;387.07
19437;12968;400.75;395.85
17521;1461;436.2;434.4
5112;12338;394.89;391.29
15129;5566;419.98;418.38
13499;4752;511.16;486.96
17893;12563;425.31;409.31
2390;4482;425.47;415.27
3535;22253;359.81;353.41
19754;14725;463.9;463.4
15031;18518;416;376
14111;13515;399.5;396.3
3289;6203;399.4;398.8
15509;16061;396;294
3011;17103;382;357.58
15562;16268;405.49;404.49
13410;21332;425.3;418.1
19045;10478;399.9;382.2
16958;124;355;334
18992;10326;469.5;468.1
3284;6230;395.1;394.4
7331;19428;360.5;354.9
687;14073;373.05;357.47
666;21300;367;365.58
12099;2917;422.74;414.74
94;13124;388.3;387.4
11526;19251;446.8;436.9
1759;10877;393.4;389.7
16918;638;345;259
19118;10657;380.2;375
14042;17156;437;247
10725;21561;416.4;414.7
296;21222;355.65;353
13154;20374;362;274
530;13980;363.6;359.95
17197;3575;451.8;448.7
7510;9659;366.58;364.58
16266;15374;357.7;352.2
13883;20718;411;393
4861;5969;403.8;402.5
2981;4598;427.24;426.84
661;17514;365.95;358.9
90;12553;379.59;372.94
9925;20953;339.3;332.5
19537;14150;404.6;403.8
19122;10675;384.5;382.2
5958;4052;452.36;445.46
11026;8596;421.7;421.4
11688;2317;374.07;369.27
17550;1588;385.73;384.68
7038;13819;386.06;385.86
17882;12630;355.82;353.82
5590;7973;379.4;377.7
353;22306;341.45;338.85
17560;1617;451.01;446.41
13095;13562;420.5;419.7
2015;5796;407.9;403.8
12433;2156;404.3;403.7
17534;1506;451.33;450.83
16120;13280;411.7;407.4
6619;9030;409.14;401.74
13038;4306;420;344
15886;15619;380;198
15469;13290;350;312
12071;11172;444.8;439.75
5147;18363;340.3;332
10056;4888;431.3;429
12251;3264;425.8;422.7
9959;16861;410.7;409.5
13994;3176;432;316
12489;2453;427.33;426.73
11863;13602;385.78;385.18
11824;7904;412.65;410.25
19461;13115;422.65;419.15
8754;21504;389.6;388.4
2356;5178;420.13;415.23
17077;5145;421;417.35
13088;12020;382.6;321.1
18938;10158;438;436.9
12513;5300;421.74;419.24
15009;18657;294;246
207;17898;308.34;305.34
17827;6714;367.3;366.2
7532;5258;414.27;413.97
12524;2270;370.6;369.2
5821;17438;390.1;388.2
17565;1627;392.69;389.59
8773;16743;399.4;385.95
4592;16752;408.55;401.35
15763;2434;383.28;381.93
16658;10024;342;128
14930;4718;420.55;409.05
17486;1361;457.67;443.67
16675;950;427.21;410.91
2620;15995;369.8;368.3
16563;9335;414.1;398.9
18854;9895;378;375
1041;21320;332;329.5
14707;13475;364.6;360.1
17296;388;411.96;398.46
14157;18310;385.64;374.64
19126;10694;375;370.5
19430;12952;414.7;413.1
15929;11586;351.2;343.2
4021;7983;381.67;380.27
16071;10070;379;237
13440;16176;411;409.3
8916;2776;473.5;473.2
12508;2659;386.99;384.09
14660;5385;419.45;417.9
2929;21318;403.02;400.02
18756;8541;384.3;379.9
14480;4297;417.74;416.14
17884;12636;414.18;409.68
2663;4253;419.77;417.62
10351;4139;427.2;425.9
1037;17643;388.7;383.6
2642;17390;404.62;395.62
1067;19826;335.19;317.53
10739;3041;450.6;449.8
11683;17115;382.6;368.8
17842;6750;367;365.6
3778;1981;374.2;365.2
17756;6394;395.9;388.9
19195;11357;415.5;414.7
8489;5043;421.29;419.69
15801;7078;327;303
15674;16102;427.7;421.7
15305;20749;378.9;373.8
15147;13197;387.75;387.45
11366;17485;409.13;400.03
19224;11770;503;385
7067;20235;367.72;355.72
19653;14541;374.51;369.11
18908;10079;469.84;469.44
11021;22348;431.4;430
12879;9231;408.64;407.39
5959;4048;452.59;451.19
19153;10740;386.13;379.03
5315;20879;409.42;398.22
2434;6765;342.8;314.8
94;13126;393.7;388
19121;10666;387.3;386.3
18868;9938;373.78;370.78
19484;13929;379.4;379.3
5645;5426;424.1;423.8
7540;9067;422.56;421.96
16637;549;390;302
9160;12177;386.28;385.18
19392;12830;383.7;379.6
18980;10295;382.7;381.2
17110;356;389.3;370.1
19060;10532;417.49;415.99
13789;11287;403;371
14409;8947;379.27;376.77
7664;20811;458.5;453.1
12090;2897;402.4;402
14867;20625;448.2;446.2
17691;6633;413.17;408.37
4250;19407;433.59;430.19
16949;523;399.26;336.36
3481;13535;378.04;374.14
3768;5550;376.65;363.45
15447;18214;451;199
11175;4915;430.4;428.9
11291;6071;407.8;407.5
1850;22196;412.5;412
3002;20346;417.64;415.24
14751;5887;400.76;400.06
17810;6661;408.25;390.25
14999;18332;357;329
11682;17745;382.25;368.45
15671;16105;429.7;420.2
16738;796;461.83;460.33
16627;11610;381.92;378.32
13943;4526;427.31;427.01
14764;7271;397.6;394.6
18710;14235;349.03;348.03
19428;12941;462.9;461.6
2305;20900;416.04;410.04
6761;7998;398.49;390.59
8695;17703;386.59;382.59
17696;6629;417;416
11580;2162;398.75;395.15
13088;12019;321.1;296
5343;13882;459.31;451.71
5160;18854;417.3;402.9
15736;11932;384.15;371.5
14926;4706;421.18;419.58
19415;12893;399.21;396.21
17823;6703;365;364.8
4778;2579;371.25;368.75
2066;3297;427.8;427.5
2098;5103;422.57;422.17
17296;389;398.46;366.96
16821;12472;425.8;411.8
2195;8338;415.94;412.14
7096;8496;422.51;421.61
917;20181;368.6;365.7
12442;6839;420.7;420.4
19762;14772;458.68;455.18
1152;17828;411.47;406.47
14250;4392;415.88;415.68
19111;10630;388.8;382.3
12480;5007;425.9;425.4
4578;16753;476.4;388.4
16185;11921;393.03;391.53
15043;11450;358;340
3937;7829;384.35;382.95
16356;15335;368.65;364.45
12609;8651;420.46;419.16
15494;5066;422;410
6017;16822;425.68;420.43
14425;2066;370.5;369.4
6593;4263;420.3;418.5
2414;10900;383.85;380.95
11296;21920;403.09;403.09
5208;8857;408.82;408.32
12888;16573;414.8;412
11779;2149;410;409.3
9977;20778;461.4;459
15148;21359;368.7;367.2
9494;2763;470.5;470.2
473;13971;377.03;373.93
17187;7914;373.7;373.15
2031;8802;421.73;420.88
9167;9138;422.3;420.4
13358;11994;383.02;382.62
16223;4511;426.4;420.5
2229;4834;429.9;429.65
13848;15713;436;314
6950;11052;384.42;375.22
19780;14850;373.19;362.19
12089;5846;397.5;396
6399;3499;438.41;436.91
16749;978;436.4;435.9
16040;15528;423.8;334.8
19252;12060;434.17;431.57
5032;10953;401.7;385.2
7537;11066;367.39;361.04
18863;9927;374.16;370.86
18837;9837;428.2;427.8
4373;18387;374.25;370.3
15927;15594;413;389
12773;2372;421.34;420.49
17462;6383;374;372
15228;768;387;353
6536;18886;394.69;369.49
18958;10215;426.3;425.3
19173;10794;396.9;394.4
7276;4662;446.9;446.4
3621;19436;318.5;315.5
18908;10076;472.84;472.24
16067;15473;420;374
11863;13603;420.18;419.88
13789;11288;371;311
19556;14209;422.7;422.2
15345;3821;416;352
1008;16977;369.42;366.07
8585;5264;420.39;416.89
19047;10483;410.3;407.9
10176;13653;359.6;335.2
2443;16737;345.55;326.75
13164;13559;450.6;426.6
14023;3753;425;421
9788;19264;393.95;378.85
9005;5419;425.2;424.4
11885;2472;418.4;418
16841;7613;389;353
8821;6798;370.93;365.43
114;9646;329.04;329
8207;13742;372.16;359.86
10516;13647;417.4;413.8
8612;19288;377.4;371
13940;16034;369.7;367.25
13814;3342;425.34;422.54
14529;6824;462.1;460.7
1589;8251;413.83;413.23
12448;11196;425.44;423.64
17190;3574;450.3;447.7
2524;20369;447.7;436.45
9935;6782;356.45;347.5
16645;7650;406;402
3248;19057;370.96;369.26
18851;9885;414.58;413.53
7451;13762;424.7;418.2
406;16449;415.64;408.14
4359;5702;417.5;407.65
12769;9200;408.14;406.99
11695;2337;377.29;374.99
18924;10112;441.38;439.28
17118;326;428.1;423.9
8511;4248;421.3;420.5
267;21829;348.66;336.66
19740;14673;397.5;396.1
19641;14511;386.8;367.7
13751;11279;397;393
11868;2479;425.9;418.7
19630;14482;365;237
15233;772;430;372
13816;2640;424.43;423.03
5166;20972;389.7;386.6
17189;451;376.1;373.95
19764;14789;443.99;440.99
6065;8928;412.64;404.34
7658;8037;433.05;431.85
11803;2487;359.3;353.1
17486;1364;419.97;418.22
19227;11777;392;370
19547;14181;464.8;461.1
11970;4877;430.9;428.6
10771;5693;413;411.6
44;14412;387.55;386.75
17712;6561;411.7;411.05
7526;3838;429.8;429.5
17502;1404;432.51;430.86
15006;6262;389;379
15484;17994;345;93
2804;4810;427.37;421.12
17462;6385;308;84
16368;15369;396;394.1
12840;5292;421;417.9
14022;6159;400;352
17473;1253;391.21;389.71
6811;7384;396.5;395.6
546;16594;370.1;348.27
3992;21442;441.9;430.5
2377;19259;394.52;387.12
1236;19807;381.15;371.1
10896;21025;478.8;478.2
11668;7884;353.3;344.2
2060;7019;395.7;385.3
12104;2929;392.94;390.09
2169;3372;439.7;438.6
13359;11987;390.22;389.82
2392;4487;427.63;426.93
17844;6759;371.6;368.4
8402;11099;404.96;390.66
10433;4403;414.55;413.55
12606;8641;419.01;417.71
11074;20557;399.55;392.05
17187;7915;373.15;371.6
4208;5756;417.48;404.78
12230;3204;419.4;418.4
1778;1998;422.18;419.43
8120;7379;400.39;394.29
17883;12635;366.8;355.3
15257;20042;369;271
15433;18286;395.1;387.7
19372;12786;401.6;399.6
232;20286;368;349.8
16698;9567;424.1;421.3
1772;8265;420.96;412.96
16429;13006;374;352
13932;16030;369.6;355.4
2519;21663;437.2;427.2
19541;14163;423.3;423.15
10571;16600;413.78;410.68
12774;2375;420.83;420.48
12681;13572;409.7;408.9
14436;18197;366;361.5
17715;6575;410.3;409.6
7238;17751;405.2;403.9
12193;16576;405.31;399.21
2166;3366;428.3;427
12132;9602;415.7;407
5718;20037;439.4;436.4
9209;17186;403.13;399.73
19647;14530;384.2;378.5
10799;11148;382.27;377.57
10301;5029;424.6;422.3
12808;6184;398.44;398.34
10096;4083;353.58;352.08
19223;11766;413.5;387.5
12774;2376;419.88;416.38
17284;219;378;368.5
2936;17600;395.93;386.93
7212;19001;286.69;279.89
18980;10296;381.2;375.3
14024;16853;360;210
688;14074;383.52;382.72
19768;14813;442.96;440.76
941;7902;361.64;352.54
3147;20457;398.4;396.75
2396;20479;410.37;409.37
12244;3236;425;422.7
8386;7761;454.9;451.3
8597;20637;369.01;358.11
18788;9468;382.15;380.85
10346;3962;427.2;426.9
12572;9757;390.85;390.7
4458;3514;448.3;445
19764;14785;464.99;461.49
16705;15156;369.72;364.37
5313;3082;432.69;431.69
12109;2239;378.75;375.65
2484;17648;389.87;373.47
3604;21459;387.35;385.6
14366;18008;373.22;369.57
14553;5774;416.29;404.29
19161;10761;385.21;385.01
13358;11991;379.8;371.67
17301;563;332;294
14062;3455;475;447
451;12189;418.43;417.93
19131;10712;453.96;448.81
14025;15898;336;158
5537;16871;390.24;384.24
15368;8991;416;415.8
17350;90;410.1;408.1
7822;9090;418.38;412.38
3288;6205;402.2;401
14742;11436;363.3;362.7
12960;7321;369;365
6799;6345;415.39;415.29
15035;13216;379;200
16448;7124;332;254
12511;6059;409.84;407.84
551;13997;367.62;367.2
6307;7387;382.48;380.18
12367;8630;393.77;392.27
10836;4960;426.6;426.5
15252;20066;411;276
301;15894;354.75;353.25
3936;7456;376.76;373.86
3784;2018;377.1;372.6
17819;6689;365.4;364.1
19245;11829;459.4;456.6
10574;17716;415.19;414.39
2173;13392;378.31;369.36
11353;21494;427.31;420.81
10803;22061;383.5;381.75
8620;7434;453.4;450.8
9354;13708;464.79;435.99
5006;20408;366.5;359.95
4379;17592;399.95;390.95
1333;12198;419.15;414.1
534;8077;383.75;381.45
9736;11121;344.54;344.54
2287;19083;427.19;426.79
15758;3908;360.33;358.93
12794;18926;412.36;410.06
4004;19234;444.35;433.55
2378;19228;407.43;397.83
11668;7889;360.7;353.7
7108;8062;421.48;420.78
1747;21447;370.2;365.4
17694;6647;413.1;403.5
19253;12062;432.68;431.48
13213;12011;387.1;385.6
16949;524;336.36;331.86
91;12555;392.2;368.2
1762;3382;451.07;450.47
15504;16106;235;179
15224;862;327.7;326.6
4025;7989;399.79;385.39
14897;827;371.4;369.1
19755;14734;460.7;453.7
5996;16812;472.5;471.4
17717;6554;409.4;401.8
19050;10493;411;410.6
13923;8688;397.75;393
12263;3881;388.4;383
5154;20165;416.4;394.95
12369;2437;401.73;398.33
14855;4184;424.04;417.54
16858;15034;384;212
8403;20658;398.16;378.76
10305;9560;447.85;445.55
6847;17173;369.62;367.02
5224;5133;413.23;412.78
5635;6199;409.3;408
15393;13144;364.83;357.63
12961;20967;298;286
9751;21100;384.59;380.59
12104;2928;393.29;392.94
11301;3399;447.3;445.3
15999;5559;420.2;396.8
2492;4855;428.68;427.33
11752;21136;377.23;376.33
9069;11111;423.2;420.3
13819;11290;374.8;374.8
11681;18868;402.5;402.2
13641;3451;471;451
19206;11691;288.2;280.2
2716;4017;475.8;475.5
15742;13083;357.5;356.5
729;15806;442.75;440.25
15032;5096;334;297
4145;21046;373.21;369.01
751;5191;412.61;412.11
6081;19474;429.38;368.4
19255;12065;436.16;434.36
10768;19240;367.6;361.5
642;4113;424.48;417.38
15655;9298;410.05;401.85
12441;6817;427.8;426.6
14043;11386;426;326
827;14094;375.25;372.05
730;20529;433.79;429.64
2565;13422;383.74;381.74
377;16885;350.85;345.75
7807;5814;418.7;416.2
13866;20792;399;291
5520;20859;406.73;398.33
15921;7152;438;268
6299;2958;375.25;371.85
724;15888;375.6;368.6
17129;288;418.1;417.4
17865;12684;389.08;387.68
4093;5906;400.4;398.7
292;17026;402.9;371.8
19183;11318;433.8;432.9
5694;10994;441.64;434.74
9699;3422;462.95;460.95
19104;10607;399.09;398.89
12771;2371;394.9;386.35
19213;11708;381;379
13088;12021;388;385.2
954;10858;397.11;397.01
13078;12039;404.06;403.26
6837;18120;389.5;386.82
17322;170;407;405.4
17104;5593;420.06;419.21
15060;13433;415.2;414.9
12212;22142;429;425.5
157;14449;375.53;374.58
17966;8531;362;178
17423;1059;454.8;445.3
12962;20965;409;381
13601;22331;476.5;458.8
2255;7745;494.19;489.69
15487;11498;348;292
5633;2015;391.7;390.9
14351;2794;441.25;375.44
1682;6003;406.77;405.62
12440;6883;413.34;412.24
8822;6781;382.43;373.13
16151;7143;398.21;394.31
2494;4861;429.26;428.61
16692;11648;377;363
14366;18009;381.67;373.22
5188;18360;406.95;400.95
17505;1415;392.9;390.8
17733;6488;387.79;379.89
725;21404;377.3;369
5029;21620;385.85;373.05
17894;12566;428.55;422.55
12334;2698;431.63;429.93
15452;7614;390;358
10171;7908;360.6;352.4
2069;3310;427.8;426.8
17341;5462;415.19;413.49
10410;11140;426.45;423.15
5330;21597;392.2;392
15601;9292;397.21;393.41
19274;12259;379;375
3421;13465;420.48;418.48
15302;11479;368.5;367.6
5515;17223;400.67;392.67
18938;10159;436.9;424.5
12612;8661;419.93;419.43
1110;13351;405.85;399.15
16899;9361;422.7;422.4
2435;6769;347.4;337.5
14566;16770;369.88;367.98
2523;20370;460.8;442.3
13320;11998;386.85;386.4
15722;7632;413;409
9848;18425;488;487.5
16911;645;454;446
3972;7820;471.6;471.3
2142;15912;425.95;418.9
11885;2473;418;395
3206;17256;346.08;339.18
16459;15264;413.6;400.4
11128;4927;426.8;426.4
17297;380;393.06;369.46
3625;7532;363.32;352.07
8627;13724;384.65;380.55
13457;18980;478.2;473.3
12513;5302;416.74;414.24
12509;2257;368.47;367.27
2112;1832;357.04;353.54
19174;10798;403.7;397.8
13489;17548;473.7;398
14839;8973;403.46;403.06
15444;7643;420;416
15383;13147;376.8;373
4755;20001;361.84;349.54
10457;6784;410.95;360.25
8925;21411;458.45;445.15
5753;7963;388.57;386.77
17434;1098;418.38;410.88
15253;11840;395;357
14945;11445;381.85;380.65
12939;12042;372.66;366.66
4946;20409;380.1;378.6
15657;9307;409.13;405.73
6215;8461;422.44;419.54
15066;18323;349.02;337.82
2017;4618;427.55;427.05
2419;22157;431.78;427.48
2153;4605;423.58;423.28
16937;588;371;225
15219;857;336.1;335.75
17286;1781;369.1;361.1
19120;10665;384.1;384
6597;4126;427.4;426.8
2432;21631;384.4;368.55
4447;3003;458.6;458.3
19099;10590;400.94;397.04
3027;21415;381.8;359.35
12192;19662;405.88;399.88
13494;4762;381.75;362
3608;1937;339.5;330.2
19456;13039;356.4;340.9
10873;19543;363.9;347.5
15238;761;417;413
18966;10243;381.43;381.28
7739;11077;367.16;365.26
13082;8086;397.33;397.03
19400;12852;399.96;398.46
19056;10511;409.91;406.11
18881;9966;377.96;375.46
462;15841;404.2;397
18946;10178;396.1;386.7
11187;21536;337.61;336.31
97;14420;371.25;370.75
15493;7194;378;360
6600;6046;406.5;394.3
12826;6162;402.1;400.8
12842;5298;421;418.7
15498;9592;413;263
14660;5382;422.9;422.35
10115;17861;388.24;384.34
12537;19182;384.4;372.4
15591;8757;421.4;416.7
8765;4270;421.1;420.4
16644;11615;346;252
3483;13543;406.4;398.7
12437;18925;346.9;346.9
13325;2558;397.6;363.6
7268;4956;427.5;425.8
14896;966;371.6;363.3
6462;9017;405.17;403.67
16810;15012;399;391.5
12511;6061;406.24;402.34
7755;19717;373.3;367.3
3272;1912;413.2;387.4
231;17048;342.65;339.23
17820;6692;370.3;365.5
3737;19895;423.73;421.03
14529;6826;459.7;459.1
17275;228;452.2;444
5531;19383;411.1;404.4
17533;1502;452.12;451.22
226;14469;349.5;342.75
3068;17650;367.56;364.56
2842;19440;382.5;375.8
2391;4484;427.43;426.83
19226;11775;347;157
4308;4362;414.24;413.34
15743;13077;369.4;353.9
13990;3278;437;321
11837;19230;427.9;422.8
9906;12145;405.08;404.18
4285;13911;413.27;411.77
17589;1705;374.15;371.85
15011;7937;436;396
8069;14226;387.35;386.35
10017;8576;388.92;384.32
17479;1287;436.79;435.94
2512;15726;442.75;421.85
1278;21087;392.69;390.99
15717;13091;410;404
2713;17367;399.3;371.4
7159;4318;421.2;420.4
3226;18546;387.2;386
16275;15414;412.85;408.75
12607;8645;417.98;415.38
3276;6216;392.2;387.45
19441;12976;420.71;420.21
15720;7182;395.5;198
10011;3675;340.4;322.4
10576;19613;400.36;397.46
14453;13499;404.9;402.8
18756;8540;385.9;384.3
19401;12855;395.82;394.22
15166;21334;370.9;370.5
10801;20337;390.27;387.27
4114;3540;427.7;425.8
16737;792;446;439.6
4898;17386;407.8;406.3
12442;6837;430.2;429
14373;18244;460.84;459.54
17565;1630;387.59;386.69
5859;16844;407.2;406.1
11891;21490;363.2;360.2
2340;8353;395.9;387.2
642;4110;425.48;424.98
3972;7454;471.3;466.6
12362;8614;393.2;391.85
15593;9284;422.4;422.15
7603;3489;437.15;436.2
19065;10554;426.56;424.61
6639;17267;394.9;394.6
1226;19771;362.35;343.6
19059;10530;408.29;405.89
19261;12077;437.15;435.85
1074;21055;358.2;357.6
18940;10163;438.8;437.1
19431;12954;397.74;396.89
17127;282;410.6;409.6
10406;8592;420.3;417.2
1574;1337;384.9;384.1
761;15884;312.72;305.12
16439;11607;381.6;380.8
13858;4982;353;322
5440;8886;417.1;414.6
19240;11811;469.4;468.85
13840;7728;477.7;472.4
16942;630;445;287
17195;307;459.7;458.2
15143;656;369;349
19035;10469;439.6;439
2913;4360;415.76;415.01
18960;10224;424.4;421.6
2286;8039;428.05;425.85
16083;3841;428;414
15089;21434;449.2;443.3
19246;11833;449.7;447.4
4254;2080;322.5;319.9
19176;10805;432.89;432.79
13883;20719;393;326
9653;19601;415.4;414.7
13911;16925;437.03;433.09
17305;531;336.55;335.55
4126;21418;445.1;439.9
8883;18954;439.8;438.4
15250;5071;422;420
7959;3782;427.33;427.03
2069;3309;428.4;427.8
6620;9034;410.33;401.83
4845;3156;437.3;435.9
13869;20770;400;240
19094;10576;429.07;423.17
15214;11950;382.48;369.58
15318;4830;428.4;427.4
13997;11307;348;288
13787;13549;364;326
19767;14811;444.44;441.34
9700;3420;461.3;460.5
4360;5744;415.85;405.35
16955;129;378;376
2167;3369;431;429.9
15239;776;452;446
16056;5805;417;395
8632;9119;422.56;422.36
15689;11516;441.85;440.25
5443;20277;387.1;381.1
15834;16300;304;162
17886;12588;426.71;426.21
16164;7567;380.68;366.58
14013;13524;325;321
7773;9077;422.8;421.7
1665;7577;416.35;412.85
2553;17519;397.22;391.52
17841;6746;369.4;368.4
1069;16114;333.39;321.19
14689;13488;398.57;358.77
18756;8538;387.1;385.9
11669;7894;358.1;353.2
4252;3167;422.15;420.3
17713;6566;411.3;410.7
18849;9876;354;322
443;19854;346.14;344.34
865;15796;369.6;363.95
552;14007;372.7;371
7773;9078;421.7;414.8
2006;5792;408.1;407.7
15560;16287;408.55;407.15
6632;21705;397;396.7
17470;1233;368.89;365.49
19518;14110;379.85;378.55
7089;11059;358;355.4
1233;21010;372.5;369.65
16600;13266;474.59;459.49
5889;11006;445.9;445.7
17005;5063;424.55;421.35
7526;3837;430.1;429.8
4080;21065;394.7;388.4
19268;12460;416;211
15287;20891;436;372
16965;614;413;411
8929;17739;455.4;442.9
19729;14648;414.12;410.22
5057;4632;406.17;399.57
10787;22002;396.32;396.07
17452;1159;384.07;383.77
6868;4584;427.21;425.01
9796;22268;427.8;386.1
2077;3334;439;438.4
17747;6423;427.63;427.13
19361;12768;442.26;441.66
16735;780;439.9;439.6
16311;9324;418.6;418.3
6985;20835;415;411
12785;5165;419.65;418.6
16711;13248;413.1;404.8
13508;4768;415;414.4
13364;8029;396.43;394.33
15801;7080;391;327
14751;5890;384.96;381.66
19548;14183;417.85;417.25
19119;10659;384.65;384
19319;12464;430;426.4
12106;2249;376.42;373.62
668;21424;365.6;362.4
19708;14614;403.6;403.3
11601;2982;373;372.5
5056;4629;407.23;399.03
5599;8453;411.2;400.1
253;22145;332.4;330.05
10849;6983;333.57;329.57
2448;7555;349;344.75
15237;766;375;319
4047;17588;384.9;383.6
17748;6428;428.1;426
15722;7180;397;351
19634;14493;367.15;367
16367;9332;400.06;395.66
6276;8463;396.9;391.5
5070;2893;315.3;304.1
14229;18226;370.95;369.85
18730;8156;6.34;-8.66
19067;10563;424.7;420.95
13006;16179;356.2;350.55
17443;1123;380.52;380.17
19721;14633;379;378.5
8483;4428;448.29;438.38
15875;8303;444;414
1537;19064;367.77;364.39
4534;8402;422.3;421.2
3271;12298;412.1;404.9
13474;16135;503.17;461.04
684;14061;375.52;375.02
16580;15272;365.2;361.1
244;17770;347;328.3
9937;8561;414.95;392.95
15282;2215;312;280
535;12192;388;385
19283;12279;436;406
11765;2276;383;379
19456;13037;409.4;393.4
15639;1723;369.45;368.75
17424;1061;455;445.1
17601;1759;417.5;415.9
8601;19289;403.57;393.77
8593;19786;363.78;347.98
10727;7424;481.5;478
4045;21645;390.5;387.15
12965;22048;396;320
8037;18535;332.3;320.3
15637;1712;380.1;378.1
19633;14488;388.8;388.5
6468;22103;474.25;469.45
12238;3222;427.7;426.4
10589;5327;421.16;419.06
4758;9739;387.7;381.3
16567;9344;417.1;399.3
12066;11166;443.3;440.4
13326;2561;402.2;401.5
8688;17205;383.67;378.82
13998;11309;362.6;200.6
7087;17150;413.71;404.31
18968;10256;377.12;373.42
12261;3876;392.7;388
6016;11018;361.01;355.96
16931;359;431.06;428.06
4364;5716;418.71;417.61
9389;5411;381.8;377.2
13982;7499;347.34;346.84
17322;171;405.4;404.5
10683;19647;423.66;420.06
3110;4894;431.15;430.7
13197;20304;405;399
6009;11010;359;355.3
17006;6165;401.97;401.27
7070;18965;350.07;347.47
15668;9774;388.64;388.44
17333;422;439.5;434.8
15268;740;462;440
17553;1601;417;414.55
17275;232;438.7;438
680;14048;371.9;340
16869;5237;409.19;395.14
12970;2722;473;472
5024;10949;419.3;397.3
19768;14815;437.66;419.76
17454;1168;382.78;378.88
895;22330;348.09;346.19
14572;21256;458;457
17106;9379;422.2;414.8
7818;6134;401.6;399.6
1393;4103;427.26;426.66
5521;20041;407.05;394.15
14836;8961;395.26;376.96
14804;7597;375.98;375.38
12795;7699;415.59;414.84
18;14377;368.5;362.85
8708;3716;427.15;424.85
5256;8868;416.24;416.14
945;7931;325.61;323.81
16346;6298;390.1;389.1
8234;11742;373;369
2968;19748;358.2;353
6598;6043;405.07;396.17
4984;1826;417.36;416.76
6760;8472;420.78;419.58
9937;8562;392.95;392.05
16335;15353;406.6;404.6
19022;10436;421.7;408.1
17550;1590;380.18;377.73
4626;21022;391.5;389
10836;4958;428.7;427.5
15298;6168;368;232
13451;19004;437.55;431.05
15999;5558;421.2;420.2
531;13993;368.07;367.57
17054;6842;379.2;378.9
16614;938;401.9;398.2
13365;8018;393.52;391.52
14439;5679;416.8;415.5
231;17047;351;346.5
14574;2756;470.65;469.55
17564;1626;447.95;430.25
2975;20899;362.2;361.5
10189;20567;441.5;439.2
19421;12907;423.49;422.09
12133;11181;443.9;442.1
2147;21269;376.95;352.25
3106;18458;411.34;407.44
19426;12928;419.9;419.5
13862;15994;391;350
15028;18540;368;342
12359;8604;394.41;392.41
8383;18099;386.91;385.5
2513;21484;444;428.3
5596;8902;411.2;399.4
2158;5621;416.02;413.17
10702;6108;402.5;401
6871;4892;431.54;428.84
6891;18758;400.7;399.7
19267;12249;311;74
12141;22143;346.55;339.4
4948;4355;422;421.4
17445;1134;378.17;374.57
14573;2761;469.63;468.83
2185;11670;372.6;371.3
19630;14481;425;365
16894;908;401.8;401.7
9982;22202;445.3;444.8
13874;12514;420;420
15273;6354;328;308
5267;4070;446.1;445.4
11405;5861;404.25;403.95
9927;2209;288;274
16398;15287;416.85;409.85
15267;12728;324.5;225.5
10903;18051;483.1;482.2
19287;12294;410.87;404.57
4104;8837;421;420.5
10595;19594;435.85;319.95
1705;18571;388.48;375.03
7418;18452;384.5;384.1
10017;8572;407.52;406.92
15769;11527;444.5;432.45
17104;5594;419.21;418.21
17419;1051;452.5;445.5
12104;2930;390.09;388.79
1660;14269;420.15;418.15
6664;21704;410.46;402.26
3252;8831;421.93;419.58
14524;9275;421.18;418.38
10671;3996;425.8;425.3
14010;15946;391;277
6772;18864;368.72;349.72
12104;2927;394.44;393.29
8628;9115;416.38;416.18
17194;3576;452.1;449.95
16923;653;430;428
414;16784;347.9;346.2
13804;17144;370.35;346.35
11704;4087;412;404
10017;8574;398.62;391.02
7676;3103;438.15;437.9
19121;10670;385.3;384.55
18966;10244;381.28;380.23
17198;317;459.4;457.7
15762;11928;369.72;364.52
13435;7702;420.1;419.4
6207;8932;410.98;409.38
18730;8152;413.84;385.84
17718;6538;434.09;432.49
10716;13641;474.9;474.5
8262;18531;440.34;435.24
535;12194;382.6;382.4
19422;12911;422.49;421.59
13837;7300;482.7;471
13495;4760;380.3;362.5
17300;557;400;302
12215;7420;434.7;433.2
16916;688;398;247
9632;13669;379.42;375.37
7955;9097;401.59;397.14
8226;19120;428.09;425.29
17326;187;440.62;440.02
15313;4813;430.2;429
16079;4901;412;370
13818;2645;418.42;417.82
16918;634;417;403
12242;3250;422.1;421.8
17441;1117;377.35;371.45
14943;11443;386.15;381
11277;11153;457;356
10187;17860;425.8;425.2
5222;5128;411.69;411.49
19119;10660;384;383.7
3973;7453;473.61;464.76
14646;7476;381;363
17703;6615;439.19;435.49
13495;4757;407;403.85
6103;7059;436.69;430.79
5635;6200;408;406.4
6956;18064;381.65;375.35
12067;11167;449;439.6
3249;18544;374.82;368.52
11972;4883;432.75;432.45
2107;3915;371.3;356.75
3194;20877;398.55;391.45
14302;18130;432.28;429.88
2979;4593;427.83;424.43
2982;4601;427.32;426.92
10285;9166;408.29;404.49
7639;18037;368.27;368.02
19608;14294;412.9;411.5
4225;5075;420.8;420.5
11970;4878;428.6;427.3
17521;1462;434.4;431
10147;8580;409.85;400.85
17747;6419;432.13;431.03
3032;18947;347.9;339.4
17740;6440;455.5;455.2
15219;858;335.75;332.4
17274;9405;421.69;410.59
2067;3302;427.4;424.6
12964;7082;409.86;407.56
67;21852;361.3;356.7
19381;12804;373.8;373.5
12250;3258;429.5;428.2
16876;851;421.96;421.46
17292;403;412.17;393.77
13714;18364;372.15;371
9930;7942;422.7;394.4
4079;17455;395.45;391.85
12531;20205;437.57;434.97
15525;16338;438;228
12202;2792;440.72;416.42
17814;6677;375.73;375.03
3619;18971;331.14;311.9
16956;134;469;285
14035;7267;440;302
5069;2874;375.1;370.3
11424;2869;384.65;374.35
8175;17307;441.8;435.8
5956;9662;372.38;360.23
6021;16821;406.19;403.19
5126;19037;387.41;370.91
3621;19435;360;318.5
16261;15382;433.3;428.1
7696;20801;366.65;357.9
7398;19334;360.69;354.34
9629;9147;421.73;421.23
10148;9157;417.22;416.32
19099;10589;401.64;400.94
13790;7304;235;230
1142;22112;364.25;359.65
8167;11089;443.5;435.65
13937;8696;410.1;408.1
13465;11237;479.9;476.5
16979;491;418;360
19770;14822;455.93;453.93
18828;9805;397.15;393.35
2066;3299;426.3;424.8
19448;12995;422.3;420.65
13923;8687;399;397.75
16991;6872;347.1;346.1
7941;5273;414.89;413.19
2354;5174;404.74;399.24
4251;3170;427.65;426.25
335;10842;426.08;419.98
17817;6683;376.12;374.12
12232;3213;426;425.8
17331;212;415.8;415
11155;7492;371.2;368.45
11529;9185;416.7;414.9
16951;604;336.5;286.5
10892;7871;359.6;351.4
17552;1596;419.19;418.39
12776;9205;421.99;421.54
17455;1173;380.83;380.33
7434;17123;468.5;467.2
8872;6138;400.9;400
17538;1522;398.33;371.13
19543;14168;408.35;407.95
17562;1621;448.34;447.74
331;10838;418.81;416.48
15012;18489;408;288
5539;21573;388.19;381.39
7058;5306;417.1;416.2
8813;16725;376.05;374.25
3020;18480;393.6;359.6
1437;16067;339.44;334.04
10434;2179;355.35;64.35
16822;3426;458;448
10740;13634;449.93;449.63
19664;14553;378.55;377.15
17533;1504;447.82;441.72
4579;21623;468.1;460.1
19242;11817;469.25;467.75
13165;21272;378.9;366.5
11425;2707;456.15;391.15
945;7936;323.81;297.61
2527;22275;448.1;446.9
12235;3197;427.8;424.8
10587;5321;421.53;419.63
8523;22224;470.2;467.8
17702;6608;444.03;442.93
809;19419;412.3;408.85
18956;10206;419.04;415.94
13846;7296;376.2;340.2
10160;9160;341.85;338.55
3037;4558;423.7;417.7
681;14051;376.99;373.29
7995;2632;367.5;366
13245;2288;380.7;374
15786;16120;423.8;419.4
13121;20124;350.11;344.31
2403;12216;396.05;394.85
15882;13072;365;353
19646;14527;382.6;379.1
6810;7383;376;373.7
1004;16979;373.16;359.26
6396;13835;372.72;355.12
19770;14824;443.43;441.43
16076;11596;324;124
18846;9865;394.8;394.4
19328;12480;418.2;417.75
11154;7581;403.25;387.5
2846;17016;383.2;376.2
1027;19825;388.35;384.05
9166;9136;421.7;410.3
16164;7569;385.78;384.88
13407;7701;454;446
12774;9203;420.23;419.88
15137;8749;419.95;419.15
8693;19098;386.18;385.78
11320;14342;404.55;404.25
1809;15699;409.52;406.02
3035;18945;344.55;307.35
13401;9240;418.85;418.4
11424;2868;399.15;384.65
4930;3802;439.4;438.9
762;17403;323.47;312.82
11694;2333;376.72;375.42
7608;18582;384.04;381.24
16224;4513;426.7;426.2
6176;17915;355.9;351
16900;9366;422.58;421.88
17545;1563;377.16;353.96
10694;6091;405.05;404.85
19309;12438;429.85;429.1
13997;14359;408;348
19438;12970;396.66;384.91
3069;16715;363.84;356.79
16986;6811;348.4;347.1
2333;22018;357.36;354.01
6949;11049;393.47;384.37
2657;16544;394.91;387.91
6948;11048;381.53;376.63
5137;4949;428.8;428.4
19750;14709;460.67;455.67
3321;8392;422.65;421
4046;21420;390.15;389.75
8625;13728;383.2;376.5
2403;12218;368.55;366.35
17709;6577;452.15;451.85
4943;20552;376.3;373.5
7938;5331;422.04;421.34
5529;18829;416.37;410.07
11705;3047;431;347
8247;11097;425.7;417.6
16690;7106;387;379
1425;16069;361.6;359.3
19759;14755;466.23;465.13
8457;6008;403.8;401.8
19125;10687;385.3;382.8
12138;17780;346.6;328.1
5725;16847;421.27;414.67
3257;22176;391.71;388.71
17588;1700;375.3;375
11317;9582;414.82;403.12
10810;18053;333.14;328.64
14438;5684;418.3;417.5
12937;12050;386.37;385.97
10696;6099;405.55;405.35
10213;19100;368.95;363.4
19001;10347;375.02;367.32
387;22219;368.9;365.1
1261;7608;378;377.2
15496;18277;478;328
3047;22365;405.24;401.94
8882;16699;438.2;437.2
1261;7609;377.2;374
14037;15944;354;316
6208;8934;413.83;413.63
10967;19504;434.5;420.6
5954;8912;417.4;416.1
17546;1566;385.64;382.04
7576;8055;421.28;420.18
9354;13706;424.39;422.79
2358;5184;419.3;413.6
12711;5534;420.26;419.51
17816;6680;376.11;374.11
18960;10222;425.6;424.4
10246;9742;386.3;384
11971;4882;428.8;427.4
19443;12983;418.8;410.35
673;19379;352.9;345.2
4114;3538;428.8;428.4
17014;463;401.6;396.7
19102;10602;401.47;400.87
14648;21118;343;265
7101;8507;422.07;420.87
17281;225;314;168
15913;15564;416;366
15943;2084;347.46;345.56
2096;22199;401.39;394.84
10854;20012;389.76;387.21
3131;18457;476.5;475
8625;13727;386.3;383.2
269;15917;348.16;342.26
2978;4589;427.95;427.55
2536;20459;365.93;361.93
5033;10955;395;383.6
1454;22070;378.3;373.1
13946;4535;427.55;427.15
828;10851;373.47;369.77
7705;17358;394;390.1
3956;5706;420.38;419.48
19593;14247;422.26;419.61
17577;1669;417.8;413
6431;20690;398.55;386.85
15147;13199;377.35;369.75
17325;180;439.56;439.26
2983;18648;380.28;378.08
16519;15254;423.4;416.6
19096;10582;429.95;419.6
13963;15708;411.5;393.6
718;21298;495.5;494.84
17444;1126;384.31;383.26
19748;14701;442.23;440.73
5219;4303;423.3;422.7
13602;17746;478;460.8
2001;5829;397.1;395.1
4390;18693;438.35;437.3
10494;3509;434.7;434.2
14006;13529;415.28;411.28
16796;697;433;406
17570;1648;418.1;405.45
8627;13722;386.15;385.9
16090;14372;380.46;377.16
5267;4069;448.4;446.1
2851;12231;382.7;380.7
4527;19660;378.59;376.09
8613;17758;385.3;371.9
15460;18142;409;203
19284;12282;414.16;409.41
2066;3298;427.5;426.3
17826;6710;370.7;367
10179;2049;387.27;383.77
4718;18682;369.13;367.18
13998;13530;400.6;372.6
8780;17754;444.46;442.36
19107;10617;389.7;388.7
19545;14174;465.55;465.35
14034;7268;384;304
2517;22214;462.85;450.4
941;7898;374.04;371.04
11328;5036;393;315
12785;5167;414.5;404.4
10543;17787;476.7;475.4
13563;14355;452.2;448.9
12372;8013;396.31;384.21
19298;12394;370.7;370.46
1155;19899;401.09;398.09
13867;20791;366;300
17823;6702;369.8;365
19396;12842;383.92;381.72
541;15822;373.75;364.45
5476;8438;420.1;418.9
15713;5092;422;325
8921;11103;430.87;430.87
12370;2445;397.73;390.53
5213;18598;394.8;392
7393;5376;421.29;419.19
3504;4643;426.77;426.37
17540;1530;420.15;419.95
8243;11095;463.9;462.1
17821;6697;364.8;364.4
18995;10335;437.14;434.89
4097;12318;386.05;384.9
6534;19021;422.76;419.36
15486;11496;409;369
6955;20806;349.85;342.75
13847;7293;402.2;376.2
7372;17783;384.2;376.4
2798;20483;375.88;371.23
6593;4261;422;421.3
10624;11144;373.79;372.09
19103;10604;399.12;398.57
8624;13731;385.65;382.35
11320;14343;404.25;370.95
15181;21310;359.6;358.8
17344;64;385.47;385.22
13465;11236;522.7;479.9
10676;4904;429.5;428.9
1660;14267;450.95;446.45
15446;13142;361;265
19398;12848;409.7;408.9
13339;16368;387.4;386.65
19015;10398;428.85;427.25
10545;19712;342.2;338.5
10676;4902;430.2;429.9
17334;414;445.1;443.6
3053;8816;410.87;406.37
6870;5766;415.74;413.34
16914;680;444;435
19232;11789;429;351
15490;11501;410;390
12413;2432;382.08;376.58
1134;22183;370.99;367.04
15413;17953;403.63;386.03
14735;21661;390.3;379.8
19345;12739;421.3;408.4
6211;14324;375.25;372.55
7946;18978;382.03;365.43
13749;17192;397.23;391
7530;5253;409.63;402.83
12042;11164;390.1;389.3
4028;17244;369.2;369
19130;10707;458.36;456.46
17596;1745;417.4;416.5
326;10834;425.89;423.29
11196;2881;374.04;371.39
16421;7776;455.65;454.9
19235;11801;356;116
5318;2715;491.8;491
7007;8035;397.77;385.32
10171;7907;326.8;320.5
4604;3616;360.16;358.46
8820;2839;402.8;373.5
18710;14234;382.03;349.03
17305;530;351.05;336.55
16255;10061;363.3;360.3
8805;21068;457;449.1
3009;18759;386.1;360.17
8741;13720;426.3;426
10773;5690;404.25;402.35
17471;1242;409;405
17447;1142;377.43;373.73
2186;21200;362.45;357.2
14234;7799;424;423.8
8911;3812;433.1;432.9
19264;12083;420.75;419.05
8587;5271;412.3;404.5
14480;4295;418.14;417.94
10537;16601;378.42;368.62
17836;6729;373.2;371.8
11825;7917;412;410.95
2014;5812;412.65;398
19453;13023;422.48;422.08
276;22265;350.3;349.8
17863;12694;340.7;339.35
18981;10301;384.6;384
4129;17432;436.7;432.6
13952;2055;339.05;337.05
6176;17914;357;356.2
4283;19327;413.05;405.05
16164;7571;380.88;380.68
530;13981;373.05;371.02
12246;3230;419.9;419.1
529;13976;373.1;370.9
557;14016;376.9;373.9
8146;5014;425.4;425.1
7102;8511;420.9;417.7
9971;21096;411;410.7
2564;13420;392.51;384.61
3851;21643;395.45;392.45
5479;18110;381.3;380.9
5124;17373;420.78;398.68
12510;2879;369.73;367.48
4838;8854;400.54;400.24
16942;628;457;453
16065;6190;357.8;209.8
17076;5141;422;421.2
6384;21207;385;383.6
760;21102;307.8;305.8
4757;9733;374.71;373.71
1999;5831;398.5;398
6399;3498;439.86;438.41
17697;6657;374;302
19015;10396;430;429.85
1664;1805;383.7;380.8
12131;19268;404.35;398.2
16608;9351;421.88;421.18
10764;3685;363.58;348.18
11685;2692;420.1;419.9
16636;7115;201;129
14037;15924;356;354
5815;18736;384.71;379.71
5269;4075;450;449.1
13508;4769;414.4;409
18827;9803;381.4;376.4
19303;12429;359.87;355.37
717;18184;495.9;494.05
2016;4341;411.8;404.65
17881;12624;356.89;344.39
15803;9001;410;408
10032;19672;413.86;407.06
10924;7485;349;344.8
15455;11487;414;304
2157;5617;419.42;415.97
4072;10934;418.34;377.14
11049;16597;481;480.2
17578;1671;420.25;411.8
12307;17769;371;366.2
19397;12846;405.3;397.3
16106;2442;398.31;395.11
19275;12262;378.8;375.6
12844;6281;393.6;390.6
18856;9902;378.41;376.71
2440;21105;350.5;334
8482;4427;453.9;447.5
3111;20071;373.99;369.34
17450;1204;381.95;378.05
3292;5910;399.2;399
2126;20008;422.7;381.1
15284;6849;204;186
2302;17867;424.32;401.97
15222;882;331.75;330.55
10693;6089;401.4;400.2
8460;11101;433.45;431.4
11256;3686;374.92;371.32
12411;12089;380.59;379.69
6600;6044;414.2;407.4
12233;3209;429.8;425.9
16927;672;391;373
674;21129;368;364.8
19762;14774;448.08;441.38
5532;16948;407.25;401.95
9535;4449;437.05;429.8
13816;2641;423.03;420.43
7222;3663;368.88;368.58
9396;16531;447.21;437.06
12784;5316;420.77;418.57
16079;4897;370;354
16958;121;397;391
17695;6630;415.5;414.5
103;15962;364;362.25
12784;5315;422.77;420.77
10020;4603;431.05;430.25
14746;21635;399.31;392.01
19013;10388;427.88;427.08
1005;13340;359.56;353.56
17698;6628;455;443
16598;13271;468.57;465.97
10555;3732;428.4;427.75
14241;8704;402.9;401.5
234;22286;340.1;335.25
15256;20043;407;305
6294;3633;375.26;374.21
17283;456;403.2;369.2
14897;830;365.7;365.05
2339;15747;386.2;385.2
19519;14113;380.5;379.6
7965;3788;427.27;427.07
14970;19;392;391.1
15253;737;395;357
10555;3733;427.75;427.4
13464;11234;506.8;457
6023;16820;394.95;388.8
16044;8200;354;253
11127;4947;429;427.1
9314;2992;456.2;455.9
19222;11734;471;245
17449;1147;382.15;381.35
445;22058;357.58;347.98
11580;2161;401.25;398.75
15067;18322;326.42;318.52
1418;11855;375.44;372.59
14391;11430;381.15;380.15
19388;12820;375.9;373.8
4647;21730;423.77;419.67
8742;13717;426.5;426.2
12505;2647;374.92;368.92
16297;15408;383.6;380.8
12246;3227;427.1;426.3
15143;659;401;394
18831;9817;440.8;436.8
1867;10881;402.8;378.8
19408;12869;427.05;425.25
14433;18218;463.69;457.89
9229;12155;403.69;401.29
891;15795;353.8;344.2
470;15809;404.5;383.7
12564;13594;380.1;378.8
14445;17654;428.3;424.2
2362;3693;427.9;426.9
904;19376;365.85;358.29
19154;10742;393.21;386.91
17719;6542;433.56;432.76
19734;14655;416.5;416.1
1754;20957;364.7;355.25
18786;9462;382.85;382.05
5268;4073;447.4;446.6
8283;9102;416.2;414
11114;17511;427.4;425.7
16803;7095;416;230
2014;5811;417.4;412.65
8039;20959;332.2;318.7
535;12193;385;382.6
17349;89;368;122
19000;10346;370.68;363.48
14548;16795;410.42;403.82
19062;10543;423.77;418.47
16739;802;420.1;418.35
8370;12183;380.57;377.77
19448;12996;420.65;419.55
19429;12947;413.2;409.8
15224;866;341.6;341.4
9788;19262;412.65;393.95
17499;1392;434.92;433.52
18862;9922;378;376.45
14156;18311;389.5;385.7
14013;13522;399;395
1664;1804;386.6;383.7
17966;8530;370;362
5963;5263;418.46;411.86
14480;4298;416.14;413.34
17822;6698;372.9;369.9
1351;19066;361.35;354.1
16340;11898;331.88;314.48
17190;294;453.53;451.1
18876;9954;376.31;370.31
18957;10212;425.7;421.1
8417;17605;405.7;404.8
11347;22016;437.55;437.5
250;21518;349.3;337.6
17508;1425;418.45;418.05
1103;21033;375.39;363.19
13514;4789;390.5;384.1
7059;5309;417.4;415.7
208;14467;333.38;326.68
5447;19384;390.47;385.07
15218;11940;386.44;385.64
15023;18561;415;405
19287;12292;415.57;414.97
7448;20812;417.4;410.4
4032;17456;369;364
12534;11202;396.5;391.9
2579;4502;426.91;418.61
13079;16779;386.04;377.79
8282;16564;362.5;361.9
8305;11098;462.6;462.1
8655;20381;374.29;366.59
1234;8148;372.25;369.1
4238;21396;425.41;421.21
15211;11960;382.74;369.94
9149;17532;362.05;352.6
15783;11548;423.01;422.56
18961;10227;463.63;456.23
14185;11408;374.59;370.79
10955;22225;393.2;390.2
19518;14109;382.45;379.85
1577;1353;383.35;380.05
9150;21502;368.2;362.3
12100;2905;422.03;420.83
6097;23005;408.1;407.5
5211;8428;404.54;402.64
17586;1694;373;369.6
13788;7306;425;413
15147;13198;387.45;377.35
112;17097;338.7;334.4
12611;8657;420.04;419.34
12221;16047;400.42;395.32
7453;13751;429.9;429.85
9792;21978;409.75;387.45
12686;15985;394.4;393.2
17895;12571;428.3;421.3
1868;10882;391.75;371.75
17336;5448;421.57;420.17
11364;18276;420.42;402.02
7268;4955;428.3;427.5
306;16439;384.73;376.18
4099;19408;380.8;376.8
19393;12832;387.74;383.94
6789;20855;390.97;388.32
14334;18035;431.2;413.5
2127;15774;430.2;390.7
13563;14354;452.7;452.2
11351;20490;425.95;420.35
5081;20167;383.5;382.4
15113;21408;422.97;415.22
2528;18649;441.15;438.2
18882;9969;404.48;403.18
12711;5535;419.51;416.86
18982;10304;385.4;381.1
14367;18007;378.74;372.84
4107;8841;418.5;410.4
6096;11028;379.47;365.52
17450;1205;378.05;372.35
15312;4812;428.2;420.1
5735;4986;427.15;426.9
19444;12986;357.4;356.6
8922;11104;434.43;432.63
18858;9909;376.38;375.03
9763;8555;419.4;416.25
12774;9202;420.48;420.23
7956;9099;420.02;419.02
10893;7842;369.7;368.8
3988;18900;402.78;397.98
16849;200;451;445
9846;19123;483.83;482.43
6758;8023;419.75;419.05
4103;8833;421.21;420.91
5276;16892;549;543.6
2060;7017;408.9;406.35
1331;1298;395.83;362.2
3254;4843;428.11;420.21
3322;8395;422.16;421.86
7867;3815;433.28;432.18
2908;8370;413.49;409.69
19425;12923;416.2;416
16555;15277;404.5;400.1
5598;8904;415.8;415.4
10538;2970;366.59;363.19
11475;7621;409.2;404.7
17727;6520;459.3;457.5
9924;20335;378.15;358.55
1114;13365;368.9;368.3
16268;15420;356;350.6
14383;9256;409.7;406.6
2113;19921;359.23;353.93
15657;9309;399.53;397.33
2030;8800;422.39;421.79
17292;405;393.77;385.17
12267;3891;379;377.4
19153;10739;395.83;386.13
18785;11862;371.3;271.8
1029;17430;387.78;387.28
9930;7941;425.4;422.7
354;15845;343.5;338.65
19546;14178;465.35;461.55
437;6248;371.25;370.95
18812;9523;464.46;450.26
8204;4155;424.2;423.8
17534;1508;447.63;442.43
7452;13755;424.9;414.5
17756;6391;417.4;415.9
14830;5024;423.19;418.79
14614;8738;421.59;419.84
12505;2648;380.92;377.92
8984;19602;389.35;382.05
14435;18216;364.76;361.16
1332;1316;343.8;336.3
19208;11696;375.1;371.75
14300;9249;406.2;405.95
3292;5907;402;401.7
4113;3542;428.2;428
12263;3882;393;392.5
1128;19964;378.3;358.25
7192;16611;397.6;387.1
17452;1161;379.77;378.87
10190;20338;446.4;444.2
16955;131;312;298
2853;12236;384.85;379.1
8636;9130;420.52;0
15072;13313;408.8;405
879;17067;366.5;361.65
14573;2762;468.83;464.73
2743;18527;393.5;389.35
19778;14843;354.19;350.19
7604;11070;386.32;383.32
6082;18473;368.9;349
6958;21687;381.98;375.18
4130;21398;449.75;442.75
19001;10348;367.32;363.02
17600;1758;415.4;413.4
3271;12299;404.9;396.1
9208;21145;403.6;402.6
9608;21252;431.75;425.65
832;10855;492.7;485.8
5466;13161;391.8;391
6044;16800;381.81;380.81
13340;16367;388.45;386.05
8401;19170;401.03;397.93
381;17719;375.12;373.37
8436;17814;380.9;379.8
14897;833;365.05;363.5
2081;9648;371.03;368.43
2403;12215;366.35;363.05
10625;11145;377.85;373.3
6067;20713;426;417.3
1039;21078;392.4;385
1937;3702;428.5;428.2
17338;5452;419.57;418.57
17545;1561;382.66;380.16
19482;13925;428.8;418.4
14759;7253;428.2;420.7
377;16867;354.1;350.85
19711;14621;378.8;367.85
15591;8756;422.45;421.4
16311;9326;412.2;408.7
17984;8306;486;480
19;14380;372.46;363.36
7955;9095;420.84;420.04
6484;6014;403.7;400.7
5814;18909;395.28;394.21
9398;20184;444.64;442.99
14663;5394;421.5;418.9
9148;20977;361.8;352.4
1101;17850;361.77;355.62
129;19159;360.6;345
18962;10228;466.7;466.5
15860;6348;419.2;416.2
9931;8556;422.6;421
1273;17872;388.62;375.5
11405;5862;403.95;402.85
6026;18476;395.7;392.9
19683;14577;387;386.65
3278;6222;384.59;384.29
13962;8698;413.2;408.7
17934;11893;389.12;378.92
19207;11694;377;371
10668;3985;425.9;425.3
9844;19757;489.34;485.99
2359;5185;417.71;416.91
1149;15765;366.15;360
14244;8713;395.5;393.8
10256;21052;406.8;405.2
10235;4963;430.3;429.5
10096;3680;386.28;384.38
2114;19113;366.52;359.17
1304;3191;426;378
3037;4557;425.7;423.7
12520;2565;354.7;353.2
7355;18437;369.43;354.03
7185;13789;457.7;441.7
16804;15071;407;379
14244;8714;401.8;400.7
12644;18366;413.81;410.01
11679;6326;412;411.5
12590;20445;499.5;476.3
15888;7154;364;130
16344;7138;410.47;358.17
6484;6015;400.7;400.3
17300;559;275;210
15615;13133;432.27;419.87
9127;6192;408.3;408
8215;16660;419.33;418.93
8116;18013;425.35;421.05
15668;9775;388.44;367.74
11967;20488;395;389.2
2914;4359;414.33;402.68
5400;9746;405.04;404.79
19188;11331;439.3;436.6
5232;10972;409.3;373.3
15647;16150;381.76;376.86
16851;15070;365;163
18967;10249;380.74;380.37
7661;11075;417.05;417
12089;5845;400.2;397.5
16859;15007;350;184
10205;21071;388.3;385
12963;13334;350;296
17117;320;432.7;430.3
10010;3670;330.07;321.37
3504;4646;424.17;418.77
17721;6529;414.5;413.1
17884;12637;409.68;405.68
17353;100;436;430
15770;11530;454.7;447
5691;10993;401.95;400.55
5267;4067;449.1;448.9
7300;18441;405.62;401.77
16155;6290;392.4;391
1303;3765;428.5;426.5
17842;6747;373.2;372.3
3258;19205;392.14;383.14
6953;11056;388.8;384.6
1843;18553;391.78;389
7019;18755;397.23;391.33
3335;21317;388.73;376.43
11193;12105;470.5;464.7
10148;9158;416.32;408.72
17571;1652;371.72;364.7
13921;8683;398.6;397.4
15286;13175;364;278
19483;13926;430;429.1
7099;8504;421.45;417.15
12562;3547;429.53;429.03
4041;17243;398.3;392.93
8827;3120;437.05;436.85
5589;8895;420.31;420.21
6495;18713;375.3;373.7
15266;13180;355.3;339.3
4149;13843;405.76;405.06
17409;1034;369.79;368.04
3162;22362;404.22;399.22
10924;7487;351.3;350.3
18830;9812;454.5;451.5
15760;13076;370.6;369
15327;11737;381.9;374.7
14016;6009;367;310
14023;3751;407;309
11888;2831;408.8;404
5750;8908;420.18;410.18
10261;19243;397.04;391.14
8121;7377;398.61;389.71
15210;11963;386.97;386.47
1142;22113;376.35;364.25
16496;7118;421.62;418.62
15712;5996;359;269
9323;18916;392.1;389.4
5143;17353;421.7;411.4
12003;21348;392;389.9
5228;16918;397.9;392.5
12914;6268;399.03;398.63
9069;11110;426.2;423.2
18803;9496;435;411
7062;22100;354.3;342.8
17441;1115;381.45;380.65
15418;17933;408.57;406.37
10516;13645;413.8;407.9
15917;8195;421;371
17194;303;456;454.3
1882;10884;425.62;419.32
12779;4320;414.22;399.22
14743;21305;376.4;371.6
12359;8606;389.01;387.41
10756;19568;410.48;404.98
19308;12437;429.3;425.6
11572;2145;409.9;408.7
16867;4223;422.3;421.9
16025;3432;462;461.7
14966;4;392.8;391.5
10515;13648;412.4;407
3251;8825;421.53;421.23
13428;6307;393;388
4603;20249;362.99;357.89
12499;2815;408.2;406.25
10763;19566;379.52;375.22
12365;8626;392.89;392.49
7453;13752;429.85;429.5
17559;1615;451.62;444.02
2621;3587;399.5;367.38
435;8776;379.15;347.75
6786;8482;422.85;421.9
12202;2790;410.12;324.02
6819;2529;389.1;357.1
12015;21900;449.11;443.41
13086;12028;418.57;418.14
2431;19282;381.83;376.13
13419;2280;381.5;376.5
12362;8612;401.7;396.7
17281;221;416;408
7097;8498;421.82;421.42
11212;2226;386.8;369
4260;21262;403.5;391.7
14338;19199;418.2;410.8
825;21388;360.6;350.6
19364;12774;443;442.2
12770;2366;417.17;388.47
7445;17178;347.8;347.75
18830;9814;446.5;442.5
10147;8578;415.95;414.15
15247;13189;356;244
2176;13400;382.63;380.28
7306;18729;378.8;371.1
11051;3134;436.5;435.3
19161;10763;382.21;381.01
18788;9469;380.85;379.45
15768;11524;442.2;413.4
13514;4787;400;399.5
15421;17932;414.89;407.92
3480;13533;388.81;385.21
15395;5216;417.65;416.95
14856;4189;426.44;420.74
9673;20355;414.75;409.3
15141;13301;375.67;375.17
1101;17849;375.22;361.77
12503;2837;425.08;410.08
11566;2130;413.6;411.9
9166;9135;422;421.7
19757;14747;453.38;435.38
16047;15520;326.8;292.8
17716;6551;400.2;362.3
1805;7617;375.02;373.72
437;6250;392.95;387.7
2526;15724;458.5;443.6
17843;6754;367.6;365.2
12881;6034;416.04;405.34
1131;21031;364.2;360.8
2537;19062;368.76;366.7
17116;339;356.2;344.7
16867;4225;420.5;420
16452;15301;404;396
4987;9682;370.51;369.11
16811;15036;383.3;379.3
156;14443;377.23;362.9
13814;3340;428.04;427.44
14835;8960;402.03;400.23
4535;8404;422.6;422.3
240;17895;339.1;333.5
6849;20654;355.78;354.28
7821;9086;418.07;413.97
17209;5640;415.8;415.3
19315;12447;428.85;425.45
12939;12044;384.46;381.56
17894;12567;422.55;408.55
12504;2828;394.31;392.31
8968;6140;399.6;391.4
355;22221;355.35;349
19057;10520;396.76;389.76
10026;12139;365.73;363.43
6601;6051;401.85;400.55
4359;5700;420.65;419.85
19491;13947;473.11;460.61
6787;8485;422.48;421.98
13710;11270;394.7;393.2
12471;21593;392.8;392.02
12881;6031;420.34;418.84
558;14021;373.4;372.8
15288;20872;317;155
14371;11426;459.69;459.49
6513;20366;397.2;396.8
4396;22316;377.31;367.91
19488;13943;473;468.5
9739;3974;431;430.7
2519;21662;455.3;437.2
19454;13031;412.6;409
15601;9291;402.21;397.21
11420;5739;419.92;419.02
10026;12142;366.63;365.73
15313;4814;428;420.2
9988;15879;414.4;410
17053;5549;417.36;414.96
2610;19897;383;371.8
17879;12663;422.1;395.1
293;17663;376.3;374.2
12190;21466;442.2;438.9
19741;14674;392.8;392.5
11151;2552;406;402.7
16894;910;401.7;393.2
9700;3419;461.9;461.3
4103;8835;420.46;408.01
11421;2766;469.5;468.9
12094;2944;395;391.3
2664;4254;422.2;421.9
2347;18994;391.34;386.34
9816;7737;488.6;485.4
4401;5705;417.45;408.65
12785;5166;418.6;414.5
15598;946;357.8;346.8
4401;5704;419.65;417.45
15947;15573;391.55;384.55
15355;13163;418.6;402.6
6760;8473;419.58;400.78
1724;1814;385.3;380.1
13509;14352;393.3;346.4
12479;5005;416.4;412.4
14654;4999;412.45;410.15
14063;17014;382;346
5860;18495;409.3;407.88
14819;13462;401.43;395.43
12100;2906;420.83;413.03
19126;10695;370.5;370
16186;11918;420.46;419.76
11981;2311;381;363.43
13794;3480;464;398
5642;3282;463;462.5
15929;11587;395.2;351.2
11689;2319;377.4;373.4
14664;5399;418.5;418.3
17708;6600;420.8;413.2
1679;5874;402.9;401.2
9700;3418;460.5;459.9
15492;17927;440;200
2635;17782;434.55;429.35
12570;19532;408.29;406.89
14575;2747;472.5;472.2
15935;2072;347.93;347.23
19492;13949;473.29;465.29
12562;3549;428.43;425.23
3954;5711;418.4;405.3
16051;13287;427;413
9075;17989;421.42;417.02
4386;17821;448.1;446.9
10147;8577;416.85;415.95
13199;21937;391;275
2073;3321;430.7;429.7
10587;5320;422.53;421.53
4308;4363;413.34;402.24
14966;5;391.5;390.9
6860;9046;417.27;407.37
1664;1802;380.8;367.4
468;20010;403.7;387.75
12564;11209;368.9;368
19742;14680;391.1;390.2
14835;8957;409.43;408.73
3736;15771;423;420
16722;15140;357;335
17290;486;325;256
16800;15046;373;267
19761;14766;463.9;460.7
2358;5183;420.1;419.3
14000;11379;306;216
5214;19191;393.7;391
14005;7274;385;326
19056;10512;406.11;405.51
13913;3906;380.2;377.3
16508;10033;387;383
7560;17380;418.2;417.7
3342;13439;419.16;408.06
19444;12985;373.4;357.4
15705;13099;389.77;385.87
19056;10510;411.81;409.91
603;19985;430.53;425.88
5212;8865;405.86;403.46
6014;11015;359.07;341.72
17520;1456;439.4;436.9
13467;11241;483.25;478.55
926;7504;366.95;351.7
11182;16320;335.67;334.87
7097;8499;421.42;417.52
1227;21815;314.85;313
12592;17197;498.56;485.01
19760;14763;452.66;446.81
2015;5794;413.8;409.9
17294;395;412.58;394.18
15038;4911;432;384
15365;8979;416.95;416.7
1611;8256;419.08;403.78
13837;7735;485.45;484.75
437;6251;387.7;371.25
9166;9134;422.3;422
255;17684;333.2;332.4
92;12557;390.75;389.6
8498;4455;426.65;426.05
5313;3084;430.89;430.29
10220;19541;406.9;401.3
7225;18814;354.46;348.06
14110;13517;389.1;386.8
16229;15452;383.9;383.1
16984;6832;347;344
16692;11645;335;323
17105;5598;418.22;415.32
5178;10965;397.3;387.3
15160;21338;434;430.4
15313;4815;429;428
10011;3673;370.9;364.8
17566;1634;388.12;385.62
13156;20353;380;344
11670;7858;368.7;363.1
19019;10414;381.2;374
16798;6246;395.7;375.7
9354;13707;435.99;424.39
13889;11303;377;249
11816;22289;390.22;374.92
10762;11147;369.57;365.77
2063;3289;427.6;426.8
1790;8315;398.32;395.82
1794;21292;404.23;395.83
19356;12759;444.3;443.9
4095;20874;385.15;372.55
12569;16008;407.6;406.3
158;14456;372.92;369.42
6947;11046;385.96;380.56
3480;13532;389.76;388.81
12614;8667;419.75;419.35
1653;19965;368.88;366.68
4286;13904;417.46;417.31
8619;7764;457;455.2
7964;3785;427.26;427.06
10408;5995;405.3;403.8
16615;944;406.2;397.7
19522;14117;422.5;422.4
15393;13145;357.63;349.93
15468;18092;417;193
16741;817;443.25;438.15
8627;13723;385.9;384.65
301;15914;353.25;352.4
2830;19893;449.9;437.53
12511;6060;407.84;406.24
17344;66;379.17;375.97
14454;13497;396.3;394.5
13956;2213;304.92;299.02
17327;190;440.48;440.18
10758;16507;407.37;401.67
7540;9068;421.96;411.06
12771;2370;418.7;394.9
12265;3884;378.65;365.25
13787;11285;326;310
17446;1137;381.55;378.15
6236;19653;388.2;386.2
7822;9087;420.38;419.98
13404;6113;408;344
12568;16009;408.13;406.33
1147;15767;379.42;367.57
12334;2699;429.93;420.33
4434;3512;437.7;437.2
743;8247;409.58;409.28
17387;6381;412;142
17812;6670;391;363.2
9926;19573;306.5;298.4
15844;7157;364;270
6856;13829;373.44;365.24
11863;13605;419.58;385.78
5159;20164;399.8;393.3
8470;17806;450.6;440.5
15721;8997;366;118
12613;8663;420.58;420.28
14077;2498;396.98;349.48
17703;6613;440.89;439.99
13372;18810;383.8;383.8
8404;17724;403.39;401.79
7675;3101;438.65;437.45
5341;13888;462.72;462.42
2637;4939;427.2;425.2
17874;12674;391.6;385.6
2332;20076;364.36;358.56
16963;582;403.9;399.7
23;10820;366.88;353.88
15263;12721;380.2;262.2
6799;6342;419.79;419.39
19756;14740;462.2;453.8
6597;4127;426.8;426.5
19445;12989;418.4;416.2
2171;13386;378.51;370.61
1763;3377;451.61;442.21
19559;14221;417.15;413.25
13895;4281;351;311
7089;11058;364.1;358
17723;6505;468.27;464.87
14749;7255;458.17;454.97
1010;17089;373.86;366.26
8586;5266;420.25;419.15
13842;15759;400.71;368.71
1382;17446;400.88;399.58
11693;2327;377.13;361.13
16273;15416;412.85;408.75
11158;17489;465;421.4
6834;11043;371.63;371.43
14243;8711;401.3;397.9
16086;8203;422;368
14895;790;372.4;367.15
8233;16586;366.4;352.1
13894;50;396.7;395.3
5212;8866;403.46;397.86
13813;2938;427.3;424
14849;11440;414.4;408
2907;8366;413.04;409.44
13198;16781;344;265
10546;2188;380.25;364.05
4139;20577;375.47;372.17
17826;6709;371.4;370.7
16967;545;417;369
1442;21813;481.83;460.58
12536;19245;408.1;372.9
4715;3622;372.6;363.1
7665;11076;455.15;451
17812;6672;357.95;335.5
11283;7695;447.44;446.74
19704;14607;401.5;396.5
15845;5437;363;201
6806;3002;457.5;454.4
9851;21765;487.46;485.06
19549;14187;416.9;414.2
17570;1647;420.75;418.1
2023;4566;427.9;427.3
6990;21686;411.1;403.9
5220;5123;412.94;412.39
2251;8342;395.14;389.84
6638;19740;402.7;402.4
10954;22037;305.91;296.46
19223;11767;387.5;355.5
6463;13832;371.07;361.07
7594;3847;427.1;424.9
720;15907;380.4;376.8
12228;19513;385.81;381.06
17540;1534;411.7;363.15
6601;6049;409.75;408.95
3518;19185;459.1;458.7
4002;18409;438.75;429.55
12090;2899;401.2;397.4
17012;5346;418.9;409.9
5245;17348;383;381
4167;22318;369.23;357.33
15718;11518;411;377
11056;21491;405.62;397.32
12948;9597;367;283
17440;1114;379.54;372.94
4583;17399;389.27;383.32
16898;9359;421.3;412.5
17457;1183;376.62;374.62
15001;18328;382;302
2228;4832;429.4;428.6
14761;7249;418.54;416.64
15232;753;433;403
8456;4240;422.5;421.4
16820;10008;378;188
13792;16814;372;247
7966;3791;427.48;427.28
19490;13946;466.5;458.3
10850;19545;367.77;348.67
12633;13592;402.44;394.64
14237;7418;421.5;399.7
17730;6495;456.2;444.2
9819;7392;485.2;463.8
15314;4817;429.7;429
2637;4938;427.7;427.2
16927;670;433;427
16714;7668;454.8;454.5
15476;7199;344;246
19428;12940;465.1;462.9
11667;7849;368.7;367.4
12622;18233;370.5;366.16
19336;12509;444.07;425.07
5114;12345;379.72;369.02
19741;14675;392.5;391.7
8624;13730;386.25;385.65
18864;9928;377.99;377.29
799;15864;409.85;406.45
14237;7802;423.7;421.5
16979;492;360;324
5254;8430;418.31;417.91
7603;3491;439;438.4
11425;2706;457.05;456.15
6784;8476;422.07;421.62
16048;15519;389;241
19106;10613;433.2;433
17105;5597;418.87;418.22
7307;13776;419.12;418.72
1067;19827;317.53;310.54
16551;15281;394.1;393.3
19683;14578;386.65;385
9923;2807;393.34;391.54
3928;17597;366.88;366.38
1993;10890;433.38;411.88
7771;8520;393.3;390.3
6461;9013;406.89;405.29
9627;21784;371.85;370.85
11188;16272;352.04;336.24
5671;5729;418.91;416.41
9477;6332;420.2;419.9
12611;8659;416.24;415.44
12614;8668;419.35;417.35
13334;16343;344.95;332.95
15317;4826;429.3;428.2
2981;4599;426.84;423.64
3686;13821;384.51;383.71
19260;12075;437.44;436.44
14248;4388;418.92;416.62
19762;14770;464.18;463.18
9226;12169;399.13;398.88
357;16889;347.3;343
6065;8927;417.54;415.74
15250;5072;420;396
18885;9977;372.75;372.15
15142;9678;358.01;357.21
16733;15123;362;156
19424;12920;415.2;414.1
19759;14758;453.73;440.23
16047;15521;292.8;82.8
2001;5826;399;398.6
15053;6361;419;393
1335;12201;348.22;342.52
16736;785;437.1;435.2
19064;10551;424.32;412.32
9324;12148;453;445.6
7096;8497;421.61;417.41
18793;9483;375.45;369.25
8648;4968;428.5;428.2
15474;11495;330;161
19217;11721;391;390
17275;231;443.25;438.7
13984;15780;346.51;343.91
8459;17206;434.75;427.25
13120;22051;349.55;340.35
6488;17833;376.2;374.8
12841;5296;417.53;413.68
305;16667;387.87;381.22
5113;8093;379.1;378.4
6097;23007;403;396.6
2801;4799;429.08;428.28
3556;4335;419.49;417.19
13717;21546;472.38;467
7915;1240;364.7;358.8
15222;881;330.55;326.4
4053;6318;390.5;390.2
12463;15987;333.57;333.17
15928;2190;271.7;257.7
9002;16655;463.4;462.6
1825;7547;379.13;374.13
10893;7841;350.1;347.7
17715;6576;409.6;408.6
19495;13959;400.8;396.6
7045;18484;441.8;435.8
17837;6733;373.2;369.1
12466;21014;329.46;328.56
10426;9765;384;383.65
2387;4469;425.53;419.13
5366;13859;421.25;421.1
17866;12690;375.16;364.96
3293;5915;402.5;402.1
2848;19439;383.3;377.6
11184;16298;335.88;335.08
19679;14569;389;388.6
19765;14795;447.61;442.26
2299;22020;399.28;391.73
1042;17696;346.5;334
18868;9937;375.18;373.78
2834;10915;448;437.54
19716;14629;379;375.55
19115;10643;367.52;363.72
1093;17275;393.44;390.14
11695;2336;379.59;377.29
13846;7295;402.2;376.2
8583;2541;403.2;398.5
9053;19643;393.96;379.86
14017;7543;370;369.6
2664;4255;421.9;421.05
13020;7880;374.25;370.85
13167;21271;379.1;376
12958;6282;329;274
2609;2003;398.02;369.82
6601;6050;408.95;401.85
4633;7403;426.2;425
7921;9640;364.57;354.67
3251;8826;421.23;419.93
15459;11490;360;254
409;22107;396.54;390.54
13601;22332;458.8;457
14451;17652;415.6;411.7
16915;684;397;361
17538;1520;422.23;415.03
18964;10236;409.92;408.92
2479;13414;421.58;416.98
297;18846;376.48;355.18
19426;12927;420.1;419.9
11528;9180;415.9;415.3
17551;1595;376.88;372.98
4693;21729;415.57;405.17
1796;21558;414.07;408.57
19452;13021;402.66;384.66
11692;2326;379.01;372.21
2897;5948;400.39;393.34
16142;15443;369;364
15100;21431;416.8;415
17466;1211;414;386.2
349;16662;355.01;346.75
12268;3893;362.45;361.25
8114;19584;432.4;426.9
15803;9000;374;160
943;11665;371.12;364.42
17333;419;445.9;445.3
1336;1329;375.85;356.45
2153;4607;422.38;408.58
9930;7940;426.1;425.4
9772;14339;379.14;374.14
7225;18794;364.46;354.46
13815;3345;423.54;421.04
4599;2512;398;360.6
11208;4367;418.28;417.88
4228;5116;417.64;417.44
763;22007;334.25;332.8
11180;16321;349.62;336.62
7206;13779;403.43;398.73
17712;6563;409.8;408.3
16319;15387;393.9;392
18962;10229;466.5;466.2
16633;11612;440.7;431.6
3267;1898;413.2;412.9
7699;20639;393.95;389.9
2097;5102;412.63;412.03
1005;13341;371.36;359.56
3151;17626;373.13;365.28
2566;5751;416.31;404.51
10984;22098;304.52;304.52
19328;12479;418.5;418.2
17544;1557;377.15;353.85
10359;3026;451;450.7
15295;7226;310;170
19492;13950;465.29;458.29
17594;1739;417.45;416.65
5957;13836;378.02;373.82
10025;7814;450.77;449.47
15047;13211;324;302
19191;11343;438.3;433.8
19301;12418;359.02;348.32
15043;11452;340;96
10842;19514;332.03;325.78
16854;4025;471;469
15248;12714;452;422
15134;8744;384.96;377.16
7531;5256;412.94;404.24
2214;17873;427.21;417.41
12068;11168;450.5;439.7
15251;4994;426;332
227;14474;333.75;332.18
354;15843;344.1;343.5
16112;2662;379.9;369.9
2624;18764;395.2;366.8
5312;3086;434.48;433.88
399;1975;417.91;392.91
2013;5821;416.9;416.5
19644;14518;384.5;383.6
10141;18721;383.88;377.78
5028;20905;418.85;388.15
11324;20312;393.95;393.65
4000;18623;437.2;422.7
15550;7281;423.23;413.53
380;21855;370.49;367.34
17078;5147;421.65;421.1
8972;6156;393.2;387.9
16831;15002;413;272
17509;1431;415.22;413.92
3478;18740;382.95;377.95
14834;8953;409.13;408.23
8885;16555;426.8;426.2
5576;7395;389.95;388.1
3540;1929;384.7;331.7
11116;22346;435.9;431.5
6209;8937;395.42;394.72
19520;14116;421.15;418.55
15271;7235;324;297
15203;8099;383.02;381.32
19184;11321;433.1;430.7
19557;14215;411.14;409.14
14389;11428;382.15;381.15
7548;14331;421.72;419.52
15499;7191;387;351
15387;17982;358.1;351.9
11026;8597;421.4;421.1
9168;9140;422.6;422.4
7353;11064;362.34;359.94
16338;10054;339.5;338
1828;17415;376.82;371.32
10170;7832;399.3;397.5
16730;2211;292;228
12247;3245;428;427.1
13934;5769;416.65;415.45
2982;4600;427.72;427.32
3768;5554;396.15;376.65
7805;18579;387.9;386.7
12808;6181;401.04;400.54
9699;3423;460.95;458.95
8232;11744;366.8;352.3
19133;10721;420.5;420
9880;8059;418.1;404
16608;9350;421.98;421.88
7745;20983;367.61;363.31
5258;8878;418.02;417.92
2010;4220;413.5;412.8
9702;3412;461;460
4019;19416;444.9;432.3
17105;5596;419.32;418.87
4254;2082;319.9;314.5
116;8230;410.3;408.3
19453;13028;364.48;359.48
8497;4457;428;426.6
14354;17961;377;345
14101;18335;393.4;390.5
11996;4870;430;429.65
16451;7122;375;337
15344;7068;403.31;402.31
1575;1345;383.85;379.75
19403;12859;398;396.8
1412;13381;411.06;406.56
17734;6482;418.8;415.1
1840;8325;410.7;403.6
17011;470;373;369
351;21108;347.95;337.55
559;14025;369.5;361.9
14105;21093;395.1;382.8
5003;19699;364.91;355.66
15051;11453;415;279
16419;7779;461.9;459.5
19000;10345;375.48;370.68
15481;17997;412;222
1092;9621;418.63;410.73
16985;6864;349.23;348.93
12254;3270;428.9;428.1
2148;18160;374;348.91
10536;18273;356.11;350.71
19723;14638;421.6;420.6
5113;8090;378.4;366.1
12772;7982;398.01;385.76
2522;7052;463;462.9
12017;18388;394.52;393.52
12242;3249;426;422.1
4783;2627;365.83;365.43
15906;15632;485;325
8637;9132;419.72;418.62
16691;15183;418;412
239;19307;338.6;317.8
14525;8719;421.92;417.22
13818;2646;417.82;412.92
15273;6357;422;354
17307;135;407;398
11866;3530;432.4;431.6
18878;9959;377.06;375.06
12368;9638;390.45;367.65
1658;8117;416.13;408.13
8585;5265;416.89;404.39
12498;2811;428.6;427
4536;8408;422.3;421.5
2479;13412;410.38;407.28
11185;16294;335.41;334.41
19162;10765;384.8;384.6
13813;2937;427.9;427.3
19119;10661;383.7;383.3
19270;12253;488;487.2
1104;21604;404.16;393.71
10411;11141;426.65;422.7
3382;17637;459;452.24
11155;7491;371.8;371.2
17813;6673;376.2;374.2
7305;20832;378.89;370.69
11213;2227;367.1;357.7
7927;15929;359.3;358.1
14262;18199;383.18;381.38
19172;10788;384.1;380.5
16164;7568;362.48;361.78
2908;8367;421.69;421.29
19780;14848;409.19;407.19
19638;14503;385.4;384.6
2636;4933;429.2;427.6
6761;7995;419.49;419.09
16814;201;374;372
11882;19231;418.1;409.7
19380;12801;373.8;373.5
15014;7245;382;340
19355;12756;360;358.6
10672;3999;425.8;425.6
19767;14810;447.44;444.44
18730;8161;-118.16;-141.16
19315;12446;429.55;428.85
8970;6150;395.3;388
5754;7972;392.06;386.26
13981;15801;347.4;342.55
1824;8792;404.6;402.8
5146;17053;402.6;381.45
5937;2804;373.13;372.23
19253;12061;435.08;432.68
17601;1760;415.9;413
10258;19639;413.4;412
3275;3149;437.2;432.1
12359;8605;392.41;389.01
17078;5146;421.9;421.65
18862;9921;378.25;378
17112;329;344.9;337.7
10986;19050;306.6;306.6
12538;11206;401.3;393.8
2387;4467;427.13;426.68
4285;13910;416.27;413.37
17172;3947;454.98;451.08
2706;22328;395.6;371.6
18934;10147;412.3;408.6
17830;6720;373.2;369.8
6667;17265;413.26;403.27
2308;10899;426.17;421.17
11584;2168;389.25;385.95
2494;4863;427.91;426.61
17583;1681;427;426.6
1792;15717;387.2;383.9
10886;12122;374.29;371.09
3576;15702;380.09;373.89
16823;19274;406;162
2580;4496;427.21;426.86
16524;15249;423.7;417.6
18908;10075;473.44;472.84
1130;17847;360;359
10151;21874;414.65;412.35
14186;11409;364.35;362.75
17350;92;377.1;160.1
2446;17695;340.7;328
12092;6234;399.3;399.2
10148;9159;408.72;403.22
13647;18955;475.97;473.57
13957;15756;315.22;311.02
12266;3888;380.47;378.92
12465;19876;331.2;329.19
12235;3196;428.8;427.8
6912;4918;429.1;428.8
9170;20975;404.8;401.9
19761;14765;464.5;463.9
14739;21308;373;370.6
16170;15427;402.35;399.55
13308;3902;375.1;367.13
4045;21646;387.15;386.85
15297;11475;296;224
5589;8897;418.96;410.31
1388;17443;407.98;406.88
11669;7890;346.5;343.1
4038;20191;399.6;397.02
7855;18559;385.3;383
3582;18501;417.97;415.77
12777;2380;423.05;403.85
15302;20772;376;368.5
1355;18591;403.79;403.09
16697;13260;478;475
15137;8751;418.15;399.95
17163;5931;403.62;401.92
17412;1043;377.6;374.7
19700;14599;388.06;385.06
3508;3138;435.8;433.1
15715;7184;215.4;85.4
2678;21083;378.4;377.8
10517;19616;413.25;410.15
13435;7703;419.4;418.7
5268;4074;446.6;446.1
1448;10871;482.66;405.86
12564;13596;370.7;370.1
6208;8936;413.23;396.23
8919;11102;432.46;430.16
3458;16027;401.31;395.56
16915;686;333;147
583;20242;338.45;322
679;14043;379.95;376.9
12837;5285;421.25;420.75
17484;1302;419.6;418.8
1271;19418;354.23;348.73
4457;3519;447;446
1663;1799;388.25;366.25
8867;6185;402.2;402
18850;9882;404.36;386.41
14029;7273;416;284
9928;2680;374.4;371.2
3101;18477;391.94;388.94
2492;4856;427.33;426.08
19123;10681;376.95;372.4
14035;7266;446;440
19246;11831;468.4;460.6
13166;16758;378.8;366.5
4151;18621;403.49;401.49
12521;9710;397.5;394.3
10916;5368;422.02;418.02
13202;3760;400;250
833;10856;489.65;484.5
20;14385;386.75;385.85
1148;21029;362.5;338.25
8237;17760;370.1;364.3
18981;10298;391.4;391.1
11575;2159;405.7;401.9
18840;9846;484;468
9632;13671;380.97;380.52
9928;2679;353.3;346.2
15901;3734;417;179
3256;4847;429.59;428.69
7658;8036;433.25;433.05
14333;11420;428.7;413.2
13428;6306;393.6;393
6856;13828;375.84;373.44
12637;13586;424.84;424.59
14998;18354;401;269
7528;6172;401.4;401
3273;12304;424.7;423
17521;1459;439;438.5
11996;4872;428.8;425.65
3622;19703;314.64;310.64
3345;8398;415.17;409.87
9148;20976;366.4;361.8
10246;9740;357.3;350.9
17737;6431;443.7;426.4
894;21126;346.27;345.12
2859;7007;437.2;434.2
12595;17553;502.55;479.15
12088;5842;401;400.7
8842;20651;445.4;441.7
1536;10874;280.32;277.07
14357;17939;344;250
17508;1426;418.05;417.45
14613;8733;422.6;422.3
2578;4545;428.78;428.08
17588;1699;379.7;375.3
11356;22146;413.57;409.77
15247;13188;390;356
17346;77;384.02;383.02
17278;245;454.75;453.75
7940;5342;419.89;417.19
11216;15970;348.09;342.89
19031;10453;439.1;438.55
5645;5427;423.8;421.9
1268;10859;373.85;371.35
16761;15106;349.55;348.55
17119;57;410.7;409.7
4604;3617;368.56;360.16
5444;18597;387.61;385.61
6866;4580;429.18;426.98
8488;5041;420.39;418.79
15872;15672;384;278
11704;3059;404;298
7818;6133;401.6;399.6
17747;6420;431.03;429.63
19765;14794;452.91;447.61
9313;3094;437.7;437.4
17524;1467;415.7;414.8
4143;12328;374.38;364.13
14452;13503;404.4;402.8
15105;21429;383.81;375.01
13872;20767;412;164
16731;15126;337;115
13419;2282;374.2;373.4
15946;2087;347.29;345.79
4838;8853;400.74;400.54
17840;6743;371.5;370.9
11567;2121;413.83;412.43
8774;18097;399;380.35
12482;2858;369.89;363.69
9319;13710;424.9;424.6
14932;4725;420.53;420.03
3247;22153;372.03;367.88
19654;14542;374.79;368.79
1269;10861;373.68;371.18
18857;9907;374.01;365.81
3266;1878;386.2;380.3
15960;15565;399.2;395.6
16983;6376;347.58;346.58
3031;20897;345.53;306.63
1680;5921;401.93;401.38
10171;7913;352.4;351.7
13891;20673;393;283
16626;11609;384.96;382.86
16924;5280;409;313
18809;9512;368;292
11997;4874;429.7;428.9
16722;15141;409;357
13840;7297;472.4;464.9
3655;18433;383.12;373.62
5707;10996;372.8;370.6
15263;12719;382.2;380.2
19754;14728;453.8;439.4
17706;6592;418;411.3
19219;11727;378.87;356.97
13455;18982;485.5;480.15
16156;6293;394.5;392.1
18970;10264;383.5;382.3
6995;9051;412.99;412.29
2578;4547;426.78;418.78
2145;21894;375.52;361.62
10030;12126;389.8;383.5
7942;5277;410.05;409.55
19046;10482;394.3;389.7
19401;12854;397.22;395.82
13169;18161;378.5;374.4
13454;18983;468.45;462.6
9410;13703;398.05;396.35
11404;5859;403.2;400.3
18845;9862;395.7;395.2
13479;11253;566.55;548.7
12608;8648;419.38;417.48
8393;17759;394;392.41
5070;2895;429.6;408.6
14453;13498;390;389.7
2633;20394;435.02;429.22
4510;10942;414.7;406.9
16853;12712;408;190
5675;3805;435.64;434.87
13867;20790;371;366
19393;12833;383.94;382.24
19159;10754;380.22;379.92
5332;2174;388;387.8
6588;5084;421.8;421.5
3625;7533;370.07;369.72
5660;20733;410.18;409.28
6867;4581;429.14;427.74
19340;12517;380.26;359.06
19449;12998;406;234
5536;22126;391.93;387.03
4381;16969;392.77;384.67
10809;21026;327.62;308.72
12217;20224;350.3;349.9
3293;5918;400.7;400
12360;8607;385.76;380.36
19281;12274;417.55;416.75
15735;11935;386.6;384.2
10836;4959;427.5;426.6
6223;17835;383.02;381.82
14646;8190;421;410
10541;18073;366.8;361.5
5057;4634;410.47;406.17
6294;3635;372.46;369.36
7524;3830;427.7;426.2
19643;14517;378.9;366.5
13200;13558;424;398
2525;19227;423.6;416.1
7223;19166;358.22;356.82
1377;13379;395.06;389.36
555;14011;370.3;368.55
10491;19637;397.1;396.5
13821;11292;375.53;373.33
5123;22150;414.92;384.52
14003;16802;457;349
16949;526;308.36;304.86
19449;12997;434;406
15206;11973;384.99;383.39
13861;9243;347.7;249.7
7867;3817;431.58;430.18
19780;14851;362.19;340.19
16677;963;417.2;380.5
18837;9838;427.8;425
15486;11497;369;273
3944;6209;409.2;407.8
19109;10623;390.1;389.3
3673;7752;485.07;484.87
19724;14639;417.63;416.83
11196;2882;371.39;369.44
15220;871;309.7;306.2
7101;8508;420.87;417.37
647;17515;380.55;372.45
4097;12319;384.9;383.65
19185;11323;432.75;432.05
19642;14513;382.6;367.7
2386;4464;427.23;426.78
15549;16290;419.63;417.73
7431;16579;481.6;480.6
14970;18;392.6;392
16890;886;405.9;405
16874;844;413.4;403.7
4474;17407;463.5;462.2
10490;15905;399.5;398.4
9744;18428;404.73;343.43
17103;5589;420.9;419.25
12710;5532;419.3;416.6
8276;16559;452.9;441.1
16982;6370;351.07;350.47
8709;3722;427.87;424.57
13189;38;374;358
1339;8078;376.5;370.6
2800;4797;428.77;427.07
17811;6664;419.6;418.6
12245;3233;423;420.4
19356;12760;443.9;442.7
5123;22151;384.52;379.62
15251;4992;332;302
17323;172;414.74;413.54
10546;7853;398.05;391.25
72;19492;396.09;384.39
19092;10570;432.26;411.46
13358;11995;382.62;380.37
4751;10944;373.56;369.56
17308;149;395;222
11666;2686;369.15;366.75
2286;7465;424.65;424.35
17111;347;450;447.1
17079;5151;420.45;416.4
18873;9946;375.81;371.01
130;14434;365.68;362.43
19180;11311;431.61;431.01
11690;2321;371.71;360.11
4843;7399;448.83;445.63
15255;7236;326;316
1827;10878;372.82;368.62
19709;14617;378.8;369.5
17297;377;415.06;414.16
18872;9942;377.97;375.17
4242;21625;426.77;417.97
3561;3277;429.4;428.5
2716;4021;465.8;464.15
18860;9914;378.73;377.08
943;11666;364.42;361.82
10525;4930;428.86;426.76
3620;19438;313.4;308.83
15858;11563;409;382
10236;2810;400.8;386.1
14441;18195;426.05;421.05
10432;4399;413.08;412.83
16749;979;435.9;427.4
6464;9684;355.99;353.99
16450;15305;361;259
12433;2154;408.6;405.1
4254;2081;379;322.5
16976;496;376.3;216.3
17749;6417;351.4;347.9
3781;2006;374.7;371.9
2340;8352;396.2;395.9
1261;7610;374;343.6
14029;7655;436;416
4718;18683;367.18;361.53
13433;7314;421.95;409.45
5268;4071;450.2;450
17436;1101;421.26;420.26
1657;8114;418.22;416.52
4021;7984;410.27;406.27
19161;10764;381.01;373.21
6535;18989;424.38;423.98
7877;15949;403.34;395.48
10295;5221;418.3;416.4
10585;5956;403.76;403.06
4335;20025;375.4;372.6
3584;7407;389.5;387.2
16981;6368;348.07;347.47
13937;8695;422.3;410.1
16711;13247;413.6;413.1
15768;11525;413.4;409.8
102;10830;365.4;364.79
18886;9979;375.05;374.45
15230;770;412;406
17461;6388;433;431
15243;11458;317;223
2267;19705;380.27;377.47
9999;13658;428.3;427.3
13499;4753;486.96;476.26
3273;12300;423;353.1
16116;14864;388.92;383.77
17471;1247;395;111
6993;9049;407.83;390.53
15722;7181;351;248
4243;21393;423.28;413.18
11193;12103;445;444.8
13837;7734;486;485.45
19688;14584;388;387.6
15019;13225;386;318
17751;6407;413;412
13356;13555;411;406.5
410;22282;399.03;390.03
10515;13650;416.7;412.4
17344;62;387.82;386.22
19429;12943;417.8;417.5
2024;16976;384.46;373.96
386;16928;366;360.7
16300;15406;394;389.2
10836;4957;429;428.7
5332;2175;387.8;386.7
4319;17594;368.61;361.81
19295;12391;351.61;349.01
19538;14154;400.5;400.2
17719;6541;433.86;433.56
8811;21000;411.76;406.96
1366;2724;494.5;494.15
5440;8885;418;417.1
920;15891;368.5;365.5
12775;9204;422.76;420.66
11287;5982;405.4;403.9
3182;17480;412.38;411.58
11567;2124;410.73;408.83
16107;2424;394.76;389.96
5070;2896;376;354.55
13942;4524;427.16;426.46
4168;19215;368.1;357.1
12483;2952;376.66;366.46
6738;19299;404.4;398.5
8388;9105;421;420.8
2782;18568;451.91;450.91
4053;6316;392.2;391
2386;4466;425.88;424.98
17347;78;387.02;386.85
10667;3981;426.2;425.9
12510;2877;373.98;371.68
15081;21453;390.43;387.03
10028;12134;382.5;379.7
4715;3621;375.1;372.6
15940;2078;347.19;346.19
16055;7634;360;246
17715;6574;410.5;408.6
5266;4065;448.7;446.1
3511;4680;432.65;431.8
2174;13393;380.62;378.62
3103;20878;404.95;404.75
15019;13222;286;216
12240;3188;422.1;420
2112;1833;381.04;357.04
2710;1854;410.7;409.7
19108;10620;389.7;388.3
7597;5049;422.2;421.1
16908;631;454;442
9047;4447;447.47;446.47
19162;10767;382.5;382
798;2200;409.15;405.7
3540;1928;331.7;326.1
18748;8277;351;125
11215;2974;345.93;341.03
14790;5578;419.9;419.5
7769;17531;388;375.1
155;14438;361.98;361.08
4364;5717;417.61;404.81
16371;15366;401.3;391.9
17003;5061;424.46;420.86
17589;1704;376.35;374.15
440;21450;351.83;331.63
19482;13923;430.4;430
15250;5074;348;322
7942;5275;416.05;414.35
21;10817;352.5;344.59
5224;5134;412.78;410.23
11892;21284;362.7;359.7
1765;3384;443.35;441.85
3122;22155;405.25;399.7
11128;4926;428.7;426.8
3172;19059;454.46;445.36
4364;5715;419.81;418.71
8708;3715;428.05;427.15
158;14457;367.12;366.52
8911;3811;433.9;433.1
19054;10503;378.86;377.26
449;22057;357.94;355.64
15469;13288;370;350
14308;18106;436.55;429.25
15920;4124;424;348
10719;13637;456.4;455.1
252;19470;332;329.8
16719;15145;421.4;416.7
2453;21626;444.75;423.95
17882;12626;415.32;412.32
15250;5073;396;376
10784;3135;437.7;437.5
14997;18491;368;222
1841;8795;422.48;422.08
2002;5819;404.35;403.1
5227;10970;476.5;471.45
1057;22135;374.4;366.6
2442;19802;330.4;323.73
19445;12987;422.2;420.5
13078;12041;385.46;379.96
17977;6997;353;348
16570;15275;386.7;384.7
5298;20945;459.23;458.13
3479;20135;384.43;379.53
14706;13477;395.9;391.4
204;1957;345;341
7308;13771;407.67;404.12
1354;19963;368.54;367.54
7391;5525;417.9;408.9
8602;2887;370.13;367.73
19030;10450;397.5;397.15
6759;8002;394.83;389.78
1748;21428;369.43;365.93
11403;5854;402.52;401.62
16908;632;442;204
17718;6539;432.49;428.99
19014;10391;429.17;429.07
19755;14731;466.7;465.1
5937;2803;375.33;373.13
1007;19867;369.05;365.65
205;14459;372;351
17456;1177;381.83;380.18
1444;21582;475.33;452.48
10913;5352;422.62;421.82
18937;10156;436.6;431.4
551;13998;367.2;362.67
1805;7618;373.72;370.42
2607;18670;380.04;368.49
3537;7408;365.86;357.86
17411;1038;391;390
14455;13492;399.4;397.3
1333;6795;302.6;296.6
16898;9358;421.9;421.3
3678;18170;407.62;403.42
10117;21073;413.74;407.74
1844;21557;414.02;409
5190;20969;391.82;387.12
18852;9889;374.4;308.45
1276;17065;390.58;390
15873;6118;405;355
17985;8308;464;210
11688;2316;379.27;374.07
9565;17585;438.1;432.7
2707;21531;392.5;370.6
11286;5981;403;401
15317;4828;427.6;419.3
14883;21667;383.8;383.3
8281;19119;359.45;352.45
12091;5848;397.4;395.6
17331;214;410.7;408
19175;10803;404.7;401.9
9493;17164;418;417
9669;19619;486;484.1
10146;19071;418.85;408.05
14023;3754;421;417
7963;3772;427.26;426.96
11822;13617;408.26;407.16
15856;11561;380;194
333;10840;424.48;420.28
4786;13894;387.57;384.07
15916;15560;433;223
1723;1809;381.3;357.4
12805;6179;401.59;401.39
10897;22039;478.9;477.8
681;14053;373.29;369.69
14576;2751;472.21;471.91
5589;8896;420.21;418.96
3054;8382;407.77;398.87
13514;4788;399.5;390.5
17420;1053;454.9;445.4
10011;3672;373.5;370.9
12502;2980;379.11;377.21
4365;5718;420.63;419.53
7103;17149;386.18;378.08
13086;12029;417.34;416.54
11679;6325;413.8;412
18859;9913;373.41;366.11
16982;6369;351.47;351.07
3872;14288;403.4;376
5597;8450;413;403.4
16361;15372;349.25;340.65
10443;16620;399.5;393.2
1575;1339;379.75;369.75
3768;5555;376.65;372.65
11214;7564;356;355.6
14486;16495;404.6;400.4
12238;3223;421.2;419.7
17460;6387;476;194
5312;3085;434.98;434.48
12493;2461;441.49;427.09
2803;4805;429.1;428.3
8013;5798;410.84;407.14
9937;8558;392.05;390.85
12466;21013;347.96;329.46
16372;6856;404.8;403.5
2003;5817;405.3;403.9
9821;17812;490.4;475.6
13462;11231;471;461.9
5826;2524;401.9;393.9
12408;12093;380.7;377.3
13005;9237;422.29;420.69
13842;15760;368.71;334.71
15850;4519;379;127
15037;13213;370;260
17433;1093;410.8;410.25
3284;6231;394.4;391.5
12589;21131;499.9;486.94
14220;18227;371.6;368.4
13908;16945;435.22;433.52
4993;17383;420.5;419.81
11692;2325;380.21;379.01
8638;5212;420.27;418.57
10236;2809;401.1;400.7
2852;18991;383.8;374.1
18861;9918;373.96;307.96
8911;3810;434.2;433.9
6064;8457;419.34;419.04
15354;8104;397.11;371.71
19127;10698;453.37;450.67
3770;14283;420.4;398.2
18710;14232;387.73;384.03
19551;14192;463.05;462.1
7536;16684;367.38;361.23
15739;16329;384.2;383
5220;5124;412.39;408.64
1112;13359;412.14;410.44
7053;18463;387.63;375.23
6790;19739;390.72;389.12
15460;18141;421;409
5545;16730;348.95;337.7
18919;10107;371.97;361.17
1541;17878;345.31;343.01
11151;2550;401.2;365
10041;17862;425.6;425.1
14414;6252;398.42;393.32
15072;13312;409.3;408.8
13856;13328;396.3;373.3
16059;7145;398;368
5118;12353;399.75;398.95
19451;13018;383.11;366.61
15394;9770;385.01;364.11
19096;10581;430.6;429.95
3383;14271;416.1;399.2
16495;7117;420.42;418.52
3027;21414;359.35;337.3
1870;22201;439.8;427.8
5522;21574;409.24;397.54
15120;4199;418.75;416.85
7922;9675;365.27;359.77
585;16248;342.35;325.2
8370;12184;377.77;373.47
10893;7845;352.7;351.2
73;13228;329.34;322.74
869;14096;372.8;368.7
3509;3152;436.7;435.5
13877;20744;430;328
15251;4993;428;426
17422;1057;453.8;445.2
869;14095;367.75;363.8
17163;5930;403.92;403.62
15705;13098;367.77;366.17
19740;14671;400.5;399.9
2064;3293;424.1;421.7
5295;21599;407.45;402.95
12265;3886;379.75;378.65
5751;8910;418.59;417.99
15637;1715;376.9;376
7178;13803;462.1;451.1
7985;18415;396;394
17704;6602;447.66;446.66
751;5189;420.11;416.21
4383;20024;392.76;385.36
5735;4985;427.3;427.15
3033;16052;346.8;340.6
14383;9254;407.6;412.3
6534;19022;419.36;413.4
1703;20958;383.24;375.34
18126;6938;414.8;413.7
10385;20565;373.63;367.53
4777;20618;381.82;365.02
11580;2160;401.95;401.25
16344;7139;358.17;353.17
11087;20929;400.1;398
11996;4871;429.65;428.8
4385;20854;370.9;366.1
13481;11260;522.8;407.4
6759;8000;417.58;416.78
295;1277;466.1;459.9
16724;16307;354;332
17820;6693;365.5;365.2
17507;1424;414.1;408.2
10254;22247;428.59;421.69
10286;9167;417.03;416.73
130;14433;369.68;365.68
11823;13613;408.44;408.04
12362;8611;391.85;381.7
12434;11195;346.7;346.2
8231;18942;355.1;348
14524;9276;418.38;414.58
19299;12408;362.9;359.4
5141;20884;430.2;383.3
14690;13480;342.75;339.55
16313;9328;418.6;417.5
7022;19477;399.35;395.25
15810;11639;370;358
10843;16463;331.25;326.75
2518;21464;446.25;441
17882;12627;412.32;408.32
2439;6772;308.5;300.8
11316;9623;402.43;394.53
13214;16249;390.5;386.3
14051;6123;345;243
19519;14112;383.3;380.5
11186;16296;336.65;335.55
19093;10573;432.97;419.27
2897;5945;403.34;402.24
2421;19374;427.53;426.13
7063;19337;356.07;342.92
15889;14368;386;346
16989;6844;349.58;348.18
415;19400;346.25;345.15
11193;12102;464.7;445
17119;58;409.7;406.1
9677;19600;411.6;406.9
19158;10749;379.34;378.54
751;5190;416.21;412.61
19753;14721;453.5;452
12844;6280;393.8;393.6
14966;3;393.3;392.8
19099;10588;401.94;401.64
14659;5379;418.96;418.36
9399;21253;454.55;447.45
18955;10205;416.72;411.92
19262;12079;438.28;436.98
6966;11057;350.39;343.59
14813;20837;401.61;361.91
12261;3874;388;383
19227;11778;370;322
3321;8391;423.2;422.65
12666;34;454;448
10914;5359;407.63;392.93
4023;8400;378.76;376.66
17735;6887;418.5;415.1
96;13153;370.4;369.2
12891;7332;388.08;383.18
73;13229;368.04;329.34
17116;341;344.7;341.2
16898;9357;422.4;421.9
13212;8094;383.3;371.4
10642;6196;405.9;404.4
11972;4886;429.85;428.35
8584;2543;360.3;357.25
7222;3660;357.58;353.18
19209;11698;379;375
941;7900;368.74;361.64
2130;20007;413.9;380
15417;17934;408.8;407.1
5140;10961;408.2;363
19527;14130;379.6;378.95
14235;7800;417.8;415.6
7278;3054;455.7;454.3
17113;334;344;339.7
11878;21489;377.13;373.63
4904;3956;423.4;422.4
12960;7322;393;369
8841;16540;445.21;442.01
16649;4377;399;383
6623;9039;415.45;402.65
9177;5944;383.8;382.9
12413;2430;376.58;347.18
11008;3723;428.6;428.3
15304;20752;374.8;363.8
18805;9502;445;261
7276;4661;447.3;446.9
18722;7344;362.5;357.2
9998;13662;427.28;424.68
12409;8108;378.41;377.41
19749;14704;458.12;444.02
19299;12405;370.4;367.85
6597;4128;426.5;425.9
9744;18427;421.73;409.73
5633;2014;390.9;390.9
17293;398;414.91;412.71
16834;4452;400;238
15006;6259;379;371
17697;6655;392;388
6220;6129;403;402.7
17540;1533;418.65;411.7
11865;3531;437.1;436.5
155;14441;378.18;377.08
12479;5002;420.4;419.5
3485;22273;393;123
6533;16582;423.79;419.75
7447;13766;-3;418.25
15548;16291;420.14;416.44
11600;2983;373.5;358
15506;7187;330;316
15909;3953;429;407
3627;20935;368.39;365.19
9161;12172;381.66;366.36
1997;10894;420.07;413.37
6098;23002;410.36;409.76
16833;17261;408;403.1
8545;19041;391.2;390.5
15806;7789;392.44;391.64
8582;2536;398.2;394
11419;5738;416.9;411.5
4945;20168;377.8;376.3
10453;2713;441.6;429.3
8370;12181;373.47;369.47
5744;13846;412;411.5
19712;14624;375.4;371.25
5277;3627;369.85;362.6
15515;11504;413;387
14881;21287;392.85;389.1
15106;21410;387.42;379.87
1109;19395;401.26;396.73
535;11852;382.4;335.8
15832;16303;378;336
13088;12022;385.2;384.6
8741;13719;425.1;423.3
2444;19900;335.6;324.8
19423;12917;413.3;412.9
5314;3079;433.74;431.34
14838;8969;403.78;403.38
7915;1243;373.8;369.7
19608;14295;411.5;409.8
19767;14812;441.34;439.54
15220;876;332.55;331
5952;9685;373.11;370.31
14950;12561;412.4;412.3
19592;14240;423.33;422.83
17587;1696;379.7;375.6
9355;13705;464.04;423.54
17428;1073;455.33;454.73
3035;18946;307.35;301.45
12593;16933;502.38;489.68
5366;13861;415.05;413.5
16063;3795;429;425
1350;16091;353;350
13942;4523;427.36;427.16
7934;11086;372.38;371.48
19686;14581;386.65;385
12102;2919;409.05;407.8
16340;11905;382.88;377.58
18838;9841;424.8;423.2
17489;1372;470.1;462.7
10425;23000;396.8;396.3
19206;11688;389.4;360.2
5113;8092;396.85;379.1
16982;6372;348.47;346.97
10586;5963;403.09;402.49
8638;5213;418.57;410.27
2701;10907;378.5;375.1
2515;22215;451.1;438.6
10056;4887;431.7;431.3
18849;9875;372;354
16641;15231;445;270
3608;1938;392.2;391.8
16796;696;434;433
12099;2916;424.74;422.74
12232;3211;429;428.5
2414;10902;380.95;375.05
18490;6956;402.5;114.5
19268;12459;441;416
2354;5171;417.24;416.84
11301;3398;448.6;447.7
16822;3425;460;458
16193;5607;420;417.1
15864;729;352;192
8820;2838;372.5;362.5
12216;19661;352.77;350.27
7531;5254;418.24;414.04
17375;1003;353;247
17487;1365;478.9;478.2
2176;13398;383.43;382.83
15343;20700;378;369.3
15276;5027;426;366
6369;18780;362;355.7
10252;20566;442.55;441.65
19375;12791;403;402
16973;117;454;450
3267;1902;357;356.1
12163;20226;429.56;424.06
6011;11013;360.17;355.02
17451;1155;384.04;379.14
17176;436;386.1;367.5
10356;7365;378.2;376.2
2557;7090;390.64;388.04
15697;6040;408.5;407.6
4112;3613;373.28;372.98
9956;4180;424.8;424.1
14055;5883;319;265
2537;19081;366.7;349.96
10434;2178;428.35;355.35
13086;12026;406.54;368.64
4144;2067;374.69;365.14
5403;20925;384.05;376.85
16955;132;298;98
19761;14769;446.2;441.1
12474;19224;390.5;389.4
12842;5299;418.7;413.5
227;14475;352.4;351.8
7354;20362;356.07;355.87
1620;20547;301.68;295.03
17526;1473;415;414.5
10487;4206;421;419.1
18725;11872;424.3;422.5
13896;11304;359;221
2439;6770;343.1;308.5
10937;6338;420.7;418.3
14576;2750;472.51;472.21
15939;13064;348.45;340.6
4445;3008;457.1;456.7
8486;5037;422.74;422.04
1951;18570;410.19;398.99
15395;5218;402.35;397.65
226;14468;342.75;333.7
10740;13636;449.03;448.88
13417;3444;460.8;450.25
3928;17616;366.38;363.38
2663;4251;420.72;419.77
3876;9574;377.7;368.7
17531;1494;419.51;419.11
5671;5728;420.61;418.91
12959;13284;458;330
3213;3705;428.61;428.01
9999;13659;427.3;420.4
4382;18694;393.59;385.39
18927;10121;422.8;422.5
1235;17673;383.35;372.8
10959;2309;386.05;368.85
17820;6691;371.5;370.3
3209;16049;348.02;340.02
19397;12845;405.95;405.3
14335;18032;429.6;421
3214;3709;427.89;421.69
12567;22232;411.03;405.83
3577;13804;417.56;416.26
7954;9093;419.76;408.11
10232;3511;435.4;433.7
3027;21416;337.3;325.02
12796;7035;423.6;418.95
19173;10792;408;400.4
19346;12743;418.7;418.2
5036;10957;417.8;401.15
5489;13001;487.4;413.6
11822;13619;407.16;401.16
9330;3527;453.9;453.2
12102;2918;410.95;409.05
12133;11180;446.2;443.9
17333;423;434.8;431.9
18990;10316;466.8;464.6
95;13122;390.9;387.8
17845;6762;371.4;368.1
12643;4943;426.75;426.35
19759;14756;465.13;460.73
13020;7878;355.15;353.45
5584;10986;420.4;415.3
11980;22301;394.15;385.6
10815;19538;453.2;450.6
3436;20600;419.9;417.9
15171;21311;372.6;371.5
9818;15925;484.75;464.2
12116;9022;383.21;381.11
7064;17151;354.98;346.28
9494;2764;470.2;469.3
11672;6339;419.96;419.36
19091;10568;413.35;403.45
12189;11192;438.1;434.3
8530;4908;428.6;427.6
15228;767;353;182
14014;16827;416;247
16966;541;417;367
9370;16644;409.9;402.9
19330;12486;418.2;415.5
13948;4542;427.77;427.47
11703;7348;370;336
15457;4130;428;426
12676;28;415.9;405.2
226;14471;350.4;349.5
3089;19459;457.47;454.17
12203;15695;394;392.05
19762;14775;441.38;440.18
5959;4050;450.89;445.39
15527;16335;353;157
14785;21565;389.18;387.2
255;17683;365.3;333.2
15444;7219;386;274
8915;3114;437.3;436.8
14067;11395;360;237
14455;13490;393.6;386.8
8437;17008;379.7;379
13815;3344;427.14;423.54
10698;6104;402;400.9
1439;20549;332.5;321.17
12479;5004;418.6;416.4
16888;878;406.4;406
1331;1297;362.2;355.93
5833;17559;429.5;429
1288;16775;443.65;437.4
19227;11776;402;392
14247;4381;418.86;418.66
3549;10923;424.61;417.96
15487;11499;400;348
18940;10165;427.9;423.8
3581;19208;423.05;418
8926;16698;454.2;446
17744;6462;440.9;439.2
19100;10593;401.81;401.41
14555;5785;408.25;406.8
4043;22339;387.39;383.9
10678;3405;459.8;459.2
16688;14833;377.38;371.88
14493;6239;405.53;397.93
11365;20489;415.42;407.02
3016;3607;395.24;392.79
14104;21094;405.3;393.2
6469;7739;477.6;477.35
15000;18331;360;278
3029;21792;379.85;358.92
15355;13162;419.2;418.6
472;21807;410.8;382.37
13490;19775;508.5;486.3
5840;20016;387;386
4692;18899;418.18;400.68
10946;22014;405.4;404.6
11182;16319;351.07;335.67
12118;2962;381.65;381
7203;13785;388.4;383.5
4604;3619;372.96;370.06
1765;3388;451.2;450.35
14751;5889;397.86;384.96
11734;7347;376.46;371.16
16582;15270;368.7;357.1
13995;15731;416;294
10404;8585;420.8;419.9
3127;17481;387.1;385.6
13944;4531;426.81;421.51
3046;5726;419.06;418.56
6838;11044;389.5;385.13
1428;20219;333.11;316.87
12325;2885;368.66;354.26
17125;273;422.7;422.3
15779;16167;447.3;434.67
17501;1402;423.48;419.38
16212;7676;459;457.9
15119;4195;419.81;419.36
362;17901;346.05;333.5
10702;6107;405.6;402.5
2389;4477;426.97;426.77
6482;17290;405.43;375.73
18957;10209;427.1;426.8
912;17493;412.05;399.15
16702;7719;403.25;399.6
14354;17962;413;377
13850;15692;425;413
5513;20923;410.47;403.37
10479;8594;421.9;421.3
2330;8810;409.84;409.14
4142;12327;380.72;376.52
11217;21514;348.34;342.94
11124;3867;423.2;421.9
7816;4286;416;414.5
7026;20640;397.01;395.81
17704;6606;443.76;443.56
16712;13244;414.5;413.2
17324;178;413.3;407.1
11422;2769;471;469.8
10362;19540;400;380
8530;4906;430.2;429.9
16712;13242;405.5;404.7
2163;3357;427.5;424.8
15020;18566;390;377
5500;18574;419.3;416
2912;4323;411.14;410.74
4480;17077;397.32;381.72
4125;8847;421.5;421.2
2430;15812;385.75;377.1
2285;13408;414.22;413.42
5585;10988;421.19;414.99
18841;9850;416.37;412.37
13503;7043;428.55;426.2
10638;17657;364.65;363.05
17080;5153;421.5;421.25
13412;21330;427.4;418.3
16549;15283;395.2;394.3
19550;14189;418.15;417.6
16509;10029;372;366
12564;13593;383;380.1
17757;6402;365.7;359.2
19486;13941;377.1;375.5
1391;4097;422.66;412.36
13318;12002;385.15;383.75
13748;11278;387.08;385
8483;4430;454.88;448.68
15303;20771;376.6;363.7
13646;18956;514.06;511.86
2386;4465;426.78;425.88
10114;3464;479;478.4
15853;984;338;62
6401;3488;441.73;441.23
14016;6010;405;399
17587;1697;375.6;371.4
340;10846;425.2;423.1
19682;14576;37.6;36
18903;10048;371.56;368.16
10894;7873;351.4;346.7
2162;3352;429.2;428.7
16429;13007;352;310
17538;1519;425.53;422.23
15462;7755;417;413
3254;4841;430.21;429.41
161;17690;356.4;347.2
16855;5809;410;398
9171;17813;404.5;403.2
2005;5788;409.1;407.8
6343;18782;412.68;403.28
14351;2796;469.38;467.78
10670;3994;425.1;424.6
19387;12816;375.6;375.4
15889;14367;392;386
2800;4798;427.07;425.57
12512;5017;424.24;422.94
2098;5104;422.17;421.47
5112;12337;395.19;394.89
15214;11951;385.58;384.98
2110;16615;371.7;355.2
11149;7586;404.5;404.1
19062;10542;426.67;423.77
7519;13745;423.56;423.26
7438;5020;424.6;421.9
15512;16410;393;281
11573;2107;405.2;403.8
10247;16857;362.9;353.7
14541;6115;407.8;406.2
19706;14611;397.9;394.3
12505;2649;377.92;376.72
1070;15789;320.51;314.63
16212;7674;460.4;460.2
15843;7159;341.5;263.5
17010;476;430;426
3293;5917;401.3;400.7
15275;11463;410;366
602;22032;425.34;410
7451;13759;418.2;414.2
2712;22180;388.2;370.2
12189;11190;439.5;438.1
16702;7717;411.8;411.2
14770;21586;353.6;346.5
17336;5449;420.17;418.17
15038;4910;370;192
3985;20501;282.2;279.2
15027;18467;392;276
17186;460;364;348
7220;17128;368.24;362.54
10590;5329;422.29;421.49
10286;9169;415.93;412.73
16264;15378;360.06;353.96
8911;3813;432.9;431.1
4206;20029;385.44;378.54
19756;14741;453.8;441
10359;3028;449;448.5
1375;13367;373.86;372.26
4044;21264;387.6;385.5
18716;11875;382.85;378.95
19715;14628;377.6;376.8
6858;9041;418.75;416.35
14819;13458;395.43;385.63
19553;14199;468.65;468.4
9847;19576;486.7;484.7
11008;3725;427.9;427.2
13920;8681;398.8;397.6
17079;5149;421.5;421.2
3438;18922;420.15;417.8
17513;1438;443.6;443.1
13428;6308;388;387.6
3049;16520;408.77;407.32
19763;14780;452.63;447.43
987;19869;407.55;397.15
687;14071;378.35;376.4
2853;12238;388.7;384.85
15276;5028;366;340
2521;20260;449.94;441.54
13117;22052;351.37;345.07
11287;5984;402.5;401.4
17174;3944;466.25;465.15
15944;7507;349.29;348.34
11322;7355;392.75;392.55
2663;4252;421.02;420.72
17317;5570;416.79;414.79
5416;13856;427.99;427.74
1864;1817;411.07;410.32
19779;14844;418.05;415.2
5161;6779;402.3;393.35
17966;8529;394;370
6489;20687;376.3;374.6
2495;4866;427.85;426.6
7222;3662;369.88;368.88
12146;11186;338.4;336.1
8389;9109;402.9;402
9629;9148;421.23;413.73
3686;13824;383.71;382.91
9176;5938;388.7;383.2
2436;16740;340.8;308.4
2186;11651;357.2;346.65
17506;1418;387.2;385.4
19612;14306;381.1;377.1
13403;13551;480;450
2437;21628;343.6;342.15
19751;14716;461.04;452.64
6080;14323;386.1;383.2
5146;17052;381.45;348.4
10808;21936;327.55;323.3
2008;4291;412.2;411.9
10012;17881;364.3;355.8
1466;19805;393.75;388.6
444;17659;346.42;344.02
14430;9263;422.25;417.35
11702;7943;425;380
17;17141;365.5;360.22
15318;4829;429.1;428.4
4414;20526;394.8;391.5
13814;3341;427.44;425.34
7055;9062;411.3;402
7866;3851;427;426.8
7436;20314;472.6;470
12713;21015;348.15;346.95
9791;17581;416.85;378.95
2047;20178;413.8;407.8
19636;14498;389.6;388.7
5265;4063;447.5;446.8
284;5303;421.12;419.32
6496;20426;376.75;376.15
16677;964;426.69;425.49
2441;7528;322.69;316.59
19320;12466;431.25;427.63
19388;12818;377.8;377.5
19613;14312;371;350
15934;2071;347.76;347.16
19444;12984;373.6;373.4
6600;6045;407.4;406.5
2858;17888;355.9;347.1
5329;2171;388.5;387.4
3279;6225;391.28;388.43
6397;3484;438.31;437.56
4600;2504;398.5;394.2
16713;13241;412.8;404.8
15146;13201;381.1;371.6
2905;7463;423.13;417.13
5164;20974;403.8;399.3
15265;13182;330;225
295;1279;389.9;371.7
18837;9839;425;420.2
4261;18407;402.3;392.3
12893;7330;385.24;383.34
16691;15185;412;192
12086;5836;402.3;401.9
19065;10552;432.96;426.56
2516;16522;446.8;444.1
5313;3083;431.69;430.89
2304;22233;435.25;430.45
646;19422;377.65;371.35
15354;8106;416.41;397.11
15541;5541;419.75;416.15
8282;16565;368.8;362.5
4444;20085;451;449.7
4930;3803;438.9;437.4
17453;1165;379.21;374.71
3973;7822;474.26;473.61
4361;5746;419.17;416.37
8633;8551;417.77;404.47
948;17092;406.2;396.2
2160;3348;426.1;422.4
15937;2076;348.13;347.03
11531;9191;413.05;410.75
16723;4260;422;362
16900;9365;422.78;422.58
13875;11296;407;293
8203;5434;422.4;421.1
2158;5622;413.17;405.02
12254;3273;422.9;419.9
2021;4203;420.7;418.4
12964;7081;392.56;367.86
8041;16680;463;462.7
10170;7440;369.1;359.3
442;1796;373.7;366.5
2007;4411;408.9;408.6
16186;11919;419.46;415.76
13119;7500;350.91;344.51
371;17088;360.2;359.1
913;9615;411.77;408.97
19408;12868;429.05;427.05
867;18297;367.6;362.1
17340;5459;419.66;415.46
258;20055;376.76;373.56
18812;9525;449.11;422.11
12126;21035;409.05;394.85
14999;18333;373;357
2800;4796;429.57;428.77
2827;18525;368.9;360.7
19175;10801;413.5;412.4
1092;9619;410.73;407.83
2088;20177;434.43;424.43
6493;19650;376;373
17493;1381;389.91;381.41
11775;7421;335;323
15598;953;402;390.3
15861;15641;403;253
17440;1113;381.14;379.54
3994;17822;441.6;437.6
11308;19685;378.59;374.94
16654;4374;415;399
14390;11429;380.05;379.35
19739;14666;407.9;407.7
14455;13491;404.8;399.4
12948;9598;413;397
13201;20940;410;376
10547;7924;360.65;359.05
8173;19715;443.35;436.65
5714;18911;433.8;429.8
16596;10027;379.7;376.5
13750;22290;399.16;394
13907;16946;438.98;433.58
7090;11060;370.56;369.5
2764;13426;377.37;371.37
17529;1483;447.8;447.6
694;14087;370.5;367.82
121;7063;410.5;373.5
17313;157;411.5;411
9936;2675;419.55;418.65
19097;10584;432.6;429.7
1341;15745;383.37;381.07
14260;3020;452.3;451.8
13020;7879;353.45;344.25
945;7935;349.71;341.71
1578;1354;379.75;368.85
2543;18547;413.9;412.9
10589;5326;422.26;421.16
8262;18512;435.24;428.34
16858;15032;392;384
14054;7258;347;295
15716;2753;450;172
2415;15727;407.11;392.11
19100;10591;402.01;401.81
7176;13810;463.8;462.2
17430;1084;375.03;373.78
4284;13915;414;412.7
8917;3015;455.4;452.5
19380;12803;372.8;371.8
13715;21851;371.6;371
2603;17394;371.25;366.35
18830;9811;455;454.5
13945;4534;426.72;421.72
19535;14146;388.5;384.8
3298;3184;426.4;425.4
16815;699;385;139
750;5193;419.81;415.51
19349;12746;422;421.5
5710;16729;439.4;434.9
16829;13232;417;363
8388;9107;419.9;410.5
14706;13476;358.8;355.9
19360;12765;443.4;441.3
8272;18705;444.4;439.2
8472;19042;443.01;441.41
14581;21237;378.58;376.78
4021;7986;405.72;381.67
18750;8279;377.5;127.5
10234;4962;429.9;426.7
9489;5992;403.25;402.45
15508;7438;406;278
13850;15693;413;315
15034;7286;458;310
2843;20480;383.1;376.3
4695;17820;405.93;401.93
14041;7264;355;260
157;14450;374.58;367.38
19270;12254;487.2;268
12945;20398;420;392
19446;12990;420.05;416.2
6784;8475;422.77;422.07
17411;1040;387.85;383.55
17817;6684;374.12;372.62
7549;14333;417.15;416.85
16964;579;401.5;394.7
3024;21638;396.75;363.95
13123;20915;350.06;344.06
19703;14603;400.2;399.3
10805;20582;381.63;377.88
7576;8057;419.08;411.48
15390;17978;363.95;357.65
8465;13737;413.5;412.8
17894;12568;408.55;371.55
9537;4178;426.3;415.1
5145;20166;423.6;342.6
4150;21045;394.96;392.46
12441;6818;426.6;424.3
5341;13887;448.82;442.62
19725;14641;416.36;415.56
2984;19683;429.93;429.93
12507;2654;377.56;368.26
11183;16318;336.65;335.45
9613;17162;364.26;337.16
19626;14418;441;439
19381;12805;373.5;372.8
7522;3832;427.7;427.3
6621;9035;415.88;415.63
2139;21426;426;389.9
5717;20731;438.9;435.9
3503;4640;425.51;423.71
12935;7698;445;441
16821;12470;370.8;365.8
12371;2429;382.34;381.94
14241;8703;404.9;402.9
4841;21239;417.53;415.53
10681;16508;451.05;448.95
17874;12676;365.6;356.1
15488;7620;400;378
3096;7462;472.09;470.59
19766;14797;466.47;466.17
1686;5654;413.63;406.73
3539;1926;374.9;366.7
11352;18929;425.71;422.81
15444;7642;424;420
15101;21430;418.4;414.45
2624;19896;401;395.2
1773;8269;417.85;415
13945;4532;427.72;427.22
12369;2438;398.33;391.53
12501;2977;379.53;360.03
10915;5365;420.17;417.57
6703;4505;427.22;426.02
8559;20785;422;418.9
1658;8116;418.13;416.13
12472;19778;392.76;391.92
17757;6399;410.2;390.2
10302;5032;424.51;421.66
15943;13058;348.96;347.46
10023;8043;450.83;449.58
19117;10651;381.7;378.8
16156;6295;390.8;386.5
13754;11282;388.6;386
15040;3978;428;410
16419;7135;459.5;448.5
2039;4093;426.68;425.48
15942;13059;348.57;347.17
5057;4633;411.57;410.47
16945;507;388.09;387.89
17163;5933;398.12;392.72
6298;2955;376.86;374.16
12614;8666;420.15;419.75
2165;3361;430.8;429.7
11547;7640;372;358
18738;8270;403;365
12606;8638;420.11;420.01
3876;9577;422.6;395.3
7047;19002;452.1;448
12944;21854;393;300
10538;2972;375.49;366.59
13934;5771;408.25;404.65
366;17305;345.2;336.05
15850;4521;401;379
3204;17246;347.15;343.75
3247;22154;374.53;372.03
10842;19515;334.58;332.03
19417;12895;423.3;422.5
6390;17199;379.2;375.4
19760;14764;446.81;440.66
17984;6890;476;226
1501;18572;398.77;391.37
7736;18997;385.4;379.5
19754;14727;459.4;453.8
19176;10806;432.69;431.69
16932;361;429.46;428.96
4144;2074;376.34;374.69
10627;19590;376.54;373.64
19535;14148;371.4;368.5
11668;7885;372.7;370.5
861;20034;367.5;365.5
18854;9898;305.45;303
19394;12837;381.1;379.4
3193;19349;399.05;391.75
18895;9997;427.8;423.6
3965;21039;366.24;361.94
17829;6718;370.8;366.8
3502;4637;423.97;423.02
6462;9015;406.17;405.77
6758;8024;419.05;394.35
18886;9980;374.25;372.85
2056;4650;426.15;423.85
318;18342;313.22;312.67
361;17296;365.35;346.85
17714;6571;410.5;409.4
4948;4353;423.5;422.8
4124;8846;410.61;406.81
19295;12389;363.41;360.01
15898;15601;462;312
12372;8012;402.31;396.31
18846;9866;394.4;390.4
15874;7155;376;112
9412;13694;411.07;409.47
11972;4884;432.45;432.15
19214;11710;379.5;374
17343;59;414.5;414.3
19062;10544;418.47;412.87
2065;3294;427.1;426.8
7962;3769;427.9;427.2
6604;6057;407.95;398.75
19637;14502;387.6;369.5
13469;11245;467.1;462.6
19483;13927;429.1;427.5
19675;14564;389;387
19010;10376;373.8;371.9
16798;6244;375.7;371.7
16973;116;456;454
6702;4504;425.82;424.12
6890;18777;401.9;399.7
8210;5697;418.83;417.48
15212;11959;382.97;382.77
16383;15360;402.87;401.37
3510;4676;433.67;431.22
8704;6027;404.69;404.34
18992;10328;466.1;464.8
121;7066;414.9;410.5
3114;8819;420.96;420.46
3359;17879;421.1;417.3
7638;20209;367.61;363.41
10791;16489;392.25;383.65
10347;3850;425.9;424.4
9202;21276;405.4;405.1
644;4117;419.1;417.3
19058;10521;413.15;412.55
12364;8620;401.3;398.3
7902;20962;459.3;448.7
12004;17789;391.45;389.95
2336;17865;354.56;349.96
12943;7326;352;307
4781;2581;373.12;367.12
9355;13704;423.54;419.04
1765;3385;451.85;451.2
14555;5786;406.8;404.35
19240;11812;468.85;463.4
503;4278;417.5;414
11671;7861;341.5;340.05
10719;13640;458.4;456.4
19741;14677;390;388.8
3777;1966;373.95;370.35
17691;6634;408.37;367.97
2804;4808;429.12;428.72
5296;17253;403.28;400.08
19751;14719;435.64;428.04
8710;3713;425.64;424.14
19429;12942;418;417.8
5023;15957;410.2;403.4
13860;6120;404.3;344.3
17811;6667;352.2;350.6
2907;8363;421.44;421.14
12238;3221;426.4;421.2
4265;20253;393.8;384
1066;15791;319.56;313.78
19096;10580;431.6;430.6
12637;13590;423.39;418.84
17074;5227;421.1;420.2
2445;16117;351.2;339
5005;15959;367.13;359.48
14664;5397;422.25;421.4
6912;4919;428.8;427.9
550;17425;352.7;351.3
6082;18475;349;308.91
16638;551;282;90
10358;3024;451.7;451
15817;7836;399.6;398.9
17278;246;453.75;443.95
9526;13684;407.33;407.23
4129;17433;439;436.7
2450;10904;371.5;365
17549;1586;380.35;376.05
17599;1756;414.35;413.15
5706;10995;369.54;368.84
15852;5090;411;349
2930;22115;405.19;404.79
10890;12111;380.97;379.27
5125;19386;418.77;384.57
15047;13208;428;378
9412;13693;412.47;411.07
12519;9198;411;406.1
10982;19503;307.45;307.45
33;14391;397.1;393.7
2086;21368;428.08;422.78
14931;4724;399.75;394.75
8628;9114;416.58;416.38
9119;17533;467.3;465.9
17810;6659;414.25;411.25
9732;11118;344.27;338.62
2167;3368;431.9;431
8469;19486;453.1;441
17324;177;414.5;413.3
16974;501;474;292
16419;7778;462.7;461.9
15845;5438;421;399
16066;11592;286;176
16702;7716;412.6;411.8
6868;4583;428.31;427.21
11320;14344;370.95;354.55
1004;16998;359.26;355.26
19631;14485;452;421
14654;4996;425.65;421.75
1511;9611;412.14;408.14
18943;10171;443;432.5
5489;13004;507.45;487.4
11052;4668;447.6;446.4
12785;5164;421.4;419.65
19256;12067;436.38;434.98
11419;5737;417.8;416.9
10937;6336;421.4;421.1
10894;7876;364.1;355.6
6533;16581;419.75;415.3
2448;7550;344.75;325
12776;2361;422.19;421.99
16724;16309;332;118
18988;10313;462.3;453.1
5705;7956;388.1;385
19412;12878;479.7;479.5
5823;11003;431.3;431
13153;12016;375.2;370.7
18890;9990;427.8;426.6
10785;3130;437.5;436.4
15030;6000;406;362
18851;9886;413.53;404.88
17566;1633;388.37;388.12
18961;10225;466.23;464.58
15142;13298;374.51;373.41
16796;695;406;214
7608;18580;387.04;384.04
19134;10727;418.7;415
7731;17764;384.62;377.42
4782;2628;374.29;370.29
7529;5246;411.41;410.51
3546;18645;416.46;407.46
3338;15769;387.88;371.53
7941;5274;413.19;406.39
2002;5820;403.1;401
2230;4839;429;427
6284;7389;390.42;389.72
10171;7911;370.4;364.2
19325;12476;419.62;394.62
348;21474;346.75;335
4949;21728;455.5;450
19263;12082;437.09;434.79
2121;5372;422.4;421.8
16432;7129;375;317
10347;3849;426.5;425.9
73;13230;373.14;368.04
2448;7552;355;354.5
12245;3234;420.4;418.2
945;7929;293.21;286.91
17541;1540;356.92;355.52
2060;7014;434;432.9
17882;12628;408.32;391.32
9536;4175;428.4;417.1
15389;17980;364.1;354
12216;19642;350.27;349.37
13076;2352;376.17;369.47
16735;778;430.4;428.8
8635;8552;422.16;421.76
2495;4864;429.1;428.35
9397;21787;437.64;436.64
9487;5985;406;405.7
17190;296;447.7;445.7
3550;10924;431.1;424.33
8170;19716;443.2;436.4
17464;1202;368;224
13055;20303;400.95;397.45
17077;5144;421.8;421
17322;168;414.2;413.7
14967;6;392.8;392.4
17563;1623;451.04;450.34
5489;13002;515.6;515.3
14183;11406;373.44;370.84
10678;3407;461.3;460.5
13030;17142;347.8;347
4046;21419;392.5;390.15
8368;12363;375.21;369.41
16732;15124;390;140
293;17681;378.65;376.3
16743;1005;436.3;430.5
11208;4368;417.88;416.38
17697;6656;388;374
14613;8735;421.8;419.4
567;19381;390.6;382.98
17811;6666;353.6;352.2
15472;11493;392;220
3863;19724;374.34;373.84
19758;14749;466.55;464.55
17532;1497;447.39;446.39
17547;1576;350.15;348.75
12681;13574;413.5;413.3
10989;20558;309.54;309.54
5114;12343;397.02;394.82
18848;9869;423;343
11303;12097;374.68;367.48
2857;21062;379.1;374.3
17011;468;385;381
13453;18984;465.93;460.13
13005;9238;420.69;417.89
1332;1315;382.8;343.8
12969;3901;367;362
6208;8935;413.63;413.23
17703;6614;439.99;439.19
17443;1125;377.03;370.83
19120;10663;388;385.1
11124;3865;423.9;423.6
15669;13105;388.68;368.68
15915;15561;397.5;272.5
15831;16304;420;378
3036;4550;427.4;426.75
12571;9755;397.2;393
1237;19483;368.25;366
14234;7288;423.8;408
19335;12503;384.7;381.7
11414;5668;412.4;410.5
17599;1754;417.05;415.5
9330;3526;453.2;448.7
2074;3322;431.1;430.8
11669;7891;353.2;346.5
10305;9559;448.7;447.85
11667;7848;373;368.7
3673;7753;484.87;484.52
8038;21002;332.1;324.6
15500;16110;401;369
19015;10401;424.2;423.5
8623;17757;446.9;446.4
2608;15997;381.7;362.7
10840;2995;457.3;457
1441;1333;419.85;418.75
15030;6001;410;408
13037;22074;450;443
13956;11978;379.02;375.82
16049;13012;380;366
10494;3507;435.9;435.6
18737;8297;417;411
6597;4125;427.7;427.4
7523;3836;427.1;425.3
15439;18283;399;227
15219;854;329.7;326.1
14758;7254;418.71;416.91
17548;1580;380.65;377.05
6623;9038;415.85;415.45
473;13970;379.33;377.03
127;17215;353.8;346.8
15344;7067;372.11;363.31
8089;17208;366.25;365
435;8777;419.95;418.75
15027;18466;434;392
11886;2466;429;428.2
10017;8571;409.32;407.52
17308;148;405;395
6594;5447;422.3;421.3
13858;4984;423;353
5475;20516;452.1;450.1
9703;3409;462.4;461.1
17312;154;412.6;412.2
11149;7587;404.1;402.6
15292;20844;306;304
3998;2063;376.58;370.63
10916;5371;379.92;377.22
12945;20399;390;284
17724;6510;463.57;451.67
12263;3883;392.5;387.8
19117;10649;385.6;384.6
16932;362;428.96;426.46
14932;4728;399.03;394.51
6949;11050;384.37;379.47
18918;10103;381.3;380.7
8707;5233;414.1;413.3
17113;332;351.7;344
556;14014;373.7;344.2
13882;20721;408;394
14659;5378;422.76;418.96
2164;3360;426.2;425
13870;20769;383;274
17538;1517;426.13;425.93
15221;911;335.95;332.05
865;15797;387.75;369.6
16262;15381;429;425.9
10358;3025;451;449.2
17705;6588;417.9;413.5
3885;20299;432.14;424.89
14017;7546;363.6;361
17526;1474;414.5;413.3
19743;14682;397.3;397.1
2389;4478;426.77;418.57
9424;7431;391.9;390.8
2640;21535;408.68;405.48
12700;11213;425;424.2
557;14018;372.2;344.2
2354;5172;416.84;415.44
17440;1111;382.94;382.59
2544;20156;412.69;411.19
3276;6217;387.45;384.45
5232;10973;373.3;367.3
19064;10550;425.32;424.32
15183;21291;360.7;358.6
2018;4211;415.7;412.7
15268;739;440;432
2224;1844;398.1;394.4
16953;609;378.5;370.5
2518;21463;452.9;446.25
1335;1328;384.02;381.42
14242;8707;402.5;401.3
2176;9688;372.93;368.43
17836;6730;371.8;370.1
11692;2324;372.21;358.21
10408;5993;407.8;407.3
7054;8493;390.14;379.34
10673;5430;424.6;424.3
19121;10672;383.7;381.3
17053;5547;419.96;418.06
11817;17190;388.26;374.96
6634;16673;395.8;395.55
2703;22200;398.55;390.15
559;14023;373.4;371.4
19123;10679;382.55;379.9
12962;20966;377;289
96;13150;369.2;368.8
10078;19367;459.75;457.9
19216;11715;392.2;390.4
15866;7952;377;372
9327;3521;455.5;454.9
10542;17677;414.89;386.89
8295;20186;400.53;400.18
3685;14251;346.5;339.55
19592;14242;422.33;420.13
14553;5772;416.79;416.59
10767;2258;367.2;360.9
4752;10946;368.37;366.47
14326;18081;409.24;408.04
19766;14799;465.47;462.77
16984;6830;348.6;347.2
10434;2185;-1250.65;-1707.65
12969;3898;372;370
10547;7919;348.75;346.55
17445;1132;383.57;380.17
17134;6016;406.22;403.87
100;14425;367.05;365.53
16141;7280;438.92;437.82
11568;2139;414.75;412.05
3768;5552;419.4;416.95
5166;20971;426.1;389.7
4240;21394;419.26;411.06
19650;14537;375.04;374.74
18967;10251;378.47;375.17
19025;10440;421.1;407.5
9356;21254;455.4;442.9
10585;5958;401.86;401.36
8177;17306;443.6;434.8
19753;14723;444;442
19430;12953;413.1;412
15598;947;390.3;375.8
17278;247;443.95;439.15
4994;9562;426.7;425.9
8820;2840;426.5;426.25
2225;10420;394.65;386.7
13947;4541;426.65;421.75
8704;6029;403.69;400.49
800;15798;405.7;403.25
15564;16266;406.35;404.45
1043;19354;346.5;336.6
13402;18881;328;315.5
2447;18295;349.7;346.8
17723;6506;464.87;453.97
15825;16351;378;130
10970;16961;341.51;340.61
19643;14515;386.4;384
17006;6163;403.07;402.97
66;13963;373.2;356.9
4747;5758;416.5;413.5
3199;22361;397.18;389.18
745;7816;374.36;372.61
247;16687;342.9;339.7
15805;7788;391.64;386.44
12789;9210;420.8;420.5
19527;14129;380.25;379.6
2541;22213;415.78;414.83
19524;14124;381.4;380.85
113;7959;357.46;356.86
2159;6036;419.22;416.32
19221;11731;376.16;362.46
2352;5760;417.5;406.7
9658;20943;406.04;405.74
6486;17269;451.51;450.41
19316;12450;429.55;428.55
19771;14830;444.03;442.43
1392;4098;427.55;427.25
15590;8752;423;422.5
17532;1496;448.59;447.39
11420;5741;416.72;411.92
3935;7826;385.32;384.82
18884;9974;375.34;374.24
3006;18968;368.8;365.1
1394;4107;427.31;426.41
14613;8734;422.3;421.8
672;15908;367.1;365
3322;8394;423.16;422.16
19131;10709;459.16;459.06
16107;2425;389.96;384.56
14855;4183;424.99;424.04
19425;12924;416;415.4
15903;4853;410;350
16825;3747;428;426
17126;275;421.3;421.2
5137;4950;428.4;428.5
1838;19837;426;417.3
15018;18469;430;260
1996;10893;422.7;413.1
15382;13156;376.25;373.05
18949;10189;420.94;420.74
15944;2085;347.79;346.29
10555;3731;428.9;428.4
2954;18503;377.81;375.81
16155;6291;391;389.3
15049;9278;421.24;416.34
3670;12308;415.15;412.15
15672;16104;428.4;422.3
3991;19236;443;432.3
19382;12807;373.3;373
17490;1374;467.2;466.4
19748;14697;462.73;461.23
1124;17635;425.08;422.03
2854;21460;378.8;378.3
17076;5142;421.2;417.5
4861;5968;404.5;403.8
7179;13800;446;430
19767;14805;466.54;466.34
602;22033;429.74;425.34
116;8231;408.3;397.55
12265;3885;381.3;379.75
6593;4262;421.3;420.3
19418;12899;422.41;421.11
16984;6829;350;348.6
13838;7732;486.6;486
8626;13726;382.9;376.3
245;15941;337.05;335.9
4787;13891;406.82;402.82
11684;11157;410.55;410.15
16843;727;420;411
15469;13292;400;380
15141;13304;370.87;358.67
6259;17200;450.4;447.4
11570;2117;414.75;412.15
5333;10982;393.35;392.6
9224;9709;376.23;374.63
16508;10034;383;372
12778;2382;419.81;415.81
19183;11319;432.9;429.4
4309;4366;409.52;399.32
3556;4334;421.49;419.49
14751;5891;381.66;380.96
753;5206;412.61;406.61
17529;1484;447.6;445.8
12415;22130;370.4;365.53
11185;16293;347.51;335.41
15676;16100;425.2;423.6
5027;21214;387;372.7
13400;8678;417;415.8
2829;21509;362.5;360.8
2441;7529;349.99;345.49
14005;7275;390;385
6460;8470;408.82;407.02
4584;19658;391.58;385.48
2704;17369;395.9;369.4
19021;10433;421.2;408.3
10255;18392;426.33;422.63
4043;22338;383.9;382.89
15526;11507;418;160
17691;6635;367.97;365.47
11668;7886;370.5;369.7
17448;1145;382.01;378.11
9530;19622;368.14;361.74
15954;2456;428.11;420.61
3031;20898;306.63;297.83
3503;4641;423.71;423.26
18830;9813;451.5;446.5
12637;13587;424.59;424.29
8815;16647;382.13;380.03
14771;21585;346.4;345.4
9797;16623;430.85;389.35
11057;16577;405.65;395.75
6869;5763;416.27;413.87
2619;6774;380.4;375.8
18806;9505;403;387
10286;9168;416.73;415.93
15758;3907;369.63;360.33
19300;12412;359.58;356.38
19065;10555;424.61;423.56
17750;6404;413;412
16899;9360;422.8;422.7
11705;3048;447;439
15738;16330;383.3;380.5
17191;297;457;456.2
14028;11381;384;263
9739;3975;430.7;429.8
9048;4446;445.55;437.95
12411;12086;336.39;332.99
7065;18966;354.78;342.23
17524;1468;414.8;413.8
14685;21376;355.67;351.47
16045;15523;473;235
13320;11999;386.4;383.65
18983;10306;464.1;462.1
2898;5951;398.94;391.94
15910;15628;393;235
18785;11859;470.8;469.3
19127;10696;458.67;457.67
14944;11444;377.17;376.97
754;5210;413.76;401.96
1261;7606;343.6;343.25
209;17328;316.02;305.2
11995;4867;430;429.7
18884;9975;374.24;374.14
12365;8625;396.59;392.89
10212;16510;369.18;363.83
5260;6330;417.7;417.5
15895;15604;395;125
10171;7909;374.5;372.3
260;21499;345.16;333.7
10761;19321;376.41;366.71
10432;4401;411.68;407.08
19055;10506;377.47;376.97
3277;6220;393.36;391.46
12958;6283;396;390.5
16892;899;406.7;405.5
2976;19891;363.45;361.45
15141;9681;362.17;358.67
19662;14550;377.33;371.73
10380;19734;402.86;395.46
3632;20322;348.9;344.8
17306;534;350.95;336.45
2567;16549;400.35;395.6
598;14032;374;372.35
12675;23;411;409.8
14930;4717;421.05;420.55
12493;2460;442.09;441.49
293;17682;374.2;373.85
14239;7415;426.7;408.3
19707;14613;402.3;399.65
19374;12790;402;399.9
3276;6215;392.45;392.2
11893;18255;381.08;380.68
7813;4160;424.7;423.5
13200;13557;376;274
7277;4666;450.5;449
9390;3106;437.18;435.98
17836;6732;367.4;366.8
12775;2358;423.06;422.76
18830;9810;455.5;455
4006;21422;441.75;433.75
10398;17735;387.57;382.57
2290;6063;408.2;406.7
1102;19773;374.65;362.9
18787;9466;379.55;379.15
2186;11654;367.75;362.45
11130;16833;404.85;400.3
18969;10262;373.43;371.28
6785;8478;422.09;421.64
13993;3012;435.5;335.5
1884;15697;427.16;422.76
10889;12114;381.47;378.57
19712;14623;378.9;375.4
16026;3430;462.45;461.75
2070;3312;428.5;427.8
13325;2559;403.1;397.6
12881;6033;418.84;416.04
8634;9123;420.45;420.25
13086;12030;418.14;417.34
9489;5991;404.15;403.25
19435;12960;417.65;416.05
8484;4434;450.91;450.61
3775;19894;349.25;347.45
7024;20641;402.25;396.35
11250;19537;405.9;404
17699;6624;455;445
12095;2946;395.3;395.1
19290;12376;374.7;372.5
15860;6347;420.2;419.2
4275;20171;396.8;396.2
7084;17030;408.27;401.17
3536;18921;366.49;363.49
15141;9680;358.67;356.17
9441;7540;395.6;395.1
13933;16012;368.3;355.5
17510;1436;416.85;414.15
12522;2853;430.87;426.87
2969;17599;357.25;350.75
3503;4642;423.26;418.21
15170;21312;375.5;372.5
6459;22104;396.8;389.9
385;16930;365.2;363.5
5709;10998;434.4;431.2
7059;5310;415.7;414.7
16980;488;384;382
9412;13692;407.67;404.47
3269;1908;415;400.5
17757;6401;380.7;365.7
18926;10120;419.2;407
13337;16370;387.75;386.84
15035;13217;427;423
12371;2427;399.34;396.84
6952;11054;387.8;374.7
2329;8809;410.82;401.52
8928;19646;456.8;442.4
14759;7252;420.7;418.8
8078;18707;471.02;466.77
11402;5866;404.15;402.05
14238;7804;430.6;426.3
19267;12248;322;311
17486;1363;428.97;419.97
16827;919;347.8;326.8
10432;4400;412.83;411.68
3504;4645;424.52;424.17
12247;3246;427.1;421.6
3037;4556;426.25;425.7
19420;12905;376.25;375.55
15920;4122;348;173
3597;17864;377.74;377.14
8584;2544;399.4;398.8
9742;16624;445.21;391.01
19451;13017;398.11;383.11
17346;76;384.37;384.02
10025;7426;443.87;438.07
3293;5916;402.1;401.3
19713;14626;379;374.6
17532;1495;449.39;448.59
3213;3707;421.61;420.61
5632;17202;395;394.6
6104;18802;436.85;430.35
2898;5949;402.94;402.14
12094;2945;391.3;389.8
14555;5782;412.05;411.05
6243;20712;461.7;459.5
1279;10863;368.64;366.29
13313;12003;383.5;382.7
10096;3681;384.38;377.48
9121;13712;407.3;407.3
680;14046;380;377.35
19243;11821;468.7;464.9
1774;8312;420.17;419.57
604;18824;428.13;425.03
17281;220;418;416
11180;16322;336.62;334.72
12070;21899;449.3;440
7993;11088;410.85;407.95
14367;18006;372.84;366.99
19245;11830;456.6;456.4
12091;5847;397.8;397.4
3268;1904;421.2;420.2
10809;21027;308.72;304.57
9023;11107;384.23;375.93
14357;17938;406;392
11864;15696;404.52;387.02
13324;2556;401.9;395
11530;9187;419.2;418.6
4754;19211;366.91;363.51
12149;20592;345.6;337.85
4971;21219;442.8;433.4
16707;7101;377.9;374.32
5165;20063;396.8;394.7
2851;12233;390.5;389.3
8576;20383;380.3;378
15068;21478;321.17;308.67
11575;2158;406.6;405.7
18868;9936;377.78;375.18
13364;8026;394.33;392.13
3769;14275;421;420.6
18981;10300;390.8;384.6
1574;1338;384.1;380.1
16888;877;403;394.4
17836;6731;370.1;367.4
17428;1076;440.93;430.13
17828;6716;370.1;369.2
1577;1351;380.05;367.85
4313;20026;349.94;349.74
4735;7795;470.7;470.4
19443;12982;419.45;418.8
1699;22163;432.83;428.73
9985;19737;422;420
19106;10615;432.5;432.1
580;14031;373.73;368.13
10171;7910;372.3;370.4
5024;10950;397.3;380.3
3776;10417;349.15;347.35
16965;623;381;193
12564;13595;378.8;370.7
18885;9976;374.55;372.75
10913;5354;417.92;407.62
17053;5548;418.06;417.36
15781;11544;427.3;418.9
19276;12265;379;376.6
3937;7830;382.95;379.05
14061;5415;425;373
9413;13690;410.55;409.95
1264;15786;397.7;391.5
17545;1562;380.16;377.16
12413;2431;382.18;382.08
17588;1698;380.1;379.7
18960;10223;421.6;420.4
7036;18485;373.21;372.81
16910;642;413;357
2385;4460;427.64;427.24
11547;7639;412;372
19242;11818;467.75;467.25
6715;18369;349.34;347.44
242;19405;340.42;336.27
1843;18551;395.18;391.78
11573;2101;410;409.5
6865;4578;428.08;425.68
17439;1107;382.31;381.71
16166;2420;393.03;391.93
16112;2663;369.9;366.5
15476;7200;358;344
15914;7048;420.3;388.3
14432;9269;423.32;422.22
1805;7615;376.02;375.62
3541;1934;429.5;428.3
19381;12806;372.8;371.3
6027;19496;411.37;403.37
11344;9518;426.55;425.8
10453;2711;410.1;356.31
2362;3694;426.9;417.9
10894;7872;351.9;351.4
16979;493;324;128
17115;338;348;341.1
18860;9915;377.08;374.68
5583;10984;423;419.7
3944;6210;407.8;394.5
9440;11113;355.9;344.98
7425;8514;421;419.5
10734;19341;470.1;469.6
156;14445;380.53;377.23
229;20056;338.35;329.85
8634;9126;419.55;405.65
11667;7847;350.2;344.9
301;15913;357.55;354.75
19766;14802;445.72;442.47
13781;16204;372;246
2644;15974;410.75;403
19056;10508;413.36;413.01
4602;19322;359.62;357.22
19427;12933;464.7;463.6
17425;1062;455.5;454.9
4576;21624;477.2;471
13459;11224;520.6;484.55
5960;4054;451.87;445.77
12012;19516;447.54;440.54
3267;1897;389.2;357
14007;15762;262;226
5160;18873;402.9;399.1
12239;3225;427.3;426.4
7772;9076;421.9;415.1
11866;3528;435.6;435.45
12108;2240;378.5;376.5
10909;20561;481.6;480.8
9073;16652;350.36;348.66
8271;17284;449.7;441.5
12634;9687;395.03;368.23
12115;13600;402.92;401.22
1512;9610;416.58;413.08
15341;20702;385.87;373.67
19233;11792;411;371
18934;10146;413.6;412.3
16714;7104;450.25;447.5
8389;9112;418.4;408.5
16928;333;427.38;417.38
7277;4665;451.2;450.5
2161;3349;427.5;426.5
12571;9752;393;389.2
5538;20521;389.46;386.96
19206;11687;390.2;389.4
12363;8616;400.21;396.71
9060;20978;441.57;435.82
8202;3796;441.5;441.2
14689;13485;358.07;345.47
325;10833;428.67;424.82
16540;4406;410.85;404.45
2619;6776;386;380.4
6020;20829;408.58;407.43
1149;15766;375.8;366.15
18830;9815;442.5;427.5
16867;4226;420;416.3
3266;1877;389.3;386.2
19753;14724;442;440.5
7447;13765;426.25;423.65
1775;18554;371.21;362.21
2010;4219;414;413.5
19767;14807;465.54;461.74
19431;12955;396.89;382.74
17313;158;411;401.5
5825;2508;396.8;391.8
10890;12112;379.27;376.27
3661;18543;496.7;494.1
4229;5121;413.96;411.96
16800;15044;375;373
12066;11165;451.4;443.3
8430;4135;428;427.4
17733;6487;392.89;387.79
17306;532;351.95;351.85
7998;2636;367.1;365.4
1131;21032;360.8;358.6
10839;3000;456.5;455.2
15207;11968;383.64;369.79
4786;13896;402.17;387.57
10890;12110;381.37;380.97
14173;11398;381.28;379.88
16804;15072;379;245
2346;21665;396.69;387.09
5256;8869;416.14;415.94
7737;19192;387.5;377
8649;4972;427.4;426.9
15354;8105;416.71;416.41
18765;9419;357;307
19235;11799;398;394
18862;9923;376.45;374.65
17412;1041;385.9;380.7
19291;12380;444.65;443.4
10535;2969;373.87;367.07
19107;10618;388.7;386.1
2250;17539;389.21;377.11
19591;14238;422.07;420.37
11196;2880;375.44;374.04
17342;6069;421.32;419.02
15741;13086;360.8;359.3
5556;18737;376.49;365.99
2229;4835;429.65;429.3
15195;19958;400.05;397.45
17895;12573;379.3;377.3
15777;16187;440.2;421.86
9222;9706;397.23;396.53
6917;3552;440.3;437.8
9965;19388;383.7;383.25
11765;2278;374.7;373.8
19724;14640;416.83;413.23
5112;12336;372.64;369.19
9840;15906;489.93;488.43
17757;6397;416.2;414.5
10301;5030;422.3;418.3
13469;11244;471.5;469.1
16945;510;351.09;350.09
8401;19171;397.93;376.43
17419;1049;455.5;454.5
6820;7511;353.7;351.5
249;21877;342.4;338.05
2079;3339;426;425.4
14857;4190;428.41;427.91
8088;9771;369.22;365
19651;14539;373.98;368.78
2649;4347;408.17;407.77
17547;1572;385.65;384.85
8636;9127;422.42;422.12
6995;9054;393.29;387.99
15383;13154;388;384.9
3268;1905;420.2;401.7
16284;23056;394.6;390.1
15454;23039;469;441
15612;9793;376.9;375
14002;23015;437;419
15894;23046;429.4;414.4
15614;9788;419.9;415
15950;23048;425.36;422.81
15950;23047;425.81;425.36
14002;23016;337;321
15339;23038;428;384.8
15614;9787;421.2;419.9
14809;20861;414.8;390.9
14809;20862;390.9;390.4
16284;23055;395.4;394.6
14481;3065;435.82;432.52
15339;23037;428.6;428
14481;3064;436.62;435.82
14482;3066;437.17;436.77
14809;23028;423;414.8
14481;3062;437.42;437.02
15650;23040;422.9;421.9
15793;23042;428;427.2
15650;23041;421.9;412.9
14002;23014;447;437
15613;9782;406.64;374.94
14482;3068;436.17;435.52
14811;20839;365.9;365
15454;11486;431;294
15613;9784;417.44;406.64
15894;15606;414.4;390.4
15613;9783;418.54;417.44
14811;23030;405.5;398.1
14807;20866;405;378.7
14811;20840;398.1;365.9
15894;15607;358.4;289.4
15613;9781;374.94;373.74
15952;23052;430.24;421.72
16285;23058;390.9;386.7
14481;3063;437.02;436.62
15612;9795;422.9;421.8
15793;23044;425.2;422.3
14483;3072;436.22;432.22
15612;9796;421.8;411
14482;3069;435.52;432.17
16285;23057;392;390.9
14807;23025;406.7;405
15612;9794;411;376.9
15269;2718;480;455
15454;11485;441;431
14807;23023;408.8;408.6
15793;23043;427.2;425.2
14807;20885;374.5;362.6
14809;23026;424;423.6
14809;23027;423.6;423
12264;23011;415.04;411.74
14807;23024;408.6;406.7
15951;23050;425.91;423.06
14807;23022;409;408.8
14483;3070;437.12;436.72
12264;23010;415.54;415.04
15951;23049;426.06;425.91
15793;23045;422.3;408
15339;20704;384.8;376.6
15952;23051;430.72;430.24
15614;9785;377.9;377.2
15614;9786;411.5;377.9
14807;20865;378.7;374.5
14002;11380;419;337
14483;3071;436.72;436.22
15269;2717;455;380
15894;15605;390.4;358.4
14811;23029;406;405.5
14482;3067;436.77;436.17
20040;23062;376.6;369.7
20041;23065;376.65;369.15
20040;23063;369.7;369
20041;23066;369.15;366.25
20040;23064;369;366.3
20046;23077;428.45;428.25
20060;23125;332;230
20042;23067;428.07;426.87
20044;23071;427.53;427.23
20056;23106;412;198
20059;23116;399;381
20049;23084;382;368
20061;23126;378;370
20059;23117;381;359
20061;23128;348;326
20053;23100;451;199
20058;23115;325;156
20054;23101;436;415
20058;23109;399;397
20044;23073;426.13;423.53
20061;23127;370;348
20044;23072;427.23;426.13
20057;23108;457;242
20049;23086;346;272
20056;23105;433;412
20055;23104;406;172
20045;23076;426.4;424
20060;23122;392;388
20059;23118;359;295
20047;23081;430.43;427.43
20045;23075;428.2;427.4
20046;23078;428.25;424.55
20054;23102;415;202
20055;23103;422;406
20045;23074;428.3;428.2
20047;23079;431.43;431.23
20050;23088;376;282
20049;23085;368;346
20057;23107;477;457
20047;23080;431.23;430.43
20059;23119;295;156
20058;23112;383;363
20048;23083;470;178
20061;23129;326;178
20058;23114;339;325
20050;23089;282;168
20048;23082;478;470
20042;23068;426.87;410.07
20060;23124;346;332
20043;23069;403.23;402.23
20060;23121;398;392
20058;23110;397;389
20053;23099;457;451
20058;23113;363;339
20043;23070;402.23;385.23
20060;23120;400;398
20050;23087;378;376
20058;23111;389;383
20060;23123;388;346
20085;23221;419.19;418.19
20127;23140;383.44;365.44
20073;23188;411.68;411.13
20062;23132;343;301
20067;23163;375;363
20072;23183;416.24;414.74
20128;23145;365.92;361.22
20128;23147;358.22;355.72
20063;23135;318;278
20083;23215;418.94;418.14
20065;23157;427;409
20074;23191;417;416.3
20080;23207;419.12;418.32
20065;23160;389;271
20073;23186;416.98;415.68
20070;23177;423.82;417.42
20076;23197;467.7;464.4
20082;23213;397.24;353.24
20085;23222;418.19;416.59
20127;23141;365.44;350.74
20081;23210;417.7;406.45
20066;23161;432;404
20079;23204;463.4;462.7
20082;23211;415.24;414.94
20068;23167;391;365
20128;23142;391.22;390.72
20070;23176;424.82;423.82
20071;23182;382.8;380.4
20076;23196;468.1;467.7
20065;23156;431;427
20086;23223;413.14;412.84
20075;23194;472;465
20129;23149;386.4;364.7
20068;23168;365;347
20069;23173;423.82;418.32
20064;23153;410;402
20072;23184;414.74;410.74
20070;23178;417.42;412.52
20071;23180;387.1;385.05
20077;23198;465;464.6
20064;23155;378;216
20078;23203;456.8;456
20128;23143;390.72;367.82
20080;23208;418.32;409.12
20067;23165;349;312
20066;23162;404;232
20062;23131;381;343
20075;23195;465;222
20071;23181;385.05;382.8
20127;23139;390.94;383.44
20063;23137;268;204
20065;23158;409;397
20129;23150;364.7;356.4
20071;23179;388.4;387.1
20068;23170;263;191
20084;23219;419.47;418.67
20127;23138;394.44;390.94
20128;23144;367.82;365.92
20086;23224;412.84;410.14
20082;23212;414.94;397.24
20067;23166;312;165
20078;23202;458.8;456.8
20064;23154;402;378
20073;23190;410.28;396.58
20069;23174;418.32;414.32
20084;23220;418.67;416.97
20070;23175;432.52;424.82
20065;23159;397;389
20072;23185;410.74;395.94
20074;23192;416.3;407.1
20062;23130;383;381
20069;23172;426.62;423.82
20074;23193;407.1;395.7
20129;23151;356.4;353.4
20082;23214;353.24;345.24
20069;23171;432.32;426.62
20064;23152;426;410
20083;23218;344.44;338.94
20077;23200;462.4;461.7
20078;23201;459.8;458.8
20083;23217;401.94;344.44
20079;23206;461.3;459.7
20079;23205;462.7;461.3
20128;23146;361.22;358.22
20081;23209;418.45;417.7
20083;23216;418.14;401.94
20062;23133;301;283
20063;23136;278;268
20068;23169;347;263
20063;23134;384;318
20073;23187;415.68;411.68
20128;23148;355.72;354.62
20067;23164;363;349
20077;23199;464.6;462.4
20073;23189;411.13;410.28
20100;23292;380.07;378.37
20091;23266;372.17;365.27
20102;23299;379.15;377.95
20091;23265;374.02;372.17
20103;23303;377.55;373.75
20130;23231;360.65;354.05
20097;23280;420;404
20092;23269;423.15;414.45
20105;23310;373.02;369.92
20106;23312;374.08;368.73
20087;23253;410.56;408.91
20103;23302;378.75;377.55
20094;23273;424.65;414.95
20101;23296;377.39;373.74
20090;23262;373.99;372.39
20105;23308;376.02;375.02
20107;23318;351.25;335.25
20099;23287;384.46;378.91
20104;23305;376.39;375.39
20090;23264;371.19;365.99
20106;23313;368.73;366.38
20097;23283;345;200
20103;23301;380.65;378.75
20095;23275;381.7;373.7
20096;23277;382.3;380.8
20099;23288;378.91;377.51
20105;23309;375.02;373.02
20087;23251;411.81;411.71
20097;23281;404;362
20107;23317;361.25;351.25
20092;23268;424.45;423.15
20091;23267;365.27;362.02
20100;23291;383.97;380.07
20087;23255;404.51;401.81
20089;23260;410.9;410.4
20088;23258;407.8;407.4
20099;23290;373.21;371.86
20093;23270;424.56;422.96
20105;23311;369.92;367.17
20094;23272;424.95;424.65
20107;23315;421.25;419.25
20101;23294;382.29;381.54
20107;23316;419.25;361.25
20101;23295;381.54;377.39
20087;23254;408.91;404.51
20097;23282;362;345
20104;23307;367.64;365.39
20104;23306;375.39;367.64
20088;23256;411.2;410.6
20103;23304;373.75;372.2
20130;23228;383.85;362.95
20096;23278;380.8;375.95
20090;23263;372.39;371.19
20089;23261;410.4;406.6
20100;23293;378.37;376.97
20095;23276;373.7;367.8
20098;23285;422;260
20098;23284;430;422
20102;23300;377.95;374.95
20088;23257;410.6;407.8
20130;23230;361.65;360.65
20089;23259;411.1;410.9
20099;23289;377.51;373.21
20093;23271;422.96;414.56
20096;23279;375.95;369.3
20099;23286;386.31;384.46
20101;23297;373.74;371.84
20095;23274;382.2;381.7
20106;23314;366.38;365.08
20087;23252;411.71;410.56
20130;23232;347.05;346.15
20102;23298;380.95;379.15
20130;23229;362.95;361.65
20113;23338;432.95;418.95
20123;23362;413.1;412.4
20121;23358;412.4;411.4
20111;23331;372;144
20122;23361;412.5;411.2
20112;23334;374;144
20109;23326;369.76;367.96
20120;23356;413.2;412.7
20119;23354;412.05;410.9
20114;23343;369;223
20124;23364;413.8;413.2
20124;23365;413.2;411.8
20110;23328;371;143
20121;23359;411.4;408.7
20119;23353;414.2;412.05
20108;23323;369.55;368.15
20116;23348;372;222
20108;23322;372.85;369.55
20126;23368;417;413
20109;23324;374.46;372.86
20110;23327;443;371
20125;23366;413.3;412.3
20112;23332;444;436
20126;23369;413;401
20116;23347;400;372
20109;23325;372.86;369.76
20117;23349;459.2;445.2
20118;23352;412.3;410.5
20111;23329;444;438
20126;23371;371;242
20126;23370;401;371
20122;23360;414.2;412.5
20121;23357;414.2;412.4
20111;23330;438;372
20115;23345;357;203
20117;23350;445.2;207.2
20108;23320;374.15;372.85
20113;23339;418.95;374.65
20113;23337;434.95;432.95
20125;23367;412.3;410.3
20120;23355;414.2;413.2
20114;23342;393;369
20118;23351;413;412.3
20123;23363;412.4;411.1
20116;23346;412;400
20114;23341;425;393
20112;23333;436;374
20113;23340;374.65;372.95
20115;23344;423;357
20133;23391;380.02;366.22
20144;23376;410;405
20132;23383;378.99;376.49
20132;23385;368.79;360.89
20131;23381;358.85;354.65
20133;23392;366.22;364.02
20144;23377;405;137
20133;23390;381.22;380.02
20133;23396;353.42;349.72
20145;23373;359;242
20133;23395;359.72;353.42
20145;23372;425;359
20132;23387;360.49;350.19
20144;23374;437;427
20132;23389;348.99;347.79
20133;23393;364.02;363.52
20131;23382;354.65;353.05
20132;23388;350.19;348.99
20144;23375;427;410
20131;23379;385.05;366.05
20131;23380;366.05;358.85
20131;23378;386.05;385.05
20132;23386;360.89;360.49
20133;23394;363.52;359.72
20132;23384;376.49;368.79
20134;23402;354.77;350.37
20135;23412;359.07;345.77
20136;23417;384.88;365.88
20135;23410;365.17;363.37
20136;23419;350.88;349.38
20135;23409;377.77;365.17
20136;23418;365.88;350.88
20134;23404;348.07;318.57
20135;23408;378.37;377.77
20134;23403;350.37;348.07
20134;23399;375.37;354.77
20135;23413;345.77;330.87
20135;23414;330.87;328.67
20134;23398;375.77;375.37
20135;23411;363.37;359.07
20137;23449;421.6;420.2
20143;23447;393.55;389.35
20146;23427;425.17;424.27
20146;23430;367.47;307.27
20137;23452;407.8;368.6
20137;23451;418.1;407.8
20143;23445;400.75;395.85
20142;23441;410.4;397.5
20140;23436;406.14;391.44
20141;23438;410.45;397.85
20146;23425;427.27;425.97
20140;23435;409.84;406.14
20139;23433;402.55;400.75
20146;23428;424.27;390.87
20137;23453;368.6;367.2
20137;23450;420.2;418.1
20141;23437;411.85;410.45
20139;23431;411.95;410.35
20143;23448;389.35;388.35
20143;23446;395.85;393.55
20142;23440;411.5;410.4
20146;23426;425.97;425.17
20141;23439;397.85;391.85
20139;23432;410.35;402.55
20140;23434;411.44;409.84
20143;23444;412.75;400.75
20143;23443;414.35;412.75
20142;23442;397.5;391.5
20146;23429;390.87;367.47
20147;23458;440.08;439.08
20147;23460;393.48;387.58
20147;23461;387.58;384.08
20147;23459;439.08;393.48
20151;23471;429.8;414.9
20150;23468;431.4;429.3
20148;23465;428.2;413.8
20151;23470;429.9;429.8
20148;23462;429.8;429.6
20150;23469;429.3;417.4
20149;23467;433.1;413.2
20148;23464;429.2;428.2
20149;23466;433.2;433.1
20148;23463;429.6;429.2
12983;23538;400.8;400.5
15357;23543;374.7;373.7
15447;23541;199;451
12983;23539;400.5;400.2
15357;23544;373.7;369.7
14683;23548;371.13;365.83
16053;23542;456;448
12983;23540;400.2;397.8
14683;23547;373.33;371.13
17496;1388;481.25;480.75
16673;931;415.19;375.34
16944;504;384;360.5
17495;1387;479.2;478.9
17872;9714;404.7;385
18816;9543;470.28;426.78
17868;11888;332.5;328.5
18822;9703;467.85;408
16681;961;422.6;406.5
16680;928;411.6;406.6
18928;10125;426.5;426.2
18814;9533;469.01;450.56
16672;10010;370.7;369.3
17972;7003;405.4;368.4
18816;9544;426.78;415.98
16680;929;424.6;423.55
17868;11887;338.5;332.5
18930;10133;411.5;411.3
16672;10011;402.5;370.7
18816;9545;415.98;407.78
16670;9789;374.5;373.6
18814;9535;407.01;405.31
16670;9790;405.8;374.5
17868;11889;328.5;326.5
18821;9701;367.4;358.4
16678;913;411.3;407.7
17973;6967;354.3;350.3
18816;9541;478.28;477.98
16669;10016;373.9;371.3
18816;9542;477.98;470.28
16669;23321;421;405.7
18814;9534;450.56;407.01
17900;23421;505.9;498
16669;23319;422.3;421
18815;9539;453.47;442.47
17872;9712;408.5;407.25
16729;2863;412.2;404.2
18821;9699;468.25;406.4
18930;10131;419.5;419.2
17494;1382;482.63;482.23
18821;9700;406.4;367.4
17482;1296;486.2;483.1
17482;1295;486.5;486.2
17976;6994;322.4;321.4
16665;23246;431.8;431.1
18929;10129;415.15;414.65
18930;10130;419.7;419.5
16672;23336;421.8;402.5
17497;1391;482.5;481.7
17872;9711;409;408.5
18815;23457;428.27;417.5
17972;7004;368.4;365.4
17976;6993;363.4;322.4
17282;23400;418.4;417.65
16944;503;419;384
17494;1384;481.83;481.13
17497;1390;483.4;482.5
16669;10017;405.7;373.9
16665;23247;431.1;429.7
17872;9716;360;359.5
17282;23405;416.05;409.5
16750;977;431.5;419.4
17973;6969;330.3;324.3
18821;9698;468.4;468.25
16944;505;360.5;360
17972;6999;450.4;449.4
18928;10126;426.2;414.5
16673;935;421.39;415.19
17972;7001;413.4;409.4
17976;6992;401.4;363.4
17481;1294;483.6;483
16750;976;432.4;431.5
18489;6953;454.5;358.5
18815;9537;474.47;472.97
17973;6966;357.3;354.3
16729;2860;355.2;336.2
17975;6972;338.1;326.1
17282;23407;409;403.4
18930;10132;419.2;411.5
17872;9717;359.5;358
18929;10127;426.65;423.65
16678;915;425.7;424.9
17481;1292;486.5;486.2
16673;934;424.34;421.39
17282;23401;417.65;416.05
16670;9791;424.7;423.7
16672;23335;422.5;421.8
18489;6952;456.5;454.5
17900;23420;508;505.9
18815;9538;472.97;453.47
16665;23245;432;431.8
17868;11886;407.5;338.5
16944;502;420;419
17282;23406;409.5;409
17872;9713;407.25;404.7
18814;9532;470.01;469.01
18489;6951;458.5;456.5
16678;917;424.9;411.3
16670;9792;423.7;405.8
16729;2862;416.2;412.2
17972;7002;409.4;405.4
17872;9715;385;360
16681;960;424.2;422.6
17976;6991;403.4;401.4
16729;2861;336.2;332.2
17973;6965;358.3;357.3
17495;1386;479.75;479.2
17975;6971;405.1;338.1
16729;2864;404.2;355.2
17481;1293;486.2;483.6
18815;9540;442.47;428.27
17868;11885;408.5;407.5
17496;1389;480.75;480.25
17975;6970;410.1;405.1
16680;930;423.55;411.6
17972;7000;449.4;413.4
18822;9702;468;467.85
17495;1385;480.1;479.75
16681;959;406.5;404.2
18814;9536;405.31;402.51
17494;1383;482.23;481.83
18929;10128;423.65;415.15
17973;6968;350.3;330.3
20170;23612;373.2;340.2
20172;23619;339.2;235.2
20170;23613;340.2;235.2
20173;23621;374.2;339.2
20172;23618;374.2;339.2
20172;23617;375.2;374.2
20173;23622;339.2;235.2
20171;23614;375.2;374.2
20171;23616;339.2;235.2
20170;23611;375.2;373.2
20173;23620;375.2;374.2
20171;23615;374.2;339.2
20168;23675;386.96;383.96
20168;23674;391.16;386.96
20168;23676;383.96;361.16
2844;23683;375;384.65
2847;23691;386.4;384
2847;23689;377.5;387.3
2843;23682;376.3;383.1
2846;23688;385.7;383.2
2845;23686;384.9;381.7
2842;23681;375.8;382.5
2844;23684;384.65;381
2846;23687;376.2;385.7
2845;23685;375.2;384.9
2847;23690;387.3;386.4
16375;23233;462.1;445.5
14069;16988;344;306
16487;23668;414.88;405.78
14109;23486;400.9;400.6
14318;23518;420.65;419.75
16486;23665;415.74;415.24
16516;4615;428;427.1
14318;23519;419.75;417.85
16486;23666;415.24;406.29
14316;23511;420.4;418.9
16381;23243;472;470.8
14109;23489;390.7;386.4
16469;23662;399.93;398.38
16377;23237;452.25;443.5
14489;23552;413.81;413.61
14071;23478;336.7;335.3
14328;23529;441.6;440.5
16389;15356;405.4;393
14162;23496;428.85;427
14358;2788;470;428
14303;23506;441.65;441.15
16377;23236;462.4;452.25
16423;23634;425.15;424.3
14162;23495;428.9;428.85
14079;2492;380.81;379.11
16424;23638;424;422.9
16378;23240;447.6;439
16443;23652;417.65;409.5
16426;23642;425.85;425.2
14161;23492;427.6;426.2
16467;23658;399.99;398.14
14317;23514;420.6;419.6
14489;23550;417.11;415.31
16532;23673;402.6;401.7
16378;23238;467;465.5
14073;23481;387.7;372
16497;7119;421.65;418.5
14161;23491;427.9;427.6
16377;23235;463.5;462.4
14489;23553;413.61;413.51
16487;23667;415.78;414.88
16532;23671;409.4;408.6
14320;23527;420;417.9
16424;23636;425.5;424.9
14301;23503;440.91;439.91
16389;23632;410.8;405.4
14303;18129;439.15;432.75
16497;8774;422.2;421.65
14109;23487;400.6;399.7
16378;11606;439;438.8
14303;23507;441.15;439.15
16388;9568;402.6;375
16668;10019;406.5;374.8
16516;4614;428.4;428
14330;18059;436.4;432
16424;23637;424.9;424
16375;23059;463.5;462.1
14319;23523;419.3;417.9
16470;23663;400.73;400.13
14317;23513;421.1;420.6
14053;17084;447;429
14073;23480;388;387.7
16425;23641;423.35;422.25
14073;16966;372;263
14489;23551;415.31;413.81
14075;16964;365.6;365.4
16532;23672;408.6;402.6
16668;10018;374.8;372.5
14053;17085;415;307
16427;23646;424.2;423.1
14079;2491;378.81;359.51
16532;23670;409.7;409.4
14330;23536;437.4;436.4
14318;23516;421.75;420.95
14053;23472;457;447
14198;23500;372.62;371.22
14330;23535;438.2;437.4
16378;23239;465.5;447.6
16388;9569;375;366
14198;23501;371.22;370.92
16389;23630;413;412.6
14328;23528;442.4;441.6
16380;23629;445.4;442.5
14301;23504;439.91;433.81
16426;23643;425.2;424.35
14316;23509;422.1;421.2
14076;16943;393.6;364.6
14329;23532;444.2;443.1
16466;23655;400.78;400.33
14317;23515;419.6;417.8
15953;2450;425.25;424.48
14489;23549;417.31;417.11
16376;23225;465;463.5
14489;23554;413.51;411.81
14328;18079;440.5;434.3
14075;16963;390.9;367
16443;23651;419.5;417.65
16388;9572;414.2;402.6
14071;23479;335.3;329.7
16423;23633;425.8;425.15
14069;23476;414;366
14329;23533;443.1;441.9
14319;23522;420.6;419.3
14358;2787;420;375
16469;23661;400.58;399.93
16425;23640;424.25;423.35
14320;23524;421.9;421.4
16466;23656;400.33;398.68
14329;23534;441.9;434.75
16380;23628;453.4;445.4
16487;23669;405.78;405.08
16465;23654;400.45;397.95
16379;23242;451.8;438.4
16487;11678;405.08;402.88
14162;23494;429;428.9
14317;23512;421.7;421.1
14074;23483;375.7;364
16423;23635;424.3;423.2
14162;23497;427;426.6
14320;23526;421;420
14074;23482;376;375.7
14074;11396;364;136
15953;2451;424.48;414.75
14161;23493;426.2;424.9
14316;23508;422.7;422.1
14075;23484;391.9;390.9
16150;3395;438.45;436.85
16376;23227;447.6;446
16388;9570;416;415.8
14069;16987;366;344
14071;23477;337;336.7
14303;23505;442.75;441.65
14319;23521;421.35;420.6
16468;23660;400.29;398.34
16388;9571;415.8;414.2
16150;3396;436.85;430.45
16516;4616;427.1;420.4
14318;23517;420.95;420.65
14161;23490;428;427.9
16381;23244;470.8;452.2
14109;23488;399.7;390.7
16468;23659;400.64;400.29
16375;23234;445.5;441.5
16470;23664;400.13;398.63
16486;11679;406.29;403.74
14320;23525;421.4;421
16427;23645;424.8;424.2
16380;23627;454.5;453.4
14358;2786;428;420
14301;11415;433.81;431.51
14057;17061;387;255
14198;23498;375.92;374.62
16376;23226;463.5;447.6
14301;23502;441.51;440.91
16668;23248;426.5;424.8
16668;23250;418.8;406.5
16497;8773;422.55;422.2
14079;2493;379.11;378.81
16379;23241;453;451.8
16426;23644;424.35;423.25
16465;23653;400.75;400.45
14069;23475;418;414
14053;17083;429;415
16467;23657;400.64;399.99
16425;23639;424.85;424.25
16389;23631;412.6;410.8
16668;23249;424.8;418.8
14076;23485;394.6;393.6
14319;23520;421.9;421.35
14198;23499;374.62;372.62
14057;23474;395;387
14316;23510;421.2;420.4
14075;16962;367;365.6
14492;23800;416.15;413.95
16664;23766;432.1;431.3
16620;23730;414.55;412.6
14491;23796;418.78;417.88
16590;23710;413.6;409.5
16639;15233;407;377
14496;23808;372.95;369.4
16634;23749;459.7;459.5
16676;952;409.3;407.5
16431;4670;447;305
16584;23707;412.5;410.1
16561;23704;411.49;410.79
16436;23650;425;417
14491;23797;417.88;415.68
16622;23737;421.1;420.6
14492;23801;413.95;413.75
16621;23736;415;402.3
16435;23648;421;419
16062;15540;367;250
16619;23724;419.7;418.9
14499;23817;376.79;376.49
16623;23742;421.9;421.4
16536;23692;420.2;419.1
16617;23722;410.2;401.3
16590;23712;406.5;405.6
16617;23721;412.5;410.2
16679;924;411.4;407
16620;23732;410;408.5
16620;23729;420.9;414.55
14496;23807;373.3;372.95
16062;23053;425;391
16584;23706;413.5;412.5
16430;15326;390;308
16538;23700;415.3;414
14497;23809;375.32;375.02
16622;23738;420.6;420.2
16584;23705;415.1;413.5
15507;3393;379;239
16591;23713;412.6;410.3
14495;23803;376.3;376
16667;23789;425.9;425.2
16621;23734;416.1;415.5
14495;23802;376.6;376.3
16667;10020;376.8;375.1
16624;23745;422.1;421.4
16431;4672;453;447
16538;23698;416.2;415.8
16671;10013;408.2;381.5
16679;927;421.7;411.4
16674;941;426.07;407.27
14497;23810;375.02;374.22
16664;23768;430;429.2
16538;15245;406.8;406.2
16620;23728;421.5;420.9
16436;10037;327;138
16537;15246;414;412.5
16639;23751;413;407
16666;23770;433;432.6
16624;23747;421;420.4
16537;23694;420.5;419
16537;23697;415;414
16666;23771;432.6;432.1
16617;23720;413.3;412.5
16616;23717;414.3;410.5
16623;23744;420;410.6
14491;23794;420.18;419.88
16536;11608;414.7;412.2
16536;23693;419.1;414.7
16590;23711;409.5;406.5
14495;23804;376;371.2
16671;10015;425.5;408.2
16622;23740;418.3;409.1
16639;15234;377;213
14499;23818;376.49;371.79
16676;957;426.45;409.3
16538;23699;415.8;415.3
14490;23793;419.57;415.07
16435;15318;403;371
16664;23769;429.2;429.1
16616;23716;415;414.3
14497;23812;373.72;371.82
16623;23741;422.6;421.9
16619;23723;420;419.7
16599;13267;466.31;461.91
16621;23735;415.5;415
16537;23696;415.8;415
16622;23739;420.2;418.3
16667;10021;407.9;376.8
16619;23726;412.9;410.8
16624;23746;421.4;421
14497;23811;374.22;373.72
16671;10012;381.5;378
14496;23806;373.8;373.3
14492;23798;418.05;417.65
16538;23701;414;406.8
16585;23708;413.6;410.7
16664;23765;432.3;432.1
15507;3392;401;379
14492;23799;417.65;416.15
16621;23733;416.3;416.1
16435;15319;371;121
16616;23718;410.5;403.9
16616;23715;415.4;415
16674;940;427.27;426.07
16676;955;427.5;426.45
16634;23750;459.5;457.9
16599;13268;473.91;466.31
15507;3394;439;401
16561;23703;417.99;411.49
16616;23719;403.9;402.2
16430;23647;428;390
16664;23767;431.3;430
16667;23788;427.1;425.9
16634;15197;457.9;449.7
14496;23805;374.3;373.8
14491;23795;419.88;418.78
16591;23714;410.3;404.6
16619;23725;418.9;412.9
16679;926;423;421.7
14490;23792;420.07;419.57
16623;23743;421.4;420
16436;10035;359;327
16537;23695;419;415.8
16585;23709;410.7;409.6
16671;10014;426;425.5
16667;23790;425.9;407.9
16062;15539;391;367
16624;23748;420.4;407.4
16620;23731;412.6;410
16436;10036;417;359
16619;23727;410.8;408
16666;23772;432.1;430.7
16431;4671;455;453
16435;23649;419;403
16561;23702;418.79;417.99
297;23857;378.5;376.48
1177;23832;416;400
257;23836;368.2;367.2
297;23856;355.18;378.5
296;23858;355.65;388.55
257;23837;367.2;333.7
296;23859;388.55;381.7
1177;23833;400;356.5
1177;23831;420;416
20155;23755;385.6;367.6
20155;23754;389.7;385.6
20155;23753;391.2;389.7
13804;23873;346.35;370.35
11178;23872;339.05;378.05
20155;23756;367.6;361.6
20181;23893;377.6;375.1
20185;23878;409.8;409.7
20185;23881;408.2;399.8
20185;23880;408.8;408.2
20183;23887;384.8;383.9
20183;23886;385;384.8
20181;23891;382.4;380.3
20183;23888;383.9;377
20181;23889;383.1;382.8
20181;23892;380.3;377.6
20185;23879;409.7;408.8
20181;23890;382.8;382.4
20184;23874;409.8;409.65
20182;23885;385.6;383
20184;23876;409.3;407.5
20182;23883;392.4;391
20182;23882;393;392.4
20184;23877;407.5;399.8
20184;23875;409.65;409.3
20182;23884;391;385.6
20186;23910;393.3;393.2
20190;23901;349.97;347.97
20187;23902;385.01;383.01
20186;23914;315.5;314.3
20186;23912;392.95;351.3
20190;23898;414.97;413.97
20186;23913;351.3;315.5
20186;23915;314.3;314.05
20190;23900;356.97;349.97
20187;23903;383.01;376.01
20187;23905;360.01;358.01
20190;23899;413.97;356.97
20187;23904;376.01;360.01
20186;23917;277.3;268.3
20186;23916;314.05;277.3
20186;23911;393.2;392.95
20192;23919;344.45;342
20192;23918;368.45;344.45
14731;23834;372.2;364.1
14722;23829;444.4;443.7
14812;23865;432.5;431.8
14768;23851;419.88;412.98
14732;21613;360.5;353.3
14732;23835;353.3;360.5
14766;23841;422.18;421.98
14810;23863;419.1;414.8
14812;20838;422.3;421.7
14810;11438;410.9;390.6
14722;23828;444.8;444.4
14808;23860;418;417.3
14774;23854;369.4;369.15
14766;23843;420.58;414.18
14812;23866;431.8;422.3
14716;23824;414.7;414.3
14716;23827;412.3;408.7
14768;23849;420.88;420.48
14767;23845;421.35;420.55
14716;23825;414.3;413.3
14810;11439;390.6;389.8
14768;23850;420.48;419.88
14731;21632;364.1;358.2
14810;23864;414.8;410.9
14810;23862;420;419.1
14768;23848;420.98;420.88
14767;23844;421.45;421.35
14773;23853;369.6;354.6
14808;20864;394.3;392.3
14722;23830;444.4;437.8
14808;20863;409.5;394.3
14716;23826;413.3;412.3
14774;23855;369.15;344.2
14772;23852;369;343
14767;23846;420.55;419.05
14766;23842;421.98;420.58
14767;23847;419.05;413.45
14808;23861;417.3;409.5
20205;24097;406.5;375.1
20204;24090;416.3;410.4
20205;24098;375.1;373
20202;24081;445.6;438.6
20202;24079;449.9;446
20205;24099;373;369.7
20204;24089;416.7;416.3
20205;24093;416.7;416.4
20202;24078;452;449.9
20205;24095;415.4;407.9
20204;24092;387.9;381.4
20205;24096;407.9;406.5
20202;24080;446;445.6
20204;24091;410.4;387.9
20202;24077;453.6;452
20205;24094;416.4;415.4
19575;24125;-1490.44;-1566.44
19575;24135;-2048.44;-2228.44
19575;24137;-2396.44;-2409.44
19575;24134;-2030.94;-2048.44
19575;24102;69.56;62.06
19575;24138;-2409.44;-2482.44
19575;24112;-215.44;-252.44
19575;24139;-2482.44;-2527.44
19575;24123;-1356.44;-1403.44
19575;24108;-62.44;-103.44
19575;24110;-167.44;-192.44
19575;24133;-2027.44;-2030.94
19575;24116;-509.44;-650.44
19575;24141;-2539.44;-2551.44
19575;24121;-1144.44;-1356.04
19575;24118;-771.44;-1023.44
19575;24130;-1740.44;-1847.44
19575;24114;-312.44;-346.44
19575;24131;-1847.44;-2020.44
19575;24140;-2527.44;-2539.44
19575;24124;-1403.44;-1490.44
19575;24117;-650.44;-771.44
19575;24101;432.56;69.56
19575;24126;-1566.44;-1588.44
19575;24120;-1108.44;-1114.44
19575;24122;-1356.04;-1356.44
19575;24127;-1588.44;-1670.44
19575;24136;-2228.44;-2396.44
19575;24115;-346.44;-509.44
19575;24128;-1670.44;-1732.44
19575;24132;-2020.44;-2027.44
19575;24113;-252.44;-312.44
19575;24119;-1023.44;-1108.44
19575;24111;-192.44;-215.44
19575;24107;62.06;-62.44
19575;24109;-103.44;-167.44
19575;24100;499.56;432.56
19575;24129;-1732.44;-1740.44
20194;24172;458.2;458
20194;24174;456.7;455.6
20201;24153;459.5;458.8
20207;24146;415.5;414.5
20199;24158;459;458.5
20200;24156;460;458.8
20196;24166;458.9;458.6
20200;24155;460.3;460
20194;24173;458;456.7
20208;24150;413.2;410.5
20206;24142;416.3;415.9
20208;24151;410.5;403.2
20198;24161;459.1;458
20206;24144;414.9;404.8
20207;24147;414.5;413.5
20207;24149;406.5;380.5
20193;24177;456.2;456
20199;24159;458.5;457.5
20193;24176;457.8;456.2
20196;24167;458.6;457
20201;24154;458.8;458.2
20207;24148;413.5;406.5
20193;24175;458.4;457.8
20199;24157;459.7;459
20201;24152;459.9;459.5
20206;24145;404.8;381.3
20198;24160;459.4;459.1
20206;24143;415.9;414.9
20198;24162;458;456.7
20196;24168;457;455.8
20210;24226;378.4;354.8
20210;24225;382.1;378.4
20210;24227;354.8;353.1
20210;24224;382.6;382.1
20210;24228;353.1;352.6
20200;24239;458.8;458.1
1534;7410;388.6;378.6
13497;4756;398;358
2705;3597;401.4;394.7
13293;24300;374;365.95
14840;24286;415.27;414.27
13293;24301;365.95;360.7
13292;24293;374;365
14841;24290;414.1;405.5
13292;24294;365;361.4
2705;3595;409.3;408
14841;24289;415.5;414.1
13292;24295;361.4;360.1
13293;24302;360.7;358.65
14840;24288;414.27;405.27
2705;3594;394.7;369.3
2705;3596;407.5;401.4
15086;23944;381.46;374.06
15064;13335;404.7;403.6
15064;13318;407.4;404.7
15063;23937;411.2;406.1
15085;23941;377.93;374.83
15063;23935;412.1;411.8
15063;18325;406.1;398.1
15064;13315;403.6;396.7
15064;13317;408.4;407.4
15086;23942;383.66;383.26
15085;23939;382.03;381.13
15085;23938;382.83;382.03
15086;23943;383.26;381.46
15063;23936;411.8;411.2
15064;13316;408.7;408.4
15086;23945;374.06;373.66
15085;23940;381.13;377.93
15115;23956;434.51;419.01
15422;24009;451.85;446.35
15360;23982;409.39;402.19
15116;23958;433.07;414.17
15140;23959;396.8;396
15412;24005;407.25;406.85
15359;23980;403.6;402.8
15136;8748;420.9;402.35
15404;23994;423.79;412.69
15315;4822;427.8;420.5
15406;23999;425.08;423.03
15422;24008;452.35;451.85
15140;23960;396;392.8
15198;7074;351.5;311.5
15402;23986;423.36;422.86
15115;21406;419.01;415.71
15359;23978;410.8;409.9
15412;24007;402.65;392.25
15199;13195;356.2;341.2
15405;23997;423.28;413.78
15406;23998;425.38;425.08
15116;23957;434.17;433.07
15422;17931;446.35;436.55
15396;23985;449.7;445.2
15360;23983;402.19;397.99
15405;23996;425.38;423.28
15404;23992;424.69;424.19
15328;13171;373;360.4
15315;4821;428.8;427.8
15396;17955;445.2;440
15199;13196;403.2;356.2
15406;24000;423.03;422.28
15115;23955;435.71;434.51
15359;23979;409.9;403.6
15404;23993;424.19;423.79
15198;7076;397.5;351.5
15402;23988;422.06;413.36
15198;7077;311.5;298.5
15315;4820;429.5;428.8
15198;7075;298.5;295.5
15406;24001;422.28;413.38
15328;13170;359.7;351.9
15396;23984;470;449.7
15405;23995;425.78;425.38
15328;13172;381.7;373
15412;24006;406.85;402.65
15328;13173;360.4;359.7
15402;23987;422.86;422.06
15360;23981;409.99;409.39
15136;8747;422.35;420.9
15635;24066;444.24;443.84
15565;24052;410.46;409.66
15634;24064;445.19;444.39
15635;24067;443.84;442.84
15565;24053;409.66;402.76
15670;13103;389.77;369.67
15634;24063;445.29;445.19
15553;24050;435.23;431.53
15552;24047;438.1;433.8
15701;24186;422.51;417.81
15665;13123;389.23;371.23
15667;13107;389.06;369.96
15670;13102;369.67;364.77
15682;24106;398.43;392.23
15667;13106;369.96;364.06
15634;24065;444.39;433.29
15699;24182;379.3;378.2
15704;24189;395.81;395.51
15651;24070;424.9;421.9
15699;24183;378.2;369.3
15635;24068;442.84;441.84
15665;13120;371.23;364.23
15566;24055;407.69;406.39
15553;24049;436.03;435.23
15682;24104;404.08;403.63
15635;24069;441.84;434.24
15701;24187;417.81;416.11
15682;24105;403.63;398.43
15633;24061;447.09;445.99
15567;24059;408.2;404.6
15682;24103;404.23;404.08
15567;24058;409.7;408.2
15540;24044;402.9;400.9
15698;24180;374.3;373.4
15567;24060;404.6;401.1
15566;24054;408.19;407.69
15539;24042;401.2;400.9
15552;24045;439.1;438.9
15537;24039;401.3;398.3
15553;24048;436.23;436.03
15565;24051;410.76;410.46
15566;24056;406.39;400.19
15698;24181;373.4;368.3
15704;24191;394.81;385.81
15539;24043;400.9;397.9
15552;24046;438.9;438.1
15701;24188;416.11;415.51
15537;24038;401.6;401.3
15651;24071;421.9;414.9
15704;24190;395.51;394.81
15567;24057;410.1;409.7
15633;24062;445.99;435.09
17875;12655;430.12;422.12
17877;12661;378.1;374.1
17875;12657;375.12;370.12
17877;12660;422.1;378.1
17876;12658;422.1;378.1
17878;12662;422.1;401.1
17876;12659;378.1;377.1
17875;12656;422.12;375.12
15787;24197;408.3;407.3
15791;24204;412;410.4
15794;24208;427.91;427.81
15985;24279;421.25;400.9
15966;24269;425.5;420.5
15795;24215;427.9;424.7
15955;24256;429.94;429.39
16002;24309;413.9;413.65
15965;24263;432.1;431.3
15993;24296;427.6;422.8
15993;24291;428.4;428
15980;24270;421.2;421
15795;24214;428.2;427.9
15791;24202;414.8;414.5
15966;24268;426.9;425.5
15794;24209;427.81;423.21
16002;24310;413.65;413.35
15998;24307;425.05;424.35
15788;24199;411.6;407.5
15789;24532;414.3;413.7
15794;24210;423.21;422.21
15963;24262;430.2;425.12
15994;24298;430.5;430.1
15984;24277;421.15;401.3
15965;24265;427.1;422.1
15997;24305;424.7;421
15816;24223;471.3;470.6
15998;24308;424.35;421.35
15993;24292;428;427.6
15981;24273;421.2;421
15993;24297;422.8;422.6
15795;24213;428.8;428.2
15789;24534;411.9;410
15816;24219;476.5;476
15816;24221;473.3;472.8
15791;24203;414.5;412
15966;24267;430.1;426.9
16003;24313;411.95;408.65
15997;24303;425.3;425
15795;24216;424.7;408.9
15963;24260;431.6;431.1
15963;15534;425.12;421.6
15795;24212;428.9;428.8
15816;24218;476.8;476.5
15963;24261;431.1;430.2
15816;24222;472.8;471.3
15997;24304;425;424.7
15966;24266;430.5;430.1
15955;24257;429.39;420.94
15985;24278;421.4;421.25
16003;24312;412.2;411.95
15998;24306;425.35;425.05
15788;24198;411.9;411.6
15981;24274;421;419.3
15787;24196;411.4;408.3
15981;24275;419.3;418.5
15790;24200;413.1;412.6
15816;24220;476;473.3
15794;24211;422.21;419.91
15787;24195;411.7;411.4
16002;24311;413.35;410.4
15980;24271;421;419.2
15790;24201;412.6;408.7
15980;24272;419.2;418.4
15994;24299;430.1;424.3
15789;24533;413.7;411.9
15965;24264;431.3;427.1
15984;24276;421.3;421.15
16037;8762;421.72;419.12
16021;24333;402.2;401.95
16014;24330;443.4;442.5
16011;24322;440;439.8
16012;24326;439.05;437.95
16010;24320;442.4;441.9
16039;8764;420.7;418.15
16014;11591;433.9;432
16010;24319;442.6;442.4
16021;24332;402.5;402.2
16037;8761;422.72;421.72
16030;24341;421.3;417.7
16028;24336;421.3;421
16021;24335;401;398.95
16030;24339;421.7;421.45
16021;24334;401.95;401
16030;24340;421.45;421.3
16004;24315;411.55;407.9
16011;24324;438.5;435.1
16013;24328;443.4;442.55
16013;24329;442.55;435.6
16005;24318;410.4;406.7
16012;24327;437.95;434.45
16011;24323;439.8;438.5
16010;24321;441.9;437.6
16028;24337;421;420.6
16004;24314;411.8;411.55
16005;24317;410.6;410.4
16005;24316;410.8;410.6
16035;8759;421.63;419.13
16028;24338;420.6;417.3
16035;8758;423.13;421.63
16014;24331;442.5;433.9
16037;8760;423.12;422.72
16039;8763;423.15;420.7
16013;15530;435.6;433.1
16012;24325;439.25;439.05
16310;15293;406.35;404.55
16309;10059;407.1;405.6
16309;10060;407.6;407.1
16129;24347;401.5;400.6
16303;15403;410.1;407.5
16177;24363;429.2;428.7
16187;24378;372.5;372.35
16180;24370;398.3;396
16282;24404;407.95;395.15
16183;24372;398.56;397.56
16305;24413;410;409.2
16308;15390;407.7;406.1
16219;24386;424.12;423.12
16180;24369;398.6;398.3
16303;15402;407.5;404.6
16308;24416;412.6;412.3
16286;24408;384.6;383.1
16240;24389;394.72;394.22
16188;24383;375.21;373.91
16187;24380;370.8;370.4
16308;15391;407.9;407.7
16177;24364;428.7;423.4
16287;24410;381.5;380.4
16305;15398;409.2;408.9
16306;11603;405.3;404.2
16308;24417;412.3;407.9
16304;11600;404.9;404.1
16183;24371;399.26;398.56
16305;15397;408.9;406.3
16187;24376;373.8;373.5
16187;24379;372.35;370.8
16309;24418;410.1;407.6
16218;24385;425.06;418.16
16177;15462;423.4;419
16129;24348;400.6;397.9
16240;24390;394.22;391.72
16307;15393;409.1;408.9
16286;24407;385.7;384.6
16282;24403;409.15;407.95
16240;24388;395.12;394.72
16306;11605;404.2;403.4
16187;24377;373.5;372.5
16306;24414;410;409.1
16219;24387;423.12;416.12
16286;24409;383.1;380.4
16306;11604;409.1;405.3
16180;24367;399;398.8
16304;24412;410;409.7
16188;24382;375.91;375.21
16307;15392;408.9;407.1
16287;24411;380.4;376.3
16310;24419;408.55;406.35
16307;24415;413.4;409.1
16304;11601;409.7;404.9
16180;24368;398.8;398.6
16188;24381;376.21;375.91
16218;24384;426.16;425.06
16304;11602;404.1;403.7
28;24611;375.62;364.92
28;24610;379.92;375.62
16885;24487;364.4;349.8
17038;24510;448.7;448.3
17041;24515;422.8;419.3
16939;24493;432.5;429.4
16366;6815;352.52;346.72
16747;985;435.3;434.7
16364;24431;352.76;344.16
17041;24514;425.3;422.8
17044;24523;468.2;467.3
17029;24498;437.15;436.3
17094;24544;417.12;417.02
16883;24482;365.4;364.7
17019;3474;471.3;471
17045;24528;465.1;463
17092;373;413.55;409.75
17046;24529;466.3;465.3
17072;4170;426.65;426.45
17037;24508;444.35;441.05
17038;24509;448.9;448.7
17044;24525;466.8;464
16882;24481;364.3;344.2
16779;24441;416.2;415.8
16748;981;436.3;435.6
17070;24541;427.2;426.95
17029;24500;435.6;435.1
17037;24506;445.35;445.15
16687;24434;429.04;427.84
16747;987;434.7;422.8
16782;24444;409.3;408.9
16742;1008;433.05;422.1
16938;24491;432.5;430
16939;24492;433.5;432.5
16742;1006;422.1;421
6365;24613;370.87;355.47
16687;24433;429.84;429.04
17092;372;418.6;413.55
16875;850;412.4;403.5
16882;24480;364.8;364.3
17018;3473;467.3;463
17072;4172;426.05;422.25
16366;6816;346.72;343.02
17067;24536;427.4;427.1
17020;3479;463.7;461.1
17030;24505;435.7;434.4
16364;24430;354.16;352.76
9634;24616;370.91;365.01
17037;24507;445.15;444.35
17018;3472;468.4;467.3
16875;849;414.4;412.4
17030;24503;437.4;436.9
16891;893;404;402.9
17067;24537;427.1;423.2
17029;24497;437.4;437.15
16995;4772;405;404.85
16746;991;438.8;437.9
17072;4171;426.45;426.05
16751;973;434.4;422.7
16752;971;438.6;430.2
16752;970;439.4;438.6
17020;24496;466.4;465.8
17094;24545;417.02;416.42
16891;892;397.1;392
17068;24539;427.25;427.05
16779;24442;415.8;415.5
17029;24501;435.1;433.7
16995;4773;404.85;402
17046;24530;465.3;464.7
17068;24540;427.05;423
16363;24429;355.39;347.59
16751;972;434.9;434.4
17019;3475;471;468.6
16996;4777;400.98;398.08
17019;3476;468.6;467.8
17092;370;419.75;419.1
16780;7098;412.9;411.7
16782;24446;407.6;403.8
17040;24512;425.45;422.15
16782;24445;408.9;407.6
16875;848;415.5;414.4
17040;24513;422.15;419.45
9634;24615;374.31;370.91
17094;24547;414.22;413.32
16940;24494;434.5;433.7
16366;6814;353.02;352.52
16780;7099;411.7;409.3
17045;24527;465.7;465.1
16742;1007;434;433.05
16996;4776;407.78;400.98
16886;24489;367;352.2
16782;24447;403.8;403.7
16996;4775;408.08;407.78
17030;24502;437.7;437.4
17044;24524;467.3;466.8
17029;24499;436.3;435.6
17094;24546;416.42;414.22
17070;24543;426.5;423
16995;4774;402;396.65
16886;24488;367.7;367
16779;24443;415.5;412.6
16940;24495;433.7;431.4
16938;24490;434;432.5
9634;24614;375.01;374.31
16891;896;402.9;397.1
16883;24483;364.7;345
16363;24428;355.79;355.39
17046;24531;464.7;461.9
17092;371;419.1;418.6
16687;14832;385.34;377.84
17030;24504;436.9;435.7
16746;988;426.6;425.8
17067;24535;427.6;427.4
17020;3478;465.8;463.7
16884;24484;365.8;365.4
16363;15370;347.59;345.79
17019;3477;467.8;463.3
16746;993;437.9;426.6
16687;24435;427.84;385.34
17070;24542;426.95;426.5
16884;24485;365.4;350
16885;24486;365;364.4
17038;24511;448.3;445.6
17068;24538;427.45;427.25
17045;24526;466.5;465.7
6365;24612;375.47;370.87
16780;7097;413.3;412.9
16748;982;435.6;427.3
17220;24556;427.5;427.1
17266;8781;422.45;422.15
17279;249;454.37;453.77
17595;1742;418.35;417.75
17130;290;420.8;420.6
17591;1731;415.65;397.85
17251;24576;433.2;432.9
17218;24550;426.3;425.3
17223;24568;427.1;426.9
17222;24564;427.1;426.7
17218;24548;427.3;426.8
17595;1743;417.75;415.15
17219;24552;427.3;427
17248;24572;414.1;413.9
17218;24551;425.3;412.3
17221;24563;425.9;412.1
17219;24555;426;419.3
17492;1379;387.15;380.85
17276;233;453.75;452.2
17598;1752;416.85;415.45
17220;24558;426.5;425.5
17269;8784;421.87;416.67
17279;251;452.77;451.37
17221;24562;426.4;425.9
17491;1376;386.89;383.69
17595;1744;415.15;414.35
17219;24553;427;426.8
17266;8782;422.15;416.3
17222;24565;426.7;426.3
17248;24573;413.9;413
17217;568;455.42;452.82
17222;24566;426.3;425.4
17216;566;455.27;452.37
17219;24554;426.8;426
17217;567;455.52;455.42
17251;24577;432.9;429.2
17220;24559;425.5;412.5
17223;24571;425.1;412.1
17491;1377;383.69;380.59
17223;24569;426.9;426.5
17173;3950;464.53;450.63
17279;253;443.37;438.37
17223;24570;426.5;425.1
17270;8786;422.34;416.99
17591;1729;417.65;416.6
17221;24560;427.1;426.7
17218;24549;426.8;426.3
17252;24580;427.05;424.55
17270;8785;422.99;422.34
17252;24579;427.55;427.05
17591;1730;416.6;415.65
17597;1748;417.15;416.35
17266;8780;422.55;422.45
17130;292;414.4;413.6
17248;24574;413;409.75
17173;3949;465.63;464.53
17276;234;451.95;447.75
17598;1751;417.95;416.85
17130;291;420.6;414.4
17598;1753;415.45;413.95
17597;1750;414.65;413.15
17492;1378;389.15;387.15
17216;565;455.57;455.27
17276;236;447.75;439.75
17222;24567;425.4;412.1
17279;252;451.37;443.37
17220;24557;427.1;426.5
17221;24561;426.7;426.4
17276;235;452.2;451.95
17217;569;452.82;452.72
17269;8783;422.67;421.87
17252;24578;427.85;427.55
17276;237;439.75;433.75
17591;1728;418.05;417.65
17251;24575;433.4;433.2
17279;250;453.77;452.77
17597;1749;416.35;414.65
17873;12668;389.1;383.1
18709;24620;358.21;356.71
16933;364;421.36;420.36
17429;1078;458.11;457.41
17873;12670;368.1;361.6
17873;12666;415.6;412.1
16933;365;420.36;408.36
17429;1079;457.41;444.81
19341;12521;379.63;358.93
17873;12667;412.1;389.1
17873;12669;383.1;368.1
16934;367;422.2;420.2
16934;369;398.2;368.2
16935;375;421.28;409.28
17429;1080;444.81;433.81
16934;368;420.2;398.2
16935;376;409.28;358.28
19341;12519;383.93;383.43
18709;24617;384.71;383.71
20188;23907;383.15;378.15
20188;23908;378.15;360.15
20188;23906;385.15;383.15
18709;24618;383.71;380.71
19341;12520;383.43;379.63
20188;23909;360.15;357.15
17429;24603;458.81;458.11
16933;366;408.36;365.36
16935;374;422.28;421.28
18709;24619;380.71;358.21
17873;12665;416.6;415.6
19341;12522;358.93;356.93
12097;2915;425.58;422.13
344;1792;384.85;380.05
13810;2932;427.23;425.03
13811;2934;428.16;427.61
12098;2910;424.3;421.8
12097;2913;428.13;425.58
12098;2909;426.3;424.3
13811;2935;427.61;423.66
12098;2907;428.3;427.15
12098;2908;427.15;426.3
13810;2931;427.63;427.23
13810;2933;425.03;421.63
13811;2936;423.66;422.66
344;1359;380.05;357.85
344;14859;384.85;384.55
15977;24630;375.6;368.45
15976;24629;369.65;351.5
16407;24632;374.83;370.53
15977;24631;368.45;350.6
15976;24628;376.5;369.65
16409;24691;369.52;339.72
17137;24692;406.6;406.45
16407;24686;370.53;346.83
17137;24694;406.35;403.6
16409;24690;374.72;369.52
17138;24701;375.15;373
17137;24696;402.9;402.6
16408;24687;374.75;369.45
16408;24688;369.45;346.75
17137;24695;403.6;402.9
17138;24702;373;354.15
17137;24693;406.45;406.35
18017;24649;381.1;369.5
18012;24643;381.45;369.85
18414;24674;430.65;429.5
17432;1089;410.6;408.3
17525;1472;414.1;411.4
18613;24698;413.45;413
18016;11736;369.8;367
18340;24656;375.5;373.2
17517;1452;436.8;433.1
17514;24717;359.6;435.6
18009;24637;382.6;378
18414;24673;430.7;430.65
18416;24707;421.57;421.52
18415;24678;418.81;416.31
18009;24638;378;374.6
17515;1444;376.4;354.7
17523;1465;412.18;396.88
18409;24660;421.87;420.32
18613;24699;413;411.1
17515;24716;431.9;376.4
17527;1478;412.3;409.8
18415;24676;422.91;420.31
17432;1091;408.3;405.4
17856;12696;388.7;371
18412;24672;428.3;421.8
17517;1451;438.3;436.8
18344;24657;376.1;375.3
18179;24653;387;384.9
18410;24665;419.55;418.9
18414;24675;429.5;420.7
18016;11735;380.9;369.8
18411;24669;429.8;422
18416;24709;415.37;411.57
18613;24700;411.1;401.6
17523;24605;396.88;395.98
18416;24708;421.52;415.37
18412;24671;429.9;428.3
17856;12695;389;388.7
18012;24644;369.85;368.05
17432;1092;405.4;404.6
18011;24642;374.6;372.5
18409;24659;422.02;421.87
17514;24718;435.6;381.3
17527;1476;414;412.9
18409;24661;420.32;416.02
18344;24658;375.3;373.1
18411;24668;430.3;429.8
18415;24679;416.31;411.91
18412;24670;430.8;429.9
18410;24663;422.4;421.15
18613;24697;413.6;413.45
18415;24677;420.31;418.81
18017;24650;369.5;367
17525;1470;415.4;414.8
17856;12699;347.5;347
18010;24639;382.2;376.1
17523;1466;394.88;394.38
17525;1471;414.8;414.1
18011;24641;382;374.6
18340;24655;376.2;375.5
17523;24606;395.98;394.88
17856;12698;350.5;347.5
18010;24640;376.1;374.2
18410;24666;418.9;416.45
17517;1449;441.1;440.3
17523;1464;413.18;412.18
17523;1463;414.38;413.18
18410;24662;422.45;422.4
18411;24667;431;430.3
17517;1450;440.3;438.3
18410;24664;421.15;419.55
17527;1477;412.9;412.3
18180;24654;386.5;384.4
17515;24715;354.7;431.9
17856;12697;371;350.5
20220;24750;318.06;315.06
20222;24757;457.9;410.2
20221;24752;411.86;408.86
20212;24721;375;227
20212;24719;427;407
20219;24743;376.7;374.7
20220;24748;437.36;414.16
20216;24732;378.52;375.52
20213;24722;413.5;373.5
20222;24758;410.2;328.2
20214;24727;357.72;354.72
20223;24763;320.73;316.73
20222;24756;458.2;457.9
20217;24734;437.23;435.23
20214;24725;383.72;380.72
20221;24754;402.86;373.36
20223;24762;408.73;320.73
20218;24741;387;385
20222;24759;328.2;324.2
20216;24731;380.02;378.52
20220;24746;440.06;439.61
20218;24739;436.8;434
20219;24744;374.7;369.7
20215;24730;381.1;379.1
20213;24723;373.5;356.5
20214;24724;384.72;383.72
20223;24761;436.43;408.73
20221;24753;408.86;402.86
20218;24738;437;436.8
20220;24749;414.16;318.06
20221;24755;373.36;370.86
20215;24728;436.1;427.1
20217;24737;383.23;381.23
20218;24740;434;387
20215;24729;427.1;381.1
20220;24747;439.61;437.36
20219;24745;369.7;360.2
20221;24751;412.86;411.86
20217;24736;429.23;383.23
20217;24735;435.23;429.23
20219;24742;380.2;376.7
20212;24720;407;375
20214;24726;380.72;357.72
20223;24760;436.73;436.43
20216;24733;375.52;369.72
8401;24765;424.43;401.03
8401;24764;376.43;424.43
13291;24768;382;364.2
744;14263;384.05;383.95
744;14262;402.15;384.05
744;14260;407.55;406.55
13036;2689;377.15;373.55
13291;24769;364.2;360.15
744;14259;383.95;375.8
13036;2690;373.55;369.85
13036;2688;369.85;361.15
744;14261;406.55;402.15
15779;24775;434.67;464.07
15779;24777;459.97;447.3
15780;24778;425.29;462.79
15778;24772;419.47;458.77
15780;24779;462.79;458.59
15776;24770;414.72;442.27
15776;24771;442.27;436.7
15779;24776;464.07;459.97
15780;24780;458.59;441.3
15778;24773;458.77;454.67
15778;24774;454.67;442.4
14190;24789;375.91;374.81
14177;24782;376.54;369.44
14190;24788;360.91;375.91
14184;24785;373.72;362.92
14186;24787;369.02;364.35
14177;24783;369.44;368.19
14184;24784;362.42;373.72
14177;24781;367.74;376.54
14186;24786;362.75;369.02
14190;24790;374.81;362.01
18432;24714;361.3;357.8
17388;1014;457.4;448.5
17321;164;414.3;413.9
17388;1013;458.5;457.4
17388;1012;458.9;458.5
17426;1065;458.7;449.2
17321;163;413.9;409.2
17321;166;405;404.5
17321;165;409.2;405
17321;159;414.5;414.3
17426;1064;459.2;458.7
18432;24713;363.8;361.3
14191;24863;377.07;375.97
16178;24366;429.5;422.7
14191;24862;377.47;377.07
16178;24365;430.5;429.5
16176;24362;426.4;419.1
14191;24864;375.97;364.27
16176;24361;428;426.4
16178;15461;422.7;418.5
16176;15422;418.4;415.6
16176;15463;419.1;418.4
14192;24866;376.01;362.61
14192;24865;377.51;376.01
16336;24425;349.5;347.6
16336;10057;347.6;339
16336;24424;349.8;349.5
16336;10058;339;337.8
11176;24962;416.5;413.4
11782;25026;407.09;406.49
18617;24791;414.69;414.54
18444;24811;436.7;436.5
11783;25031;422.3;421.4
18619;24800;407.95;403.55
18617;24794;411.79;396.69
18467;24850;431.5;431.3
18467;24855;431.3;430.7
18439;24806;406.15;404.25
18444;24812;436.5;436.2
11560;24973;412.5;410.6
11559;24968;423.16;422.11
11780;25022;408.5;406.7
11782;25027;406.49;402.69
18465;24844;431.5;431.3
11559;24970;414.11;413.16
11560;24972;418.1;412.5
11579;25005;402.5;399.7
18475;24851;453.9;453.3
18475;24854;450.15;449.3
11785;25036;413.4;410.4
11576;24992;404.95;403.45
11574;24989;405.4;404.85
18466;24849;430.7;428
11563;24974;423.19;422.39
18459;24825;430.5;430.1
11565;24980;417.78;417.33
11564;24978;422.69;415.29
11592;25015;420;419.6
11594;25018;415.3;415
18463;24837;473.7;473
18463;24838;473;472.7
11176;24961;417.1;416.5
18444;24813;436.2;435.7
18439;24804;407.15;406.45
18464;24840;473.7;473.5
18467;24856;430.7;428
11784;25032;424.3;424
11781;25025;408.7;407.6
11574;24988;407.1;405.4
11565;24982;412.03;409.78
11564;24979;415.29;414.09
11583;25014;390.25;386.95
18459;24826;430.1;429.3
11781;25024;413.7;408.7
11577;24996;404.8;400
18461;24835;473.1;470.2
11578;24998;402.35;401.95
18458;24823;419.3;418
11583;25012;391.95;391.45
18458;24824;418;416.2
11574;24986;408.9;408.4
18465;24846;430.8;428.1
11176;24964;411.85;409.9
18459;24827;429.3;429.1
11594;25019;415;410.8
18445;24816;435.4;429.6
11559;24969;422.11;414.11
18619;24799;412.25;407.95
11786;25037;410.3;410
18466;24847;431.5;431.3
18619;24798;413.25;412.25
11574;24990;404.85;400.1
11579;25003;404.7;403.3
11578;25001;399.95;395.75
11563;24975;422.39;415.19
11577;24997;400;398.6
18460;24832;472.9;470.2
11578;25000;401.3;399.95
11781;25023;415.6;413.7
11565;24981;417.33;412.03
18459;24828;429.1;426.8
18466;24848;431.3;430.7
18463;24836;473.8;473.7
11176;24963;413.4;411.85
18438;24801;407;406
11782;25028;402.69;400.89
18460;24829;473.7;473.5
11560;24971;419.6;418.1
18461;24833;473.7;473.6
11574;24987;408.4;407.1
11785;25035;414.4;413.4
11177;24967;413.2;411.5
18438;24802;406;404
18438;24803;404;403.5
11579;25002;405.3;404.7
18476;24857;453.3;452.2
11594;25017;415.8;415.3
11581;25010;403.9;403.2
18476;24858;452.2;448.2
11571;24985;413.9;412.1
11581;25011;403.2;399.2
18475;24853;451.6;450.15
11577;24995;405;404.8
18458;24822;420;419.3
18465;24845;431.3;430.8
18460;24831;473.3;472.9
11784;25034;418.3;418.1
18475;24852;453.3;451.6
11780;25021;410.2;408.5
11581;25009;404.2;403.9
18617;24793;412.99;411.79
11576;24993;403.45;400.7
18619;24797;413.55;413.25
11780;25020;411;410.2
18440;24808;407;406.1
18439;24805;406.45;406.15
18464;24843;472.9;472.7
11563;24976;415.19;413.19
11786;25038;410;406.3
18463;24839;472.7;471.8
11583;25013;391.45;390.25
11592;25016;419.6;416
11576;24994;400.7;398.85
18444;24814;435.7;430.7
11578;24999;401.95;401.3
11571;24983;418.1;417.5
18460;24830;473.5;473.3
11784;25033;424;418.3
11783;25030;428.9;422.3
11786;25039;406.3;405.8
11571;24984;417.5;413.9
11576;24991;405.45;404.95
18618;24795;413.32;412.52
18618;24796;412.52;398.32
18440;24809;406.1;404.2
11176;24960;417.5;417.1
11579;25004;403.3;402.5
18440;24810;404.2;403.5
18464;24841;473.5;473.4
11783;25029;429.4;428.9
18439;24807;404.25;403.65
18617;24792;414.54;412.99
11564;24977;423.09;422.69
18461;24834;473.6;473.1
11177;24965;417.5;417.2
11177;24966;417.2;413.2
18445;24815;435.6;435.4
18464;24842;473.4;472.9
11725;25086;368.58;368.08
11199;25064;379.37;378.37
12107;25090;376;375.2
12525;25103;377.4;375.9
11198;25057;383.63;382.03
8652;25049;375.4;374.05
8366;25043;377.61;373.91
8653;25051;377.95;376.8
12423;25100;379.2;376.8
11198;25059;380.48;377.13
12305;25096;373.67;362.97
12423;25101;376.8;374.9
8652;25048;378.1;375.4
12305;25093;377.97;377.47
11724;25081;369.64;368.44
11199;25065;378.37;374.92
8366;25041;382.91;381.51
11724;25084;364.24;363.64
11201;25077;377.8;376
11199;25062;383.67;381.17
12107;25091;375.2;373.3
11724;25082;368.44;367.54
11725;25085;369.78;368.58
11198;25060;377.13;374.93
12377;25099;384.1;375.9
12526;25108;372.1;370.6
12423;25102;374.9;374.2
11200;25067;384.55;383.8
11198;25058;382.03;380.48
8651;25047;373.15;358
11724;25083;367.54;364.24
12525;25104;375.9;372.9
11201;25075;383.55;379.8
11201;25073;384;383.8
11723;25078;375.39;373.79
8366;25040;384.11;382.91
11200;25072;376.25;374.55
12305;25095;376.37;373.67
12107;25089;376.1;376
12305;25094;377.47;376.37
11201;25074;383.8;383.55
8651;25045;378;374.8
8653;25052;376.8;373.8
8653;25053;373.8;357.95
11725;25088;364.68;363.78
12525;25105;372.9;371.4
11725;25087;368.08;364.68
8366;25042;381.51;377.61
11200;25068;383.8;382.9
9158;25056;376.85;362.35
11723;25079;373.79;373.29
12377;25097;384.4;384.1
8652;25050;374.05;358.1
11198;25061;374.93;373.63
8651;25046;374.8;373.15
12526;25106;378.6;376.7
12526;25107;376.7;372.1
9158;25054;378.35;377.55
11200;25070;378.7;377.95
12107;25092;373.3;371.9
9158;25055;377.55;376.85
8366;25044;373.91;369.11
11723;25080;373.29;369.39
11201;25076;379.8;377.8
11199;25066;374.92;373.67
11200;25071;377.95;376.25
11199;25063;381.17;379.37
11200;25069;382.9;378.7
13138;25147;375.31;373.81
13137;25145;369.95;368.4
12992;25113;374.34;372.84
13138;25149;369.66;368.11
13110;25132;376.84;375.04
13135;25141;368.99;367.39
13108;25126;379.18;374.68
13109;25129;379.2;375.4
13134;25137;369.05;367.35
13104;25123;382.32;380.92
12992;25111;377.04;375.04
12936;25110;383.44;364.24
13138;25146;376.11;375.31
12992;25116;368.04;365.94
13134;25135;374.45;373.05
13110;25131;379.34;376.84
13110;25133;375.04;374.34
12992;25112;375.04;374.34
13109;25130;375.4;374.1
13135;25140;373.49;368.99
13098;25120;381.46;380.66
13135;25138;375.39;374.69
13137;25142;375.4;374.95
12936;25109;386.24;383.44
13104;25124;380.92;377.52
13137;25144;373.8;369.95
12992;25114;372.84;370.34
13137;25143;374.95;373.9
13108;25127;374.68;374.08
13104;25125;377.52;362.32
13138;25148;373.81;369.66
13097;25119;378.05;372.1
13097;25118;379.6;378.05
13135;25139;374.69;373.49
13108;25128;374.08;372.08
13134;25136;373.05;369.05
13098;25121;380.66;378.66
12992;25115;370.34;368.04
12992;25117;365.94;364.84
13098;25122;378.66;374.46
13134;25134;375.35;374.45
17154;25162;372.73;358.93
15757;25167;373.84;369.94
14714;25168;374.87;373.27
16595;25164;374.4;372.6
15757;25166;374.94;373.84
14714;25169;373.27;371.27
14714;25170;371.27;370.17
17131;25163;375.98;372.88
16595;25165;372.6;360.4
17154;25161;373.93;372.73
11382;25181;372.77;369.87
8280;25197;376.43;373.23
8280;25199;367.23;366.43
11841;25176;370.3;367.1
10070;25186;370.69;359.99
10070;25185;372.89;370.69
8477;25196;366.84;349.84
7208;25202;374.28;369.98
10008;25190;358.4;354.3
14565;25173;380.35;380.15
8279;25200;377.92;373.12
6748;25208;355.8;345.4
10008;25188;372.6;370.9
6748;25206;372.5;369.5
8477;25194;374.84;372.44
8479;25192;374.2;371.8
14565;25171;368.05;381.1
10008;25187;374.3;372.6
8279;25201;373.12;371.92
10070;25184;374.99;372.89
11257;25182;375.68;371.08
11841;25175;374.9;370.3
10008;25189;370.9;358.4
6748;25205;375.4;372.5
8479;25191;376.4;374.2
8280;25198;373.23;367.23
7208;25204;364.98;361.58
14565;25174;380.15;370.35
11841;25177;367.1;366.9
6748;25207;369.5;355.8
7208;25203;369.98;364.98
11811;25178;375.9;371.8
8477;25195;372.44;366.84
11257;25183;371.08;363.28
11382;25180;375.87;372.77
8479;25193;371.8;358.4
14565;25172;381.1;380.35
11811;25179;371.8;349.75
18492;25153;418.8;418.3
18524;24896;425.7;424.4
18483;23455;413.15;412.9
18513;24889;428.3;427.4
18510;24883;427;426.4
18482;23424;412;410.4
18543;24915;479.5;479
18491;24860;420;418.55
18492;25152;420;418.8
18457;24818;430.6;429.2
18753;8295;445.66;445.36
18511;24885;426.75;426.15
18483;23454;413.3;413.15
18457;24821;427.5;427.1
18544;24920;480.37;479.47
18731;8178;-707.15;-734.15
18544;24919;480.67;480.37
18751;8280;460.21;459.86
18753;8292;455.66;455.36
18731;8175;-514.15;-555.15
11174;2940;427.7;427.4
18523;24893;426.4;424.9
18731;8167;408.45;372.85
18543;24916;479;477.6
18507;24882;427.9;424.4
18506;24879;428.9;428.2
18497;24873;426;425.6
18731;8179;-734.15;-861.15
18731;8166;410.85;408.45
18751;8283;446.61;445.21
18498;24877;424.9;424.5
18510;24884;426.4;424
18482;23422;412.5;412.4
18512;24888;426.9;423.5
18751;8282;459.71;446.61
18511;24886;426.15;424.25
18752;8287;455.42;454.12
18542;24910;480.57;480.27
18495;24867;425.6;425.1
18542;24912;479.77;477.67
18497;24875;425.2;423.7
18544;24918;480.97;480.67
18457;24817;430.8;430.6
18731;8170;-219.15;-342.05
18542;24911;480.27;479.77
11174;2942;426.75;422.2
18752;8286;456.72;455.42
11174;2941;427.4;426.75
18513;24890;427.4;424.1
18495;24868;425.1;424.8
18731;8177;-585.15;-707.15
18751;8284;445.21;442.21
18752;8289;445.52;445.02
18731;8173;-468.15;-490.15
18731;8171;-359.05;-431.15
18731;8181;-1021.15;-1044.85
18496;24871;425.1;424.8
18492;25151;420.4;420
18495;24869;424.8;423.5
18524;24895;425.8;425.7
18752;8288;454.12;445.52
18483;23456;412.9;412
18498;24876;425.3;424.9
17978;9010;352.3;348.3
17978;9006;376.3;374.3
18496;24870;425.8;425.1
18512;24887;427.6;426.9
17978;9007;374.3;373.3
18543;24917;477.6;477.3
18497;24874;425.6;425.2
18542;24913;477.67;476.97
18731;8174;-490.15;-514.15
18753;8293;455.36;450.66
18752;8285;457.32;456.72
18523;24892;426.9;426.4
18457;24820;428.7;427.5
18731;8168;372.85;-199.05
17978;9009;365.3;352.3
18523;24894;424.9;423.8
18523;24891;427.3;426.9
17978;9008;373.3;365.3
18482;23423;412.4;412
18498;24878;424.5;423.5
18491;24861;418.55;416.75
18751;8281;459.86;459.71
18731;8176;-555.15;-585.15
18507;24881;428.6;427.9
18753;8296;445.36;444.36
18752;8290;445.02;443.02
18731;8180;-861.15;-1021.15
18731;8172;-431.15;-468.15
18753;8291;455.96;455.66
18506;24880;428.2;424.9
18753;8294;450.66;445.66
18543;24914;480.5;479.5
18731;8169;-199.05;-219.15
18496;24872;424.8;423.3
18524;24897;424.4;423
18491;24859;420.25;420
18492;25150;420.9;420.4
18457;24819;429.2;428.7
18794;24951;443.78;442.88
18935;10149;416.17;415.97
19007;10364;397.9;397.7
18909;10083;469.35;467.95
18836;9834;412.5;410.9
18834;9827;408.6;406.2
18804;9498;421;403
18909;10082;471.35;469.35
18909;10084;467.95;467.15
19007;10363;398.8;397.9
18931;10136;418.3;417.4
18795;24955;444.15;443.75
19004;10356;393.5;391.2
18835;9832;407.6;406.4
18973;10274;434.6;434
18935;25218;407.27;405.97
18836;9833;413.4;412.5
18834;9828;406.2;405
19005;10360;397.3;392
19017;10407;433.16;432.31
18795;24952;445.95;445.55
18973;10276;433;424.6
18795;9485;443.75;441.45
18794;24948;445.48;444.88
19004;10355;394.1;393.5
19017;10409;427.36;426.91
18910;10086;473.1;472.1
18794;24950;444.08;443.78
18834;9825;410.8;409.7
18896;10002;394.1;393.5
19007;10366;395.5;392.8
18910;10087;472.1;469.1
19020;10429;423.8;421.55
18931;10134;421.5;421.45
18931;25216;411.9;409.5
18525;24899;425;423.4
18795;24953;445.55;444.75
19020;10430;421.55;408.2
18794;24949;444.88;444.08
18971;10266;434.5;433.7
18797;25155;393.4;393
18804;9500;371;151
19005;10359;397.8;397.3
18935;10151;414.07;410.87
18777;24944;421.1;419.7
18794;9484;442.88;442.08
18887;9985;384.65;372.05
18910;10085;473.6;473.1
18931;25215;413.3;411.9
18835;9829;411.4;410.5
18796;24957;447.72;446.62
19017;10408;432.31;427.36
18777;24945;419.7;417.7
18887;9984;385.05;384.65
18525;24900;423.4;421.1
18835;9830;410.5;409.3
18796;24958;446.62;445.02
18935;10152;410.87;407.57
19007;10365;397.7;395.5
18794;24946;446.88;446.08
18777;24943;421.3;421.1
18917;10101;385.4;385.1
18834;9826;409.7;408.6
19005;10358;398;397.8
18977;10286;432.7;431.2
18525;24901;421.1;420.8
18795;24954;444.75;444.15
18896;10000;403.43;402.5
18796;9486;445.02;444.62
18971;10269;423.2;421.8
18977;25226;428.5;426.9
18932;10140;418.6;407.4
18525;24898;425.2;425
19016;10402;433.28;431.53
18804;9499;403;371
18932;10139;419.1;418.6
18932;10138;419.4;419.1
18977;10287;431.2;428.5
18973;10275;434;433
18794;24947;446.08;445.48
19016;10404;429.38;425.28
18836;9836;408.9;407.4
18836;9835;410.9;408.9
18935;10150;415.97;414.07
18796;24956;448.32;447.72
19020;10428;424.2;423.8
18971;10270;421.8;420.4
18931;10137;417.4;413.3
18834;9824;410.9;410.8
19017;10405;434.91;433.16
18909;10080;472.15;471.35
18887;25210;371.55;370.05
18977;25227;426.9;422.7
18935;25217;407.57;407.27
18933;10144;413.95;405.25
19004;10357;391.2;388.1
19016;10403;431.53;429.38
18887;25209;372.05;371.55
18971;10267;433.7;433.1
18797;25156;393;386.4
18896;9999;403.5;403.43
18917;10102;385.1;382.4
18971;10268;433.1;423.2
18933;10142;415.45;414.35
18933;10141;415.75;415.45
18931;10135;421.45;418.3
18896;10001;402.5;394.1
18835;9831;409.3;407.6
18933;10143;414.35;413.95
568;18192;390.3;382.5
2172;13389;372.79;372.39
2172;13390;372.39;367.94
1531;7413;388.25;377.45
2172;9691;367.94;361.79
2172;13388;376.79;372.79
5938;2806;376.09;370.09
18784;11864;436.01;435.61
18784;11867;352.01;348.41
18784;24942;348.41;344.6
18784;11865;435.61;414.31
18784;11866;414.31;352.01
16929;342;454.22;450.22
19165;10771;371.7;370.8
19201;11377;406.05;400.2
19029;25239;418.6;410.6
19165;10772;370.8;368.9
19199;11372;415.45;415.15
19202;25262;415.25;414.95
19189;25251;444.2;443
19032;25231;431.7;430.9
19199;11373;415.15;409.75
19165;10770;372.1;371.7
19190;11337;449.1;448.1
19029;25240;410.6;408.6
18775;9441;413.19;368.19
19166;10775;360.65;356
20197;24165;458;457.7
19198;11370;415.45;409
19334;12497;418.02;417.52
19148;25246;420.21;416.86
19008;10367;398.8;397.9
19170;10783;369.2;368.5
19150;25249;420.9;420.3
19189;11333;451.6;450.7
17207;5633;415.9;415.6
15876;15668;424;282
9317;23922;405.9;405.1
16929;344;425.22;420.22
19008;10370;393.7;392.8
19032;10459;437.4;433.8
19190;25254;443.7;442.7
20203;24082;424.9;423.6
19198;11371;409;406.8
19145;25242;420.64;417.34
19032;10460;430.9;426.9
19166;10774;361;360.65
20203;24083;423.6;423.3
20195;24171;456.1;455
19136;10733;421.15;412.5
19170;10781;372.2;371.15
19043;25235;438;437.45
15876;24002;282;424
19033;25233;430.7;430.5
19201;11376;415.15;406.05
19194;11354;456.4;450.5
18976;10284;433;430.7
19190;11336;449.5;449.1
19334;12501;354.52;352.02
20197;24163;459.5;459.5
17207;5631;417.9;416.15
20203;24085;421.6;414.4
19033;25232;432;430.7
20203;24088;403.9;397.9
19205;25268;411.35;411.15
19029;10448;408.6;374.6
19033;10464;430.5;423
19194;25255;450.5;449.05
17207;5632;416.15;415.9
19170;10782;371.15;369.2
20195;24169;457.6;457.5
20189;23896;359.15;351.15
19029;10449;374.6;372.2
19190;11338;448.1;445
19198;25260;405.7;400.45
19145;25241;421.34;420.64
19198;25259;406.8;405.7
16929;343;450.22;425.22
9317;23920;407.2;406.9
19190;25253;445;443.7
20197;24164;459.5;458
19194;11355;446.9;442.3
19205;25266;415.55;415.2
19032;10457;438.4;438.1
19198;11369;415.8;415.45
19170;10780;372.5;372.2
19169;10778;365;364.5
19194;11352;457.3;457.1
19150;25250;420.3;417.1
19334;12500;406.52;354.52
19149;25247;421.87;421.27
19095;25236;422.7;420.5
19033;10463;436.5;432
19095;10579;430.7;422.7
20189;23894;416.15;415.15
18775;9439;419.19;418.19
18976;10283;434.2;433
20189;23897;351.15;345.15
19008;10369;397.7;393.7
18775;9442;368.19;362.19
18976;10285;430.7;428.2
19202;25263;414.95;411.55
19194;11353;457.1;456.4
19008;10368;397.9;397.7
19171;10784;360;359.6
19189;11335;449.5;444.2
19203;25265;415.4;412
19171;10786;355.9;354.7
19194;25256;449.05;446.9
19171;10785;359.6;355.9
20203;24086;414.4;407.4
20203;24087;407.4;403.9
19146;25244;421.27;418.17
19136;10734;413;410.54
19032;25230;433.8;431.7
19189;25252;443;441.8
19029;10447;424.6;418.6
19165;10773;368.9;368.1
19149;25248;421.27;417.87
19189;11332;451.8;451.6
19201;11375;415.55;415.15
19148;25245;420.86;420.21
17207;5634;415.6;413.2
9317;23921;406.9;405.9
19095;10578;432.1;430.7
16929;340;456.22;454.22
19199;25261;406.85;400
19334;12498;417.52;414.52
19136;10732;421.4;421.15
19189;11334;450.7;449.5
19203;25264;415.8;415.4
20189;23895;415.15;359.15
19199;11374;409.75;406.85
19190;11339;442.7;439.5
19029;10446;431.6;424.6
19042;25234;438;437.35
19146;25243;422.17;421.27
19205;25267;415.2;411.35
20195;24170;457.5;456.1
19032;10458;438.1;437.4
20203;24084;423.3;421.6
19169;10779;364.5;360.2
19033;10462;437.7;436.5
19033;10461;438;437.7
19095;10577;432.5;432.1
19334;12499;414.52;406.52
18775;9440;418.19;413.19
9641;2575;374.17;371.07
12096;2912;426.57;421.97
12096;2911;428.57;426.57
9641;2577;369.57;367.07
9641;2576;371.07;369.57
20224;25273;345;275
20232;25295;404.27;386.27
20232;25294;420.27;404.27
20230;25291;374.2;344.2
20236;25302;441.18;437.18
20236;25304;421.18;193.18
20240;25310;419.06;370.06
20227;25280;439.88;425.88
20236;25301;443.18;441.18
20227;25281;425.88;193.88
20241;25313;421.09;372.09
20228;25283;463.58;441.58
20228;25284;441.58;427.58
20227;25279;443.88;439.88
20241;25312;437.09;421.09
20228;25285;427.58;235.58
20238;25305;422;308
20229;25286;376.33;372.33
20229;25288;360.33;326.33
20239;25308;439;233
20224;25269;437;425
20228;25282;465.58;463.58
20224;25270;425;383
20233;25297;461.5;459.5
20225;25275;381.75;375.95
20232;25293;422.27;420.27
20238;25306;308;292
20226;25277;388.37;358.37
20229;25287;372.33;360.33
20233;25298;459.5;321.5
20224;25271;383;369
20240;25309;435.06;419.06
20226;25276;400.37;388.37
20239;25307;463;439
20225;25274;431.15;381.75
20236;25303;437.18;421.18
20234;25299;506.94;504.94
20240;25311;370.06;365.06
20226;25278;358.37;150.37
20234;25300;504.94;366.94
20229;25289;326.33;126.33
20230;25292;344.2;102.2
20224;25272;369;345
20230;25290;382.2;374.2
20232;25296;386.27;302.27
18897;10004;399.9;398
20245;25325;395;382
20252;25340;374.99;347.34
20253;25346;374.96;347.26
20255;25351;431.81;430.56
20248;25331;377.01;374.81
20251;25338;372.35;340.25
20249;25335;373.71;338.81
20252;25339;378.99;374.99
20255;25352;430.56;426.06
20253;25343;379.26;376.16
20253;25344;376.16;375.46
20249;25334;377.36;373.71
20243;25318;368.3;364.3
20244;25322;378;354
20244;25320;415;399
20243;25317;405.3;368.3
20247;25329;400.02;100.02
20251;25337;376.95;372.35
20254;25349;433.37;426.97
20254;25347;434.97;434.57
20242;25315;404;228
20245;25324;425;395
20244;25323;354;155
20249;25333;378.81;377.36
20252;25341;347.34;344.84
18897;10005;398;391.5
20254;25348;434.57;433.37
20252;25342;344.84;338.99
20245;25327;382;161
18897;10003;400;399.9
20248;25330;378.51;377.01
20253;25345;375.46;374.96
18897;10006;391.5;390
20255;25350;432.06;431.81
20244;25321;399;378
20242;25314;438;404
20248;25332;374.81;348.51
20243;25319;364.3;255.3
20246;25328;402.05;102.05
20243;25316;406.3;405.3
20251;25336;379.25;376.95
16454;25356;421.75;418.75
15684;25358;430.25;425.35
1645;25353;397.16;395.16
15684;25362;415.55;411.25
1645;25355;385.86;379.16
1645;25354;395.16;385.86
16454;25357;418.75;402.75
15684;25359;425.35;418.05
15684;25361;416.55;415.55
15684;25360;418.05;416.55
12872;25400;424.02;415.12
12870;25405;424.13;422.93
12874;25395;425.27;424.87
13074;25389;430.56;428.76
15431;25378;431.7;430.5
12038;25421;396.2;395.6
15555;25375;438;435.2
10552;25465;425.78;424.58
10561;25453;416.99;410.29
12041;25415;390.2;385.3
11621;25429;448.96;447.21
14296;25385;422.7;421.8
15641;25367;432.5;426.6
12044;25411;389.3;386.9
12038;25422;395.6;391.9
9996;25473;421.1;413.2
11619;25433;447.72;446.02
10561;25452;423.29;416.99
15431;25379;430.5;419.7
13074;25390;428.76;422.56
12339;25408;426.55;415.55
10552;25463;430.38;426.08
12040;25419;390.9;385.1
11620;25431;448.85;446.45
11343;25440;426.24;425.59
12874;25396;424.87;424.37
10552;25466;424.58;416.38
10928;25450;425.8;424.8
11343;25443;422.94;412.54
11608;25437;448.5;445.5
9768;25476;441.47;441.07
13075;25387;428.92;426.47
9518;25484;432;422
9767;25480;443.34;441.24
12037;25425;397;396.3
12874;25397;424.37;415.27
12041;25413;394.7;393.6
10558;25458;417.72;417.32
10363;25467;441.47;440.17
11620;25432;446.45;438.85
12037;25426;396.3;392.3
15556;25368;443.2;441.75
12044;25409;394.9;392.7
10553;25462;424.84;418.74
15555;25372;443.2;442.2
15554;25377;441.85;440.6
14947;25382;385.24;377.84
12871;25401;424.54;424.24
11057;25449;416.15;405.65
11343;25439;426.54;426.24
9769;25475;439.92;432.32
12041;25412;397.3;394.7
12871;25402;424.24;423.84
14947;25381;388.24;385.24
10553;25460;426.74;425.44
15641;25366;434.6;432.5
10558;25457;418.12;417.72
11057;25448;417.25;416.15
11342;25447;423.56;412.61
10552;25464;426.08;425.78
10558;25459;417.32;410.72
9768;25477;441.07;439.77
10559;25454;423.83;417.53
12871;25403;423.84;414.54
12870;25406;422.93;414.73
11343;25442;424.74;422.94
15659;25364;407.7;401.9
15556;25370;441.15;439.65
12040;25418;392;390.9
13073;25391;428.42;427.62
15555;25374;439.2;438
10255;25470;431.93;426.33
10558;25456;423.72;418.12
10255;25469;432.63;431.93
11342;25444;426.61;426.11
11619;25434;446.02;437.72
9518;25482;434;432.9
9996;25472;422.6;421.1
14296;25383;425.6;423.9
11621;25428;449.21;448.96
10559;25455;417.53;411.83
12872;25399;424.82;424.02
12040;25416;397.1;396.2
15554;25376;443.2;441.85
11609;25436;446.3;441.3
11608;25438;445.5;436.5
13072;25393;430.53;429.83
11342;25446;424.36;423.56
12038;25423;391.9;385
10928;25451;424.8;423.8
12037;25427;392.3;386.1
10363;25468;440.17;431.47
9996;25471;423.2;422.6
12044;25410;392.7;389.3
12038;25420;397;396.2
11343;25441;425.59;424.74
14296;25386;421.8;417.6
14296;25384;423.9;422.7
12037;25424;398.1;397
9768;25478;439.77;430.47
13075;25388;426.47;420.92
10553;25461;425.44;424.84
13072;25394;429.83;422.53
14947;25380;393.04;388.24
13073;25392;427.62;420.42
15659;25365;401.9;398.8
12870;25404;424.73;424.13
12040;25417;396.2;392
15659;25363;408.8;407.7
15556;25369;441.75;441.15
9767;25481;441.24;432.34
12041;25414;393.6;390.2
15556;25371;439.65;438.2
11621;25430;447.21;439.21
12339;25407;427.55;426.55
15555;25373;442.2;439.2
11609;25435;449.3;446.3
11342;25445;426.11;424.36
12872;25398;425.12;424.82
9518;25483;432.9;432
9769;25474;440.32;439.92
1584;25494;372.22;370.82
6244;25513;442.66;433.06
15685;25517;431.97;428.37
2933;25511;432.86;424.16
2933;25509;434.16;433.71
1674;25514;433;431.7
2933;25510;433.71;432.86
1674;25515;431.7;430.45
4289;25499;423.46;422.76
4290;25502;427.11;426.31
1673;25519;430.5;430
1584;25493;372.62;372.22
1673;25521;426.6;420.5
2932;25508;426.52;417.52
1584;25495;370.82;369.3
2931;25505;433.5;420.25
1673;25520;430;426.6
4289;25498;423.76;423.46
4290;25503;426.31;417.31
2932;25506;432.52;431.92
1674;25516;430.45;422.4
4289;25497;424.66;423.76
1672;25522;430.5;425.5
1672;25523;425.5;415.3
1491;25491;428.14;427.74
1381;25490;433.34;421.34
4289;25500;422.76;415.96
4289;25496;414.86;424.66
15685;25518;428.37;412.97
2931;25504;435.5;433.5
2932;25507;431.92;426.52
1491;25492;427.74;418.14
6244;25512;443.06;442.66
4290;25501;427.31;427.11
20157;25532;391.1;366.6
20169;25525;389.75;386.75
20169;25524;390.5;389.75
20156;25528;391.1;390.05
20157;25534;365.8;361.9
20156;25530;387.5;382.9
20157;25533;366.6;365.8
20169;25527;379.95;369.3
20156;25531;382.9;358.7
20156;25529;390.05;387.5
20169;25526;386.75;379.95
20279;25540;361;273
20279;25538;391;379
20278;25543;452;291
20276;25549;395.36;139.36
20277;25544;413;397
20278;25542;474;452
20277;25545;397;375
20278;25541;476;474
20279;25539;379;361
20276;25548;397.36;395.36
20276;25547;399.36;397.36
20277;25546;375;203
20260;25606;393.02;386.52
20262;25593;377.5;343.5
20275;25559;424;423.7
20160;25616;391.5;390.1
20274;25557;423.7;423
20267;25578;481.2;480.8
20260;25605;394.72;393.02
20266;25575;480.1;479.6
20267;25581;477.3;477.1
20161;25624;357.2;356.6
20270;25571;414.7;412.1
20269;25567;418.25;417.5
20256;25607;397.83;396.13
20259;25600;398.93;395.43
20266;25577;477.9;476.2
20271;25573;415.2;414.1
20268;25565;418.9;415.4
20161;25620;391.6;390.1
20161;25622;386.5;382.1
20269;25566;418.5;418.25
20264;25584;416.1;408
20258;25599;393.51;390.31
20271;25574;414.1;411.7
20274;25558;423;420.8
20275;25561;422.6;420.8
20263;25590;404;228
20262;25594;343.5;219.5
20267;25580;479.3;477.3
20264;25583;420.4;416.1
20259;25601;395.43;394.93
20259;25602;394.93;386.93
20265;25586;419.65;419.25
20268;25563;419.4;419.2
20258;25598;394.06;393.51
20257;25610;395.39;382.59
20265;25588;415.25;410.65
20266;25576;479.6;477.9
20160;25619;365.5;357.7
20262;25592;407.5;377.5
20270;25569;415.8;415.65
20258;25597;399.31;394.06
20159;25612;388.2;376.8
20260;25603;398.52;398.02
20268;25564;419.2;418.9
20159;25613;376.8;371.9
20273;25554;423.8;423.3
20267;25579;480.8;479.3
20159;25614;371.9;367.1
20271;25572;415.3;415.2
20269;25568;417.5;414.5
20274;25556;424;423.7
20272;25551;423.4;422.9
20261;25595;465.7;456.7
20257;25609;397.59;395.39
20272;25552;422.9;420.2
20272;25550;423.8;423.4
20159;25615;367.1;358.8
20268;25562;419.5;419.4
20160;25618;377.8;365.5
20273;25555;423.3;420.8
20161;25623;382.1;357.2
20265;25587;419.25;415.25
20264;25582;421.3;420.4
20260;25604;398.02;394.72
20273;25553;424.2;423.8
20270;25570;415.65;414.7
20265;25585;419.95;419.65
20256;25608;396.13;382.83
20275;25560;423.7;422.6
20159;25611;391.3;388.2
20262;25591;409.5;407.5
20160;25617;390.1;377.8
20263;25589;438;404
20161;25621;390.1;386.5
20261;25596;456.7;165.7
20013;25686;371.96;368.96
20009;25675;362.11;362.01
20164;25637;390.2;373.9
20015;25690;392.64;391.69
20003;25650;391.26;390.46
20013;25682;391.36;390.36
20006;25662;384.82;380.82
20021;23555;412.2;408.7
20029;23591;388.4;386.9
20038;23779;383.6;371.8
20014;25688;390.6;389.2
20012;25679;391.24;390.69
20013;25685;376.36;371.96
20035;23602;382.1;380.8
20038;23777;389.4;387.05
20021;23558;399.2;392
20028;23587;392.2;390.6
20025;23575;369.7;365.9
20003;25652;389.71;386.06
20036;23603;391.9;386.5
20005;25659;392.1;385.4
20013;25683;390.36;380.86
20162;25625;391.3;390.5
20009;25671;392.01;391.61
20004;25658;379.95;365.65
20004;25657;382.75;379.95
20028;23589;386.2;381.45
20029;23592;386.9;379.95
20009;25673;390.81;385.91
20009;25672;391.61;390.81
20037;23609;384.05;376
20163;25630;391.3;389.9
20007;25664;386.56;385.76
20025;23571;405.1;396.4
20034;23598;392.9;387.7
20003;25654;359.41;358.11
20000;25641;386.93;384.43
20009;25674;385.91;362.11
20016;25692;391.43;391.03
20004;25655;391.65;386.9
20011;25678;383.6;368.8
20024;23567;411.5;408.1
20038;23610;392.2;392
20008;25669;385.78;373.68
20011;25677;386.5;383.6
20004;25656;386.9;382.75
20025;23574;365.9;365.7
20037;23608;390.6;384.05
20024;23568;408.1;402
20163;25632;388.9;387.1
20035;23600;391.1;385.1
20028;23590;381.45;357.6
20036;23604;386.5;383.8
20008;25670;373.68;370.78
20035;23601;385.1;382.1
20033;23773;392.8;388.7
20029;23593;379.95;359.4
20021;23557;406.2;399.2
20016;25693;391.03;389.43
20037;23607;391.6;390.6
20025;23572;396.4;395.7
20014;25687;391.2;390.6
20034;23599;387.7;382.65
20164;25638;373.9;367.2
20162;25629;369.5;357.3
20024;23569;402;371.5
20025;23573;395.7;369.7
20008;25667;391.58;390.98
20008;25668;390.98;385.78
20002;25647;389.8;382.25
20038;23775;392;390.7
20006;25661;385.92;384.82
20164;25639;367.2;359.3
20013;25684;380.86;376.36
20012;25681;389.44;369.24
20025;23570;406.1;405.1
20037;23606;391.8;391.6
20003;25651;390.46;389.71
20006;25660;387.82;385.92
20162;25628;386.5;369.5
20028;23588;390.6;386.2
20003;25649;393.41;391.26
20163;25631;389.9;388.9
20002;25648;382.25;355.8
20015;25691;391.69;386.49
20162;25627;389.6;386.5
20014;25689;389.2;379.2
20163;25635;362.5;361.3
20011;25676;391.1;386.5
20038;23778;387.05;383.6
20021;23556;408.7;406.2
20164;25636;391.9;390.2
20003;25653;386.06;359.41
20006;25663;380.82;357.82
20012;25680;390.69;389.44
20163;25634;364.3;362.5
20007;25665;385.76;383.56
20033;23774;388.7;383
20162;25626;390.5;389.6
20000;25640;389.43;386.93
20016;25694;389.43;385.43
20000;25642;384.43;365.43
20007;25666;383.56;365.56
20163;25633;387.1;364.3
20036;23605;383.8;375.7
20038;23776;390.7;389.4
15748;24624;376.2;372.7
20019;25702;388.04;387.24
20209;24075;415.29;377.29
16861;24959;386;382
16861;15014;366;350
20019;25703;387.24;361.24
20209;24073;425.09;420.29
20018;25700;378.02;361.62
976;25704;375.57;368.77
20018;25699;381.02;378.02
20209;24074;420.29;415.29
20019;25701;391.24;388.04
976;21110;366.02;359.97
20209;24076;377.29;373.79
976;25705;368.77;366.02
20018;25697;391.62;390.32
16861;15015;350;130
20018;25698;390.32;381.02
15748;24627;372.4;366.2
20017;25696;389.1;386.4
20017;25695;391.6;389.1
20209;24072;426.29;425.09
15748;24625;372.7;372.4
20298;25714;414;398
20286;25728;407;406.5
20286;25727;408.3;407
20298;25715;398;392
20286;25725;409.9;409.65
20298;25716;392;358
20296;25708;392;356
20291;25724;394.1;390.6
20286;25726;409.65;408.3
20297;25712;390;356
20290;25721;390;389.8
20291;25723;394.55;394.1
20291;25722;394.8;394.55
20297;25711;395;390
20297;25713;356;140
20290;25720;393.4;390
20298;25717;358;140
20296;25709;356;144
20296;25707;406;392
20290;25718;394.1;393.85
20297;25710;414;395
20296;25706;414;406
20290;25719;393.85;393.4
20307;25730;486.17;471.67
20311;25731;484.84;484.54
20307;25729;486.67;486.17
20311;25732;484.54;469.84
20314;25749;481.94;479.84
20313;25744;484.88;484.28
20322;25773;420;368
20320;25768;449.28;435.38
20324;25780;404;330
20316;25754;483.1;481.3
20321;25771;340;272
20309;25736;484.53;484.13
20324;25781;330;244
20317;25756;432;430
20312;25742;485.38;484.38
20308;25734;484.65;481.95
20325;25784;394;184
20325;25783;413;394
20313;25746;481.98;480.68
20319;25764;450.21;449.01
20322;25774;368;342
20317;25759;374;370
20309;25738;480.03;476.53
20323;25776;384;344
20314;25747;484.64;484.04
20315;25751;483.97;481.97
20314;25748;484.04;481.94
20315;25752;481.97;480.97
20319;25763;450.91;450.21
20315;25750;484.37;483.97
20320;25766;452.08;451.68
20316;25755;481.3;480.2
20324;25779;414;404
20316;25753;483.7;483.1
20310;25740;484.27;482.07
20318;25761;451.42;449.72
20321;25770;376;340
20312;25743;484.38;480.38
20317;25758;428;374
20310;25739;484.67;484.27
20320;25767;451.68;449.28
20308;25733;484.95;484.65
20321;25772;272;94
20308;25735;481.95;469.95
20317;25757;430;428
20313;25745;484.28;481.98
20322;25775;342;270
20319;25765;449.01;442.91
20318;25762;449.72;444.02
20320;25769;435.38;431.08
20323;25777;344;270
20323;25778;270;134
20310;25741;482.07;480.67
20318;25760;452.02;451.42
20309;25737;484.13;480.03
20329;25794;429.8;428.8
20347;25853;383.8;383.3
20352;25869;429;309
20335;25812;416;410.75
20353;25870;430;428
20343;25840;377.6;375.1
20334;25811;399;221
20346;25851;370.8;366.9
20332;25804;430;424
20351;25865;425;411
20345;25846;377.45;376.8
20327;25788;392;390
20351;25866;411;215
20336;25815;410.05;404
20357;25886;423;420.8
20358;25887;424;423.7
20355;25879;423.4;422.9
20334;25809;441;437
20343;25838;382.4;380.3
20338;25823;389;253
20337;25817;408.3;407
20346;25850;373.7;370.8
20331;25801;426;422
20342;25833;421.65;420.7
20342;25832;421.9;421.65
20337;25816;412;408.3
20339;25825;429.74;428.39
20326;25785;462;460
20343;25836;383.1;382.8
20350;25864;413;170
20343;25839;380.3;377.6
20335;25813;410.75;398
20330;25797;430.3;430.1
20339;25826;428.39;425.49
20347;25852;383.9;383.8
20356;25882;423.8;423.3
20348;25858;381.5;368.4
20331;25802;422;270
20356;25881;424.2;423.8
20352;25868;445;429
20332;25803;432;430
20348;25857;383.3;381.5
20331;25800;430;426
20354;25874;430;426
20355;25878;423.8;423.4
20333;25808;394;232
20338;25819;423;421
20341;25831;434.42;429.32
20357;25885;423.7;423
20349;25860;383.5;383.2
20340;25829;430.33;428.13
20358;25888;423.7;422.6
20330;25799;427.3;420.3
20337;25818;407;400
20328;25792;399;365
20326;25786;460;446
20340;25828;431.33;430.33
20354;25877;360;176
20328;25791;413;399
20348;25855;383.8;383.6
20338;25822;401;389
20356;25883;423.3;420.8
20355;25880;422.9;420.2
20352;25867;447;445
20344;25841;376.1;375.8
20338;25821;409;401
20339;25824;430.49;429.74
20354;25876;410;360
20332;25805;424;152
20353;25873;358;176
20345;25847;376.8;376.2
20326;25787;446;284
20343;25837;382.8;382.4
20342;25835;419.75;409.9
20350;25863;430;413
20347;25854;383.3;368.9
20354;25875;426;410
20327;25789;390;344
20358;25889;422.6;420.8
20349;25861;383.2;380.2
20346;25849;374.9;373.7
20344;25843;375.4;371.6
20349;25859;384;383.5
20349;25862;380.2;369
20348;25856;383.6;383.3
20334;25810;437;399
20342;25834;420.7;419.75
20344;25844;371.6;368.1
20333;25806;432;398
20336;25814;414;410.05
20333;25807;398;394
20344;25842;375.8;375.4
20329;25795;428.8;426.8
20353;25871;428;422
20328;25793;365;128
20345;25848;376.2;369.2
20330;25798;430.1;427.3
20353;25872;422;358
20327;25790;344;292
20329;25796;426.8;419.8
20341;25830;434.82;434.42
20340;25827;432.83;431.33
20345;25845;377.7;377.45
20357;25884;424;423.7
20338;25820;421;409
20366;25893;374.7;374.2
20365;25891;373.85;372.35
20365;25892;372.35;370.05
20366;25895;372.75;370.5
20368;25902;404;402.8
20366;25894;374.2;372.75
20368;25900;404.5;404.3
20367;25899;403.5;401
20368;25901;404.3;404
20365;25890;374.45;373.85
20367;25896;407;406.75
20367;25898;406.1;403.5
20367;25897;406.75;406.1
16921;382;430.08;429.38
16921;385;368.08;367.08
16921;383;429.38;401.08
16921;384;401.08;368.08
20369;25904;402;182
20369;25903;432;402
20389;25963;391.55;388.15
20382;25942;412.84;412.14
20388;25960;394;393.5
20388;25961;393.5;391.9
20370;25907;279;263
20380;25934;412.78;412.08
20381;25938;412.68;412.18
20378;25928;412.35;409.75
20395;25974;429.75;429.65
20386;25956;391.7;388.3
20382;25944;410.34;409.14
20379;25932;410;409.1
20372;25910;482;458
20397;25980;417.7;414.5
20383;25947;411.75;409.6
20381;25937;412.98;412.68
20393;25971;433.2;430
20393;25970;434.5;433.2
20375;25919;434.3;422.1
20377;25924;431.5;431
20395;25975;429.65;427.2
20385;25952;396.4;396.3
20377;25925;431;429
20372;25911;458;282
20376;25921;434.65;434.25
20390;25964;433.51;432.31
20385;25953;396.3;395
20384;25951;396.65;393.4
20381;25939;412.18;410.08
20383;25946;412.4;411.75
20395;25976;427.2;419.75
20379;25931;412.35;410
20373;25914;423.07;415.77
20376;25923;433.05;416.65
20389;25962;392.15;391.55
20391;25967;431.96;428.66
20381;25940;410.08;408.98
20384;25949;397.1;396.95
20386;25955;392.3;391.7
20387;25958;390.05;386.75
20387;25957;390.75;390.05
20371;25908;456;444
20378;25927;413.15;412.35
20380;25935;412.08;410.18
20375;25920;422.1;416.6
20396;25978;417.14;413.84
20394;25972;434.2;433.05
20382;25941;413.14;412.84
20383;25948;409.6;408.7
20377;25926;429;413.5
20385;25954;395;392.4
20391;25966;433.26;431.96
20375;25918;434.6;434.3
20392;25968;433.85;432.6
20388;25959;394.1;394
20397;25979;418.5;417.7
20392;25969;432.6;429.25
20370;25905;381;303
20374;25916;436.5;406.6
20378;25929;409.75;409.15
20379;25930;413.1;412.35
20396;25977;417.84;417.14
20373;25912;435.77;435.57
20382;25943;412.14;410.34
20370;25906;303;279
20373;25913;435.57;423.07
20374;25917;406.6;403.8
20371;25909;444;228
20376;25922;434.25;433.05
20394;25973;433.05;429.6
20380;25933;413.08;412.78
20374;25915;436.8;436.5
20390;25965;432.31;429.01
20380;25936;410.18;409.08
20383;25945;412.7;412.4
20384;25950;396.95;396.65
20415;26064;467.58;466.58
20406;26006;378.35;378.2
20428;26078;466.6;465.6
20406;26009;374.15;365.75
20412;26033;404.08;403.23
20427;26075;466.49;466.29
20422;26052;388.79;385.59
20410;26026;402.6;401.85
20414;26061;467.3;467.15
20404;25998;434.85;433.6
20411;26029;403.91;402.91
20399;25985;434.95;431.65
20407;26011;407.47;407.17
20428;26079;465.6;464.8
20407;26013;406.87;405.47
20418;26038;385.62;384.82
20402;25992;437.55;436.75
20415;26066;466.08;465.08
20411;26028;404.51;403.91
20428;26077;467.4;466.6
20398;25982;418;414.7
20428;26080;464.8;464.6
20419;26042;386.65;385.75
20424;26058;421.4;420.65
20421;26049;388.55;385.25
20401;25989;437.6;436.1
20409;26022;403.5;402.35
20408;26018;403.5;403.3
20409;26021;404.76;403.5
20404;25997;435.05;434.85
20409;26024;400.95;400.8
20407;26015;404.87;402.87
20399;25984;435.3;434.95
20421;26047;389.25;389.05
20405;26002;374.65;373.85
20404;25999;433.6;425.05
20427;26073;467.79;466.99
20409;26023;402.35;400.95
20426;26071;468.22;467.42
20399;25983;435.65;435.3
20425;26070;466.77;463.57
20424;26056;432;431.55
20409;26020;404.85;404.76
20414;26063;466.2;465.1
20427;26076;466.29;464.69
20420;26045;385.61;384.61
20398;25981;418.7;418
20415;26065;466.58;466.08
20416;26067;467.21;467.01
20407;26012;407.17;406.87
20423;26053;388.32;388.12
20405;26005;352.85;352.15
20416;26069;466.01;465.21
20418;26037;385.82;385.62
20416;26068;467.01;466.01
20418;26039;384.82;384.32
20422;26051;389.39;388.79
20426;26072;467.42;466.72
20410;26027;401.85;401.3
20401;25988;437.9;437.6
20406;26007;378.2;376.15
20427;26074;466.99;466.49
20421;26048;389.05;388.55
20403;25996;434.2;425
20423;26055;386.12;384.32
20420;26044;385.81;385.61
20401;25990;436.1;433.9
20412;26032;405.08;404.08
20408;26016;406.7;406.05
20403;25994;435;434.9
20408;26017;406.05;403.5
20412;26034;403.23;401.83
20422;26050;389.59;389.39
20402;25993;436.75;433.85
20423;26054;388.12;386.12
20405;26001;376.78;374.65
20410;26025;404.5;402.6
20407;26014;405.47;404.87
20405;26000;377.15;376.78
20400;25986;435.75;434.55
20405;26004;363.25;352.85
20424;26059;420.65;420
20418;26040;384.32;381.82
20420;26046;384.61;381.81
20413;26060;466.71;464.21
20403;25995;434.9;434.2
20419;26043;385.75;383.85
20406;26010;365.75;353.35
20402;25991;437.85;437.55
20414;26062;467.15;466.2
20400;25987;434.55;431.75
20419;26041;386.85;386.65
20424;26057;431.55;421.4
20408;26019;403.3;401.7
20412;26031;405.58;405.08
20411;26030;402.91;400.51
20406;26008;376.15;374.15
20405;26003;373.85;363.25
20436;26104;418.67;418.37
20441;26123;413.88;412.18
20450;26150;413.08;410.73
20438;26111;414.6;413.3
20459;26168;445.45;444.95
20449;26144;416.25;415.1
20448;26143;397.04;382.79
20447;26140;413.66;410.96
20460;26169;447.25;446.45
20442;26124;417.29;415.49
20452;26155;409.86;401.86
20455;26160;443.4;443.05
20451;26152;415.56;412.86
20440;26119;413.6;412.15
20450;26148;414.73;414.03
20437;26107;417.8;417.2
20433;26097;407.8;403.5
20453;26156;440.6;439.75
20439;26112;416.8;416.4
20432;26094;406.95;395.95
20437;26108;417.2;407.9
20446;26136;415.85;414.3
20441;26121;415.68;414.88
20456;26162;442.7;442
20430;26085;420.75;419.65
20449;26147;404.85;403.95
20446;26135;416.1;415.85
20454;26159;440.9;439.8
20451;26151;416.86;415.56
20453;26157;439.75;436.1
20436;26105;418.37;408.67
20433;26096;417.6;407.8
20458;26166;446;445.4
20430;26086;419.65;408.75
20449;26146;414.15;404.85
20441;26120;416.18;415.68
20447;26139;414.56;413.66
20446;26137;414.3;413.9
20442;26125;415.49;414.29
20434;26098;396.65;396.15
20431;26089;419.3;416.25
20445;26132;416.07;415.77
20437;26106;418.2;417.8
20454;26158;441.8;440.9
20435;26100;418.27;417.97
20439;26115;414.2;412.8
20440;26118;414.35;413.6
20431;26090;416.25;399.75
20449;26145;415.1;414.15
20435;26102;417.77;408.07
20457;26164;443.7;443.1
20440;26117;415.65;414.35
20438;26110;416.3;414.6
20434;26099;396.15;384.65
20452;26154;415.31;409.86
20441;26122;414.28;413.88
20446;26138;413.9;413.1
20433;26095;418.5;417.6
20447;26141;410.96;400.86
20443;26126;416.47;414.67
20457;26165;443.1;441.7
20439;26114;414.9;414.2
20436;26103;418.97;418.67
20438;26109;417.3;416.3
20458;26167;445.4;442
20432;26092;415.1;414.1
20430;26087;408.75;400.75
20432;26093;414.1;406.95
20445;26133;415.77;414.37
20455;26161;443.05;441.4
20452;26153;416.86;415.31
20444;26131;415.02;413.02
20450;26149;414.03;413.08
20432;26091;415.95;415.1
20443;26127;414.67;413.47
20431;26088;419.75;419.3
20448;26142;397.79;397.04
20444;26128;417.02;416.52
20445;26134;414.37;413.07
20444;26129;416.52;415.22
20439;26113;416.4;414.9
20440;26116;416.15;415.65
20456;26163;442;440.2
20444;26130;415.22;415.02
20435;26101;417.97;417.77
20463;26178;422.7;389.7
20463;26179;389.7;373.2
20463;26176;425.7;423.1
20463;26177;423.1;422.7
20463;26180;373.2;368.7
20483;26203;371.1;370.1
20467;26188;396;208
20480;26197;368.4;338.8
20467;26186;412;402
20175;26207;380.95;370.05
20477;26195;368.3;348.8
20480;26196;368.8;368.4
20469;26190;375;363
20467;26185;416;412
20482;26201;368.45;338.8
20176;26206;392.8;363.2
20482;26200;368.8;368.45
20483;26202;375.1;371.1
20481;26198;368.6;368.3
20477;26194;368.8;368.3
20174;26208;300;288.8
20469;26189;379;375
20481;26199;368.3;338.6
20467;26187;402;396
20476;26193;368.7;349
20476;26192;369;368.7
20469;26191;363;129
20177;26205;382.42;374.42
20483;26204;370.1;368.1
19066;10558;427.52;426.87
18076;13989;403.78;395.78
18076;13991;395.28;348.48
19066;10557;432.97;427.52
18076;13990;395.78;395.28
18076;13988;403.88;403.78
18076;13992;348.48;346.68
19066;10559;426.87;420.97
20284;26225;421.3;420.8
20285;26230;421.1;418.5
20285;26232;418.3;418.2
20280;26215;436.95;436.65
20282;26223;434.55;432.05
20280;26217;435.45;432.45
20283;26213;387.15;384.65
20284;26227;419.5;418.5
20281;26219;436.55;435.15
20281;26218;436.85;436.55
20283;26212;387.35;387.15
20280;26216;436.65;435.45
20285;26231;418.5;418.3
20285;26228;422;421.7
20284;26224;421.7;421.3
20282;26221;435.65;435.35
20285;26229;421.7;421.1
20283;26214;384.65;382.85
20281;26220;435.15;432.35
20282;26222;435.35;434.55
20284;26226;420.8;419.5
20484;26243;447.8;427.8
20508;26241;346.53;345.33
20508;26240;358.63;346.53
20508;26238;373.33;367.58
20508;26234;416.83;415.33
20508;26235;415.33;385.23
20484;26242;449.8;447.8
20485;26246;405.44;403.44
20485;26251;369.44;367.44
20485;26247;403.44;393.44
20508;26233;417.33;416.83
20508;26239;367.58;358.63
20508;26236;385.23;378.83
20485;26250;375.44;369.44
20485;26249;379.44;375.44
20484;26245;408.8;403.3
20485;26248;393.44;379.44
20508;26237;378.83;373.33
20484;26244;427.8;408.8
20490;26261;372.58;370.78
20490;26260;374.18;372.58
20490;26262;370.78;359.18
20494;26273;373.5;371.65
20493;26271;371.75;371
20500;26286;389;388.75
20493;26269;374;373.55
20494;26272;374;373.5
20498;26282;388.9;388.55
20492;26266;374;373.6
20499;26285;388.7;386.8
20493;26270;373.55;371.75
20492;26267;373.6;371.95
20496;26278;389;388.7
20497;26281;388.7;386.6
20499;26284;389;388.7
20497;26280;389;388.7
20500;26287;388.75;386.9
20494;26274;371.65;371
20496;26279;388.7;386.8
20498;26283;388.55;384.9
20492;26268;371.95;371
8851;26305;416.8;416
10477;26318;418.3;416.6
8415;26301;413.9;413.6
7241;26288;418.8;418.5
9348;26314;416;415.4
9243;26312;417;416.7
8136;26293;419.7;419.4
9348;26315;415.4;414.5
9243;26310;419.2;418.8
8851;26304;418.3;416.8
7241;26290;417.9;415.8
8852;26308;418.33;416.63
9348;26316;414.5;414.3
8415;26298;416.1;415.8
8193;26296;416.4;415.7
8193;26295;416.7;416.4
8193;26297;415.7;414.9
8135;26292;419.4;417.4
8415;26300;414.3;413.9
8136;26294;419.4;417.4
20292;26333;427.5;425.1
20293;26337;427.5;424.15
17095;26328;414.29;413.39
20534;26258;406;404.6
18336;26330;374.1;372.9
20294;26339;428.35;427.45
17095;26326;417.24;416.89
17093;26321;417.33;416.78
8852;26306;420.33;420.03
20295;26342;427.25;425.45
18336;26329;375.9;374.1
17093;26323;414.88;413.98
17095;26327;416.89;414.29
8851;26303;419.6;418.3
20293;26336;427.9;427.5
17095;26325;417.39;417.24
8851;26302;419.7;419.6
9243;26311;418.8;417
20294;26340;427.45;426.05
10477;26319;416.6;416
20295;26341;428.55;427.25
9243;26309;419.4;419.2
17093;26324;413.98;413.28
17093;26322;416.78;414.88
20294;26338;428.55;428.35
8415;26299;415.8;414.3
20292;26332;428;427.5
17093;26320;417.48;417.33
8135;26291;419.7;419.4
9348;26313;416.8;416
10477;26317;418.6;418.3
20292;26331;428.2;428
20293;26335;428.25;427.9
7241;26289;418.5;417.9
20293;26334;428.45;428.25
8852;26307;420.03;418.33
20505;26348;388.75;385.5
20505;26347;389;388.75
20502;26344;389;385
20504;26346;389;385
20501;26343;389;386.9
20503;26345;389;385.1
20596;26441;433.5;433.4
20573;26418;431.79;429.59
20595;26437;395.5;393.5
20570;26409;434.69;434.54
20602;26458;420.8;420.6
20542;26360;407.81;406.31
20625;26485;380.5;380.1
20602;26460;420.3;418.6
20535;26353;405.96;404.46
20620;26470;392;391.9
20561;26391;410.5;409.2
20620;26472;390.1;389.4
20603;26463;421.2;420.9
20621;26473;392;391.9
20563;26394;431.97;431.67
20594;26436;420.33;417.13
20602;26459;420.6;420.3
20619;26469;391.9;389
20622;26478;390.2;389.9
20540;26358;406.78;405.28
20543;26361;408.61;407.81
20567;26401;434.75;434.68
20568;26405;433.83;431.7
20547;26366;409.9;408.4
20541;26359;407.01;405.51
20568;26406;431.7;428.9
20621;26475;390.1;389.7
20593;26432;421.24;421.14
20622;26476;392;391.8
20599;26448;435.2;434.9
20564;26395;434.55;433.55
20591;26427;420.98;420.51
20602;26461;418.6;416.5
20550;26371;405.4;404.5
20594;26435;421.13;420.33
20567;26403;431.85;429.85
20600;26453;431.8;431.7
20552;26374;403.76;403.16
20537;26355;405.99;404.39
20553;26376;403.78;402.98
20601;26455;421;420.6
20565;26396;434.68;431.78
20601;26454;421.2;421
20536;26354;405.81;404.31
20549;26368;405.98;404.78
20569;26408;431.59;429.59
20626;26488;375.9;373.2
20623;26479;392;391.8
20600;26452;433;431.8
20623;26480;391.8;389.4
20597;26443;434.7;433.5
20559;26387;410.5;408.9
20625;26486;380.1;375.8
20622;26477;391.8;390.2
20571;26413;434.66;431.91
20549;26369;404.78;404.28
20548;26367;405.74;404.44
20557;26384;403.84;403.24
20556;26382;403.85;403.45
20544;26362;408.46;406.86
20619;26468;392;391.9
20599;26449;434.9;434.2
20603;26464;420.9;418.4
20620;26471;391.9;390.1
20570;26410;434.54;432.19
20602;26457;421;420.8
20551;26372;405.86;405.36
20593;26433;421.14;419.84
20563;26393;434.57;431.97
20596;26440;434.7;433.5
20571;26414;431.91;429.81
20592;26431;420.07;417.27
20601;26456;420.6;416.7
20545;26363;409.05;408.25
20598;26447;433.8;433.5
20567;26402;434.68;431.85
20573;26417;434.19;431.79
20597;26444;433.5;433.4
20551;26373;405.36;404.36
20556;26383;403.45;402.35
20572;26415;434.41;431.81
20572;26416;431.81;429.41
20624;26482;377.7;376.3
20552;26375;403.16;402.26
20566;26398;434.64;434.54
20592;26430;421.14;420.07
20626;26489;373.2;372.6
20546;26364;408.7;408.2
20553;26377;402.98;402.28
20596;26439;435;434.7
20591;26428;420.51;416.71
20539;26357;406.51;405.01
20592;26429;421.27;421.14
20597;26442;435;434.7
20624;26481;380.1;377.7
20560;26390;408.8;407.5
20624;26483;376.3;374.5
20555;26381;403.2;402.3
20546;26365;408.2;407.2
20621;26474;391.9;390.1
20560;26388;410.5;408.8
20603;26465;418.4;417.1
20626;26487;378.1;375.9
20603;26462;421.5;421.2
20565;26397;431.78;431.38
20555;26380;403.8;403.2
20618;26467;391.9;390.1
20595;26438;393.5;390.5
20568;26404;433.9;433.83
20599;26450;434.2;433.7
20557;26385;403.24;402.34
20554;26379;403.51;402.23
20550;26370;406;405.4
20558;26386;410.5;408.5
20618;26466;392;391.9
20566;26400;432.14;431.94
20591;26426;421.21;420.98
20538;26356;406.53;405.03
20598;26446;434.7;433.8
20600;26451;433.8;433
20562;26392;410.4;407.7
20598;26445;435;434.7
20571;26412;434.81;434.66
20570;26411;432.19;429.89
20554;26378;403.73;403.51
20569;26407;434.29;431.59
20593;26434;419.84;416.24
20566;26399;434.54;432.14
12699;26556;432.05;431.85
12699;26555;432.85;432.05
12699;26554;433.25;432.85
12699;26557;431.85;425.55
20638;26521;382.8;382.73
20695;26677;401.5;400.8
20691;26668;401.1;398.1
20633;26510;383.07;382.23
20631;26505;381.05;377.7
20670;26583;426.9;426.3
20656;26540;374.2;373.2
20658;26544;419.3;417.4
20673;26596;428.7;427.4
20690;26663;401.7;401.6
20659;26547;418.7;416.8
20725;26638;425.9;423.1
20664;26560;427.9;427
20697;26681;401;400.4
20630;26503;378.9;376.9
20665;26563;428.6;427.9
20664;26559;428.5;427.9
20700;26688;400.9;398.8
20697;26682;400.4;396.9
20693;26674;400.9;399.2
20674;26600;427.2;426.9
20696;26680;400.1;397.1
20634;26513;380.6;380
20690;26664;401.6;401.1
20672;26593;425.2;425
20662;26551;417.5;416.9
20703;26697;399;397
20630;26501;380;379.95
20640;26527;385.35;385.28
20689;26662;401.02;398.42
20661;26549;419.3;416.4
20670;26584;426.3;425.4
20666;26569;426.65;426.5
20720;26701;359;164
20665;26565;426.9;426.8
20666;26566;428.3;427.95
20724;26632;426.2;425.9
20678;26613;427.5;426.3
20633;26509;383.13;383.07
20642;26534;383.13;381.83
20681;26623;426.7;426.3
20674;26598;428.5;427.8
20676;26606;427.2;426.2
20725;26636;427;426.4
20628;26494;381.8;381.72
20684;26647;401.27;397.77
20691;26667;401.8;401.1
20698;26683;401.2;400.5
20699;26686;400.7;398.8
20638;26523;380.5;379.5
20668;26577;426;425.8
20640;26530;380.65;379.35
20670;26585;425.4;425.1
20676;26607;426.2;426
20700;26689;398.8;397.7
20677;26609;427.65;427.3
20677;26611;426.7;426.4
20703;26695;401;400.7
20679;26617;426.5;426.3
20636;26518;382.67;381.57
20691;26666;401.9;401.8
20665;26562;428.8;428.6
20680;26619;427.3;427
20688;26657;401.5;401.4
20672;26591;426.7;426.1
20685;26649;401.41;401.21
20720;26699;392;362
20669;26581;425.5;425.1
20676;26605;427.75;427.2
20699;26685;401;400.7
20668;26576;426.9;426
20669;26579;426.9;426.5
20724;26633;425.9;423.3
20671;26589;425.1;424.9
20663;26553;419;416.9
20667;26570;427.5;427
20682;26639;401.6;401.5
20702;26693;398.9;398.5
20656;26539;376.2;374.2
20693;26673;401.4;400.9
20634;26514;380;377.7
20679;26615;427.1;426.9
20687;26654;401.5;401.43
20696;26679;401;400.1
20681;26625;425.7;424.7
20627;26492;379.68;376.33
20627;26493;376.33;375.18
20672;26590;426.9;426.7
20725;26635;427.2;427
20683;26642;401.86;401.76
20689;26660;401.62;401.52
20635;26515;383.16;382.75
20641;26532;383.02;380.83
20629;26498;380.1;380.05
20689;26661;401.52;401.02
20627;26491;380.44;379.68
20628;26495;381.72;380.9
20632;26508;383.2;379.68
20628;26496;380.9;377.6
20685;26650;401.21;398.41
20685;26648;401.51;401.41
20677;26608;427.9;427.65
20686;26651;401.5;401.45
20630;26502;379.95;378.9
20632;26506;383.28;383.2
20666;26568;427.5;426.65
20668;26575;427.55;426.9
20680;26620;427;426.7
20639;26525;383.07;380.85
20670;26582;427.3;426.9
20634;26512;381.3;380.6
20686;26652;401.45;400.7
20654;26536;375.9;373.6
20698;26684;400.5;397.3
20671;26587;426.5;426
20657;26543;373.8;373.4
20674;26599;427.8;427.2
20683;26643;401.76;399.66
20674;26597;428.8;428.5
20725;26637;426.4;425.9
20723;26626;428.09;427.84
20678;26614;426.3;426.1
20675;26601;428.6;428.4
20671;26588;426;425.1
20679;26618;426.3;425.8
20684;26645;401.57;401.47
20635;26516;382.76;379.65
20677;26610;427.3;426.7
20686;26653;400.7;398.3
20680;26621;426.7;426.1
20688;26658;401.4;400.7
20628;26497;377.6;376.5
20631;26504;381.1;381.05
20682;26640;401.5;398.9
20692;26669;401.8;401.7
20637;26520;383.03;379.53
20675;26602;428.4;427.6
20669;26580;426.5;425.5
20663;26552;419.3;419
20673;26595;429.2;428.7
20702;26692;399;398.9
20684;26646;401.47;401.27
20659;26546;419.3;418.7
20692;26671;401.1;398
20676;26604;428;427.75
20701;26691;400.5;398.2
20720;26698;394;392
20668;26574;427.8;427.55
20694;26675;401.7;400.9
20660;26548;419.9;417.4
20683;26644;399.66;398.06
20638;26522;382.73;380.5
20642;26535;381.83;379.53
20678;26612;427.6;427.5
20680;26622;426.1;425.8
20695;26678;400.8;397.5
20669;26578;427.1;426.9
20720;26700;362;359
20641;26531;383.13;383.02
20639;26524;383.15;383.07
20639;26526;380.85;379.65
20662;26550;419.3;417.5
20687;26656;400.7;398.3
20667;26572;426.8;425.7
20687;26655;401.43;400.7
20723;26627;427.84;427.09
20724;26631;427;426.2
20688;26659;400.7;398.3
20627;26490;380.48;380.44
20724;26630;427.2;427
20636;26517;383.17;382.67
20654;26537;373.6;372.9
20671;26586;426.9;426.5
20701;26690;401;400.5
20681;26624;426.3;425.7
20723;26628;427.09;426.49
20657;26541;376.4;375.9
20675;26603;427.6;427.1
20690;26665;401.1;397.9
20666;26567;427.95;427.5
20640;26529;384.4;380.65
20664;26561;427;426.8
20724;26634;423.3;423.1
20665;26564;427.9;426.9
20693;26672;401.7;401.4
20667;26573;425.7;425.5
20702;26694;398.5;395.3
20636;26519;381.57;379.57
20657;26542;375.9;373.8
20640;26528;385.28;384.4
20655;26538;376;373.9
20664;26558;428.8;428.5
20629;26499;380.05;379.1
20667;26571;427;426.8
20723;26629;426.49;424.09
20703;26696;400.7;399
20694;26676;400.9;398.2
20682;26641;398.9;398.1
20629;26500;379.1;376.8
20692;26670;401.7;401.1
20658;26545;417.4;417.1
20672;26592;426.1;425.2
20633;26511;382.23;379.53
20700;26687;401.5;400.9
20641;26533;380.83;379.63
20679;26616;426.9;426.5
20746;26755;419.7;419.1
20727;26705;434.15;434.12
20739;26736;421.6;421.25
20744;26749;397.5;397.4
20730;26716;420.9;418.2
20743;26748;396.9;395.8
20729;26711;434.4;433.8
20731;26718;420.7;419.75
20727;26707;432.95;430.65
20748;26760;419.9;419.5
20734;26722;422.15;421.55
20728;26708;433.2;432.8
20737;26730;421.8;421.7
20741;26741;398.2;397.7
20737;26731;421.7;421.3
20734;26723;421.55;421.25
20733;26727;421.65;421.4
20738;26734;421.65;421.3
20742;26745;397;395.8
20749;26763;420.9;420.3
20738;26732;422;421.8
20727;26706;434.12;432.95
20748;26758;421;420.7
20729;26712;433.8;433
20729;26713;433;431.8
20741;26742;397.7;394.8
20740;26737;398.6;398.5
20749;26761;421.8;421.4
20730;26714;422.3;421.6
20746;26753;421.2;420.6
20732;26720;422.3;421.6
20749;26762;421.4;420.9
20742;26744;397.5;397
20736;26728;422;421.4
20730;26715;421.6;420.9
20743;26746;397.5;397.4
20726;26702;434;433.97
20738;26733;421.8;421.65
20735;26725;421.6;421.3
20735;26724;422.2;421.6
20729;26710;434.6;434.4
20747;26756;421.2;420.6
20728;26709;432.8;430.7
20731;26719;419.75;418.1
20731;26717;422.2;420.7
20743;26747;397.4;396.9
20742;26743;397.6;397.5
20726;26703;433.97;432.4
20745;26751;397.5;397.4
20740;26738;398.5;398.1
20744;26750;397.4;397
20733;26726;422.2;421.65
20745;26752;397.4;396.6
20748;26759;420.7;419.9
20736;26729;421.4;420.7
20740;26739;398.1;394.1
20746;26754;420.6;419.7
20749;26764;420.3;419.7
20726;26704;432.4;430.4
20739;26735;421.9;421.6
20747;26757;420.6;419.4
20741;26740;398.3;398.2
20732;26721;421.6;421.4
20758;26788;384.5;384.4
20773;26831;402.7;402.6
20775;26837;426.8;426
20770;26825;430.9;429.8
20752;26772;420.5;419.5
20773;26833;400.7;399.7
20758;26790;383.9;381.8
20759;26792;381.9;380.9
20764;26806;414;413.7
20777;26844;426.4;424.6
20753;26774;421.4;420.5
20763;26801;417.1;416.85
20776;26841;425.5;423.8
20751;26768;421.6;420.6
20757;26785;384.76;384.67
20758;26789;384.4;383.9
20755;26782;420.3;419.8
20754;26777;421.3;420.3
20756;26784;384.58;382.05
20765;26813;408.2;407.7
20768;26820;432;431
20753;26775;420.5;420.3
20757;26787;383.46;381.86
20777;26843;427.4;426.4
20761;26796;416.2;413.7
20761;26795;416.65;416.2
20760;26793;383.17;380.97
20759;26791;383.1;381.9
20767;26817;410.4;410.1
20774;26835;402.3;400.7
20774;26836;400.7;400
20763;26802;416.85;416.4
20765;26811;411.1;408.9
20766;26814;410.4;410.1
20764;26807;413.7;413.5
20768;26821;431;430.6
20765;26809;411.8;411.5
20751;26769;420.6;419.9
20764;26805;414.3;414
20780;26850;348.7;348.4
20750;26766;420.2;420
20761;26797;413.7;412.4
20752;26770;421.4;421.3
20752;26771;421.3;420.5
20780;26851;348.4;346.7
20777;26845;424.6;422.4
20765;26812;408.9;408.2
20753;26776;420.3;419.9
20754;26779;420;419.6
20762;26799;412;411.5
20765;26810;411.5;411.1
20764;26808;413.5;411
20762;26800;411.5;407.7
20755;26780;421.5;420.6
20750;26765;421.2;420.2
20763;26803;416.4;413.2
20762;26798;412.3;412
20767;26819;409.4;405.4
20772;26830;400.8;400.3
20767;26818;410.1;409.4
20761;26794;416.9;416.65
20774;26834;402.7;402.3
20771;26827;431;429.9
20769;26822;432.1;431
20756;26783;384.65;384.58
20770;26824;431.9;430.9
20766;26816;409.8;405.7
20772;26828;402.7;402.5
20775;26839;424.2;421.7
20773;26832;402.6;400.7
20776;26842;423.8;421.4
20775;26838;426;424.2
20769;26823;431;430.7
20766;26815;410.1;409.8
20776;26840;426.3;425.5
20750;26767;420;419.3
20755;26781;420.6;420.3
20754;26778;420.3;420
20771;26826;432;431
20757;26786;384.67;383.46
20753;26773;421.5;421.4
20772;26829;402.5;400.8
20763;26804;413.2;412.8
20836;26899;420.45;418.9
20790;26870;349.2;346
20815;26881;380.49;377.29
20814;26876;381.01;380.71
20825;26891;401.91;399.41
20815;26880;381.19;380.49
20835;26897;425.35;421.65
20825;26888;403.41;403.11
20813;26872;380.74;380.09
20836;26898;420.9;420.45
20839;26907;390.4;389.2
20823;26884;393.62;390.72
20825;26890;402.61;401.91
20839;26909;388.2;384.2
20789;26868;349.8;347.1
20824;26887;402.9;399.7
20813;26873;380.09;377.29
20836;26900;418.9;418
20814;26877;380.71;380.11
20835;26896;425.65;425.35
20813;26871;380.99;380.74
20788;26866;349.7;347
20787;26863;350;349.8
20787;26864;349.8;346.6
20784;26859;348.3;346.1
20834;26893;425.25;424.85
20786;26862;350;346.8
20815;26879;381.39;381.19
20837;26902;419.2;417.1
20837;26901;419.6;419.2
20788;26865;350;349.7
20834;26892;425.5;425.25
20814;26878;380.11;377.26
20824;26886;403.4;402.9
20835;26895;425.95;425.65
20837;26903;417.1;416.4
20823;26882;394.42;394.12
20839;26906;392.2;390.4
20823;26883;394.12;393.62
20784;26858;348.6;348.3
20825;26889;403.11;402.61
20838;26904;417.6;416.85
20838;26905;416.85;412.6
20789;26867;350;349.8
20834;26894;424.85;421.3
20824;26885;403.7;403.4
20839;26908;389.2;388.2
20790;26869;350;349.2
20840;26910;392.8;392.45
20857;26947;435.21;276.21
20855;26941;435.21;315.21
20841;26915;391.2;390
20862;26962;434.21;276.21
20859;26952;446.21;434.21
20865;26929;420.9;418.9
20869;26937;294;234
20855;26942;315.21;166.21
20861;26959;435.21;276.21
20862;26963;276.21;166.21
20858;26951;276.21;166.21
20857;26948;276.21;166.21
20856;26944;434.21;281.21
20840;26913;390;389.8
20858;26949;446.21;434.21
20860;26955;446.21;435.21
20841;26914;392.5;391.2
20869;26933;404;402
20858;26950;434.21;276.21
20869;26934;402;350
20859;26954;276.21;166.21
20865;26928;421.9;420.9
20860;26957;276.21;166.21
20860;26956;435.21;276.21
20845;26923;429;404
20853;26925;416.1;415.75
20853;26926;415.75;401.1
20861;26960;276.21;166.21
20857;26946;446.21;435.21
20856;26943;446.21;434.21
20869;26936;336;294
20840;26912;391;390
20866;26931;422;421
20856;26945;281.21;166.21
20859;26953;434.21;276.21
20869;26935;350;336
20845;26922;430;429
20840;26911;392.45;391
20866;26932;421;419
20862;26961;446.21;434.21
20855;26940;446.21;435.21
20866;26930;422.5;422
20845;26924;404;200
20861;26958;446.21;435.21
20865;26927;422.4;421.9
21010;26998;463;459
21007;26997;452.5;414.5
21007;26996;462.5;452.5
21010;26999;459;447
21010;27000;447;421
21007;26995;464.5;462.5
20511;26973;421.8;421.6
20507;26964;415.3;415
20517;26991;418.6;416.8
20518;26994;419.5;416.8
20512;26976;421.8;421.5
20518;26992;421.8;421.75
20518;26993;421.75;419.5
20511;26974;421.6;420.6
20507;26965;415;410.8
20519;27002;421.75;418.8
20513;26979;421.8;416.8
20510;26970;421.8;421.5
20521;27007;418.9;407.5
20521;27006;419.3;418.9
20515;26981;421.8;421.77
20510;26972;419.5;409.8
20509;26968;421.2;419.8
20507;26966;410.8;408.3
20512;26977;421.5;420.6
20519;27001;421.8;421.75
20506;26350;378.65;378.45
20520;27004;419.3;418.7
20516;26984;421.8;421.75
20506;26349;378.85;378.65
20506;26352;378.05;374.45
20517;26988;421.75;421.3
20516;26985;421.75;420.8
20509;26967;421.8;421.2
20510;26971;421.5;419.5
20517;26989;421.3;421
20515;26982;421.77;420.8
20516;26986;420.8;411.8
20517;26987;421.8;421.75
20519;27003;418.8;416.8
20511;26975;420.6;410.8
20517;26990;421;418.6
20520;27005;418.7;413.6
20506;26351;378.45;378.05
20515;26983;420.8;409.8
20514;26980;421.8;416.8
20509;26969;419.8;416.8
20512;26978;420.6;404.3
6084;27023;434.6;434.2
4174;27014;434.8;433.95
8163;27029;425.6;421.7
4171;27008;435.8;434.9
4171;27009;434.9;428.8
4173;27012;434.8;433.9
4172;27010;435.4;434.7
7842;27026;434.6;434.1
8163;27028;426.4;425.6
6083;27020;434.8;434.5
4176;27019;433.3;427.5
6084;27024;434.2;434
6084;27025;434;428.1
4172;27011;434.7;428.7
7842;27027;434.1;429.6
4175;27016;434.6;433.85
4176;27018;434.5;433.3
6083;27022;434.2;430.8
4174;27015;433.95;428.5
6083;27021;434.5;434.2
4173;27013;433.9;428.55
4175;27017;433.85;428
20992;27050;435.19;434.19
20992;27051;434.19;433.29
20992;27053;432.84;430.74
20991;27048;431.18;430.73
20992;27052;433.29;432.84
20990;27044;429.29;427.59
20991;27047;433.83;431.18
20991;27046;435.03;433.83
20997;27040;395.71;387.81
20991;27049;430.73;429.23
20990;27042;435.19;430.69
20997;27038;397.56;396.36
20997;27037;400.21;397.56
20997;27041;387.81;380.21
20990;27043;430.69;429.29
20997;27039;396.36;395.71
20990;27045;427.59;429.24
20929;27093;369;365
20913;27106;463;453
21036;27088;391;386.5
21042;27068;419.44;418.44
20913;27108;439;263
20882;27109;442.8;440.8
21040;27062;419.66;413.66
21042;27070;413.44;403.44
21043;27074;415.45;403.45
20911;27102;451;175
21036;27089;386.5;351.5
21041;27067;397.95;397.25
21039;27082;380.59;373.59
21039;27081;383.59;380.59
21042;27071;403.44;394.14
20913;27107;453;439
21037;27087;368.35;319.35
20912;27103;463;453
20917;27099;445;207
21051;27058;364.67;334.67
20911;27101;453;451
20929;27094;365;297
21043;27072;420.45;417.45
21038;27078;374.62;317.12
21051;27054;436.67;434.67
20911;27100;463;453
21038;27079;317.12;312.12
21039;27083;373.59;317.59
20929;27091;387;381
20929;27095;297;261
20917;27097;457;455
20882;27112;422.8;362.8
21051;27057;380.67;364.67
20917;27098;455;445
21041;27065;419.45;413.45
21039;27084;317.59;316.59
21043;27075;403.45;395.05
21038;27076;382.12;379.12
20882;27111;436.8;422.8
21051;27056;430.67;380.67
21036;27090;351.5;325
20882;27113;362.8;196.8
21040;27064;400.66;397.46
20912;27104;453;443
21037;27085;419.35;369.35
21037;27086;369.35;368.35
21038;27080;312.12;308.12
21051;27059;334.67;332.67
20929;27096;261;127
21051;27055;434.67;430.67
20929;27092;381;369
21040;27063;413.66;400.66
21038;27077;379.12;374.62
20882;27110;440.8;436.8
21041;27066;413.45;397.95
21043;27073;417.45;415.45
20912;27105;443;263
21042;27069;418.44;413.44
20832;27158;442.1;438.3
20830;27145;449.8;449.3
20832;27157;444.7;442.1
20867;27120;373.1;361.1
20867;27118;431.1;427.1
20832;27154;447.1;446.8
20850;27137;406.5;406
20831;27150;449.1;448.3
20863;27126;421.9;420.7
20867;27121;361.1;359.1
20830;27147;448.3;443.8
20864;27128;421.8;420.1
20870;27114;422.64;420.04
20854;27130;425;424.7
20850;27138;406;402.1
20831;27149;449.4;449.1
20831;27152;447.4;442.5
20863;27127;420.7;413.9
20833;27144;421.32;402.72
20868;27122;432.47;430.47
20868;27125;372.47;370.47
20832;27155;446.8;446.3
20851;27140;405.9;405.1
20867;27117;433.1;431.1
20831;27151;448.3;447.4
20870;27116;419.79;411.64
20854;27133;422;417
20851;27141;405.1;401.6
20867;27119;427.1;373.1
20854;27132;423.5;422
20830;27148;443.8;437.4
20868;27123;430.47;426.47
20850;27139;402.1;400.5
20868;27124;426.47;372.47
20831;27153;442.5;436.6
20864;27129;420.1;413.8
20851;27142;401.6;399.9
20830;27146;449.3;448.3
20833;27143;422.72;421.32
20832;27156;446.3;444.7
20870;27115;420.04;419.79
20854;27131;424.7;423.5
20820;27184;325;256
20821;27175;406.79;396.09
20819;27181;325;256
20826;27161;391;365
20827;27168;263;191
20827;27166;365;347
20828;27169;391;365
20829;27160;398.3;387.3
20820;27183;352;325
20821;27173;408.09;407.49
20826;27162;365;347
20828;27172;263;191
20822;27178;398.65;387.25
20826;27163;347;263
20822;27177;399.05;398.65
20827;27165;391;365
20826;27164;263;191
20829;27159;399.3;398.3
20820;27182;406;352
20822;27176;399.25;399.05
20827;27167;347;263
20828;27171;347;263
20821;27174;407.49;406.79
20819;27180;352;325
20828;27170;365;347
20819;27179;406;352
20781;26853;349.8;345.8
20910;27324;414;322
20811;27215;325;213
20606;27248;428.44;426.04
20608;27254;428.55;426.15
20779;26849;348.4;346.5
20607;27249;429.7;429.35
20645;27237;412;411.3
20781;26852;350.1;349.8
20793;27217;406.83;406.23
20611;27261;428.76;428.46
20785;26860;348.6;348.3
20778;26847;350;345.8
20643;27234;414.7;414.2
20804;27202;355;325
20905;27308;442;414
20809;27208;213;184
20611;27262;428.46;427.86
20605;27245;428.87;426.77
20908;27318;414;322
20645;27238;411.3;410.8
20905;27310;322;240
20644;27236;415.55;414.65
20604;27242;428.82;426.62
20609;27255;429.01;428.61
20843;26916;402.43;402.28
20646;27225;414.4;413.2
17427;1067;454.6;453.95
20910;27325;322;240
21052;27188;392;353
20903;27303;442;414
20906;27313;322;240
20793;27222;368.13;364.43
20778;26846;350.3;350
20809;27205;379;355
20608;27253;429.25;428.55
20843;26917;402.28;400.83
20844;26920;399.15;396.7
20907;27315;414;322
20809;27207;325;213
21053;27193;385.7;355.3
20843;26918;400.83;396.43
20608;27252;429.65;429.25
20611;27263;427.86;427.36
20906;27312;414;322
20907;27316;322;240
20648;27229;415.3;413.3
20811;27214;355;325
20810;27209;379;355
20818;27199;436;418
20904;27306;442;414
20779;26848;348.7;348.4
20906;27311;442;414
20908;27319;322;240
17427;1072;440.15;429.85
21052;27185;412;411.55
17427;1068;453.95;453.85
20782;26854;348.4;348.2
21052;27187;405.6;392
20783;26856;348.4;348.1
20610;27258;429.46;429.11
20905;27309;414;322
20590;26424;402.61;401.91
20842;26939;404.45;399.05
20644;27235;416.35;415.55
20816;27195;436;418
20908;27317;442;414
20606;27247;429.14;428.44
20647;27227;414.3;413.2
20810;27210;355;325
20782;26855;348.2;346.4
20589;26421;402.9;399.7
20903;27305;322;240
20804;27201;379;355
21053;27194;355.3;353.9
20793;27218;406.23;404.03
20590;26422;403.41;403.11
17427;1066;454.85;454.6
20646;27226;413.2;412.9
20647;27228;413.2;412.8
20907;27314;442;414
20809;27206;355;325
17427;1070;451.05;445.75
17427;24602;443.75;440.15
21052;27186;411.55;405.6
20785;26861;348.3;345.1
20604;27240;429.47;429.12
20590;26423;403.11;402.61
20810;27212;213;184
21053;27190;412.1;411.5
20817;27198;418;160
20844;26921;396.7;393.3
20793;27219;404.03;394.43
20810;27211;325;213
20609;27257;427.71;425.51
20609;27256;428.61;427.71
20589;26419;403.7;403.4
20607;27250;429.35;428.95
20804;27203;325;213
20844;26919;399.3;399.15
20804;27204;213;184
20649;27231;414.2;413.8
20607;27251;428.95;426.2
21052;27189;353;351.5
20842;26938;405.05;404.45
20903;27304;414;322
20909;27321;414;322
20604;27239;429.82;429.47
17427;24601;445.75;443.75
20604;27241;429.12;428.82
20793;27221;390.43;368.13
20793;27220;394.43;390.43
20590;26425;401.91;399.41
20817;27197;436;418
20605;27244;429.47;428.87
20816;27196;418;160
20605;27243;429.77;429.47
20589;26420;403.4;402.9
21053;27191;411.5;406.5
20606;27246;429.54;429.14
20909;27322;322;240
20818;27200;418;160
20904;27307;414;322
20649;27232;413.8;413.2
20610;27259;429.11;428.51
20910;27323;442;414
20811;27213;379;355
20643;27233;415.5;414.7
21053;27192;406.5;385.7
20610;27260;428.51;425.96
20783;26857;348.1;345.9
17427;1069;453.85;451.05
20648;27230;413.3;412.8
20793;27216;408.43;406.83
20909;27320;442;414
20030;23596;383.1;360.2
20709;27384;433.3;433.2
20651;27405;427.33;424.53
17990;24922;467;445
17867;11896;376;345.4
17986;24908;361;217
17700;6622;358;160
18755;8535;391.77;390.57
18975;25224;425.5;419.9
20711;27388;434.5;433.2
18736;24936;406;368
18975;25223;429.6;425.5
17573;1659;364.04;362.14
20717;27401;435.35;434.75
18972;10271;433.3;432.75
18829;9807;460;459.5
17700;6620;388;384
17746;6479;441.3;439.4
15241;732;346;336
18766;9420;412;410
18972;10273;430.9;429.8
17892;12579;426.97;392.47
18975;10280;433;432.8
17700;6619;412;388
20713;27393;433.5;432.2
17746;6477;446.4;444.4
19197;11366;411.7;411.2
17701;6618;331.7;307.7
18978;10290;429.5;425.9
20032;23760;382.6;381.2
15838;7162;302;274
15241;734;336;286
18829;9808;459.5;443
18006;24634;383;372.6
17738;6434;441.9;426.9
19135;10731;409.55;405.87
20718;27367;418.85;418.3
20652;27407;426.11;422.81
18978;25229;424.4;415.7
17555;1607;370.3;347
17890;12612;387.15;377.1
19197;25257;411.2;410.05
20711;27389;433.2;433.1
19132;10718;389.2;388.15
20010;23786;384.63;372.73
15908;15630;396;236
17567;1636;401.8;394.3
20023;23566;388.8;379.6
15838;24238;400;302
20487;27411;402.3;401
14815;13467;411.69;410.99
18727;24931;377.03;376.33
18818;9553;404.39;402.09
19132;10719;388.15;388
18736;24935;422;406
17567;1637;394.3;357.3
13999;23013;383;351
20711;27387;434.9;434.5
19132;10715;411.95;409.2
18727;24930;377.58;377.03
18817;25160;421.77;406.57
20039;23783;362.8;360.2
20026;23576;403.5;402.7
18975;10282;431.8;429.6
18978;10288;430.7;430.5
20032;23762;359.4;358.4
17926;24689;411.5;402.2
20026;23581;363.5;363.3
20712;27390;434.2;433.8
20023;23563;414.6;413.5
17867;24621;335;333
18798;25159;387.7;383.2
20717;27400;436;435.35
18817;9546;471.57;471.37
20708;27381;435;434.6
19196;11363;360;178
19124;10683;385.9;385.65
17890;12613;359.5;355
20032;23757;387.4;384.55
20022;23560;412.6;405.8
17936;24711;437.9;416.1
18742;24941;361;207
17870;7479;394.7;393.7
18758;9024;422;421.8
18766;9424;326;212
20010;23784;391.23;387.03
18802;9491;444;442
17892;12578;430.47;426.97
18018;24651;381;370.9
17557;1610;418;388
18974;25222;431.1;429.6
17890;12611;418.5;387.15
18825;9798;399;203
17869;24626;337.4;323.65
20026;23580;370.4;363.5
17280;258;445.79;445.29
20010;23785;387.03;384.63
18842;9854;408.75;407.25
18768;9427;375;371
17867;11894;425;423
18889;25213;372.54;372.24
17741;6444;454.8;448.9
15908;24253;426;408
18015;24645;380.6;371.4
13988;4310;428;418
17745;6466;453.9;452.9
17742;6450;450.2;449.2
17701;6617;425.7;331.7
20039;23781;388.7;385.6
18813;9530;401.79;400.04
20705;27374;436;435.35
18818;9550;471.89;471.29
17890;12609;423;422.7
17745;6468;450.5;449.45
20718;27366;419.1;418.85
13988;4309;366;292
20489;27418;399.9;398.9
15908;24254;408;396
17567;1635;402.3;401.8
17870;7481;355.7;346.7
17746;6473;455.4;454.85
17869;11881;416.4;414.9
17745;6470;449;443.8
20719;27371;416.6;415.1
20487;27412;401;400.8
20650;27402;426.7;425.6
19124;10682;386.3;385.9
18758;9026;420.65;414.7
20704;27372;436;435.4
20491;26263;374.6;372.8
17738;6435;426.9;423.2
17280;255;453.34;452.44
20653;27408;428.64;427.74
20716;27399;435.4;434.9
17926;24683;414.2;414
19132;10713;413;412.8
17741;6445;437.45;435.2
18015;24646;371.4;360.4
20488;27416;398.8;398.3
20712;27392;431.9;431.7
17590;1727;408.3;399.8
20022;23559;414.4;412.6
20026;23577;402.7;392.8
17892;12580;392.47;380.47
18974;10278;435.4;434.4
20030;23595;385.5;383.1
20026;23578;392.8;392.3
20032;23758;384.55;382.6
17731;6497;463.3;462.7
17869;24623;393.9;337.4
20707;27379;432.8;432.7
20031;23680;360.2;354.5
20022;23561;405.8;401.8
17731;6500;454.7;445.5
17745;6469;449.45;449
17870;7480;393.7;355.7
18766;9423;366;326
18800;9488;372;186
17870;7484;325.7;324.2
17280;261;444.54;443.34
14815;13464;395.69;383.69
18798;25157;390.2;388
18813;9529;463.09;401.79
19124;10685;380.2;377.95
19124;10684;385.65;380.2
20491;26265;370.4;359.6
18972;25220;428.1;423.3
17987;24909;433;415
18726;24928;376.65;360.75
20710;27385;434.2;433.8
17926;24685;413.8;411.5
18818;9549;472.09;471.89
18766;9422;380;366
17742;6452;443.7;438.2
17567;1638;357.3;351.8
18726;24926;379.75;378.35
20651;27404;428.53;427.33
20489;27417;401.9;399.9
20706;27377;433.1;433
20489;27419;398.9;397.7
17743;6455;453.3;452.65
17556;1609;370.9;346.3
18888;25211;378.22;376.62
17924;24680;409.06;407.46
13988;4308;418;391
17590;1724;417.8;417
17870;7483;327.2;325.7
17558;1614;404;-112
19197;11368;403.95;399.5
17924;24681;407.46;398.56
18813;9528;464.39;463.09
17890;12614;377.1;359.5
17573;1657;371.14;370.04
16038;9316;423.25;421.75
17280;256;452.44;451.24
17590;1726;416.3;408.3
17558;1612;418;416
17892;12581;380.47;378.47
18889;9989;383.59;372.54
17869;11884;323.65;317.9
18802;9493;438;404
17731;6499;458.8;454.7
20032;23761;381.2;359.4
17990;24923;445;171
17924;24682;398.56;394.06
20714;27395;434.3;432.8
17280;257;451.24;445.79
20488;27415;399.4;398.8
18726;24927;378.35;376.65
17556;1608;376.3;370.9
18740;24939;441;225
18766;9421;410;380
18798;25158;388;387.7
19197;25258;410.05;403.95
19197;11365;414.35;411.7
15242;13191;390;360
17927;24705;413.9;412.8
18006;24635;372.6;360.1
19197;11364;414.95;414.35
17701;6616;427.7;425.7
17745;6472;441.1;439.4
19003;10354;389;387.1
20653;27409;427.74;424.64
18015;24648;360.1;350.6
15242;13194;436;428
18802;9495;398;224
20719;27370;417.55;416.6
19124;25237;377.95;372.2
20704;27373;435.4;434.9
17745;6463;455.4;454.7
18018;24652;370.9;366
19003;10353;390.6;389
16038;9317;421.75;413.25
18978;10289;430.5;429.5
17745;6471;443.8;441.1
20031;23677;386.7;385.9
15242;13193;360;276
15241;733;358;346
14815;13471;404.59;395.69
17867;11897;345.4;335
18825;9797;436;399
18726;24925;380.75;379.75
18736;24937;368;264
18975;10281;432.8;431.8
17926;24684;414;413.8
15242;13192;428;390
17743;6454;457.7;453.3
17745;6467;452.9;450.5
19124;25238;372.2;369.1
19132;10714;412.8;411.95
17746;6476;451.8;446.4
17280;260;445.29;444.54
20039;23782;385.6;362.8
20030;23594;386.7;385.5
17590;1725;417;416.3
17743;6456;452.65;450.3
18727;24933;375.93;359.83
17990;24921;471;467
17927;24704;414.2;413.9
18755;8533;392.47;392.17
20031;23678;385.9;380.7
20487;27410;405;402.3
19135;10729;421.2;420.6
18972;25219;429.8;428.1
20713;27394;432.2;432.1
20715;27396;433.9;432.6
18727;24932;376.33;375.93
17927;24703;414.5;414.2
17987;6891;415;183
18726;24924;380.95;380.75
18832;9820;427;425
17890;12610;422.7;418.5
18006;24633;383.6;383
17867;11895;423;376
15838;7163;274;190
18813;9531;400.04;398.09
20718;27368;418.3;414.3
20710;27386;433.8;431.9
14815;13469;407.79;404.59
18842;9852;415.25;413.75
20031;23679;380.7;360.2
17971;24904;438.65;429.15
17870;7482;346.7;327.2
20650;27403;425.6;422.7
18800;9487;426;372
17986;24907;401;361
18802;9492;442;438
19003;10352;392.2;390.6
18888;9987;382.92;378.22
18740;24938;445;441
17927;24706;412.8;402.5
18972;10272;432.75;430.9
20719;27369;417.8;417.55
18842;9853;413.75;408.75
20707;27378;434.8;432.8
18888;25212;376.62;370.22
18889;9988;385.24;383.59
17742;6449;458.7;450.2
18843;9857;408.1;407.4
18006;24636;360.1;359.6
18742;24940;427;361
20708;27382;434.6;434.2
18755;8536;390.57;384.47
20712;27391;433.8;431.9
17743;6453;459;457.7
17741;6447;448;435.45
13999;15847;351;335
18802;9494;404;398
18758;9025;421.8;420.65
17742;6451;449.2;443.7
18817;9548;452.07;421.77
17742;6448;459.2;458.7
20705;27375;435.35;434.75
18978;25228;425.9;424.4
17936;24710;439.1;437.9
18813;9527;465.39;464.39
13999;15848;335;233
20022;23562;401.8;384.4
18888;9986;383.22;382.92
17971;24902;440.15;439.85
18817;9547;471.37;452.07
20652;27406;426.81;426.11
19132;10716;409.2;396.3
17731;6501;445.5;443.8
18975;25225;419.9;417
17741;6443;455.2;454.8
18818;9551;471.29;464.29
17731;6498;462.7;458.8
20488;27414;402;399.4
17573;1658;370.04;364.04
18818;9552;464.29;404.39
20715;27397;432.6;432.5
18832;9822;417;277
17745;6465;454.7;453.9
19003;10351;393.1;392.2
17971;24903;439.85;438.65
18974;10279;434.4;432.4
15241;735;422;358
17572;1655;368.65;367.75
18974;10277;435.6;435.4
14815;13468;410.99;407.79
17280;262;443.34;441.94
18832;9821;425;417
17557;1611;388;300
20716;27398;436;435.4
20023;23564;413.5;407
20709;27383;434.5;433.3
17867;24622;333;332
17557;24604;420;418
19135;10730;420.6;409.55
17280;263;441.94;437.34
18767;9426;408;238
18768;9428;371;75
18974;25221;432.4;431.1
18015;24647;360.4;360.1
20039;23780;391.3;388.7
17869;11882;414.9;393.9
20488;27413;402.3;402
20026;23579;392.3;370.4
18758;9027;414.7;402
17700;6621;384;358
17558;1613;416;404
17986;24906;407;401
17986;24905;427;407
17572;1656;367.75;354.65
19132;10717;396.3;389.2
18843;9856;415.2;408.1
17741;6446;448.9;448
20491;26264;372.8;370.4
20706;27376;434.3;433.1
17746;6474;454.85;453.4
17746;6478;444.4;441.3
17555;1606;377.5;370.3
18736;24934;434;422
18829;9809;443;424
18843;9855;416.4;415.2
17743;6458;449.4;443
20023;23565;407;388.8
18889;25214;372.24;365.24
18767;9425;438;408
19196;11362;428;360
18727;24929;377.83;377.58
17743;6457;450.3;449.4
20030;23597;360.2;353.7
13988;4307;391;366
17731;6502;443.8;442.3
18755;8534;392.17;391.77
20010;23787;372.73;364.63
17746;6475;453.4;451.8
17738;6433;457.2;441.9
20708;27380;435.3;435
16880;24474;422.3;417.2
16068;23054;444;440
16948;520;287.79;265.29
15281;5851;406;336
15456;24026;420;396
14814;23867;405.43;404.93
15538;24041;401;398
20304;27426;390;371
16824;13238;423.7;373.7
15992;24285;415.7;414.7
14814;23868;404.93;399.13
20299;27424;390;370
20303;27425;390;370
17271;9394;422.87;422.77
16693;8207;424;420
15259;23036;413;371
2708;3598;375.7;368.9
17175;434;368.9;366.1
15033;18516;412;364
17267;9387;422.6;422.15
15464;7209;323;209
16365;6822;351.63;344.23
15523;16359;387.22;226.22
15683;24179;401.6;393.9
16907;536;412.1;410.1
16846;24466;427.3;422.9
15714;2785;470;444
16801;24448;425.85;421.85
15465;7207;345;213
17262;24592;403.4;401.7
16809;3700;431;430
15700;24185;417.57;416.37
14843;27421;383.81;379.26
20287;27429;409.8;409.5
16799;23397;463;451
15823;7171;370;228
16734;15122;380;130
14031;23019;461;457
15887;11582;321;247
17277;241;449.42;447.62
16280;24396;423.47;421.17
16881;24479;416.6;413
14753;5900;384.04;382.04
16842;24458;382;378
15594;9289;421.8;412.7
16835;24457;425;423
15296;2772;452;333
15868;7630;413;407
15026;23033;431;380
15521;14363;365;111
16145;24356;408.24;406.44
16726;2217;315;290
15403;23990;423.88;423.08
14936;4736;422.06;421.76
16802;11624;401.9;395.9
16842;24459;378;357
14027;16855;486;302
16845;24462;428.3;427.8
15190;23963;411.92;403.67
15300;11844;394;336
17107;9381;422.4;421.9
15883;7589;392;354
16819;24454;427;393
15522;24033;421;359
16041;3854;408;289
15289;11472;338;112
15842;24241;417;403
16819;12711;393;117
14753;5899;384.84;384.04
15792;24206;423.25;422.05
14050;3160;436;412
15798;11552;373;297
16828;24455;436.94;426.94
15262;5579;368;122
16948;519;293.79;287.79
15423;17930;442.85;436.2
16087;11598;396;260
15792;24205;427.05;423.25
16846;24465;427.8;427.3
16881;24476;423;422.8
16948;517;400.69;300.79
16832;2726;449.7;314.7
15887;11580;367;321
16064;13008;403;383
20250;27444;375.1;349.3
14056;23473;418;376
15719;24192;432;404
14050;3159;408;246
14922;4693;424.26;405.76
15191;23964;417.72;417.27
14752;5892;401.34;401.04
14924;4700;420.81;402.41
15260;20018;382;271
16695;8217;390;364
16948;521;265.29;262.29
15425;24014;408.7;403.5
15411;24004;392.45;384.85
15190;23962;413.47;411.92
15296;2773;470;452
17267;9386;422.65;422.6
15464;7208;333;323
15818;7436;373.3;372.5
15924;4980;427.88;425.88
14921;4689;428.81;428.51
15792;24207;422.05;407.05
15456;24025;422;420
15880;11572;458;444
15483;2741;449;319
20289;27438;410.2;409.7
15594;9287;422.7;422.5
15258;20023;376;259
16802;24451;413.9;401.9
20288;27437;408.9;406.5
17042;24518;425.2;420.9
14026;23021;363;275
15223;914;344.3;343.7
14752;23840;385.44;381.34
15088;23953;371.47;361.37
15521;14364;421;365
17272;9397;422.72;422.62
16693;8208;420;398
15893;3075;403;267
16802;11625;391.9;205.9
15879;11570;456;440
15088;23952;372.47;371.47
16087;24346;410;396
15924;4979;343.88;267.88
15258;23035;434;386
15033;18517;364;292
14971;23923;357.5;356.1
14752;5893;401.04;398.34
16365;6823;344.23;342.63
15293;4978;427;365
17175;433;387.3;368.9
15121;8741;415.65;408.6
16316;24423;403.9;395.3
15003;18306;472;301
16694;8213;368;124
17268;9393;422.42;416.82
16901;9371;421.9;421.1
15062;23934;411.5;405.5
16832;2727;464.7;449.7
16373;13274;415.7;410.2
16971;112;430.08;429.08
16036;9313;421.68;415.08
20289;27440;408.9;406.7
15283;20539;364;300
16694;8214;424;422
15403;23991;423.08;413.08
17261;24585;400.1;395
14843;27420;384.76;383.81
16948;518;300.79;293.79
14645;21116;368;356
17042;24521;416.25;415.1
15519;7945;423;374
17015;466;400.15;396.95
14639;23820;416;400
16184;24375;426.12;403.82
17015;467;396.95;393.55
17262;24594;392.6;382.8
15451;834;451;449
20288;27433;410.4;410.1
15900;2740;470;448
15463;7211;345;213
16971;115;368.08;367.08
14935;4734;419.54;411.74
17177;439;385.9;382.6
14352;13508;387;343
14920;4687;427.29;425.19
15520;14362;421;374
20250;27441;379.3;379.1
16828;700;387.94;385.94
16280;24397;421.17;420.37
17263;24600;394;382.8
16830;7091;422;187
16816;15092;391;219
16907;538;408.1;366.1
15289;11471;382;358
14925;23871;420.88;399.08
15073;13306;402.6;401.7
15836;24235;354;352
16879;24471;422;418.3
16362;24427;355.26;347.76
15847;11557;394;262
20305;27427;390;370
14752;23839;388.14;385.44
15881;10425;361;273
15880;11573;444;216
14934;4730;425.48;422.88
15008;4192;385;313
16902;9377;418.6;407.5
16064;13009;383;233
16802;11623;395.9;391.9
16828;701;404.94;387.94
15528;11508;279;205
15300;11848;420;404
15087;23946;382.1;381.4
14639;21189;400;386
17007;483;464;230
15003;23032;476;472
15991;24281;414.45;413.5
17042;24519;420.9;420.55
16146;24360;365.76;357.66
15855;11559;362;134
15456;11489;386;282
16685;15193;373;205
15329;13169;361.9;360.5
17262;24593;401.7;392.6
14056;17062;376;298
15192;23969;417.02;402.87
16901;9373;417.6;407
16145;24354;411.24;408.24
15869;15675;379;233
15528;24036;375;346
16041;3856;422;418
14806;7561;392.33;389.73
15300;11846;336;266
14363;11424;377;257
15246;23970;440;404
15073;13308;399.2;393.5
15426;24019;406.24;401.04
16809;3699;381;231
15088;23951;373.97;372.47
16824;13237;339.7;243.7
16801;15138;401.85;275.85
17042;24520;420.55;416.25
17277;242;447.62;444.92
15456;11488;396;386
16880;24473;423.3;422.3
15235;760;431;423
15991;24283;406.7;404.4
16279;24391;409.28;408.88
15904;4914;432;370
15519;7461;374;126
15223;916;343.7;342.7
15962;24258;438.37;437.37
16787;24608;406.3;405.4
20287;27432;406.9;406.3
14814;20817;361.43;360.43
17273;9400;422.99;422.59
20287;27430;409.5;408.3
15033;23927;452;412
14026;16854;275;221
15836;7167;330;168
15087;23949;374.4;374.1
14928;4712;426.4;405.7
15234;746;352;336
16901;9370;422;421.9
15062;18326;405.5;402.2
14644;23821;421;377
17277;244;437.92;436.62
17268;9392;422.92;422.42
15121;8739;417.7;417.5
15719;16380;370;310
15289;11470;358;338
14927;4708;427.96;427.46
14639;21188;386;324
16845;24461;428.5;428.3
14933;4729;423.69;411.69
14363;23537;433;417
16971;113;429.08;401.08
14644;21162;359;207
15823;24232;386;382
15887;11581;407;367
15880;24247;466;458
20250;27443;376.3;375.1
9573;27032;426.3;425.8
15293;4977;429;427
15798;11551;417;373
16969;142;355;289
15260;23971;431;382
15423;24011;448.6;442.85
16184;24373;428.82;426.72
16936;591;473;280
15073;13305;382.1;379.6
16283;24406;401.2;388.5
16772;24440;426.1;415.4
15021;3285;461;457
16373;13273;416.5;415.7
16828;24456;426.94;404.94
14044;17153;348;240
15719;16379;404;370
14356;4013;483;475
15262;5581;418;368
15087;23948;380.4;374.4
15234;747;336;282
16365;6821;352.63;351.63
15411;24003;394.85;392.45
15821;2744;487;459
16280;24402;411.07;408.47
16650;23764;373;305
16041;3857;418;408
15464;24028;409;333
14924;4699;424.41;422.91
15249;8299;441;207
16693;8204;374;364
16787;24609;405.4;401.7
15283;23976;438;410
15746;24193;431.2;429.4
15523;24034;426.22;423.22
16373;13275;410.2;405
16315;24420;405.6;405.1
15007;3074;445;397
15465;24029;413;367
15192;19957;402.87;401.42
15714;2784;444;250
15007;3073;397;295
14050;3158;412;408
16901;9372;421.1;417.6
15798;24217;427;417
16279;24394;390.98;388.48
14753;5898;398.74;384.84
15005;10421;414;364
15881;24248;443;409
14843;27422;379.26;375.56
15475;7203;340;336
15062;23933;415.3;411.5
16799;11621;451;445
15855;24243;404;396
15991;11589;404.4;403.1
16373;13276;405;400.2
16280;24401;413.57;411.07
16184;24374;426.72;426.12
14639;21208;324;126
16146;24359;368.66;365.76
15073;13309;393.5;382.1
16873;24467;423.08;421.98
17261;24584;401.7;400.1
13992;11306;362.5;301.5
17263;24597;402.4;400.7
14925;23870;422.08;420.88
17261;24586;395;391.7
15896;15603;396;230
15451;837;425;399
16279;24395;388.48;386.98
15281;5850;336;216
15434;24023;425.4;423.35
16879;24469;423.7;423.4
15017;23926;432;416
16880;24475;417.2;413.3
15823;24229;428;420
15855;11558;396;362
15523;24035;423.22;393.22
15191;23966;416.52;402.22
17263;24599;400.1;394
16036;9312;423.08;421.68
15992;24284;416;414.8
15262;5580;422;418
16077;15506;372;314
14814;20818;399.13;361.43
15992;24287;414.7;407
15061;23929;410.9;402.5
14971;18376;356.1;343.7
15517;24031;457;455
16881;24478;422.4;416.6
15259;20020;365;273
14645;23822;418;368
9887;27036;432.2;428.1
17272;9398;422.62;422.12
16280;24399;415.97;415.37
16280;24398;420.37;415.97
16689;2736;438;350
20288;27435;409.7;409.4
15528;24037;346;279
15426;24017;410.94;409.74
17042;24522;415.1;413.85
15425;24012;413.9;413.1
17272;9399;422.12;416.72
15847;11556;402;394
15823;24230;420;398
15017;18590;372;312
15026;18541;380;301
20288;27436;409.4;408.9
15517;24032;455;429
15746;24194;429.4;415.2
15061;23930;402.5;399.3
16068;11593;440;324
17261;24583;403.1;401.7
16693;8206;364;274
14026;23017;381;363
16034;9310;423.08;421.63
16830;7645;437;422
9573;27033;425.8;425.5
15235;759;423;261
15868;7631;407;331
15279;23974;405;393
15021;3284;457;301
14752;5894;398.34;388.14
15425;24016;393.7;383.9
16799;11622;445;268
15883;7591;410;392
16064;13010;423;403
15451;838;399;326
16726;2216;359;315
15002;18308;377;331
16695;8216;364;124
16802;24450;415.9;413.9
17277;238;453.62;452.92
16041;3855;426;422
15192;23967;419.42;419.07
15842;16252;375;85
16835;8305;423;400
15088;23950;374.57;373.97
14924;23869;422.91;420.81
15869;24244;433;411
15809;7955;369;366
14937;4741;431.27;422.37
14923;4696;420.27;418.87
15700;24184;422.37;417.57
15483;2742;469;449
16650;7110;305;223
15517;16383;429;291
17271;9396;421.97;414.67
15246;7238;404;260
15231;23034;430;394
9887;27035;432.9;432.2
17273;9401;422.59;421.69
17042;24516;425.85;425.7
14753;5897;400.94;398.74
15329;13167;377;376.8
16077;24342;424;418
15818;7839;387.7;373.3
17107;9382;421.9;415
17262;24590;407.6;407.4
15475;7202;336;262
15426;24018;409.74;406.24
16824;13236;373.7;343.7
16846;24464;428.1;427.8
14919;4683;429.75;429.55
16879;24470;423.4;422
15329;13165;360.5;347
17261;24588;390.7;383.8
15961;12454;439.62;438.87
20289;27439;409.7;408.9
13992;23012;446.5;406.5
15017;18589;416;372
15842;24240;419;417
17015;465;400.75;400.15
15283;23975;440;438
16315;24421;405.1;395.6
14919;4685;426.75;421.75
20306;27428;390;369
16772;24439;426.4;426.1
15423;24010;448.95;448.6
15425;24013;413.1;408.7
15403;23989;425.08;423.88
16279;24393;403.48;390.98
15991;24282;413.5;406.7
14922;4692;424.76;424.26
15836;24237;346;330
16684;15194;394;132
15869;24245;411;379
15823;24231;398;386
15809;7954;423;369
16801;24449;421.85;401.85
15279;23973;407;405
16647;15222;410;228
16316;24422;405.3;403.9
16902;9376;421.1;418.6
15463;7210;357;345
17261;24581;403.8;403.65
16816;24453;407;393
15279;11469;365;237
16907;539;366.1;344.1
15924;4981;409.88;343.88
15962;24259;437.37;429.37
14920;4688;425.19;416.19
15022;13219;350;314
14753;5895;402.04;401.84
8164;27031;425.8;422.8
14937;4740;433.07;431.27
14928;4711;426.9;426.4
15961;12455;438.87;430.62
15465;7206;367;345
15904;4912;370;362
16689;2737;468;438
16034;9311;421.63;415.08
15022;13221;428;350
16693;8205;398;374
15890;15611;365;131
15062;23931;416.2;415.8
15887;24250;417;407
16936;590;476;473
17268;9391;423.02;422.92
2708;3600;399.6;375.7
16816;15038;393;391
16881;24477;422.8;422.4
15992;11590;407;403.7
16694;8215;422;396
14936;4737;421.76;410.76
16879;24472;418.3;413.7
16971;114;401.08;368.08
14352;13510;425;387
17263;24595;402.8;402.65
16082;15500;436;292
16948;516;400.79;400.69
16647;23752;418;410
16145;24349;414.44;411.24
16362;24426;355.96;355.26
16873;24468;421.98;417.08
14044;23020;380;348
15818;7838;389.5;387.7
15896;24252;430;396
16695;8219;424;402
15425;24015;403.5;393.7
16726;24437;391;359
15842;16234;403;375
14647;21138;404;322
16907;537;410.1;408.1
15258;20021;380;376
15538;24040;401.3;401
15426;24020;401.04;391.84
15192;23968;419.07;417.02
14044;17154;240;220
15879;24246;462;456
15451;835;449;439
15329;13168;376.8;376.4
15879;11571;440;212
16684;23791;412;400
20250;27442;379.1;376.3
14922;4691;426.76;424.76
17277;243;444.92;437.92
14352;13509;343;309
15259;20019;371;365
16077;24343;418;372
15300;11847;422;420
15279;11468;393;365
17007;482;470;464
14923;4698;418.87;402.67
15234;748;412;352
15904;4913;362;282
17261;24582;403.65;403.1
16694;8210;372;368
15881;10424;409;361
15847;24242;452;402
15520;14361;374;111
15121;8740;417.5;415.65
15293;4976;337;239
17263;24596;402.65;402.4
17273;9402;421.69;410.49
14753;5896;401.84;400.94
15809;7460;366;123
15231;20159;394;392
15836;24236;352;346
14934;4731;422.88;413.28
17271;9395;422.77;421.97
15062;23932;415.8;415.3
16936;589;480;476
15883;7590;354;235
14921;4690;428.51;411.81
16809;3701;430;404
16969;141;369;355
14647;23823;416;404
14920;4686;429.19;427.29
15434;24022;425.6;425.4
15087;23947;381.4;380.4
9573;27034;425.5;422.1
16902;9374;422.5;422.35
14971;23924;343.7;342.5
14919;4684;429.55;426.75
17261;24587;391.7;390.7
15022;13220;314;238
16835;8304;400;265
15283;20896;410;364
14363;11423;417;377
2708;3599;400.9;399.6
15434;24024;423.35;417.6
13992;11305;406.5;362.5
15451;836;439;425
15893;3076;437;403
16280;24400;415.37;413.57
16694;8211;396;372
16082;24344;442;436
15683;24178;410.9;401.6
16087;24345;412;410
17177;438;386.6;385.9
16734;24438;430;380
15231;20160;392;278
15300;11845;404;394
15249;8300;443;441
15258;20022;386;380
16902;9375;422.35;421.1
16824;13235;343.7;339.7
16816;24452;409;407
15890;24251;381;365
17175;431;388.1;387.3
15991;24280;415.1;414.45
16362;10050;347.76;340.96
16373;13272;400.2;398.3
15426;24021;391.84;380.94
16650;7111;223;123
16689;2738;470;468
16685;24432;425;373
15190;23961;413.67;413.47
17267;9388;422.15;416.65
14935;4733;423.94;419.54
15002;23031;431;377
15088;23954;361.37;359.27
15522;16360;359;111
16969;140;379;369
15005;23925;452;414
15008;4193;423;385
15329;13166;376.4;361.9
16146;24357;369.66;369.06
15223;918;342.7;329.3
14806;7560;389.73;363.33
17107;9380;423;422.4
14031;16876;457;291
16845;24463;427.8;420
15868;7629;331;243
8164;27030;426.6;425.8
15900;2739;448;220
16809;3698;404;381
17262;24589;407.8;407.6
15924;24255;425.88;409.88
15463;24027;413;357
15523;16340;393.22;387.22
16787;24607;406.7;406.3
15475;24030;388;340
20288;27434;410.1;409.7
14639;23819;426;416
14927;4709;427.46;406.16
16283;24405;402.5;401.2
15594;9288;422.5;421.8
16695;8218;402;390
15836;24234;378;354
17277;239;452.92;449.42
14027;23018;502;486
15293;4975;365;337
17042;24517;425.7;425.2
16078;15505;450;320
15823;24233;382;370
15519;7944;426;423
15191;23965;417.27;416.52
15061;23928;411.3;410.9
14923;4694;425.17;420.27
14645;21117;356;278
16726;24436;410;391
16146;24358;369.06;368.66
15073;13307;401.7;399.2
16279;24392;408.88;403.48
16279;15413;386.98;379.28
17263;24598;400.7;400.1
15289;23977;412;382
15005;10422;364;292
14929;4714;426.74;426.24
20287;27431;408.3;406.9
14843;27423;375.56;374.76
17262;24591;407.4;403.4
14929;4715;426.24;405.44
14644;21161;377;359
15821;2743;459;347
14356;4011;475;303
16842;24460;357;262
21045;27447;431.63;351.63
20165;27464;382;381.2
21048;27458;314.5;313.5
20158;25536;389.2;383.2
21047;27451;440.71;440.21
20158;25535;391.3;389.2
21046;27450;425.75;366.75
20167;27468;384;381.1
21045;27445;440.63;440.13
21046;27449;440.25;425.75
20211;27453;340;339
21049;27461;315.5;315
21048;27456;339;315.5
21046;27448;440.75;440.25
20158;25537;383.2;361.3
21047;27452;440.21;431.71
21048;27455;340;339
21049;27459;340;337.5
21048;27457;315.5;314.5
20165;27463;385.4;382
20166;27465;391.2;386.2
20167;27467;389.1;384
20211;27454;339;315.5
20167;27466;391.1;389.1
21045;27446;440.13;431.63
21049;27460;337.5;315.5
20165;27462;391.2;385.4
21055;27470;353;229
21044;27061;400;208
21055;27469;429;353
21044;27060;428;400
2109;27495;376.4;372.3
1758;27484;394.69;393.49
1757;27483;393.35;390.15
2109;27492;395.5;393.3
3702;27504;392.98;392.38
5514;27513;408.87;396.47
454;27473;408.39;398.27
2109;27494;380.5;376.4
2111;27497;391.8;385.4
454;27474;412.29;408.39
8392;27518;413.24;411.64
3702;27502;406.98;404.38
867;27477;410.2;407.85
3702;27501;407.38;406.98
6755;27514;407.96;406.56
3702;27503;404.38;392.98
454;27472;413.29;412.29
6755;27516;405.96;403.76
1098;27480;408.73;404.43
866;27475;407;405.65
1892;27487;407.18;399.48
1893;27489;406.72;397.97
866;27476;405.65;398.1
1757;27482;394.55;393.35
1758;27485;393.49;389.39
4119;27508;403.02;402.42
867;27478;407.85;406.2
4119;27509;402.42;393.02
5514;27510;414.47;413.67
5514;27511;413.67;413.27
1098;27481;404.43;397.23
3015;27499;392.88;391.78
9208;27521;411;403.6
3704;27505;408.07;407.27
1892;27486;408.18;407.18
3015;27500;391.53;386.88
9208;27520;411.6;411
8392;27519;411.64;402.14
2102;27490;384.95;382.65
1893;27488;407.97;406.72
2111;27496;393.4;391.8
3704;27507;405.87;398.07
2102;27491;382.65;376.7
1098;27479;409.23;408.73
5514;27512;413.27;408.87
2109;27493;393.3;387.5
6755;27517;403.76;400.96
3014;27498;390.89;385.54
6755;27515;406.56;405.96
3704;27506;407.27;405.87
20587;27286;428.36;426.66
20586;27292;426.93;424.63
9209;27523;411.43;403.13
4707;27537;404.89;404.89
5367;27549;417.85;407.8
20576;27331;432.48;431.88
12192;27528;409.08;408.48
20588;27288;428.84;428.54
12191;27526;409.18;404.78
5050;27545;404.8;402.8
4709;27541;407.54;407.24
20576;27332;431.88;429.48
20587;27285;428.66;428.36
5367;27548;418.2;417.85
20530;27358;421.6;420
20580;27294;474.5;470.9
20525;27349;421;409.8
20529;27356;421.8;419.1
20533;27364;421.7;420.9
12192;27529;408.48;405.88
20523;27345;418.9;411.3
20528;27355;419.1;407.8
5051;27547;405.2;403.3
4406;27533;400.7;399.8
4708;27539;406.71;405.91
20574;27327;431.56;430.16
20526;27350;421.8;418.5
20575;27329;432.56;431.76
20524;27347;418.9;411.3
20586;27291;428.53;426.93
20578;27337;431.03;427.13
4709;27542;407.24;406.84
20522;27471;419.3;418.9
20579;27340;431.95;430.65
20585;27302;474.2;470.7
20574;27328;430.16;426.56
20532;27362;421.3;420.7
2282;27530;406.12;405.52
20581;27296;470.9;470.4
20579;27342;426;422.5
5050;27544;405.4;404.8
20574;27326;432.56;431.56
12191;27525;409.78;409.18
20577;27334;431.78;429.58
20530;27359;420;401.6
20579;27339;434.3;431.95
20531;27360;421.3;419.3
4406;27532;401.2;400.7
20527;27353;418.5;407.3
20584;27300;473.4;471.2
20586;27290;428.93;428.53
20582;27298;472.9;470.2
9209;27522;411.73;411.43
12191;27524;410.28;409.78
20581;27295;475.1;470.9
20524;27346;419.3;418.9
4708;27538;407.11;406.71
20522;27343;418.9;414.3
20578;27335;432.13;431.03
20529;27357;419.1;403.8
20525;27348;421.8;421
20533;27365;420.9;410.7
20523;27344;419.3;418.9
20531;27361;419.3;411.3
5051;27546;405.9;405.2
4406;27534;399.8;399.5
4708;27540;405.91;403.21
12192;27527;409.88;409.08
20583;27299;474.5;468.3
20532;27363;420.7;405.3
20580;27293;475.1;474.5
20582;27297;474.4;472.9
20527;27352;419.3;418.5
20528;27354;421.8;419.1
4707;27536;405.94;404.89
4707;27535;406.34;405.94
20577;27333;432.58;431.78
20587;27287;426.66;425.36
20578;27338;427.13;420.13
2282;27531;405.52;389.12
20579;27341;430.65;426
20588;27289;428.54;427.04
20575;27330;431.76;429.56
4709;27543;406.84;404.14
20526;27351;418.5;409.8
20584;27301;471.2;469.8
5673;27563;403.55;399.95
11378;27644;404.95;402.65
8462;27629;400.9;398.4
8034;27594;409.28;402.38
8461;27626;406.7;399.4
8031;27586;410.6;405.3
8107;27611;407.4;407.3
11376;27637;406.8;395.8
11378;27641;412.85;412.65
8244;27619;408.5;401
5371;27561;409.67;402.77
5369;27554;414.85;414.55
8461;27627;399.4;396.7
11378;27642;412.65;411.65
8107;27612;407.3;406.6
8108;27616;404.95;396.55
8029;27581;418.35;405.95
8034;27595;402.38;401.28
8022;27573;415.45;405.05
5370;27557;411.76;411.21
5371;27559;411.17;410.97
8244;27617;409.7;409.3
8104;27600;408.9;408
8244;27618;409.3;408.5
8032;27588;417.05;409.65
8108;27615;405.85;404.95
5368;27553;403.15;400.25
8034;27592;411.28;409.68
5368;27552;417.45;403.15
8106;27609;407.8;407.1
8103;27596;410.5;409.3
7142;27566;391.07;406.57
8463;27631;399.85;396.95
8106;27610;407.1;393.4
8033;27590;417.53;415.03
11376;27636;408;406.8
8028;27578;422.1;419.9
8027;27575;422.36;421.96
8021;27567;422.85;422.45
8034;27593;409.68;409.28
8022;27571;416.95;416.55
8021;27569;420.75;407.85
8462;27628;406.5;400.9
8105;27606;405.4;397.6
8022;27572;416.55;415.45
8245;27621;410.96;410.56
5370;27558;411.21;399.51
11379;27645;410.15;409.75
8105;27604;407.6;406.5
8245;27623;410.26;409.26
8463;27630;406.95;399.85
8022;27574;405.05;402.25
7141;27564;380;404.1
8104;27603;397.7;396.9
8103;27599;397.7;395.5
11377;27638;410.05;409.7
8022;27570;417.25;416.95
8103;27598;408.4;397.7
5673;27562;404.15;403.55
8027;27576;421.96;421.26
11379;27647;408.95;399.95
8031;27585;418.6;410.6
8028;27579;419.9;407.1
5368;27550;420.5;420.1
8030;27583;415.55;406.45
8106;27608;408.3;407.8
8029;27580;420.95;418.35
8032;27587;419.65;417.05
8021;27568;422.45;420.75
7141;27565;404.1;384.1
8106;27607;408.4;408.3
8027;27577;421.26;407.36
8033;27591;415.03;410.83
8104;27602;407.7;397.7
8030;27582;421.45;415.55
8244;27620;401;389.7
5371;27560;410.97;409.67
5369;27555;414.55;401.85
8245;27624;409.26;398.06
5368;27551;420.1;417.45
8107;27613;406.6;395.4
8103;27597;409.3;408.4
8104;27601;408;407.7
8245;27625;398.06;390.96
11379;27646;409.75;408.95
5370;27556;411.91;411.76
8033;27589;418.83;417.53
11377;27640;408.85;397.85
8031;27584;420.3;418.6
8105;27605;406.5;405.4
8245;27622;410.56;410.26
11377;27639;409.7;408.85
11378;27643;411.65;404.95
8108;27614;406.55;405.85
2277;27702;402.34;401.74
20998;27670;391;388.8
2280;27708;400.78;400.38
21012;27669;427.7;423.6
21004;27654;428.2;427.9
20995;27690;390.3;389.6
2279;27706;402.53;402.13
20989;27678;392.3;391.4
21008;27663;426.15;424.25
21012;27668;428;427.7
21000;27672;391;389.3
20996;27693;390.7;390
20994;27685;392.4;391.3
2277;27703;401.74;401.44
21006;27661;426.4;424
21005;27657;427.5;427.2
21009;27665;426.9;423.5
21005;27658;427.2;426.8
20989;27677;392.5;392.3
20993;27682;393.5;392.1
2276;27699;403.93;403.38
20995;27689;391.2;390.3
2155;27694;401.62;401.02
21011;27666;428.3;427.4
2279;27707;402.13;393.13
20989;27681;388.5;386.5
2276;27700;403.38;403.13
21005;27659;426.8;423.6
20995;27688;392.3;391.2
20996;27692;391.3;390.7
2283;27712;403.6;403.4
21001;27649;428.1;423.1
2283;27714;402.75;395.6
21004;27655;427.9;427.7
20996;27691;392.7;391.3
20988;27674;393.1;392.05
21002;27650;428.9;428.2
20999;27671;391;388.8
2280;27709;400.38;399.63
20989;27679;391.4;390.35
21002;27651;428.2;424.9
21006;27660;427;426.4
2156;27697;399.29;396.19
21004;27656;427.7;424
21001;27648;428.7;428.1
2276;27701;403.13;398.23
21003;27652;428.6;427.9
20994;27687;390.4;389.7
20993;27684;391.5;391.2
20993;27683;392.1;391.5
2279;27705;403.13;402.53
2156;27696;400.49;399.29
21009;27664;427.6;426.9
20989;27680;390.35;388.5
21003;27653;427.9;424.4
2155;27695;401.02;385.82
21008;27662;426.75;426.15
2276;27698;404.23;403.93
20988;27675;392.05;389.8
21011;27667;427.4;424.1
2277;27704;401.44;396.34
20988;27676;389.8;387.3
2283;27713;403.4;402.75
20994;27686;391.3;390.4
2280;27711;399.38;394.78
2280;27710;399.63;399.38
20988;27673;393.3;393.1
20979;27752;415;414.2
20977;27748;415.55;411.6
21014;27775;405.55;404.5
20984;27764;373;371.6
21032;27807;473.03;471.33
6674;27838;402.93;402.63
7833;27848;402.26;401.86
6674;27839;402.63;402.23
20986;27769;373;370
21035;27812;473.65;473.05
7834;27851;401.69;401.39
21030;27798;388;387.9
21031;27802;476.14;475.34
20977;27749;411.6;411.4
20983;27762;372.5;369.5
21028;27793;386;384.3
20983;27761;373;372.5
4204;27825;401.49;401.09
6671;27829;402.38;401.78
21018;27781;406;405.55
21023;27788;406;404.5
20982;27759;370.5;369.5
21013;27773;406;404.5
20970;27730;370.7;370
20964;27720;373.5;370
20971;27733;399;396.3
20979;27751;416;415
20980;27753;373;371.5
20987;27772;372.2;371.6
21025;27790;374;371.9
21034;27810;474.76;474.16
20966;27723;373.5;371.3
20973;27737;400.4;400.2
20967;27725;373.5;370.8
20984;27766;369.9;369.5
20987;27771;373;372.2
20974;27740;399.9;399.7
6671;27828;402.68;402.38
6674;27840;402.23;388.13
20968;27726;373.5;371
20978;27750;416;413.8
20970;27728;373.5;372.1
20983;27763;369.5;369
20972;27734;400.2;400
21018;27782;405.55;404.5
21033;27809;476.05;472.95
6671;27830;401.78;387.78
4202;27818;402.19;401.99
6675;27842;401.22;400.62
7834;27852;401.39;401.09
20972;27735;400;399.3
21033;27808;476.65;476.05
21015;27776;406;405.55
4203;27823;400.78;393.58
21014;27774;406;405.55
4202;27820;401.69;398.69
4204;27826;401.09;393.69
20975;27745;413.2;412.7
20974;27742;399.2;396.3
7833;27850;401.06;387.26
20969;27727;373.5;371
21030;27797;390;388
21031;27801;476.54;476.14
4201;27817;401.94;394.74
6672;27832;402.25;401.55
6676;27845;400.94;400.14
20980;27754;371.5;370
20973;27738;400.2;398.9
20980;27755;370;369.5
20973;27739;398.9;396.9
21060;27799;390;388.3
6675;27841;401.52;401.22
4204;27824;401.69;401.49
6673;27835;402.49;402.19
20982;27758;373;370.5
6673;27834;402.79;402.49
7833;27849;401.86;401.06
20965;27722;372;371
20984;27765;371.6;369.9
20960;27715;373.5;370.9
20962;27718;373.5;370.9
4203;27821;401.58;401.38
6673;27836;402.19;387.79
21031;27803;475.34;473.54
21021;27786;406;404.5
6671;27827;402.78;402.68
6676;27844;401.14;400.94
20985;27767;373;372
20981;27757;372.1;370
6672;27831;402.65;402.25
4203;27822;401.38;400.78
6676;27846;400.14;399.84
6672;27833;401.55;387.65
20961;27716;373.5;371.2
21034;27811;474.16;471.16
20963;27719;373.5;371
20961;27717;371.2;370.9
20986;27770;370;369.5
4201;27816;402.34;401.94
20985;27768;372;371.6
21019;27783;406;404.5
21017;27779;406;405.55
21031;27804;473.54;472.94
21024;27789;406;404.5
6675;27843;400.62;386.52
20970;27729;372.1;370.7
21026;27791;374.3;372.2
21032;27805;476.03;475.33
21015;27777;405.55;404.5
20981;27756;373;372.1
21035;27813;473.05;472.05
21016;27778;406;404.5
20975;27744;415.9;413.2
20975;27743;416;415.9
21022;27787;406;404.5
4201;27815;402.74;402.34
21027;27792;383;381.2
6676;27847;399.84;386.14
20982;27760;369.5;369
21020;27784;406;405.5
20966;27724;371.3;371
21029;27796;384.7;384.2
7834;27853;401.09;386.69
20971;27731;399.9;399.7
21029;27795;386;384.7
21060;27800;388.3;388.2
4202;27819;401.99;401.69
20976;27746;416;411
21020;27785;405.5;404.5
21017;27780;405.55;404.4
21028;27794;384.3;384.2
21035;27814;472.05;470.45
6674;27837;403.13;402.93
20965;27721;373.5;372
20971;27732;399.7;399
20972;27736;399.3;396.3
21032;27806;475.33;473.03
20974;27741;399.7;399.2
20977;27747;416;415.55
20611;27854;427.36;426.56
20611;27855;426.56;425.26
20614;27271;427.23;426.73
20614;27272;426.73;424.03
20615;27276;425.76;424.76
20612;27264;429.05;428.65
20615;27277;424.76;422.76
20616;27279;427.32;426.32
20616;27280;426.32;424.32
20791;26209;450.1;413.6
20613;27268;427.01;426.01
20617;27283;426.76;425.81
20791;26211;378.6;372.6
20614;27270;427.53;427.23
20791;26210;413.6;378.6
20617;27281;427.61;427.26
20617;27284;425.81;423.61
20792;27224;388.1;379.3
20615;27273;426.76;426.61
20615;27275;426.31;425.76
20613;27269;426.01;424.21
20612;27265;428.65;428.15
20612;27266;428.15;425.85
20616;27278;427.82;427.32
20615;27274;426.61;426.31
20613;27267;427.41;427.01
20792;27223;388.3;388.1
20617;27282;427.26;426.76
20791;27856;450.6;450.1
21080;27906;478;474
21056;27858;370;366
21078;27904;426;423.1
21057;27865;375.1;372.6
21056;27862;274;144
21064;27871;431.57;414.67
21065;27874;435;409
21077;27900;426.19;425.89
21063;27869;402.42;399.92
21077;27902;423.19;416.19
21069;27886;373.65;369.15
21067;27880;369.91;367.28
21068;27883;370.92;369
21064;27873;402.87;400.17
21066;27877;451.9;445.6
21063;27867;412.42;411.92
21066;27876;452.6;451.9
21072;27893;373.92;369.72
21071;27890;374.7;374
21075;27899;372.5;362.3
21080;27907;474;228
21068;27882;374.1;370.92
21078;27905;423.1;416.4
21056;27861;308;274
21065;27875;409;135
21068;27884;369;367.1
21070;27889;373.89;369.89
21067;27879;373.83;369.91
21066;27878;445.6;432.6
21064;27872;414.67;402.87
21073;27894;374.57;373.57
21069;27887;369.15;352.65
21063;27866;415.92;412.42
21056;27859;366;314
21056;27860;314;308
21063;27868;411.92;402.42
21075;27898;384.3;372.5
21071;27891;374;369.6
21067;27881;367.28;366.83
21069;27885;374.65;373.65
21057;27863;426.6;409.1
21072;27892;374.52;373.92
21074;27896;374.65;374.15
21070;27888;374.69;373.89
21056;27857;374;370
21057;27864;409.1;375.1
21073;27895;373.57;369.57
21064;27870;432.17;431.57
21078;27903;426.4;426
21074;27897;374.15;369.75
21077;27901;425.89;423.19
7835;27913;400.4;399.75
7835;27914;399.75;385.7
9554;27942;403.3;401.3
9555;27944;403.2;400.6
9889;27943;433.1;432.6
7836;27916;400.07;399.47
10748;27954;403.06;398.66
11630;27974;402.69;401.69
11726;27985;405.6;405.1
7841;27930;403.1;402.8
7838;27921;400.81;400.41
9890;27949;432;431.3
10747;27948;402.34;398.34
9891;27955;432;427.9
10750;27961;400.89;400.09
9889;27945;432.6;428.5
7840;27928;401.59;401.19
7841;27932;402.45;388.1
12276;27993;400.57;378.62
7840;27929;401.19;386.99
9888;27939;432.2;427.8
10748;27950;404.16;403.81
11629;27973;402.09;399.39
1139;27994;384.48;383.48
9892;27960;432.4;428.2
10752;27970;399.81;396.51
10747;27946;403.74;403.34
12276;27991;403.72;401.42
1139;27995;383.48;381.68
7840;27927;401.99;401.59
10749;27956;404.25;403.05
7839;27925;401.11;400.71
11726;27987;405.1;388.5
9549;27935;403.35;400.15
7838;27922;400.41;399.36
10747;27947;403.34;402.34
7839;27924;401.46;401.11
10749;27957;403.05;398.85
9892;27958;432.8;432.4
10750;27962;400.09;396.89
11631;27980;402.36;400.36
11630;27975;401.69;398.09
11631;27981;400.36;398.46
12276;27992;401.42;400.57
9550;27936;403.8;402
7837;27918;400.5;400.1
7839;27926;400.71;386.46
10748;27952;403.81;403.06
9888;27937;432.7;432.2
9891;27953;432.4;432
9552;27940;403.5;401.2
7837;27920;399.2;385.5
7838;27923;399.36;385.81
7835;27912;400.7;400.4
10752;27968;402.11;399.81
7836;27917;399.47;385.37
9548;27934;404.15;400.65
7837;27919;400.1;399.2
9551;27938;403.6;401.1
10750;27959;402.49;400.89
7841;27931;402.8;402.45
7836;27915;400.37;400.07
10751;27967;399.44;396.54
9548;27933;404.45;404.15
11629;27972;403.39;402.09
11726;27984;405.9;405.6
10751;27965;400.64;399.44
9553;27941;403.4;400.6
9890;27951;431.3;426.8
10751;27963;402.04;400.64
21083;28026;374;370
21083;28028;370;316
21083;28029;316;312
21083;28025;376;374
11168;28024;429.3;428.7
10192;28005;432.3;430.9
10195;28012;431.4;427.5
11171;28031;357.2;349
9899;27989;432;431.2
11334;28036;431.8;428.1
11336;28040;432.1;428.65
11340;28048;431.4;429.1
9893;27964;429.5;428.7
11339;28045;433.5;432.2
10058;27999;430.6;427.3
10059;28001;431.1;428.2
9894;27969;429.8;429.2
10192;28006;430.9;428.9
11161;28014;426;425.1
11164;28018;444.2;433.7
10193;28007;432;430.4
11171;28030;358;357.2
11341;28049;432.8;432.15
11167;28022;433.1;425.5
10193;28008;430.4;428.2
11164;28017;445.25;444.2
11338;28043;433;432.3
9898;27988;429.9;426.4
11167;28023;425.5;424.1
11336;28039;432.8;432.1
10412;28013;464;462.2
9897;27982;432.1;431.4
10057;27996;432.1;430.9
9896;27979;429.8;426.3
9899;27990;431.2;428
11161;28015;425.1;416
11168;28027;428.7;423.3
11173;28033;364.25;353.6
10194;28010;430.3;428.5
11337;28041;433;432.3
9895;27976;430.2;429.7
9895;27977;429.7;426.2
11173;28032;365;364.25
11335;28037;432;431.3
11338;28044;432.3;428.9
11340;28047;432.5;431.4
11334;28035;432.5;431.8
11337;28042;432.3;429.2
10057;27997;430.9;428.3
11341;28050;432.15;428.45
9898;27986;430.4;429.9
10058;27998;432.3;430.6
2104;28003;388.77;387.77
9897;27983;431.4;428.1
9896;27978;430.3;429.8
2104;16903;386.37;372.82
10119;28002;430.66;429.56
10194;28009;432;430.3
2104;28051;387.77;386.37
11166;28019;434.4;433.9
11167;28021;434.1;433.1
9894;27971;429.2;425.8
11173;28034;353.6;349.4
10059;28000;432.2;431.1
11166;28020;433.9;423.4
10195;28011;431.8;431.4
10119;28004;429.56;420.66
11164;28016;445.7;445.25
2104;15775;372.82;367.97
11335;28038;431.3;428.1
11339;28046;432.2;429.2
9893;27966;428.7;425.8
11443;28053;442.23;429.73
11448;28058;443.48;432.48
12491;28061;429.95;428.75
12488;28059;430.86;430.16
12491;28062;428.75;420.95
13351;28067;442.5;427
12488;28060;430.16;422.86
12492;28064;435.19;419.99
13351;28065;444;442.7
11444;28054;443.4;428.4
11446;28055;437.09;424.09
11443;28052;443.23;442.23
12492;28063;435.99;435.19
13351;28066;442.7;442.5
13375;28078;431.85;429.4
21091;28095;412.61;411.06
21092;28097;411.06;410.81
21088;28086;395.95;379.55
21087;28083;390.72;385.97
21094;28104;433.12;432.47
21098;28106;400.2;399.65
21088;28087;398.5;395.95
21098;28107;399.65;385.1
21091;28096;411.06;405.36
21100;28111;402.5;401.9
21101;28115;401.5;382.1
21103;28118;402.2;399.9
13353;28074;443.2;430
21088;28084;404.55;403.55
21099;28109;400.9;400.3
21091;28094;413.56;412.61
13355;28075;447;446
13377;28068;432;431.5
21094;28105;432.47;424.12
13377;28069;431.5;426.5
21100;28113;401.5;382.5
13375;28079;429.4;426.3
21092;28100;409.66;402.66
13352;28072;435.65;422.05
21103;28120;399;387.2
13353;28073;444.8;443.2
21089;28088;406.54;405.14
21088;28085;403.55;398.5
21086;28081;389.72;386.62
13375;28077;432;431.85
21090;28093;415.72;409.37
21090;28091;416.67;416.22
21102;28116;402.1;401.4
21102;28117;401.4;382.1
21090;28090;417.57;416.67
13377;28070;426.5;426.3
21100;28112;401.9;401.5
21090;28092;416.22;415.72
21099;28110;400.3;386.3
21086;28080;392.62;389.72
21092;28098;410.81;410.66
13355;28076;446;433
21099;28108;401.3;400.9
21103;28119;399.9;399
21089;28089;405.14;403.97
21092;28099;410.66;409.66
21093;28101;412.56;412.16
21093;28102;412.16;411.11
21087;28082;391.97;390.72
21101;28114;402.1;401.5
13352;28071;438.05;435.65
21093;28103;411.11;404.36
21119;28170;401.27;400.97
21121;28176;401.54;401.14
21124;28198;430.4;429.7
21116;28161;401.76;401.01
21104;28127;400.6;400.4
21117;28166;400.89;400.04
21105;28133;400.4;386.5
21109;28141;399.71;399.21
21130;28212;447.2;446.9
21115;28159;401.62;400.82
21132;28220;446.7;446.5
21131;28219;433.5;428.3
21106;28135;401.7;387.3
21133;28227;445.2;444.7
21097;28190;410.3;409.6
21097;28192;408.6;408.1
21106;28134;402.3;401.7
21122;28180;401.27;400.27
21127;28205;423.25;422.85
21116;28163;400.76;399.96
21107;28137;397.83;397.58
21105;28132;401.1;400.4
21112;28152;397.34;391.94
21104;28130;399.8;385.6
21127;28207;422.5;414.25
21095;28184;393.2;392.3
21116;28162;401.01;400.76
21096;28188;400.7;399
21126;28204;424.6;410.95
21124;28199;429.7;427.8
21126;28203;424.95;424.6
21120;28174;401.17;400.77
21114;28158;400.9;399.7
21133;28228;444.7;443.65
21132;28221;446.5;446.15
21132;28224;438.45;434.7
21097;28193;408.1;406.1
21117;28165;401.19;400.89
21131;28217;442;437.3
21132;28225;434.7;428.7
21133;28226;445.3;445.2
21131;28216;445.7;442
21104;28129;400.1;399.8
21132;28223;442.9;438.45
21114;28156;401.7;401.1
21095;28183;406.2;393.2
21128;28208;424.85;424.1
21096;28189;399;393.9
21110;28144;401.33;401.13
21120;28173;401.67;401.17
21112;28151;397.74;397.34
5814;28121;400.21;396.41
21113;28153;399.82;399.52
21108;28139;397.6;397.4
21113;28154;399.52;399.07
21104;28128;400.4;400.1
21118;28167;401.48;400.58
21133;28229;443.65;432.6
21118;28169;400.18;399.98
21125;28202;425.65;412.1
21130;28213;446.9;445.2
21119;28171;400.97;400.77
21096;28186;408.9;408
21107;28138;397.58;391.98
21095;28185;392.3;392.1
21121;28177;401.14;400.14
21097;28191;409.6;408.6
21120;28175;400.77;399.87
21096;28187;408;400.7
21111;28147;403.52;403.32
5814;28122;396.41;394.71
21113;28155;399.07;395.32
21129;28211;447.6;441.8
21122;28181;400.27;400.07
21115;28160;400.82;400.02
21097;28194;406.1;395.3
21108;28140;397.4;391.6
21122;28179;401.67;401.27
21123;28195;431.05;429.85
21111;28148;403.32;402.92
21110;28146;400.63;395.33
21118;28168;400.58;400.18
21111;28149;402.92;397.52
21125;28201;426.1;425.65
21095;28182;407.1;406.2
21105;28131;401.5;401.1
21114;28157;401.1;400.9
21117;28164;401.54;401.19
21132;28222;446.15;442.9
21123;28196;429.85;428.45
21131;28215;446.05;445.7
21107;28136;397.98;397.83
21112;28150;397.94;397.74
21119;28172;400.77;399.67
21128;28209;424.1;411.85
21131;28214;446.3;446.05
21110;28145;401.13;400.63
21109;28142;399.21;398.61
21109;28143;398.61;393.71
21131;28218;437.3;433.5
21121;28178;400.14;399.94
21127;28206;422.85;422.5
21129;28210;447.8;447.6
21124;28200;427.8;426.7
21123;28197;428.45;427.25
21137;28242;374.1;373.7
21135;28238;436;433.3
21139;28248;363.7;362.2
21136;28240;374.3;369.3
21142;28259;361.65;358.45
21140;28252;366.4;365.2
21138;28247;356.6;344.1
21140;28253;365.2;361.4
21138;28246;363.6;356.6
21140;28254;361.4;348.4
21139;28250;356.7;350.7
21134;28232;361.15;357.15
21137;28243;373.7;367.2
21135;28234;445.8;445.6
21141;28255;374;368.5
21139;28249;362.2;356.7
21135;28236;440.6;438.6
21138;28245;365.1;363.6
21135;28237;438.6;436
21142;28257;366.45;363.55
21137;28244;367.2;353.4
21136;28241;369.3;353.6
21135;28235;445.6;440.6
21134;28233;445.4;443.2
21134;28230;364.15;363.85
21141;28256;368.5;364
21134;28231;363.85;363.35
21136;28239;374.6;374.3
21139;28251;350.7;346.4
21142;28258;363.55;361.65
20027;23586;361;354
8932;28289;413.7;412.7
21144;28264;360.95;357.95
14741;28304;362.95;362.7
15113;28308;430.12;422.97
13376;28125;431;427.5
20027;23582;394;392.1
20027;23585;368;361
6023;28277;404.05;394.95
13376;28123;432;431.8
21145;28265;417.85;415.85
6427;28280;414.24;413.74
6431;28283;414.65;414.15
6431;28282;386.85;414.65
21145;28268;366.85;365.85
21146;28271;427.5;382.5
12962;28296;425;409
6427;28278;416.54;415.74
6431;28284;414.15;408.05
6427;28281;413.74;404.44
21146;28269;452.5;450.5
12644;28290;425.11;424.86
15856;28314;444;420
13376;28126;427.5;426.3
12945;28294;428;420
13201;28297;428;410
21145;28266;415.85;396.85
15858;28315;431;409
15922;28317;420;376
12644;28292;424.16;413.81
15118;28311;419.21;417.36
16067;28318;430;428
13842;28298;424.71;422.71
20027;23584;388.75;368
15878;28316;433;413
8932;28287;420.8;419.7
15516;28313;426;400
16067;28319;428;420
13842;28299;422.71;414.71
16728;28320;263.7;417.7
12945;28293;430;428
6427;28279;415.74;414.24
6431;28285;408.05;398.55
13376;28124;431.8;431
13842;28300;414.71;400.71
14362;28301;450;404
15031;28306;426;416
21147;28272;427.2;425.2
8932;28288;419.7;413.7
21143;28260;364.15;361.95
14741;28302;373.4;373.25
12644;28291;424.86;424.16
12962;28295;289;425
15118;28309;427.06;419.51
21145;28267;396.85;366.85
21144;28263;366.35;360.95
15275;28312;436;410
15031;28305;428;426
16804;28321;431;407
21147;28273;425.2;387.2
15113;28307;431.22;430.12
20027;23583;392.1;388.75
21143;28261;361.95;353.85
7192;28286;398.2;397.6
14741;28303;373.25;362.95
21143;28262;353.85;353.15
15118;28310;419.51;419.21
21146;28270;450.5;427.5
21187;28408;432.08;427.08
21164;28373;420.6;420.3
21193;28424;385.1;383.8
21165;28379;417.8;416.2
21152;28334;427.15;424.95
21188;28412;403.15;393.75
21192;28420;386.05;384.85
21161;28363;421.6;419.7
21165;28381;415.8;415.5
21194;28427;383.65;383.4
21189;28414;395.4;386.6
21177;28398;432.35;427.35
21153;28336;426.9;425.3
21193;28422;385.5;385.3
21182;28403;432.57;427.57
21158;28350;420.1;419.8
21194;28429;382.35;380.15
21196;28433;417;412.4
21199;28438;436.8;436
21165;28378;419.4;417.8
21183;28404;432.54;428.04
21164;28375;418.2;416.6
21157;28347;419.3;417.8
21163;28371;421.4;418.9
21149;28325;421.98;421.78
21188;28410;405.05;403.75
21192;28419;386.45;386.05
21163;28370;421.9;421.4
21148;28322;421.56;421.36
21159;28355;420.2;418.1
21195;28431;417;412.3
21150;28328;425.8;425.7
21156;28344;400.9;400.1
21199;28437;437;436.8
21166;28385;415.7;414.8
21171;28392;432.99;430.99
21152;28335;424.95;424.25
21156;28343;401.2;400.9
21167;28387;397.1;396.8
21172;28393;432.48;427.48
21178;28399;432.44;427.44
21188;28409;405.75;405.05
21157;28346;419.6;419.3
21163;28372;418.9;417.4
21179;28400;432.35;427.35
21158;28351;419.8;417.8
21160;28361;417.3;415.9
21153;28337;425.3;424.7
21191;28417;383.1;382.5
21159;28357;417;415.8
21161;28362;421.9;421.6
21157;28348;417.8;416
21160;28358;420.9;420.6
21193;28423;385.3;385.1
21154;28340;399.95;396.5
21160;28359;420.6;418.1
21199;28439;436;434.7
21170;28391;432.35;429.35
21181;28402;432.64;428.14
21190;28416;390.5;381.1
21165;28380;416.2;415.8
21165;28377;420;419.4
21162;28368;419.4;418.1
21169;28390;432.7;429.2
21184;28405;432.18;427.38
21185;28406;432.54;427.84
21155;28341;401.2;400.4
21159;28354;420.5;420.2
21196;28432;417.4;417
21166;28382;21166;21165.6
21197;28434;417.5;414.9
21174;28395;432.31;427.31
21148;28324;421.16;419.56
21161;28365;418.2;417.1
21167;28386;397.4;397.1
21151;28332;425;423.5
21194;28426;383.85;383.65
21195;28430;417.4;417
21197;28435;414.9;412.5
21150;28329;425.7;423.6
21160;28360;418.1;417.3
21198;28436;417.5;417
21150;28330;423.6;421.6
21188;28411;403.75;403.15
21192;28421;384.85;383.05
21154;28339;400.9;399.95
21191;28418;382.5;377.1
21149;28327;421.48;419.98
21158;28353;416.7;415.6
21154;28338;401.1;400.9
21149;28326;421.78;421.48
21189;28413;396.6;395.4
21164;28374;420.3;418.2
21173;28394;432.26;427.26
21166;28384;416.7;415.7
21175;28396;432.88;428.28
21148;28323;421.36;421.16
21186;28407;432.57;427.57
21158;28352;417.8;416.7
21166;28383;418.6;416.7
21151;28333;423.5;421.3
21168;28389;432.39;427.39
21159;28356;418.1;417
21161;28364;419.7;418.2
21155;28342;400.4;399.2
21176;28397;432.11;427.11
21157;28349;416;414.7
21193;28425;383.8;381.9
21194;28428;383.4;382.35
21180;28401;432.37;427.37
21162;28369;418.1;417.1
21167;28388;396.8;393.8
21156;28345;400.1;399
21162;28366;421.3;421
21151;28331;425.6;425
21190;28415;391.1;390.5
21162;28367;421;419.4
21164;28376;416.6;416.1
18182;28487;401.2;399.6
18193;28492;398.7;397.6
18181;28483;401.4;400.9
17912;28504;402.06;401.66
13034;28475;401.34;394.79
5412;28512;447.52;447.22
17914;28502;370.95;368.85
4349;28508;429.73;409.73
17913;28496;402.25;382.25
21207;28458;368.8;358.7
16999;28480;401.35;400.85
12279;28463;402.12;398.12
16999;28479;402.7;401.35
16603;28476;403;401.9
5414;28519;433.94;427.54
12282;28464;401.97;401.82
21201;28445;369.2;368.55
12283;28467;403.39;400.49
5414;28518;435.04;433.94
21205;28453;390.2;390
17914;28501;382.45;370.95
17911;28494;402.03;401.03
18182;28485;402.7;401.6
5413;28514;447.07;446.87
21204;28452;370.8;369.5
12278;28460;400.69;382.74
12282;28465;401.82;400.82
21202;28447;390.15;372.95
12284;28469;402.94;400.74
5243;28509;428.2;427.9
21201;28443;389.55;389.4
12284;28470;400.74;397.94
12279;28461;403.22;402.87
17912;28505;401.66;400.76
16999;28481;400.85;382.7
12278;28459;402.74;400.69
21202;28446;390.25;390.15
21203;28448;390.2;390.05
18182;28486;401.6;401.2
18183;28489;401.5;401
21200;28442;369.35;368.35
17913;28497;382.25;378.15
21201;28444;389.4;369.2
21200;28440;389.35;389.15
18183;28488;402.5;401.5
12282;28466;400.82;396.97
5414;28517;435.54;435.04
17914;28500;402.45;382.45
18181;28484;400.9;399.3
12283;28468;400.49;399.94
5412;28513;447.22;433.22
5412;28511;447.72;447.52
17911;28493;402.33;402.03
21200;28441;389.15;369.35
12279;28462;402.87;402.12
17912;28506;400.76;382.06
18193;28491;402.7;398.7
21203;28449;390.05;372.85
17913;28498;378.15;368.45
5243;28510;427.9;426.2
5413;28515;446.87;445.72
21204;28450;390.5;390.25
13034;28474;402.79;401.34
16603;28478;375.5;375
3886;28507;427.68;387.68
12285;28473;399.96;395.71
21207;28457;376.7;368.8
17913;28499;368.45;362.25
17914;28503;368.85;362.45
21206;28456;369.2;364
12285;28471;400.71;400.56
21204;28451;390.25;370.8
16603;28477;401.9;375.5
17911;28495;401.03;382.33
18183;28490;401;399.3
12285;28472;400.56;399.96
5413;28516;445.72;432.57
18181;28482;402.7;401.4
21206;28455;376;369.2
21205;28454;390;372.6
21216;28537;412.75;410.3
21214;28530;415.5;414.25
21213;28527;414.45;413.75
21213;28528;413.75;411.55
21214;28532;414;410.7
21211;28523;414.3;413
21210;28522;412.3;410.4
21215;28534;413.7;411
21217;28539;412.5;410.6
21211;28524;413;409.6
21214;28531;414.25;414
21216;28536;413.6;412.75
21213;28529;411.55;409.95
21210;28520;415;414.1
21217;28540;410.6;408.9
21217;28538;413.4;412.5
21215;28535;411;409.2
21210;28521;414.1;412.3
21212;28525;414.3;413.65
21215;28533;414.5;413.7
21212;28526;413.65;409.6
21233;28598;404.8;404
21220;28557;385.57;383.17
21228;28584;433.31;431.31
21222;28562;386.37;385.57
21233;28597;404.9;404.8
21231;28592;404.65;402.9
21218;28552;413.45;410.5
21225;28575;435.12;432.62
21226;28576;435.96;435.46
21233;28599;404;392.3
21230;28590;404.55;401.3
21219;28555;412.5;411.3
21232;28596;404.2;391.2
21219;28553;415.8;414.85
21234;28601;421.1;399.6
21222;28563;385.57;383.97
21220;28556;387.17;385.57
21224;28569;385.58;385.13
21232;28594;405;404.8
21221;28559;386;385.1
21230;28589;404.95;404.55
21237;28610;419.35;418.65
21232;28595;404.8;404.2
21224;28572;383.63;381.63
21221;28560;385.1;382.7
21224;28568;385.73;385.58
21231;28593;402.9;402.5
21222;28564;383.97;382.57
21226;28577;435.46;434.86
21237;28609;420.5;419.35
21223;28566;386.68;385.18
21229;28587;434.27;432.27
21236;28608;419.79;411.64
21223;28565;386.78;386.68
21227;28579;434.58;434.18
21219;28554;414.85;412.5
21223;28567;385.18;382.68
21236;28607;420.04;419.79
21225;28574;435.97;435.12
21227;28581;433.48;431.88
21226;28578;434.86;432.76
21227;28580;434.18;433.48
21229;28585;435.47;435.07
21224;28571;384.63;383.63
21230;28588;405.15;404.95
21236;28606;422.64;420.04
21218;28551;414.1;413.45
21228;28582;434.41;433.96
21228;28583;433.96;433.31
21224;28570;385.13;384.63
21225;28573;436.32;435.97
21231;28591;404.9;404.65
21234;28600;421.6;421.1
21221;28558;386.8;386
21235;28603;421.25;420.75
21234;28602;399.6;396.6
21237;28611;418.65;412.5
21235;28605;401.05;396.25
21222;28561;386.57;386.37
21229;28586;435.07;434.27
21235;28604;420.75;401.05
5417;28617;426.48;415.93
5415;28613;428.14;426.79
13381;28548;429;428.3
13381;28547;433.6;429
5415;28612;428.74;428.14
13916;28550;432.4;425.4
5418;28620;424.14;411.84
13379;28542;432.5;428.6
7448;28621;427.4;426.8
7449;28626;429.4;426.75
13380;28544;434;433.6
13379;28541;433;432.5
13380;28545;433.6;433
5418;28618;424.84;424.64
5418;28619;424.64;424.14
7448;28623;424.5;417.4
13916;28549;433.4;432.4
7449;28625;426.75;418.75
5417;28616;427.63;426.48
7449;28624;429.65;429.4
5417;28615;427.93;427.63
13379;28543;428.6;427.3
13381;28546;434;433.6
5415;28614;426.79;421.74
7448;28622;426.8;424.5
14098;28638;433.3;432.6
14085;28627;437;436.4
14093;28632;435;434.85
14095;28636;432.9;432.35
14085;28629;433.1;431.3
15617;28646;418.5;410.7
7450;28654;429.25;423.6
14093;28634;433.85;426.5
10324;28658;409.6;409
14093;28633;434.85;433.85
7450;28651;430.25;430.05
15616;28642;424.65;418.35
10718;28660;427.5;426
14085;28628;436.4;433.1
10324;28656;411.7;411.5
14086;28631;433.6;431.2
17949;28647;419.75;419.35
14086;28630;434.6;433.6
14098;28639;432.6;418.3
15617;28644;430.4;429.2
15617;28645;429.2;418.5
18641;28650;433.84;422.04
7450;28653;429.65;429.25
10324;28657;411.5;409.6
10718;28659;427.7;427.5
10718;28661;426;425.5
14095;28637;432.35;426
15616;28643;418.35;411.25
17949;28648;419.35;407.75
18641;28649;434.04;433.84
7450;28652;430.05;429.65
10324;28655;411.9;411.7
15616;28641;426.95;424.65
14095;28635;433;432.9
15616;28640;428.15;426.95
5566;28673;429.8;429.4
2424;28710;430.35;429.05
5566;28676;425.6;425.4
4725;28665;429;428.8
2424;28708;443.75;443.05
5564;28685;417.95;417.55
5563;28700;419.45;416.35
5566;28675;427.6;425.6
2427;28696;420.2;419.6
5565;28679;422.1;421.6
4726;28687;419.1;413.2
5563;28699;419.85;419.45
5565;28681;420.1;417.9
2426;28692;422.21;420.81
2427;28695;420.6;420.2
5570;28664;422;420.9
2427;28697;419.6;418.4
5567;28670;426.75;424.85
2424;28707;444.05;443.75
5565;28680;421.6;420.1
4725;28666;428.8;426.9
5569;28678;424;420.6
5567;28669;427.25;426.75
2426;28691;422.71;422.21
2424;28709;443.05;430.35
2818;28703;446.75;445.55
5562;28702;418.9;416.8
4726;28688;413.2;412.2
2818;28706;441.55;431.75
4726;28686;422.2;419.1
5567;28672;423.75;423.05
2426;28690;423.21;422.71
4725;28668;424.8;423
2427;28698;418.4;400.6
2426;28693;420.81;415.91
5570;28662;423.9;423.5
5567;28671;424.85;423.75
2426;28689;423.51;423.21
5570;28663;423.5;422
5564;28684;420.55;417.95
5564;28683;420.95;420.55
4725;28667;426.9;424.8
5569;28677;424.4;424
5562;28701;419.3;418.9
2818;28704;445.55;445.25
2426;28694;415.91;408.11
5564;28682;421.25;420.95
2818;28705;445.25;441.55
5566;28674;429.4;427.6
1661;28712;455;451.8
1661;28714;427;425.2
1661;28713;451.8;427
1659;28711;454.6;433.5
8750;28743;418.9;418.1
9907;28724;416;415.1
9715;28765;395.15;394.6
10633;28775;421;419
9712;28757;395;394
9715;28764;396.3;395.15
10633;28774;421.5;421
8322;28746;416;414.9
12255;28783;418.5;417.1
2819;28715;457.3;456.4
3599;28748;405.48;405.28
2819;28716;456.4;451.3
8750;28741;421.6;420.9
11005;28736;424.2;423.9
10633;28773;421.8;421.5
12255;28784;417.1;416
10634;28778;418.4;415.8
12257;28787;417.2;417
4727;28797;420.95;420.75
8750;28739;422.2;421.9
10936;28719;421.3;419.7
10051;28780;422.2;421.8
9907;28722;421.4;420.3
9909;28732;418.66;417.26
10936;28718;421.5;421.3
9715;28763;396.6;396.3
9714;28760;396.56;396.26
9907;28721;421.8;421.4
9708;28766;392.4;392.7
9908;28727;421.89;418.09
5573;28793;421.06;420.66
9907;28723;420.3;416
5573;28794;420.66;420.36
9908;28725;422.89;422.59
8322;28744;418.3;418
3598;28754;405.62;402.82
10634;28776;419;418.7
9712;28756;395.4;395
5560;28792;414.4;414.1
4727;28799;419.65;415.05
11005;28738;423.3;422
2819;28717;451.3;442.3
10936;28720;419.7;418.8
11005;28737;423.9;423.3
11023;28770;419.5;418.9
3599;28749;405.28;404.63
4727;28800;415.05;410.7
9908;28728;418.09;416.59
8750;28742;420.9;418.9
8322;28747;414.9;414.6
9713;28758;395.2;395
11023;28769;420.5;419.5
8750;28740;421.9;421.6
10051;28779;422.5;422.2
8322;28745;418;416
11023;28772;421.2;420.5
3599;28751;403.43;401.48
3598;28752;406.82;406.62
4727;28798;420.75;419.65
9909;28730;423.16;422.96
11023;28767;421.5;421.2
5573;28796;414.96;413.06
9714;28761;396.26;394.46
5573;28795;420.36;414.96
10634;28777;418.7;418.4
5560;28791;415.2;414.4
9714;28762;394.46;394.16
9908;28726;422.59;421.89
5560;28788;417.6;417.3
10051;28781;421.8;420.5
9909;28729;423.46;423.16
3599;28750;404.63;403.43
9713;28759;395;393.8
9910;28735;423.51;418.91
9909;28731;422.96;418.66
5560;28789;417.3;415.6
3598;28753;406.62;405.62
12257;28785;419.2;418.8
9709;28755;395.1;393.6
9910;28734;424.51;423.51
12257;28786;418.8;417.2
9910;28733;424.91;424.51
12255;28782;418.9;418.5
5560;28790;415.6;415.2
21254;28839;437.27;436.47
21238;28809;354.39;351.89
21240;28817;398.31;397.66
21239;28811;405.61;405.01
21241;28818;400.44;398.94
21255;28841;436.8;436.6
21243;28824;399.24;398.44
21259;28854;414.79;410.29
21243;28825;398.44;397.64
21257;28848;413.65;412.45
21239;28815;346.06;344.11
21257;28847;414.35;413.65
21238;28807;403.99;356.39
21238;28806;404.79;403.99
21239;28812;405.01;404.51
21240;28816;400.46;398.31
21247;28832;442;192
21255;28842;436.6;424.8
21246;28831;432;192
21252;28804;413.75;195.75
21251;28836;442;192
21238;28808;356.39;354.39
21258;28850;415.53;415.13
21256;28845;411.89;406.69
21257;28849;412.45;408.95
21260;28857;415.29;410.59
21258;28852;410.83;403.53
21243;28823;400.44;399.24
21250;28835;442;192
21256;28843;414.69;413.69
21242;28821;400.46;398.66
21252;28803;441.75;413.75
21239;28814;349.61;346.06
21259;28853;415.29;414.79
21246;28829;442;440
21241;28819;398.94;398.44
21260;28858;410.59;407.59
21241;28820;398.44;397.64
21238;28805;405.39;404.79
21249;28834;442;192
21244;28827;447.48;446.53
21238;28810;351.89;345.39
21082;28801;441.7;413.7
21253;28838;434.26;425.16
21257;28846;414.95;414.35
21244;28826;449.18;447.48
21248;28833;442;192
21239;28813;404.51;349.61
21082;28802;413.7;195.7
21260;28856;415.59;415.29
21246;28830;440;432
21244;28828;446.53;441.18
21256;28844;413.69;411.89
21259;28855;410.29;409.29
21253;28837;435.16;434.26
21258;28851;415.13;410.83
21242;28822;398.66;397.96
21254;28840;436.47;425.27
21271;28888;367;363.3
21268;28877;433.7;432
21268;28878;432;428.7
21272;28892;361.4;359.2
21266;28872;431.8;430.6
21277;28905;400.8;399.8
21266;28873;430.6;429.5
21280;28911;402.1;401.55
21271;28886;401.4;400.9
21271;28885;402.2;401.4
21278;28906;401.75;399.9
21263;28863;434.2;432.7
21264;28866;433.9;431
21276;28903;400.1;399.4
21270;28883;403;378.4
21280;28913;400.9;394.1
21265;28869;431.5;427.5
21276;28901;401.6;400.4
21274;28898;398.6;365.8
21279;28909;21279;21277
21269;28880;430.2;429.5
21261;28859;421.46;420.96
21278;28907;399.9;399.75
21262;28862;420.59;411.39
21269;28881;429.5;428.5
21277;28904;401.8;400.8
21276;28902;400.4;400.1
21264;28867;431;429.7
21273;28895;370.8;369.8
21281;28915;400.9;400.5
21273;28893;402.8;400.8
21262;28861;421.39;420.59
21270;28882;403.5;403
21267;28876;428.95;428.7
21266;28871;434.5;431.8
21274;28897;400.9;398.6
21281;28916;400.5;366.9
21261;28860;420.96;411.46
21272;28891;365.6;361.4
21269;28879;433.5;430.2
21263;28864;432.7;431.4
21275;28899;401.5;400.5
21280;28912;401.55;400.9
21267;28875;432.1;428.95
21272;28890;400.2;365.6
21263;28865;431.4;419.2
21270;28884;378.4;373.5
21271;28887;400.9;367
21279;28910;21277;21271
21275;28900;400.5;399.3
21267;28874;433.7;432.1
21281;28914;401.9;400.9
21265;28870;427.5;416.5
21264;28868;429.7;418.9
21274;28896;401.3;400.9
21273;28894;400.8;370.8
21278;28908;399.75;399.55
21272;28889;401.3;400.2
21282;28918;413.02;412.02
21284;28928;420.65;419.75
21287;28938;436.28;435.6
21289;28943;437.7;437.57
21283;28923;411.35;410.9
21287;28939;435.6;435.2
21289;28944;437.57;435.55
21282;28921;409.92;405.92
21284;28929;419.75;417.65
21285;28931;420.6;419.8
21286;28933;422.15;421.75
21287;28937;436.4;436.28
21283;28926;404.3;401
21286;28934;421.75;420.75
21288;28940;437;436.91
21288;28942;435.75;435.45
21285;28932;419.8;417.7
21282;28919;412.02;410.92
21286;28936;420.25;418.15
21282;28920;410.92;409.92
21290;28945;373.86;373.06
21284;28927;421.15;420.65
21291;28947;375;372.75
21288;28941;436.91;435.75
21291;28948;372.75;360
21282;28917;413.32;413.02
21285;28930;421;420.6
21283;28924;410.9;409.7
21290;28946;373.06;358.86
21286;28935;420.75;420.25
21282;28922;405.92;402.02
21283;28925;409.7;404.3
21398;28955;484;468
21398;28956;468;264
21397;28954;468;264
21395;28950;469;285
21396;28951;485;469
21397;28953;484;468
21395;28949;485;469
21396;28952;469;285
21292;28958;381;380.3
21293;28962;380.45;380.15
21295;28966;397.3;395.45
21295;28967;395.45;379.3
21298;28976;433.87;433.67
21293;28961;381.15;380.45
21292;28957;381.3;381
21293;28960;381.3;381.15
21299;28980;433.86;431.86
21299;28979;434.06;433.86
21294;28964;398.1;397.3
21294;28965;397.3;380.1
21298;28977;433.67;432.97
21300;28983;373.09;368.79
21297;28973;436.41;433.51
21301;28986;370.8;369.2
21298;28978;432.97;426.57
21293;28963;380.15;378.8
21296;28968;436.61;436.41
21299;28981;431.86;427.06
21297;28975;433.51;421.61
21300;28984;368.79;361.49
21296;28971;434.21;426.41
21301;28987;369.2;361
21296;28970;435.16;434.21
21301;28985;375;370.8
21300;28982;375.49;373.09
21297;28972;436.61;436.41
21292;28959;380.3;378.35
21296;28969;436.41;435.16
21319;28990;422.93;420.08
21306;29015;346;345.8
21304;29012;327.7;317.5
21322;28999;422;418.95
21308;29021;401.3;400.8
21302;29003;347.7;347.4
21303;29007;352.8;337
21307;29017;347.4;347.2
21303;29006;353;352.8
21304;29010;342.9;342.6
21305;29014;352.8;350.3
21322;28997;422.95;422.5
21303;29008;337;323
21305;29013;353;352.8
21321;28994;425.07;424.87
21323;29002;424.17;420.77
21302;29004;347.4;346.4
21304;29009;343.2;342.9
21319;28988;424.38;423.78
21323;29001;424.67;424.17
21321;28995;424.87;424.62
21321;28996;424.62;420.87
21322;28998;422.5;422
21306;29016;345.8;343
21308;29020;401.5;401.3
21320;28993;421.33;417.93
21302;29005;346.4;338.7
21320;28991;422.23;421.83
21308;29022;400.8;397.5
21304;29011;342.6;327.7
21307;29019;346.7;344.5
21308;29023;397.5;391.5
21307;29018;347.2;346.7
21323;29000;425.07;424.67
21319;28989;423.78;422.93
21320;28992;421.83;421.33
21315;29046;385.7;385.3
21310;29027;390.4;383.3
21312;29036;388.3;375.6
21311;29032;389.9;363.95
21313;29041;374;372.3
21314;29043;389.1;387.3
21312;29034;391.4;391.1
21315;29048;384.6;373.5
21310;29026;393.4;390.4
21311;29031;390.5;389.9
21312;29035;391.1;388.3
21314;29042;389.4;389.1
21313;29039;386.6;385.6
21314;29045;375.3;372.4
21310;29024;393.8;393.55
21311;29033;363.95;361.1
21314;29044;387.3;375.3
21313;29040;385.6;374
21311;29029;391.1;390.9
21315;29047;385.3;384.6
21313;29038;387.3;386.6
21312;29037;375.6;371.2
21315;29049;373.5;367.7
21311;29030;390.9;390.5
21310;29028;383.3;371.3
21310;29025;393.55;393.4
21365;29206;407.58;406.18
21369;29213;432.1;431.5
21375;29232;419.6;418.6
21329;29086;398.1;397.3
21400;29304;423.13;422.43
21338;29116;395.8;395.4
21359;29183;402.53;394.03
21351;29164;410.92;407.13
21360;29186;411.18;405.93
21367;29207;411.43;411.23
21391;29288;438;434.7
21344;29140;412.62;406.12
21369;29215;424.5;419.1
21330;29088;419.9;419.65
21366;29205;408.28;407.18
21335;29110;426.1;418.85
21318;29060;372.6;371.3
21327;29071;433.4;430.9
21375;29231;420.6;419.6
21385;29265;380.07;378.07
21317;29057;383.15;372.45
21355;29173;415.96;414.96
21356;29175;411.83;411.38
21361;29190;412.08;405.88
21353;29168;415.95;414.85
21373;29224;389.8;389.5
21379;29249;416.8;415.1
21331;29092;419.3;418.5
21379;29246;418.3;418
21349;29159;415.43;414.03
21328;29077;403.15;399.85
21344;29139;415;412.62
21327;29072;430.9;427.2
21375;29233;418.6;353.6
21370;29217;429.7;422.5
21373;29225;389.5;389.2
21393;29294;424.4;422.1
21386;29271;378.9;377.6
21362;29192;411.08;407.43
21384;29263;380.38;378.28
21345;29142;414.03;413.68
21376;29238;363.2;357.95
21390;29285;413.41;409.21
21349;29160;414.03;409.43
21394;29296;424.2;422.8
21374;29229;390.25;356.25
21378;29245;424.45;412.75
21339;29121;382.8;380.6
21394;29297;422.8;421.2
21399;29299;424.2;416.5
21375;29234;353.6;350.6
21394;29295;424.5;424.2
21382;29256;380.22;376.62
21368;29211;410.95;407.38
21357;29177;411.03;410.83
21367;29208;411.23;407.93
21359;29181;411.03;410.53
21379;29250;415.1;414.3
21387;29274;379.55;379.15
21324;29061;433.2;429
21352;29166;415.43;414.73
21329;29085;399.1;398.1
21341;29128;386.2;382.6
21327;29070;433.85;433.4
21362;29191;411.43;411.08
21383;29260;379.53;372.03
21386;29270;379.3;378.9
21390;29286;409.21;407.01
21341;29127;388.9;386.2
21346;29145;412.63;406.43
21337;29114;395.5;394.8
21343;29134;395.4;395
21387;29275;379.15;378.75
21374;29226;414.25;411.25
21318;29059;384.05;372.6
21401;29306;424.84;423.44
21325;29066;429.7;423.2
21364;29197;411.11;404.96
21330;29090;419.1;411.1
21376;29236;402.3;391
21371;29219;390.5;390.2
21334;29100;426.5;426.35
21326;29068;428.8;426.2
21327;29069;434.2;433.85
21339;29120;390.1;382.8
21334;29102;424.4;418.75
21358;29180;410.68;406.83
21391;29287;438.8;438
21387;29276;378.75;376.35
21345;29143;413.68;406.43
21348;29157;414.8;406.9
21377;29241;424.4;420.5
21376;29239;357.95;335.5
21342;29129;391.4;391.2
21371;29221;389.9;387.4
21367;29209;407.93;404.43
21340;29122;393.8;393.6
21352;29167;414.73;409.43
21309;29050;395.85;395.45
21325;29065;433.2;429.7
21354;29171;413.06;409.96
21376;29237;391;363.2
21378;29243;427.75;427.65
21400;29305;422.43;416.73
21385;29268;372.27;370.07
21354;29172;409.96;405.86
21354;29170;415.86;413.06
21343;29135;395;386.1
21383;29259;383.03;379.53
21366;29204;408.58;408.28
21358;29179;411.03;410.68
21347;29154;414.38;406.43
21378;29244;427.65;424.45
21357;29178;410.83;404.03
21342;29131;391.2;390.2
21333;29099;421.1;413.9
21363;29194;411.43;411.03
21389;29282;411.56;406.56
21390;29284;414.51;413.41
21337;29113;396;395.5
21328;29073;409.65;409.25
21379;29247;418;417.4
21361;29189;415.88;412.08
21345;29141;415.43;414.03
21366;29203;411.02;408.58
21344;29138;415.12;415
21389;29281;412.56;411.56
21341;29126;389.6;388.9
21332;29096;422.8;415.2
21350;29162;414.03;406.43
21351;29163;411.13;410.92
21389;29280;414.56;412.56
21392;29290;424.7;422.6
21329;29080;409.3;408.7
21336;29112;430.95;428.95
21388;29279;397;167
21369;29214;431.5;424.5
21380;29251;418.4;418
21326;29067;433.2;428.8
21316;29055;373.2;366.8
21370;29216;430.7;429.7
21318;29058;385.9;384.05
21331;29094;409.7;389.3
21324;29062;429;426.2
21346;29144;415.43;412.63
21386;29273;376.2;374.6
21316;29053;375.6;375
21356;29176;411.38;407.63
21355;29174;414.96;409.96
21365;29200;411.03;407.58
21350;29161;415.43;414.03
21400;29302;424.43;423.93
21338;29118;393.2;388.8
21328;29078;399.85;397.65
21334;29101;426.35;424.4
21340;29125;383.3;381.8
21328;29076;408.45;403.15
21388;29278;417;397
21392;29291;422.6;421.4
21382;29258;373.72;371.22
21380;29253;417.4;416.4
21372;29222;390.1;389.8
21333;29098;422.2;421.1
21333;29097;422.9;422.2
21392;29289;425.2;424.7
21364;29198;404.96;404.46
21338;29117;395.4;393.2
21376;29235;402.7;402.3
21380;29255;414.6;414.4
21377;29240;424.5;424.4
21393;29293;424.9;424.4
21387;29277;376.35;375.35
21364;29196;411.46;411.11
21316;29052;375.8;375.6
21393;29292;425.2;424.9
21363;29195;411.03;407.23
21339;29119;390.6;390.1
21328;29074;409.25;408.45
21374;29230;356.25;354.25
21377;29242;420.5;409.5
21380;29254;416.4;414.6
21384;29264;378.28;376.68
21342;29132;390.2;386.2
21330;29089;419.65;419.1
21385;29266;378.07;376.77
21385;29267;376.77;372.27
21368;29212;407.38;404.18
21374;29228;408.25;390.25
21329;29083;408.2;401.8
21368;29210;411.18;410.95
21400;29303;423.93;423.13
21360;29187;405.93;404.43
21337;29115;394.8;388
21309;29051;395.45;389.85
21384;29262;383.68;380.38
21347;29153;415.43;414.38
21336;29111;431.55;430.95
21370;29218;422.5;420.7
21384;29261;385.68;383.68
21340;29124;391.3;383.3
21330;29091;411.1;390.9
21390;29283;415.01;414.51
21371;29220;390.2;389.9
21329;29081;408.7;408.2
21365;29199;411.18;411.03
21335;29109;426.6;426.1
21340;29123;393.6;391.3
21360;29185;411.43;411.18
21380;29252;418;417.4
21372;29223;389.8;387.9
21329;29084;401.8;399.1
21359;29182;410.53;402.53
21317;29056;384.45;383.15
21374;29227;411.25;408.25
21331;29093;418.5;409.7
21316;29054;375;373.2
21401;29307;423.44;416.84
21366;29202;411.18;411.02
21382;29257;376.62;373.72
21348;29156;415.9;414.8
21353;29169;414.85;409.75
21386;29272;377.6;376.2
21379;29248;417.4;416.8
21400;29301;424.73;424.43
21386;29269;379.6;379.3
21332;29095;423.2;422.8
21343;29136;386.1;384.4
21405;29333;470.65;470.35
21403;29324;466.7;466.5
21403;29326;465.85;465.55
21404;29329;469.93;469.73
21407;29341;466.35;466.05
21406;29340;461.78;457.78
21404;29332;466.93;461.93
21405;29334;470.35;470.05
21402;29320;470.83;470.53
21403;29325;466.5;465.85
21404;29330;469.73;469.38
21406;29337;465.78;464.78
21402;29321;470.53;466.13
21406;29338;464.78;464.43
21406;29339;464.43;461.78
21407;29343;464.75;463.35
21407;29344;463.35;461.85
21404;29331;469.38;466.93
21402;29322;466.13;463.73
21403;29328;462.7;458.7
21405;29336;469.4;463.35
21403;29327;465.55;462.7
21402;29323;463.73;462.83
21405;29335;470.05;469.4
21407;29342;466.05;464.75
732;15887;396.9;395.95
739;17496;400.84;400.19
1280;21654;431.02;411.98
1154;16093;410.95;408.1
21418;29389;377.12;374.92
21424;29402;378.35;377.25
21408;29359;465.07;464.87
1154;29312;423.25;422.65
12366;29356;398.51;395.21
21416;29385;416.6;412.6
21419;29391;376.72;374.62
1154;29313;422.65;415.15
733;18320;396.48;396.38
818;29188;413.85;410.75
731;21403;397.56;397.21
732;29105;407.4;399.4
17406;1019;413.04;412.34
342;21809;413.12;410.72
732;29103;410.1;408.3
17406;1020;412.34;412.04
10766;29347;407.9;405.1
21408;29360;464.87;458.37
7512;29351;393.72;389.22
342;29345;420.42;419.62
21412;29372;428.8;427.25
10766;29346;409;407.9
21408;29357;466.37;466.12
818;17382;402.4;399.25
733;18319;399.83;396.48
21414;29379;422.15;419.7
21415;29382;422.5;421.5
21422;29396;378.18;377.43
17406;1021;412.04;403.04
21424;29405;371.25;353.35
21425;29408;375.94;374.44
1154;29314;415.15;410.95
17407;1027;405.29;403.39
7512;29349;398.92;397.32
5593;8442;409.3;408.9
7513;29354;393.33;390.63
731;29087;408.76;399.61
739;29149;412.59;412.09
21411;29371;420.7;415.2
21419;29390;378.12;376.72
817;29152;415.9;415.1
5593;8443;408.9;407.9
342;29063;421.12;420.42
818;29184;414.75;413.85
7512;29350;397.32;393.72
17406;1022;403.04;401.04
819;29310;410.7;403
817;15787;403.5;401.3
17407;1024;414.39;413.99
731;29082;410;408.76
21416;29387;368.6;367.1
738;29148;413.49;406.39
12610;8653;420.55;420.25
1280;21653;411.98;399.98
17408;1029;414.4;412.8
819;29311;403;401.5
17408;1028;414.8;414.4
12366;29355;401.81;398.51
735;29130;413.41;412.71
817;29158;413.65;405.4
7513;29352;398.93;395.93
21415;29381;423.5;422.5
818;29193;410.75;404.55
732;29104;408.3;407.4
10766;29348;405.1;394
21410;29366;420.75;420
21418;29388;378.22;377.12
738;29146;415.49;415.09
21420;29392;377.98;372.98
21422;29397;377.43;375.18
21410;29368;399.5;386.3
21424;29403;377.25;376.55
21408;29358;466.12;465.07
21411;29369;423.2;422.55
21412;29373;427.25;426.8
735;29137;412.41;403.41
21412;29374;426.8;424.3
21413;29376;423.5;422.5
21422;29398;375.18;374.68
739;17495;402.09;400.84
17407;1026;412.39;405.29
5593;8444;407.9;393.9
731;29079;410.96;410
732;15886;399.4;396.9
819;29309;413.8;410.7
1280;29315;440.48;438.88
21413;29377;422.5;415.5
12610;8654;420.25;419.55
21414;29380;419.7;415.3
12610;8655;419.55;415.35
818;29201;404.55;402.4
17408;1031;405.7;403.8
21410;29365;421.3;420.75
21425;29409;374.44;374.04
21421;29395;376.06;374.06
735;21401;401.41;399.91
21410;29367;420;399.5
733;29106;412.13;410.93
21425;29407;377.19;375.94
17408;1030;412.8;405.7
21415;29383;421.5;415.5
21416;29384;419.1;416.6
731;21402;399.61;397.56
21416;29386;412.6;368.6
17407;1025;413.99;412.39
735;21400;403.41;401.41
1280;29316;438.88;431.02
7513;29353;395.93;393.33
733;29108;409.73;399.83
10766;19539;394;393
817;29151;416.3;415.9
342;29064;419.62;413.12
21411;29370;422.55;420.7
817;29155;415.1;413.65
21423;29401;376.91;374.21
21424;29404;376.55;371.25
819;22005;401.5;398.1
21421;29394;378.06;376.06
738;29147;415.09;413.49
738;16448;406.39;404.49
21425;29406;378.04;377.19
733;29107;410.93;409.73
819;29308;415.1;413.8
817;29165;405.4;403.5
21420;29393;372.98;352.98
739;29150;412.09;402.09
17406;1023;401.04;399.54
21414;29378;423.9;422.15
735;29133;412.71;412.41
21423;29400;377.61;376.91
21423;29399;378.21;377.61
21412;29375;424.3;420.8
21437;29444;374.98;374.18
21434;29434;375.66;374.26
21439;29454;372.02;368.72
21433;29430;376.6;376.2
21436;29440;375.59;374.29
21430;29423;374.42;371.22
21428;29418;375.95;347.7
21426;29413;374.69;373.84
21432;29427;376.59;374.09
21426;29411;377.84;377.04
21438;29448;373.79;372.29
21432;29429;368.99;351.59
21430;29424;371.22;367.12
21435;29438;374.96;372.66
21431;29426;374.43;373.13
21435;29436;376.16;375.66
21436;29439;375.99;375.59
21438;29447;374.79;373.79
21432;29428;374.09;368.99
21436;29442;369.49;367.99
21429;29420;374.18;373.68
21433;29431;376.2;374.6
21439;29453;375.22;372.02
21437;29445;374.18;372.48
21417;29450;494;482
21435;29437;375.66;374.96
21434;29435;374.26;372.76
21440;29456;371.24;367.64
21437;29443;375.98;374.98
21429;29421;373.68;352.18
21417;29451;482;441
21417;29449;495;494
21440;29455;375.24;371.24
21433;29432;374.6;373.1
21430;29422;377.12;374.42
21427;29414;377.71;376.11
21417;29452;441;359
21436;29441;374.29;369.49
21426;29412;377.04;374.69
21427;29415;376.11;374.86
21438;29446;375.79;374.79
21428;29417;377.7;375.95
21429;29419;377.18;374.18
21427;29416;374.86;373.71
21431;29425;376.63;374.43
21434;29433;376.26;375.66
21456;29514;420;394
21452;29493;372.53;367.63
21449;29484;370.28;369.18
21442;29464;373.37;373.17
21451;29489;371.64;350.24
21444;29469;372.68;370.13
21453;29495;375.2;370.7
21451;29488;375.24;371.64
21448;29481;370.24;368.99
21453;29497;366.1;350
21450;29487;370.05;366.05
21447;29477;375;371
21450;29486;371.58;370.05
21457;29518;344;146
21443;29466;375.12;372.32
21455;29510;455;423
21446;29474;375.1;371.55
21446;29475;371.55;370.9
21449;29482;375.18;373.38
21452;29492;375.23;372.53
21448;29480;371.14;370.24
21447;29478;371;369
21450;29485;375.05;371.58
21448;29479;374.99;371.14
21457;29516;376;372
21445;29473;372.9;369.8
21443;29467;372.32;370.22
21441;29460;375.12;371.87
21456;29512;430;428
15510;16060;391;265
21442;29465;373.17;370.17
21453;29496;370.7;366.1
21457;29517;372;344
15510;16412;405;391
21456;29515;394;175
21452;29494;367.63;349.93
21444;29468;375.13;372.68
21441;29461;371.87;366.12
21446;29476;370.9;369.6
21455;29511;423;290
21445;29471;375.1;372.9
21449;29483;373.38;370.28
21456;29513;428;420
21442;29463;375.17;373.37
1593;29472;380.3;379.7
1593;29462;382.1;380.9
1729;28057;434.46;430.51
1281;17472;412.45;406.6
1282;29319;437.57;427.07
2740;29506;412.52;409.02
1301;29458;447.22;445.22
2749;20096;397.08;393.98
2216;17454;414.16;413.16
1282;19727;405.17;400.97
2740;29505;418.52;412.52
2216;29503;420.36;414.16
1731;29491;435.16;431.86
1283;29410;449.27;435.27
1281;17471;406.6;402.75
1593;29470;380.9;380.3
2216;29502;422.66;420.36
2749;29508;400.08;398.78
1301;17644;408.22;396.92
2216;29501;424.16;422.66
2749;29507;403.08;400.08
1281;29318;452.55;412.45
2215;29498;423;420.35
1281;29317;452.95;452.55
1729;28056;434.76;434.46
1731;29490;435.36;435.16
2215;29500;420;413.8
1593;20103;379.7;370.7
2749;20097;393.98;383.08
2740;29504;420.52;418.52
2749;29509;398.78;397.08
1282;19728;427.07;405.17
2215;29499;420.35;420
1298;29457;450.19;427.19
1731;21448;431.86;431.36
1729;17658;430.51;424.76
1301;29459;445.22;421.22
2215;17662;413.8;412
1283;17871;435.27;410.27
2740;18569;409.02;402.52
1298;18173;427.19;409.09
21469;29530;377;127
21470;29531;377;127
21471;29532;377;127
21473;29534;377;157
21467;29524;402.3;376.3
21467;29527;345.8;344.8
21472;29533;377;157
21467;29523;418.3;402.3
21468;29528;377.59;376.59
21468;29529;376.59;126.59
21459;29520;422;394
21474;29535;377;157
21459;29519;426;422
21459;29521;394;126
21467;29526;358.3;345.8
21467;29522;420.3;418.3
21467;29525;376.3;358.3
21491;29608;390.75;366.35
21499;29642;421.75;420.2
21498;29636;424;423.6
21483;29559;368.3;354.3
21491;29604;406.65;398.85
21499;29644;402.75;397.65
21520;29540;353.3;349.9
21488;29589;385.04;383.04
21501;29653;404.4;392.2
21491;29609;366.35;360.45
21501;29654;392.2;381.4
21497;29631;425.3;423.65
21526;29575;366.95;354.95
21482;29578;372;354
21499;29641;422.55;421.75
21498;29639;395.45;389.3
21521;29542;370.65;368.65
21491;29610;360.45;357.55
21490;29599;398.35;388.25
21526;29572;374.95;374.5
21520;29536;372.9;371.1
21489;29595;389.15;379.15
21499;29646;379.4;375.2
21492;29616;367.55;359.15
21496;29628;422.7;422.3
21520;29539;357.9;353.3
21523;29563;374.3;373.1
21491;29603;407.15;406.65
21496;29629;422.3;412.8
21490;29602;365.15;359.65
21524;29566;374.1;370.5
21526;29573;374.5;372.75
21520;29538;368.9;357.9
21493;29619;413.45;406
21490;29601;382.65;365.15
21483;29557;374.3;372.3
21526;29574;372.75;366.95
21489;29597;359.15;355.15
21495;29624;419.1;418.1
21525;29571;369.95;354.95
21492;29613;398.85;397.15
21484;29582;363.77;349.77
21485;29584;358.95;357.95
21498;29637;423.6;417.3
21522;29561;372.8;369.7
21484;29580;408.77;365.77
21481;29553;373.15;371.15
21495;29626;416.9;412.8
21500;29649;417.1;413.4
21485;29583;391.95;358.95
21486;29586;390.1;364.1
21493;29618;414.4;413.45
21497;29634;394.7;385.3
21495;29625;418.1;416.9
21491;29606;397.3;394.55
21490;29600;388.25;382.65
21499;29640;423.4;422.55
21482;29545;374;372
21489;29593;395.15;391.15
21491;29607;394.55;390.75
21484;29579;411.77;408.77
21494;29621;414;411.7
21521;29541;373.15;370.65
21488;29591;381.04;357.04
21480;29548;372.9;370.9
21493;29617;416;414.4
21500;29647;419.4;418.9
21492;29614;397.15;396.35
21524;29568;369.1;353.6
21500;29648;418.9;417.1
21489;29594;391.15;389.15
21489;29596;379.15;359.15
21521;29543;368.65;352.85
21523;29565;370.3;352.3
21520;29537;371.1;368.9
21497;29632;423.65;396.15
21487;29587;393.5;389.5
21524;29567;370.5;369.1
21492;29615;396.35;367.55
21525;29569;374.95;372.65
21522;29560;374;372.8
21481;29554;371.15;353.15
21498;29635;424.3;424
21527;29577;370.9;369.9
21525;29570;372.65;369.95
21501;29651;413.9;407.6
21501;29652;407.6;404.4
21494;29622;411.7;410.4
21490;29598;399.65;398.35
21497;29633;396.15;394.7
21499;29643;420.2;402.75
21488;29592;357.04;355.04
21527;29576;375.9;370.9
21495;29627;412.8;409.1
21496;29630;412.8;397.7
21499;29645;397.65;379.4
21484;29581;365.77;363.77
21483;29558;372.3;368.3
21492;29611;408.15;407.55
21488;29590;383.04;381.04
21494;29620;416;414
21522;29562;369.7;351
21494;29623;410.4;406
21491;29605;398.85;397.3
21521;29544;352.85;350.15
21492;29612;407.55;398.85
21487;29588;389.5;363.5
21498;29638;417.3;395.45
21486;29585;394.1;390.1
21523;29564;373.1;370.3
21480;29549;371.1;357.9
21500;29650;413.4;379.4
21518;29733;383.2;382.2
21509;29694;352.06;343.06
21514;29713;390.3;387.5
21508;29687;380.8;354.8
21511;29699;387.39;385.39
21517;29727;377.6;374.95
21510;29695;386.6;384.6
21505;29674;383.66;382.96
21502;29658;354.4;353.15
21516;29721;385.2;383.9
21505;29679;349.16;345.36
21503;29665;351.2;346.1
21505;29677;378.36;358.76
21506;29680;389.9;385.9
21502;29657;379.3;354.4
21504;29666;387.96;386.06
21503;29663;381.6;357.6
21517;29728;374.95;366.05
21506;29681;385.9;379.9
21503;29662;385.75;381.6
21509;29690;388.06;386.06
21509;29693;356.06;352.06
21511;29700;385.39;379.39
21505;29676;381.66;378.36
21508;29689;350.8;346.8
21513;29710;373.2;370.2
21504;29669;380.96;355.11
21512;29704;387.26;385.26
21518;29732;384.2;383.2
21504;29668;384.96;380.96
21502;29656;386.5;379.3
21511;29703;351.39;342.39
21515;29719;388.3;384.7
21519;29738;383.2;355.2
21502;29659;353.15;343.9
21514;29712;391.3;390.3
21514;29714;387.5;380.4
21512;29707;359.26;351.26
21517;29729;366.05;355.3
21508;29688;354.8;350.8
21511;29702;359.39;351.39
21502;29655;386.9;386.5
21505;29675;382.96;381.66
21513;29709;391.2;373.2
21517;29726;382.8;377.6
21504;29670;355.11;349.46
21513;29711;370.2;366.2
21503;29661;386.2;385.75
21505;29672;387.36;385.31
21518;29734;382.2;354.2
21517;29725;384.45;382.8
21519;29736;390.2;387.2
21515;29720;384.7;366.2
21516;29723;374.3;370.2
21508;29685;386.8;384.8
21510;29697;358.6;354.6
21515;29717;391.2;389.6
21503;29664;357.6;351.2
21517;29724;384.6;384.45
21504;29667;386.06;384.96
21512;29708;351.26;342.26
21507;29683;385.6;381.6
21515;29718;389.6;388.3
21510;29696;384.6;358.6
21509;29692;382.06;356.06
21504;29671;349.46;345.46
21512;29705;385.26;381.26
21510;29698;354.6;341.6
21505;29673;385.31;383.66
21512;29706;381.26;359.26
21517;29731;348.3;344.6
21511;29701;379.39;359.39
21514;29715;380.4;371.8
21507;29682;387.6;385.6
21507;29684;381.6;377.6
21517;29730;355.3;348.3
21503;29660;386.6;386.2
21514;29716;371.8;370
21509;29691;386.06;382.06
21508;29686;384.8;380.8
21518;29735;354.2;348.2
21505;29678;358.76;349.16
21519;29737;387.2;383.2
21516;29722;383.9;374.3
21475;29746;329.2;326.6
21476;29756;336.4;330.4
21477;29760;373.3;348.65
21475;29747;326.6;320.8
21475;29741;378.3;373.4
21475;29740;382.1;378.3
21476;29754;342.3;341.4
21476;29752;373.4;346.2
21476;29755;341.4;336.4
21475;29739;383.6;382.1
21475;29745;336.5;329.2
21475;29748;320.8;304.1
21475;29743;340.3;339.9
21476;29751;376.9;373.4
21477;29759;378.5;373.3
21477;29757;383.3;383
21477;29761;348.65;335.5
21476;29750;382.4;376.9
21476;29753;346.2;342.3
21476;29749;383.4;382.4
21475;29744;339.9;336.5
21477;29762;335.5;333.3
21475;29742;373.4;340.3
21477;29758;383;378.5
21478;29765;376.9;373.9
21479;29774;373.9;348.4
21478;29767;346.7;339.8
21478;29763;383.4;382.4
21528;29780;415;231
21529;29781;431;411
21529;29782;411;251
21478;29764;382.4;376.9
21478;29769;338.4;336.9
21528;29779;431;415
21479;29775;348.4;338.1
21530;29777;457;429
21479;29773;376.9;373.9
21479;29776;338.1;335.9
21478;29766;373.9;346.7
21479;29772;382.4;376.9
21530;29778;429;291
21479;29771;383.4;382.4
21478;29768;339.8;338.4
21478;29770;336.9;329.4
2750;10910;386.26;374.06
2751;29785;395.35;393.65
2752;29790;398.95;397.55
2754;29793;385.13;381.38
2935;29806;417.25;409.35
1865;1822;409.55;408.25
1865;1821;366.25;362.15
2758;29797;405;403.6
2750;29783;389.06;386.26
1865;1824;404.55;398.9
1865;1820;398.9;384.35
1865;1823;408.25;404.55
2934;16521;395.31;386.31
2755;29794;406.04;405.74
2755;18650;396.34;386.04
2752;29789;399.95;398.95
2761;10913;411.26;409.86
2752;19913;397.55;394.35
2754;17620;381.38;365.68
2935;29807;409.35;397.25
2752;29786;405.55;405.25
2761;29799;420.36;419.11
2935;20458;397.25;387.25
2754;29792;385.68;385.13
2752;29787;405.25;402.55
2752;19914;394.35;380.25
2755;29795;405.74;403.84
2934;29803;401.31;400.71
2751;17021;393.65;375.65
2761;29800;419.11;415.71
2753;29791;380.82;379.82
2758;29798;403.6;387
2761;29801;415.71;411.26
2934;29805;397.21;395.31
2751;29784;395.65;395.35
2753;10911;379.82;365.82
2752;29788;402.55;399.95
1865;1819;384.35;366.25
2755;29796;403.84;396.34
2934;29802;416.31;401.31
2758;20197;387;376.5
2934;29804;400.71;397.21
21571;29809;407.24;402.24
21574;29823;409.68;408.58
21567;29835;354;272
21572;29813;406.76;406.16
21572;29817;378.66;359.76
21573;29819;400.24;398.84
21572;29816;385.16;378.66
21575;29829;404.34;400.34
21571;29812;356.64;355.64
21573;29821;393.84;358.84
21575;29831;390.34;356.84
21574;29824;408.58;405.58
21567;29834;420;354
21571;29810;402.24;389.14
21575;29830;400.34;390.34
21575;29828;406.34;404.34
21573;29822;358.84;357.84
21571;29811;389.14;356.64
21574;29826;381.68;359.68
21572;29814;406.16;394.76
21574;29825;405.58;381.68
21573;29820;398.84;393.84
21571;29808;409.24;407.24
21574;29827;359.68;358.68
21572;29818;359.76;358.76
21575;29832;356.84;352.34
21567;29833;422;420
21572;29815;394.76;385.16
2936;29838;410.43;395.93
2936;29837;412.28;410.43
2936;29836;421.93;412.28
12514;3556;391.62;381.22
12514;2843;380.62;378.62
12514;2846;407.27;399.82
12514;2845;409.12;407.27
12514;2844;381.22;380.62
12514;2847;399.82;391.62
3607;29859;433;429.5
3607;19745;419;387.5
4597;29873;417.63;413.78
4685;29889;398.66;397.36
3120;29857;425.6;425.2
5021;29930;421.7;420.5
2938;17483;392.86;386.16
4687;29896;415.26;414.56
4683;29878;417.76;416.86
4978;29913;412.88;412.63
4980;15960;393.6;379.8
4977;29912;409.04;389.64
5017;21216;402.55;379.65
5178;29938;409.2;399.6
5019;29928;412.9;411.65
4682;29876;418.38;416.48
4597;20169;413.78;405.78
4684;29880;416.18;415.98
3118;16694;415.86;407.86
4292;29866;419.75;419.35
2939;29843;415.91;413.71
3119;29853;426.6;425.9
4288;10423;414.91;411.11
3119;29854;425.9;424.95
4684;29881;415.98;409.78
5022;17364;419.55;405.05
3119;19370;416.3;412.7
4687;29900;399.96;394.96
4292;29867;419.35;414.05
5018;29925;404.05;403.7
2938;29842;413.71;392.86
5018;29926;403.7;402.15
4685;29885;414.96;414.76
4685;29888;405.16;398.66
2938;29841;416.16;413.71
5022;29932;426.25;425.85
3116;29846;429.53;428.73
4292;29865;424.85;419.75
5018;21621;402.15;374.95
4686;29894;402.17;400.07
3119;29855;424.95;416.3
4687;29897;414.56;408.16
5021;10948;409.65;376.5
5178;29937;411;409.2
5020;20524;407.3;377.7
4683;19025;402.96;397.76
4686;18602;400.07;386.67
4979;29916;415.72;413.22
4682;29877;416.48;406.98
4292;19680;414.05;413.65
4684;29883;401.48;398.58
4980;29922;400.6;399.7
3118;29850;427.86;427.06
5179;29940;411.22;408.92
5178;29936;413.3;411
5019;17254;411.65;382.9
4978;20551;388.68;376.88
4288;29863;424.81;414.91
4980;29919;412.3;411.8
4689;29908;406.05;403.15
4597;29872;419.28;417.63
4682;22295;406.98;398.38
3117;29849;428.64;417.34
4684;29882;409.78;401.48
4980;29920;411.8;411.5
3117;16695;417.34;409.34
4687;29895;415.46;415.26
4686;29892;410.82;406.07
4596;29868;415.5;414.35
4288;29861;426.11;425.11
4686;29890;416.67;416.47
2939;29844;413.71;412.36
4979;29917;413.22;410.02
3119;29852;427.7;426.6
4980;29923;399.7;393.6
3116;29847;428.73;417.03
4597;29871;419.78;419.28
4689;29905;416.35;416.05
4685;29886;414.76;410.16
4596;29869;414.35;405.5
4684;29884;398.58;396.08
3607;29860;429.5;419
4688;29904;411.73;401.13
3118;29851;427.06;415.86
5177;10962;401.46;397.16
4688;21021;401.13;391.93
4686;29891;416.47;410.82
5177;29934;410.26;409.66
2937;29840;407.36;396.36
2937;19061;396.36;386.36
4980;29921;411.5;400.6
4977;29910;413.34;412.99
4684;17388;396.08;386.18
4977;29911;412.99;409.04
4686;29893;406.07;402.17
4685;17057;397.36;384.96
3117;29848;429.34;428.64
4288;29862;425.11;424.81
5179;29939;418.12;411.22
4979;20908;383.92;375.72
5177;29935;409.66;401.46
4977;10947;389.64;378.04
4292;29864;425.65;424.85
4596;29870;405.5;401.05
4978;29914;412.63;408.48
5017;29924;403.65;402.55
5019;29927;413.25;412.9
4689;17376;401.25;391.35
4683;29879;416.86;402.96
4688;29903;416.13;411.73
4979;29918;410.02;394.42
4688;29901;416.93;416.53
2939;29845;412.36;399.91
3120;22156;414.5;411.5
4687;20002;394.96;390.46
4596;18739;401.05;399.5
2939;21999;399.91;385.91
3120;29858;425.2;414.5
4687;29898;408.16;402.86
2937;29839;421.36;407.36
4688;29902;416.53;416.13
4978;29915;408.48;388.68
4979;20907;394.42;383.92
4689;29909;403.15;401.25
3607;19746;387.5;372.5
5020;29929;407.7;407.3
5021;29931;420.5;409.65
5022;29933;425.85;419.55
5179;29941;408.92;393.52
3116;17579;417.03;409.53
5022;17365;405.05;375.25
5177;10963;397.16;384.26
4689;29906;416.05;407.75
4687;29899;402.86;399.96
3120;29856;426.5;425.6
4685;29887;410.16;405.16
4689;29907;407.75;406.05
294;1268;400.15;365.8
17467;1217;384.6;323.6
17467;1218;323.6;318.6
17467;1216;398.4;384.6
294;1271;419.8;418.8
294;1272;417.57;400.15
294;1267;355.35;355.25
294;1269;365.8;355.35
294;24249;418.8;417.57
17467;1215;398.6;398.4
294;1270;423.1;419.8
5657;29996;416.92;414.82
5657;10991;388.32;384.92
6433;20110;401.08;398.58
8933;30088;421.5;421.2
7340;21203;401.35;399.55
8398;30076;404.34;401.94
6426;17181;404.31;381.61
5181;29942;412.75;408.55
7191;19335;404.45;394.3
5183;29952;397.59;393.99
5304;29966;410.85;409.65
6422;30015;396.12;394.42
5655;29987;410.84;405.24
5656;29994;402.35;402.15
8406;30086;417.87;407.47
6429;30028;416.81;415.41
5519;20756;409.28;402.63
7685;25487;431.6;429.95
8396;30067;422.16;406.36
8400;30081;427.61;425.51
5183;29949;416.79;416.09
6432;15981;410.24;387.14
6428;30027;415.87;406.27
6430;30032;414.43;413.63
6423;30018;414.21;413.31
5183;29951;409.79;397.59
5305;18112;395.99;387.19
8396;30066;423.46;422.16
8396;18686;392.46;388.86
8400;30083;424.81;417.41
6420;30010;390.2;382.7
5655;29985;415.54;415.24
8400;30084;417.41;404.31
5304;29967;409.65;403.25
8406;24766;434.77;433.17
5306;10979;405.92;387.82
5317;29976;420;419.2
5183;29950;416.09;409.79
5305;29971;404.79;395.99
6429;17292;407.01;386.81
6432;30035;417.14;416.04
5306;29973;413.82;413.12
8398;30074;434.54;433.44
5818;18086;422.5;390.5
5818;30002;431.5;429.5
7193;18731;382.4;381.4
6421;30012;402.23;400.73
6478;11035;402.1;383.6
5182;17349;387.5;385.9
6433;30043;408.68;401.08
5182;29947;411.9;409.7
6422;30016;394.42;392.42
5184;10968;400;398.1
6420;30008;401.1;391.3
8400;30082;425.51;424.81
6430;30034;410.83;401.93
6422;30017;392.42;383.52
5303;29965;406.38;392.08
5657;30001;390.92;388.32
5301;29958;401.75;400.35
9517;30095;436.99;436.79
5519;29980;417.63;417.18
8933;30089;421.2;419.6
6420;30009;391.3;390.2
5182;29948;409.7;387.5
5182;29946;415.9;411.9
8397;30073;402.05;390.65
7684;25486;433.6;425.8
6423;11033;377.61;372.41
7685;25489;423.2;421.1
5181;29943;408.55;408.05
6428;30025;417.17;416.27
7191;30055;410.2;404.45
6421;30013;400.73;384.93
5181;29944;408.05;407.65
8400;30080;430.51;427.61
8406;17607;403.07;369.77
5184;29955;412.4;410.1
5181;19412;389.25;387.75
5656;29991;414.45;404.95
8399;18098;403.09;381.59
6430;30031;416.73;414.43
5657;10990;384.92;356.02
5301;29957;406.15;401.75
5818;18087;390.5;305.5
8397;30071;427.45;403.75
6480;30049;408.25;407.95
5317;29977;419.2;409.8
5306;29975;412.32;405.92
6477;11034;408.47;385.07
6478;30046;403.6;403.4
6432;30036;416.04;414.84
8396;30069;397.96;392.46
5302;29961;405.95;405.15
7340;30059;419.55;419.35
6481;30053;393.43;393.03
6430;30033;413.63;410.83
7340;30064;401.95;401.35
6479;17291;392.25;377.55
9066;30093;418.35;408.05
6421;11031;384.93;377.43
8406;24767;433.17;417.87
5306;29974;413.12;412.32
6426;30024;414.21;404.31
6422;15983;383.52;376.22
7340;30062;409.85;403.05
6433;30042;410.78;408.68
8399;30079;431.69;403.09
5656;29995;402.15;401.55
6433;30039;417.38;416.78
6426;30021;416.61;415.71
6433;30040;416.78;416.28
6433;30038;418.58;417.38
9066;30092;419.15;418.35
5656;29990;417.25;414.45
6420;30007;402.9;401.1
5317;29979;409;404.4
9066;30094;408.05;406.15
6480;19742;404.85;383.25
5655;29984;417.04;415.54
6433;30041;416.28;410.78
7193;30056;398.2;397.8
5181;29945;407.65;389.25
5184;29954;416.3;412.4
5656;19393;401.55;397.25
6421;30011;403.13;402.23
5301;10975;396.95;390.15
8400;19627;400.71;374.51
5184;29956;410.1;400
6423;11032;388.51;377.61
8400;30085;404.31;400.71
5519;29982;415.93;412.53
6428;15982;406.27;387.17
7340;30061;410.75;409.85
5302;10977;396.05;387.05
5818;30003;429.5;422.5
5655;29988;405.24;399.64
7193;30058;396.1;382.4
5304;20520;394.15;388.85
8396;30065;423.86;423.46
5184;10969;398.1;391.3
6022;30004;406.08;400.08
8933;16539;414.8;409.5
8399;30078;433.59;431.69
5303;29964;410.78;406.38
5303;10978;392.08;391.28
9066;30091;420.15;419.15
5183;29953;393.99;390.79
5655;29986;415.24;410.84
5656;29992;404.95;403.45
5657;30000;392.22;390.92
5655;29989;399.64;398.04
5657;10992;356.02;344.22
8398;30077;401.94;392.44
5305;29969;411.09;409.89
5303;29963;411.48;410.78
5305;29970;409.89;404.79
6432;30037;414.84;410.24
5519;29981;417.18;415.93
9517;30098;433.89;427.49
6423;30019;413.31;401.31
7684;25485;434.2;433.6
6478;30047;403.4;402.1
7193;30057;397.8;396.1
8397;30070;429.65;427.45
5657;29998;414.02;407.12
6480;30051;407.25;404.85
8398;30075;433.44;404.34
6426;30023;415.01;414.21
8406;30087;407.47;403.07
5304;29968;403.25;395.15
7340;30060;419.35;410.75
6429;30030;414.31;407.01
5519;29983;412.53;409.28
6481;30052;393.73;393.43
5304;20519;395.15;394.15
6481;11037;-83;304.73
5302;29962;405.15;400.15
8397;21089;390.65;388.65
6481;11036;393.03;310.73
9517;30097;435.39;433.89
6429;30029;415.41;414.31
8398;20780;392.44;390.74
9517;30096;436.79;435.39
7685;25488;429.95;423.2
8396;30068;406.36;397.96
6477;30044;410.07;409.77
6428;30026;416.27;415.87
5302;29960;407.15;405.95
5657;29997;414.82;414.02
6426;30022;415.71;415.01
6422;16001;376.22;368.62
5317;19219;404.4;398
6022;18908;396.98;391.08
7684;18767;425.8;424.2
5317;29978;409.8;409
6420;30006;403.9;403.3
7340;30063;403.05;401.95
8933;30090;419.6;414.8
5657;29999;407.12;392.22
6423;30020;401.31;388.51
6480;30050;407.95;407.25
6422;30014;398.32;396.12
5183;16939;390.79;386.79
6420;11030;382.7;376.55
6430;18888;401.93;396.73
5301;10974;399.55;396.95
6022;30005;400.08;396.98
5302;10976;400.15;396.05
5305;29972;411.19;411.09
5656;29993;403.45;402.35
5301;29959;400.35;399.55
6477;30045;409.77;408.47
8397;30072;403.75;402.05
7191;30054;410.6;410.2
6479;30048;392.55;392.25
9798;30102;407.15;388.95
9883;30108;370.35;368.35
16943;406;393.16;389.16
9886;20609;357.25;352.75
16972;109;405.75;361.75
5672;28276;405;393.5
5672;28274;415;406.4
16943;401;394.16;393.16
4681;29874;417.34;416.94
10253;30117;438;436.4
10253;30118;436.4;435.7
10243;30115;372.1;371.1
21409;29364;418.5;412.7
12515;2851;428.26;418.56
10242;16985;382.9;373.7
5672;19673;393.5;390
10253;22168;433.1;428
21409;29362;420.55;419.95
21409;29361;420.7;420.55
9799;30105;416.8;408
9798;20182;388.95;380.35
16972;107;426.75;405.75
9883;19104;365.85;356.15
16972;110;361.75;360.75
16972;106;427.75;426.75
10243;11136;369.6;352.5
9884;19738;366.83;356.93
10243;11135;371.1;369.6
9798;30100;428.85;421.55
9882;11133;372.31;363.11
5672;28275;406.4;405
17739;6436;458.9;456
9799;11131;404.7;382.2
9882;30106;376.91;375.61
10242;30113;383.4;382.9
10244;30116;363.5;358.75
12515;2848;385.61;379.76
10244;16984;358.75;337.9
4681;19700;404.94;397.34
9798;20514;421.55;407.45
10243;30114;373.5;372.1
17739;6437;456;455.7
9882;11132;373.31;372.31
16943;404;389.16;346.66
12515;2849;418.56;385.61
9798;30099;429.75;428.85
9884;30111;369.83;366.83
10253;30119;435.7;435.2
10242;17004;373.7;347.2
9798;30101;407.45;407.15
9884;30110;370.83;369.83
12515;2850;429.76;428.26
17739;6438;455.7;441.2
9883;30109;368.35;365.85
4681;29875;416.94;404.94
9882;30107;375.61;373.31
9799;30103;422.2;420.2
9799;11130;408;404.7
9886;30112;358.25;357.25
21409;29363;419.95;418.5
9799;30104;420.2;416.8
10253;30120;435.2;433.1
16943;407;346.66;345.16
17739;6439;441.2;424.9
21611;30121;448;440
21611;30124;440;416
21611;30125;416;168
10474;2671;374.1;370
11680;2230;323.6;321.2
10474;2668;360.4;335.35
10474;2673;365.5;360.4
11680;2232;466.9;442.4
11680;2231;467.4;466.9
11680;2233;442.4;380.4
10474;2672;370;365.5
11680;2229;380.4;323.6
10474;2670;376.7;374.1
10474;2669;335.35;331.2
15117;30144;419.7;415.1
15117;30143;428.2;419.7
16394;30154;424.74;418.84
16398;30158;423.15;418.85
15117;30145;415.1;414.7
14734;30137;412.7;402.5
16383;30146;414.87;414.27
16394;30155;418.84;416.99
14734;30138;402.5;396.4
16394;30152;426.74;425.34
21612;30129;400.6;354.6
21612;30128;410.6;400.6
14735;30140;409.8;409.1
14734;30135;413.1;412.9
16383;30148;406.67;402.87
16384;30151;416.76;412.76
21612;30130;354.6;349.6
21612;30127;415.6;410.6
17294;30160;414.58;413.78
16398;30157;424.55;423.15
16398;30159;418.85;416.85
16394;30153;425.34;424.74
17539;30162;366.51;364.81
14735;30142;396.1;390.3
14735;30141;409.1;396.5
16398;30156;424.85;424.55
14734;30139;396.4;392
17539;30161;421.01;420.91
16383;30147;414.27;406.67
16384;30149;420.56;418.76
17539;30163;364.81;357.76
16384;30150;418.76;416.76
14734;30136;412.9;412.7
21622;30165;408.57;405.67
21622;30164;410.07;408.57
21622;30166;405.67;400.07
21613;30182;426.3;391.5
16393;30171;424.7;423.4
16397;30177;420.79;419.49
21613;30183;391.5;388.8
16393;30172;423.4;417.6
16397;30179;418.29;415.49
14737;30169;374.9;361.6
16395;30173;426.37;412.17
16393;30170;425.25;424.7
14737;30168;375.9;374.9
16397;30176;423.49;420.79
16397;30178;419.49;418.29
16395;30174;426.17;424.57
16395;30175;424.57;418.37
21613;30180;429.8;429
21613;30181;429;426.3
18690;30192;415.82;414.92
20462;26174;373.2;363.2
20462;26175;363.2;360.7
20486;26257;416.43;414.43
18692;30221;372.04;369.94
20486;26254;444.43;422.43
20462;26170;425.7;423.1
18692;30219;386.64;382.24
17891;12616;423.4;407.1
17891;12619;359;356.9
18689;30188;397.1;390.2
20052;23096;412;396
18693;30231;383.72;382.02
20052;23098;380;373
18693;30224;415.52;411.22
18693;30228;390.22;389.12
20462;26172;422.7;389.7
17535;1516;373.04;367.44
20001;25643;426.2;424.5
20464;26183;388.8;368.3
18690;30197;396.87;395.42
18694;30236;415.18;410.38
18691;30207;399.1;387.7
18689;30190;375.7;367.7
18694;30240;382.48;371.48
18694;30238;399.98;393.88
18691;30202;408.7;407.9
17857;12646;366.1;364.6
18689;30189;390.2;375.7
17857;12645;397.1;366.1
17858;12649;411.9;392.6
17859;12651;415.53;414.03
17885;12583;423.28;410.78
17887;12595;423.8;419.8
20020;23623;412.2;410.8
20052;23094;422;421.5
20020;23625;405.2;403.2
17857;12644;411.1;397.1
18690;30191;415.92;415.82
20051;23092;408.14;390.14
17891;12615;424.4;423.4
20051;23091;413.14;408.14
17885;12582;423.78;423.28
18692;30218;393.94;386.64
18692;30213;412.84;411.94
17889;12605;423.8;421.8
17858;12648;413.9;411.9
18691;30201;409.1;408.7
18693;30230;384.52;383.72
18692;30215;406.94;403.54
17859;12652;414.03;412.03
17891;12617;407.1;365.35
17885;12586;394.78;371.28
20464;26182;419.8;388.8
20001;25645;423.2;412.9
17857;12641;414.1;413.1
20001;25646;412.9;406.2
17889;12604;424.3;423.8
18690;30194;413.82;406.67
18690;30198;395.42;393.32
18693;30226;398.02;393.22
17535;1512;425.84;425.34
17858;12650;392.6;380
17889;12608;371.8;368.3
17888;12599;426.4;426
20486;26255;422.43;418.43
18689;30187;400.5;397.1
14733;21304;389.9;369
17885;12587;371.28;366.78
20052;23097;396;380
20486;26252;450.43;448.43
17859;12654;392.53;371.03
18693;30227;393.22;390.22
18692;30220;382.24;372.04
18691;30203;407.9;406.55
18691;30208;387.7;387
17891;12618;365.35;359
20462;26171;423.1;422.7
18689;30185;412.6;407.4
17857;12642;413.1;411.1
20464;26181;425.3;419.8
20486;26253;448.43;444.43
18694;30239;393.88;382.48
18692;30211;415.94;415.84
18693;30233;372.72;370.02
18689;30184;412.7;412.6
17535;1515;407.09;373.04
18689;30186;407.4;400.5
18691;30209;387;372.8
17887;12594;425.8;423.8
18692;30217;399.94;393.94
17887;12598;366.8;360.3
17888;12601;422.4;396.4
18691;30205;406.1;403.6
17859;12653;412.03;392.53
17887;12596;419.8;393.8
17888;12602;396.4;367.1
18690;30195;406.67;399.92
20020;23626;403.2;397.2
18694;30235;415.83;415.18
18694;30241;371.48;369.48
17535;1514;425.04;407.09
18691;30206;403.6;399.1
20462;26173;389.7;373.2
18692;30216;403.54;399.94
18691;30204;406.55;406.1
20486;26256;418.43;416.43
17889;12606;421.8;390.3
17858;12647;415.6;413.9
14733;30133;407.4;398.8
17887;12593;426.3;425.8
17889;12607;390.3;371.8
17888;12603;367.1;366.4
18693;30223;415.9;415.52
18690;30193;414.92;413.82
18690;30196;399.92;396.87
18693;30222;416.02;415.9
18694;30234;415.98;415.83
17887;12597;393.8;366.8
20051;23093;390.14;362.64
18693;30229;389.12;384.52
20052;23095;421.5;412
18692;30214;411.94;406.94
17535;1513;425.34;425.04
18694;30237;410.38;399.98
18690;30200;373.62;372.92
18693;30232;382.02;372.72
17885;12585;410.78;394.78
14733;30134;398.8;389.9
14733;30132;408.1;407.4
18691;30210;372.8;372.1
20051;23090;415.14;413.14
20464;26184;368.3;365.3
18693;30225;411.22;398.02
14733;30131;409;408.1
20001;25644;424.5;423.2
20020;23624;410.8;405.2
17888;12600;426;422.4
18690;30199;393.32;373.62
18692;30212;415.84;412.84
21626;30252;437.04;435.64
21614;30291;429.3;426.7
21615;30293;430;429.4
21621;30311;427.1;411.6
21617;30298;430;429.7
21629;30261;424.19;423.64
21625;30250;437.9;433.35
21631;30266;423.38;416.23
21620;30308;425.9;410.5
21636;30281;478.36;477.56
21629;30262;423.64;416.19
21635;30277;474.92;473.62
21619;30304;398.7;396.2
21632;30268;421.56;414.26
21631;30265;424.23;423.38
21620;30305;430.5;430
21621;30310;431.1;427.1
21626;30253;435.64;432.54
21624;30246;438.1;435.5
21635;30276;475.52;474.92
21630;30264;423.4;416.15
21625;30249;438.35;437.9
21614;30292;426.7;409.8
21628;30260;432.84;430.84
21620;30307;428.4;425.9
21633;30269;424.16;422.61
21638;30289;381.5;372
21635;30278;473.62;469.52
21627;30255;434.56;433.51
21635;30280;468.92;465.92
21634;30271;471.89;471.44
21638;30288;388;381.5
21634;30272;471.44;470.89
21624;30245;438.7;438.1
21630;30263;424.15;423.4
21635;30279;469.52;468.92
21624;30248;433.05;432.7
21636;30282;477.56;475.36
21617;30299;429.7;426.1
21619;30303;428;398.7
21614;30290;429.8;429.3
21616;30297;425.8;409.6
21616;30295;429.6;428.8
21627;30256;433.51;432.11
21623;30244;368.51;354.11
21635;30275;475.92;475.52
21628;30258;435.29;434.64
21619;30302;432;428
21638;30285;392;391.55
21621;30309;431.6;431.1
21615;30294;429.4;410
21632;30267;424.26;421.56
21620;30306;430;428.4
21626;30251;437.54;437.04
21623;30243;374.11;368.51
21628;30257;435.84;435.29
21638;30287;389.1;388
21636;30283;475.36;465.91
21616;30296;428.8;425.8
21634;30273;470.89;468.89
21636;30284;465.91;464.56
21638;30286;391.55;389.1
21619;30301;432.2;432
21633;30270;422.61;420.16
21617;30300;426.1;410
21624;30247;435.5;433.05
21627;30254;435.41;434.56
21628;30259;434.64;432.84
21634;30274;468.89;465.89
21639;30320;403;362
21618;30314;428.4;410.8
21640;30325;359;349
21618;30313;430.3;428.4
21640;30323;405;404
21640;30324;404;359
21644;30315;419.85;417.85
21645;30317;420.3;418.8
21639;30321;362;352
21640;30326;349;187
21639;30319;404;403
21618;30312;430.8;430.3
21645;30318;418.8;408.3
21644;30316;417.85;407.85
21639;30322;352;186
21654;30353;415.78;413.58
21649;30341;416.18;415.73
21637;30330;402.86;396.61
21655;30360;407;377.8
21655;30359;407.3;407
21648;30338;419.43;418.78
21647;30335;419.95;418.95
21652;30350;415.77;411.27
21665;30356;371.4;370.3
21655;30357;408.6;408.3
21646;30333;419.72;417.92
21646;30334;417.92;414.72
21651;30347;417.53;416.88
21637;30328;413.36;405.61
21648;30339;418.78;414.78
21651;30346;418.38;417.53
21637;30327;414.61;413.36
21650;30343;418.96;418.41
21652;30349;416.27;415.77
21655;30358;408.3;407.3
21656;30361;414;412
21650;30345;417.56;415.96
21651;30348;416.88;415.38
21642;30332;465;381
21650;30344;418.41;417.56
21647;30336;418.95;414.95
21653;30351;416.82;415.77
21665;30355;373.9;371.4
21649;30342;415.73;414.63
21642;30331;481;465
21654;30354;413.58;410.78
21637;30329;405.61;402.86
21648;30337;419.78;419.43
21649;30340;417.63;416.18
21656;30362;412;381
21653;30352;415.77;411.82
21658;30461;407.5;399.9
21688;30383;376.25;375.8
21685;30396;428.2;425.7
21670;30417;386.9;384.2
21691;30368;461.35;461.25
21661;30452;406.4;406.1
21663;30442;372;368.7
21686;30373;378.45;377.8
21690;30364;463;459.8
21657;30456;409.4;406.6
21667;30434;406.9;399.4
21669;30414;387.65;369.45
21661;30454;403.9;403.5
21667;30432;408.4;407.95
21662;30437;371.5;369
21671;30419;387.15;384.25
21680;30409;397.8;397.15
21663;30443;368.7;352.8
21683;30389;429.45;429
21678;30431;386.65;385.85
21674;30423;387.3;385
21668;30412;367.4;366.1
21666;30450;371.7;370.4
21688;30382;376.5;376.25
21691;30367;464.7;461.35
21672;30421;387.08;384.78
21662;30435;374.5;374.25
21657;30457;406.6;380.1
21685;30395;428.45;428.2
21677;30429;386.45;385.6
21658;30459;415.2;413.1
21687;30377;378.9;378.1
21671;30418;387.45;387.15
21669;30413;388.45;387.65
21663;30445;351.2;349.4
21682;30404;394.9;393.5
21686;30374;377.8;377.05
21680;30408;398.05;397.8
21661;30453;406.1;403.9
21692;30369;466.7;466.1
21662;30439;358.7;357.3
21679;30406;397.52;396.95
21664;30446;373.6;372
21668;30411;387.1;367.4
21666;30448;374.2;373.95
21682;30403;395.8;394.9
21682;30402;397.05;395.8
21669;30415;369.45;368.45
21661;30451;406.8;406.4
21662;30440;357.3;354.6
21677;30428;387;386.45
21679;30405;397.75;397.52
21681;30399;396.4;395.2
21689;30385;373.65;372.75
21692;30371;463.8;463.7
21686;30375;377.05;376.6
21680;30410;397.15;383.05
21660;30463;412.6;410.2
21688;30384;375.8;375.6
21675;30425;388.27;385.52
21686;30372;378.9;378.45
21681;30400;395.2;393.5
21666;30449;373.95;371.7
21681;30398;397.2;396.4
21689;30386;372.75;371.5
21687;30379;377.7;377.5
21687;30376;379.6;378.9
21667;30433;407.95;406.9
21676;30427;386.05;385.45
21692;30370;466.1;463.8
21691;30366;465.25;464.7
21663;30441;374;372
21683;30390;429;427.1
21663;30444;352.8;351.2
21678;30430;387.25;386.65
21657;30458;380.1;375.8
21672;30420;387.38;387.08
21690;30365;459.8;459.7
21657;30455;412.6;409.4
21690;30363;463.5;463
21689;30387;371.5;371.05
21682;30401;397.3;397.05
21662;30436;374.25;371.5
21676;30426;386.75;386.05
21681;30397;397.5;397.2
21675;30424;388.52;388.27
21687;30378;378.1;377.7
21684;30391;429.3;429.15
21673;30422;387.5;384.9
21685;30394;428.6;428.45
21683;30388;429.6;429.45
21688;30380;377.6;377.15
21662;30438;369;358.7
21658;30460;413.1;407.5
21664;30447;372;370.1
21679;30407;396.95;382.75
21684;30393;428.7;426.7
21684;30392;429.15;428.7
21670;30416;387.1;386.9
21688;30381;377.15;376.5
21659;30462;415.2;411.9
21208;30483;445;435
21061;30505;386;244
21058;30509;435.2;407.2
21570;30467;397;275
21084;30490;385;125
21454;30474;423;279
20848;30517;391;219
21209;30480;435.5;401.5
21570;30464;425;423
21076;30498;390.7;204.7
21058;30508;441.2;435.2
21245;30477;427;407
21058;30510;407.2;151.2
21569;30470;450;218
21084;30488;435;433
20849;30514;427;177
20848;30515;419;407
20848;30516;407;391
21061;30503;444;434
21061;30504;434;386
21209;30479;440.5;435.5
21568;30471;464;456
21381;30475;464.52;433.52
21569;30469;466;450
21079;30492;401;377
21062;30499;410;406
21381;30476;433.52;228.52
21079;30495;309;285
21054;30512;448.65;258.65
20847;30518;489;483
21079;30493;377;363
21209;30481;401.5;260.5
21454;30473;455;423
21245;30478;407;147
21062;30501;374;348
21085;30486;411;387
21568;30472;456;224
21059;30507;362;222
21208;30482;447;445
21054;30511;458.65;448.65
21569;30468;468;466
20849;30513;437;427
21084;30489;433;385
21081;30491;414;390
21062;30502;348;130
21208;30484;435;237
21079;30494;363;309
21085;30487;387;167
21059;30506;392;362
21079;30496;285;165
21570;30466;409;397
21085;30485;417;411
21062;30500;406;374
20847;30519;483;239
21076;30497;404.7;390.7
21570;30465;423;409
20794;30564;387;373
20812;30524;456.6;314.6
20802;30542;364;330
20799;30551;436;426
20466;30582;373;369
20798;30555;373.6;355.6
20802;30541;400;364
21713;30634;405.75;404.85
20807;30527;467;465
20806;30532;241;77
21715;30639;415.2;411.5
21712;30631;407.6;405.4
20800;30546;382;378
21715;30638;415.6;415.2
20803;30539;387;345
20799;30550;438;436
20461;30587;405;164
21694;30593;397.6;397.4
21696;30600;429.85;429.75
21705;30614;432.26;432.06
21719;30649;427.6;416.6
21711;30627;415.3;414.3
21716;30640;418.1;417.7
20798;30556;355.6;125.6
21714;30637;415;414.2
20795;30561;316;300
20805;30535;314;262
20794;30565;373;289
20803;30538;391;387
21708;30618;410.4;409.8
20798;30554;375.6;373.6
20805;30536;262;242
21705;30613;434.66;432.26
21694;30594;397.4;391.6
20799;30552;426;420
20474;30576;411;141
20803;30540;345;207
21696;30599;433.25;429.85
21458;30589;394;186
21710;30625;404.1;402.3
20794;30566;289;189
21712;30629;409.1;408.5
20473;30575;412;142
20807;30528;465;459
21710;30623;405.2;404.4
20721;30570;434;416
21693;30590;397.98;397.83
20468;30579;481;467
21709;30622;415.75;412.95
21706;30615;434.05;432.65
21713;30632;407.85;407.45
21718;30647;414.2;409.2
21719;30648;429.1;427.6
20808;30525;450;447
20461;30586;429;405
21698;30603;432.18;431.98
21717;30643;408.6;406.95
20812;30522;464.6;462.6
20796;30557;438;384
21716;30641;417.7;414.5
20721;30571;416;376
20470;30578;377;119
21699;30604;436.7;434.9
21698;30602;434.48;432.18
21700;30606;432.4;430.7
20465;30585;462;194
20802;30543;330;240
20799;30553;420;208
20466;30581;375;373
21712;30630;408.5;407.6
20803;30537;407;391
21717;30642;409.05;408.6
21714;30636;417.55;415
20801;30545;320;266
20805;30533;392;350
21706;30616;432.65;430.75
21709;30621;416.15;415.75
20846;30520;446;440
21696;30598;433.55;433.25
20722;30569;387;139
21703;30610;433.24;431.64
20796;30558;384;222
21718;30645;429.2;428.45
21718;30646;428.45;414.2
20795;30562;300;188
20805;30534;350;314
20472;30574;412;142
20795;30560;396;316
20794;30563;389;387
21458;30588;436;394
20846;30521;440;156
21697;30601;434.2;433
21695;30596;432.87;431.37
20800;30548;370;280
20795;30559;398;396
21695;30595;434.37;432.87
20800;30547;378;370
21708;30619;409.8;407.6
21714;30635;418;417.55
21693;30592;397.58;391.98
20800;30549;280;202
20465;30584;474;462
21711;30628;414.3;413
21701;30608;433.24;431.14
20808;30526;447;200
21696;30597;434.25;433.55
20471;30573;412;142
20721;30572;376;274
20806;30530;377;375
21711;30626;415.8;415.3
20812;30523;462.6;456.6
20801;30544;384;320
20806;30531;375;241
21700;30607;430.7;427.4
21713;30633;407.45;405.75
20466;30583;369;125
21704;30611;436.66;436.06
21719;30650;416.6;414.1
21717;30644;406.95;405.25
21702;30609;433.24;431.94
21708;30620;407.6;406.5
21707;30617;434.1;431.7
20470;30577;379;377
21704;30612;436.06;435.86
20468;30580;467;201
20807;30529;459;287
21693;30591;397.83;397.58
21699;30605;434.9;434.8
20722;30568;389;387
21710;30624;404.4;404.1
20914;30651;382;316
20916;30657;382;316
20915;30656;267;262
20916;30659;267;262
20915;30654;382;316
20916;30658;316;267
20914;30652;316;267
20915;30655;316;267
20914;30653;267;262
21734;30700;408.4;406.7
21740;30683;410.25;409.8
21740;30685;406.7;400.3
21747;30674;429.45;428.85
21736;30707;406.3;406.1
21728;30737;414.51;406.91
21742;30690;417.38;417.18
21735;30704;406.7;405
21725;30718;433.13;413.43
21740;30682;410.3;410.25
21745;30666;430.4;430
21749;30680;430.45;429.5
21735;30706;403.2;402.4
21734;30701;406.7;406.1
21736;30708;406.1;404.4
21727;30726;417.1;416.8
21737;30710;406.5;406.2
21741;30687;415.19;414.49
21742;30691;417.18;416.58
21739;30694;372.4;367.1
21744;30663;429.35;429.05
21739;30695;367.1;356
21748;30677;430.65;430.1
21747;30672;430.2;429.85
21747;30675;428.85;427.4
21741;30689;406.29;405.29
21727;30728;412.6;407.4
21748;30676;431;430.65
21745;30667;430;428.65
21746;30671;428.5;426.9
21743;30660;429.2;428.9
21740;30684;409.8;406.7
21733;30716;415.9;413.7
21741;30686;415.29;415.19
21746;30669;429.9;429.6
21741;30688;414.49;406.29
21733;30714;419.3;418.2
21738;30698;352.4;347.4
21736;30709;404.4;401.4
21727;30727;416.8;412.6
21749;30679;430.9;430.45
21743;30662;426.2;426.1
21749;30681;429.5;427.9
21733;30713;419.7;419.3
21737;30712;404.7;401.5
21737;30711;406.2;404.7
21728;30735;417.91;417.21
21742;30693;415.68;407.28
21739;30696;356;349.7
21726;30722;415.83;409.63
21744;30665;428.25;426.75
21747;30673;429.85;429.45
21727;30724;431;419.5
21725;30719;413.43;408.23
21733;30715;418.2;415.9
21728;30733;419.01;418.81
21735;30703;406.9;406.7
21745;30668;428.65;427.4
21746;30670;429.6;428.5
21728;30734;418.81;417.91
21726;30721;433.43;415.83
21738;30697;355.5;352.4
21727;30725;419.5;417.1
21727;30723;432.4;431
21734;30702;406.1;404.4
21728;30729;432.01;430.86
21744;30664;429.05;428.25
21743;30661;428.9;426.2
21748;30678;430.1;428.3
21735;30705;405;403.2
21728;30731;420.41;419.61
21726;30720;434.33;433.43
21725;30717;433.43;433.13
21728;30736;417.21;414.51
21728;30732;419.61;419.01
21734;30699;408.6;408.4
21742;30692;416.58;415.68
21728;30730;430.86;420.41
21765;30791;415.5;415.25
21760;30755;381.9;374.7
21766;30797;415;409.7
21750;30773;378.8;375.2
21750;30771;384.45;383.2
21759;30751;379.4;376.5
21758;30749;382.7;376.1
21752;30781;373.44;372.19
21764;30788;381.2;380.7
21761;30759;376.5;363.6
21761;30757;379.6;377.3
21764;30787;381.6;381.2
21764;30789;380.7;378.5
21752;30779;386.39;381.39
21756;30743;376.95;371.9
21752;30778;387.19;386.39
21765;30793;415;406.1
21760;30754;384.7;381.9
21755;30739;380;378.3
21757;30745;382.2;381.3
21764;30790;378.5;376.7
21758;30748;384.1;382.7
21759;30753;374.5;373.1
21751;30776;380.03;372.28
21761;30756;383.6;379.6
21751;30777;372.28;366.43
21763;30783;381.4;380.9
21764;30786;381.7;381.6
21759;30752;376.5;374.5
21754;30767;415.43;410.88
21750;30769;385.2;385
21765;30794;406.1;405.5
21756;30741;380;379.4
21753;30765;407.1;402.6
21751;30775;385.83;380.03
21766;30795;415.5;415.3
21753;30763;414.15;413.6
21763;30784;380.9;378.6
21754;30768;410.88;405.88
21755;30738;383.6;380
21757;30746;381.3;380.55
21759;30750;383.3;379.4
21754;30766;415.88;415.43
21763;30782;381.6;381.4
21757;30747;380.55;371.9
21750;30770;385;384.45
21753;30762;414.6;414.15
21761;30758;377.3;376.5
21752;30780;381.39;373.44
21765;30792;415.25;415
21751;30774;387.03;385.83
21762;30761;382;364.8
21755;30740;378.3;375.6
21756;30742;379.4;376.95
21753;30764;413.6;407.1
21763;30785;378.6;376.6
21766;30798;409.7;405.5
21750;30772;383.2;378.8
21766;30796;415.3;415
21762;30760;384.8;382
21756;30744;371.9;368
21790;30809;411.17;410.57
21787;30801;410.71;408.21
21789;30807;409.71;407.51
21787;30799;412.41;411.71
21788;30803;410.54;408.34
21789;30805;411.41;411.26
21791;30812;411.31;410.51
21789;30806;411.26;409.71
21788;30804;408.34;407.44
21790;30808;411.42;411.17
21788;30802;411.54;410.54
21787;30800;411.71;410.71
21791;30813;410.51;410.31
21791;30811;411.41;411.31
21790;30810;410.57;410.32
21769;30836;431.7;431.4
21768;30833;423.1;422.9
21731;30827;431.7;429.6
21768;30834;422.9;422.35
21770;30840;428.7;428
21724;30817;421.9;404.9
21769;30838;430.6;428.5
21771;30846;427.8;425.7
21729;30821;433.05;423.25
21769;30837;431.4;430.6
21767;30832;422.35;418.1
21771;30844;429.15;428.4
21723;30815;391;243
21723;30814;408;391
21771;30845;428.4;427.8
21732;30829;430.8;429
21731;30825;432.6;432.55
21771;30843;429.4;429.15
21770;30839;428.9;428.7
21732;30828;432;430.8
21770;30842;425.9;424.9
21731;30826;432.55;431.7
21729;30820;433.85;433.05
21767;30830;423.1;422.9
21770;30841;428;425.9
21767;30831;422.9;422.35
21729;30822;423.25;413.85
21724;30816;424.9;421.9
21730;30823;434.5;434.2
21730;30824;434.2;431.5
21724;30818;404.9;371.9
21724;30819;371.9;164.9
21768;30835;422.35;418.1
21845;30848;408;320
21845;30847;440;408
21803;30851;298;216
21803;30852;216;66
21772;30854;416;251
21803;30850;350;298
21772;30853;431;416
21803;30849;376;350
16342;30920;377.93;377.03
16343;30928;372.53;320.63
16343;30924;380.43;378.63
22672;30900;377.1;375.35
22674;30906;379.08;377.68
22685;30872;379.1;378.6
22669;30889;379.09;376.99
22676;30914;378.52;377.67
22670;30895;373.1;369.9
22676;30916;373.72;370.52
22675;30912;372.65;370.6
22683;30867;378.7;376.9
22673;30903;378.72;377.52
22675;30910;377.7;372.65
22672;30902;375.35;370.7
22671;30897;377.13;374.38
22671;30898;374.38;369.93
22678;30855;379;377.4
22686;30875;378.1;375
22681;30864;377.7;374.6
22670;30892;377.9;376.7
22679;30859;377.4;374.8
22676;30915;377.67;373.72
16342;30921;377.03;374.53
22677;30917;378.43;377.33
22687;30877;377.2;375.1
16342;30923;316.43;290.13
22684;30870;377.05;375
22679;30858;379;377.4
22671;30896;377.93;377.13
22678;30857;374.7;371
22684;30869;378.1;377.05
22678;30856;377.4;374.7
22668;30883;377.65;376.05
22687;30876;379.1;377.2
22688;30881;378;374.7
22668;30886;338.6;330.2
22677;30919;375.13;370.43
16343;30925;378.63;377.93
22683;30868;376.9;374.7
22673;30905;375.12;370.72
22677;30918;377.33;375.13
22682;30866;377.5;374.9
16343;30926;377.93;372.53
22668;30884;376.05;373.1
22674;30908;374.48;371.08
22684;30871;375;374.1
22686;30874;379;378.1
22668;30888;317.3;297.6
22670;30894;375.4;373.1
22668;30882;379.1;377.65
22680;30862;378.2;375
22668;30885;373.1;338.6
16343;30929;320.63;297.73
22668;30887;330.2;317.3
22669;30890;376.99;374.84
22685;30873;378.6;375.1
22670;30893;376.7;375.4
22680;30861;379;378.2
22669;30891;374.84;372.94
22675;30909;378.6;377.7
22672;30899;378.7;377.1
22681;30863;378.6;377.7
22679;30860;374.8;371
22688;30880;378.7;378
22673;30904;377.52;375.12
22682;30865;378.9;377.5
16342;30922;374.53;316.43
22674;30907;377.68;374.48
14297;30936;424.8;418
12439;30943;412.58;405.63
16864;30933;416.45;415.85
9992;30946;419.69;410.79
16864;30932;418.1;416.45
8100;30948;426.05;425.55
9992;30944;422.79;419.99
16864;30934;415.85;403.1
12889;30937;424.75;424.65
12889;30938;424.65;422.7
8100;30947;426.25;426.05
8100;30949;425.55;412.25
14297;30935;426;424.8
12439;30942;415.03;412.58
12889;30940;421.75;416.75
12889;30939;422.7;421.75
9992;30945;419.99;419.69
21774;30951;375;357
21792;31005;368.9;172.9
21805;31010;413.55;412.3
21782;30983;415.3;415
21777;30970;373.8;369.1
21806;31017;404.6;402.35
21808;31023;409.21;408.91
21811;31034;415.1;411.6
21776;30965;418.72;418.37
21809;31026;370.55;369.85
21782;30986;414.5;411.9
21781;30981;414.1;413.8
21805;31011;412.3;410.1
21775;30960;417.32;416.37
21806;31018;402.35;400.1
21807;31021;408.38;407.78
21778;30972;373;366.5
21774;30950;403;375
21786;31001;482.7;482
21781;30982;413.8;405.4
21807;31022;407.78;404.58
21785;30997;483;476.9
21783;30990;413.5;408.3
21804;31006;408;378
21805;31013;404.5;403.7
21806;31014;415.1;412.5
21775;30954;418.67;417.32
21776;30966;418.37;418.02
21811;31035;411.6;407.3
21782;30988;411.9;405.3
21792;31004;388.9;368.9
21774;30952;357;331
21804;31007;378;316
21778;30971;379;373
21779;30973;381.8;376.5
21775;30964;416.37;410.67
21809;31027;369.85;361.15
21804;31008;316;180
21808;31025;408.81;405.21
21810;31030;417.1;413.4
21777;30969;380.3;373.8
21780;30977;415.15;413.6
21784;30994;475.3;273.3
21785;30995;483.6;483
21774;30953;331;203
21806;31016;409.6;404.6
21776;30968;415.22;410.72
21780;30976;415.2;415.15
21781;30979;415.4;414.1
21783;30991;408.3;405
21805;31012;410.1;404.5
21806;31015;412.5;409.6
21782;30984;415;414.5
21792;31003;422.9;388.9
21779;30974;376.5;371.4
21776;30967;418.02;415.22
21785;30999;476.9;475.6
21805;31009;413.7;413.55
21810;31029;419.6;417.1
21807;31019;408.58;408.38
21780;30978;413.6;405.2
21783;30989;415;413.5
21809;31028;361.15;355.55
21810;31031;413.4;408
21786;31002;482;477.7
21784;30992;483.3;475.3
21808;31024;408.91;408.81
21810;31032;408;404.6
21811;31033;415.7;415.1
21811;31036;407.3;402.9
21812;31041;411.3;406.1
21812;31043;405.5;404.5
21812;31040;419.7;411.3
21811;31037;402.9;396.7
21812;31042;406.1;405.5
21812;31039;420.2;419.7
21812;31038;420.5;420.2
16046;31045;447;445
16046;31046;445;435
15923;31049;310.3;178.3
15923;31047;378.3;343.3
23402;31050;411.64;407.64
23402;31051;407.64;356.64
13037;31060;458;450
13037;31059;460;458
12961;31052;380;378
13197;31056;431;418
13197;31057;418;405
12961;31053;378;364
13197;31055;436;431
13037;31058;464;460
12961;31054;364;298
12947;31067;428;424
12947;31068;424;378
12959;31071;470;468.5
12959;31072;468.5;458
13025;31069;260;407
11477;31062;422.3;402.3
12714;31073;311;425
12955;31070;447.6;438.1
13204;31061;422;362
11329;31065;333.5;317.5
11477;31063;402.3;397.3
11329;31064;393.5;333.5
12714;31074;425;407
12947;31066;430;428
13789;31075;311;403
15720;31077;398;395.5
13852;31078;382;350
13897;31079;410;402
13850;31076;435;425
14014;31082;432;416
14005;31081;391;390
14015;31083;311;445
14004;31080;391;309
15274;31101;413;402
15287;31104;454;436
14616;31097;426;392
15036;31102;218;376
14052;31086;296;370
15015;31100;413;399
15252;31103;431;411
14041;31087;385;367
15024;31098;394;372
14048;31085;434;400
14616;31096;430;426
15025;31090;260;398
14066;31089;418;414
14035;31084;452;446
14648;31093;377;375
14615;31095;433;405
14063;31091;384;382
15440;31092;433;403
14615;31094;435;433
15015;31099;419;413
14061;31088;373;367
23674;31399;381.1;380.9
21916;32088;367.79;366.37
23618;31179;400.37;399.97
23856;31975;379.9;379.5
23838;31920;454.1;453.6
23798;31811;420.5;420.3
23701;31500;370.75;365.35
23768;31714;416.13;414.53
23847;31950;454.15;453.55
23616;31172;400.36;399.46
1479;31326;369.7;369.1
23790;31794;467.3;466.85
23628;31201;410.28;408.88
15433;31336;398.7;397.6
23746;31653;375;374.9
23711;31537;414.52;412.42
23874;32036;414.9;414.6
23842;31935;453.6;453
23627;31198;412.08;411.48
23827;31887;441.9;441.5
23833;31906;449.56;449.26
23616;31173;399.46;399.16
23864;32004;380.6;376.8
23638;31222;410.75;408.95
23833;31908;446.86;439.56
23723;31592;425.04;424.64
15255;31614;406;372
23746;31654;374.9;373.7
23609;31155;399.3;398.3
23628;31200;410.88;410.28
23764;31700;415.46;413.06
23773;31736;370.13;363.38
23842;31937;452.2;450.5
15827;31574;390;386
15902;31742;460;456
23816;31853;410.25;408.15
14003;31341;465;457
23657;31302;429.24;423.44
23694;31469;402.2;395.7
23699;31493;411.14;410.64
23712;31538;416.25;415.85
23712;31539;415.85;415.55
23606;31143;377;359
15916;31738;443;433
23774;31747;439.14;438.64
23710;31533;415.97;414.07
15827;31575;386;360
23624;31193;412.2;411.3
6690;31278;372;337.6
23818;31857;474.14;473.74
23667;31376;446.37;445.12
23862;31995;415.01;414.31
7280;31255;368.35;353.05
23606;31142;379;377
23652;31286;443.38;440.98
23695;31471;415.8;413.8
21914;32084;367.25;364.69
23748;31659;420.6;419.5
23885;32142;372.5;370.1
15261;31603;420;416
23682;31421;381.24;380.94
23752;31669;421;420.9
23837;31918;452.7;451.8
23824;31876;443.2;443.1
23812;31844;378;377.45
23647;31266;424.8;424.1
16057;31105;453;413
23696;31475;421.72;418.52
23735;31615;446.7;446.1
23794;31803;470.2;469.7
23678;31407;381.27;380.47
23815;31852;385.45;380.45
23859;31988;373.2;365.5
23669;31381;420.5;420.15
23878;32117;372.15;369.2
21895;32051;385.18;378.26
23839;31924;454.85;454.35
23849;31958;423.2;422.8
23876;32047;415.4;414.9
21913;32080;375.28;366.38
23805;31823;382.6;380.2
23705;31518;416.21;415.11
23808;31832;386.6;386.3
23792;31799;470;468.6
23694;31467;405.7;405.1
23828;31891;408.5;406.8
23666;31375;449.1;447
23669;31383;419.7;416.5
23599;31119;367;331
23723;31591;425.44;425.04
23674;31400;380.9;378.6
23664;31367;448.35;447.75
23712;31541;414.55;412.35
23820;31863;392.66;392.31
23823;31874;391.65;390.1
1449;31323;376.1;374.7
23834;31911;446.3;443.15
23646;31261;425.3;424.8
23844;31942;453.6;453.15
4713;31311;375.11;372.81
23860;31990;406.76;397.46
23750;31664;420.6;419.35
23598;31117;372.68;370.68
5543;31306;347.8;339.8
21924;32108;376.86;366.4
23820;31862;393.01;392.66
15871;31656;462;458
23696;31474;422.37;421.72
23637;31221;409.9;406.75
21920;32099;377.6;367.34
23708;31526;416.98;416.48
23727;31599;425.8;425.4
23762;31692;421.1;419.3
23686;31434;410.87;403.87
23644;31250;424.5;423.9
23779;31763;440.3;439.4
23779;31764;439.4;439
23767;31710;416.58;415.78
21897;32056;370.69;366.28
23830;31895;409.1;409
23787;31787;471.5;471
3347;31315;376.16;369.46
21907;32073;374.49;372.49
23620;31184;396.9;395.7
23879;32120;396.25;392.65
23732;31611;371.71;369.21
21920;32098;377.7;377.6
23795;31805;467.27;191.27
23875;32044;413.8;412.9
21898;32059;365.06;354.47
23806;31826;390.2;390
23598;31115;377.68;375.48
23605;31140;400;386
23866;32011;385.7;385.4
23810;31840;379.45;370.95
23737;31622;447.68;447.18
23720;31583;409.6;409.4
15340;32159;408.44;408.29
23840;31929;452.55;451.85
23838;31922;452;451.4
15912;31701;400;380
23666;31374;451.3;449.1
21901;32064;373.4;367.95
21910;32076;383.19;381.19
23703;31512;412;408.6
23873;32032;424.21;424.01
23839;31925;454.35;453.1
23774;31748;438.64;438.24
23627;31199;411.48;410.08
23654;31290;444.98;442.08
21898;32057;374.47;367.1
23662;31361;389.08;388.98
15824;31606;378;230
23615;31170;399.92;399.12
23598;31116;375.48;372.68
23606;31145;293;225
3348;31313;375.65;369.45
23624;31192;412.8;412.2
15028;31593;422;410
15433;31335;399.7;398.7
23692;31460;404.35;401.15
23864;32002;384;383.6
23668;31378;447.64;447.24
23691;31457;413.7;413.3
23703;31511;415.4;412
14049;3162;440;408
23599;31120;331;153
23692;31462;400;394.5
23751;31666;420.9;420.75
23800;31814;420.5;419.9
23680;31416;377.63;373.63
14058;31567;410;400
21914;32083;375.64;367.25
21921;32101;375.48;375.38
15111;31233;371.06;357.56
23826;31884;444.2;442.9
23626;31197;411.48;410.08
23877;32113;374.35;372.85
23835;31913;450.6;449.7
21914;32082;375.69;375.64
23881;32123;397;395.8
23634;31214;417.65;417.15
23711;31535;416.52;416.12
23761;31691;420;418.8
23772;31730;408.29;407.79
23816;31855;399.05;394.25
23850;31961;423;422.4
13800;32126;414.1;413
23686;31433;411.27;410.87
15872;31696;408;384
23767;31712;413.58;412.78
15863;31740;356;346
23778;31760;440.27;439.72
23684;31427;412.83;410.43
23798;31810;421;420.5
23885;32144;364.3;357.5
23868;32019;417.44;416.94
14337;32155;425;421.8
23705;31519;415.11;414.11
23858;31984;375.4;371.9
23739;31630;446.12;443.52
15016;31438;429;427
23831;31898;453.83;453.58
23736;31619;446.61;445.96
14334;32150;432.5;431.2
16259;31435;396.2;326.2
23682;31422;380.94;377.74
23821;31868;391.49;390.04
23701;31501;365.35;355.85
21925;32111;372.76;366.92
23774;31749;438.24;433.74
23809;31836;381.7;380.15
23754;31676;420.2;418.4
23832;31904;451.95;451.45
23715;31549;416.73;415.73
14333;32153;432.6;428.7
23656;31296;431.78;429.38
23884;32139;418.14;401.94
9575;31237;372.26;368.96
23653;31288;444.16;441.46
23689;31448;379.73;379.33
23732;31610;376.21;371.71
23611;31158;399.9;399
23767;31709;416.78;416.58
14359;31437;428;408
23861;31994;394.12;393.12
21915;32086;366.26;363.49
23603;31134;373.61;370.61
23784;31778;415.5;414.2
23640;31226;410.8;409.4
13155;16433;418;376
23838;31921;453.6;452
23607;31147;425;421
23831;31900;452.08;451.18
23877;32115;369.3;349.35
23657;31301;431.24;429.24
23672;31392;421.6;412.7
23728;31600;425.6;425.2
23618;31180;399.97;399.37
23603;31133;414.61;373.61
23688;31446;422.15;412.75
23673;31395;381;380.8
23714;31547;415.19;412.29
23718;31558;425.52;424.82
23776;31755;439.8;439.55
23836;31915;451.9;451.4
23680;31414;381.63;380.83
21921;32103;367.13;364.48
23840;31931;451.25;448.75
21918;32092;374.64;374.59
23831;31901;451.18;450.08
23815;31851;386.45;385.45
23607;31149;363;225
23819;31860;479.1;478.95
6690;31277;377.6;372
23831;31899;453.58;452.08
23836;31916;451.4;447.5
23656;31297;429.38;424.08
23740;31637;431.4;429
7352;31338;402.44;401.44
23743;31646;373.9;372.8
23867;32014;417.3;417.25
3346;31317;376.31;370.06
23763;31695;419.8;418.3
23818;31858;473.74;472.94
23600;31123;319;313
21922;32104;375.66;375.56
13799;32128;418.8;416.95
23669;31382;420.15;419.7
9575;31238;368.96;353.56
21922;32105;375.56;367.16
23810;31839;380.83;379.45
14042;31110;447;437
23647;31268;422.9;422.4
23704;31515;415.28;413.38
15340;32160;408.29;407.94
15835;31632;110;326
23766;31707;416.22;414.87
23683;31425;412.82;406.12
23863;31999;415.8;404.2
23833;31907;449.26;446.86
23852;31965;432.2;431.4
23884;32138;418.94;418.14
23884;32140;401.94;344.44
23876;32050;413;411.8
7918;31241;370.9;370
23685;31429;413.94;413.74
14058;31566;418;410
23846;31948;450.25;449.85
23699;31492;413.84;411.14
23841;31934;451.2;448.4
23700;31496;373.29;347.19
23840;31930;451.85;451.25
23672;31390;422.7;422.2
23700;31494;376.19;375.59
23605;31139;412;400
23671;31389;421.1;412.2
23738;31627;445.33;442.28
23781;31769;415.1;414.6
14337;32154;426.7;425
23672;31391;422.2;421.6
23851;31963;422.9;422.5
23832;31903;452.25;451.95
7747;31248;370.35;369.05
23882;32131;488.6;487.9
3348;31314;369.45;345.65
23707;31524;416.9;415.4
23854;31969;428.8;427.9
23682;31420;381.74;381.24
23876;32048;414.9;414
23739;31628;446.82;446.32
23665;31371;451.2;449.1
23743;31644;375;374.9
23805;31824;380.2;373.7
23748;31660;419.5;417.6
23834;31909;447.9;446.8
23695;31470;416.3;415.8
23655;31292;431.37;419.47
23853;31968;428.2;425.7
14354;31347;413;413
23808;31834;386.1;385.8
23878;32116;374.25;372.15
23644;31252;422.4;421.9
14357;31439;420;406
23614;31169;399.7;398.7
23796;31806;421.3;420.8
23696;31476;418.52;409.92
23841;31932;452.7;452.15
23606;31146;225;69
23689;31450;378.03;375.93
23717;31556;418.89;418.49
16060;31733;423;397
23796;31807;420.8;420.6
23698;31486;418.6;413
21918;32093;374.59;366.86
23843;31939;452.8;452.3
4714;31310;377.44;348.24
23613;31165;399.7;398.5
23689;31449;379.33;378.03
23690;31455;374.19;368.29
23673;31396;380.8;379
16449;31635;456;448
23602;31128;433.09;421.09
23658;31351;387.3;386.7
23783;31775;414.9;414.4
21900;32063;367.07;357.35
23710;31534;414.07;412.27
23849;31959;422.8;420.8
7747;31247;373.55;370.35
23613;31164;400.5;399.7
23610;31157;398.9;395.6
23644;31251;423.9;422.4
23711;31536;416.12;414.52
13800;32127;413;405.5
23663;31364;446.7;445.9
23604;31135;420;418
23671;31388;421.7;421.1
21917;32089;376.3;376.2
23758;31684;420.5;420
23645;31257;424.35;423.95
23883;32135;414.94;397.24
23766;31706;416.37;416.22
23780;31767;415.25;414.55
23787;31786;472;471.5
23663;31366;444.2;442.1
23698;31485;420.9;418.6
23679;31413;377.2;373.2
13155;16432;376;350
23820;31865;391.51;391.21
23636;31217;420.75;419.9
23811;31843;380.25;371.05
820;31333;372.95;370.55
23875;32041;415.2;414.9
4714;31309;378.24;377.44
23659;31354;388.7;387.1
23648;31272;424.6;424.1
13843;31112;401.2;383.2
23670;31385;419.35;418.8
23786;31785;467.05;466.85
23684;31428;410.43;404.23
23835;31912;451.05;450.6
23842;31936;453;452.2
23771;31725;412.39;410.09
23837;31919;451.8;448.4
2957;31320;371.13;369.28
23656;31294;434.08;433.88
23807;31829;390.7;390.5
23829;31894;407.8;405
23753;31674;419.1;418.1
23676;31404;382.4;379.6
23706;31522;416.04;413.34
23749;31661;420.7;420.3
23690;31452;378.29;378.19
23694;31468;405.1;402.2
23751;31667;420.75;419.1
23786;31784;467.85;467.05
23657;31303;423.44;412.44
23866;32013;385.1;382
21895;32052;378.26;367.18
23839;31926;453.1;450.6
23631;31207;411.1;410.2
23789;31791;468.45;467.65
23735;31617;445.3;438.7
23879;32119;396.85;396.25
23872;32030;423.06;421.76
21912;32078;384.35;382.35
23660;31355;393;392.8
23617;31174;400.34;400.14
23838;31923;451.4;449.6
23855;31974;373.6;371.5
14021;31346;443;427
15827;31576;360;324
23874;32040;411.7;410.9
21913;32079;375.38;375.28
14353;31397;439;437
23643;31245;422.65;422.15
23602;31129;421.09;377.09
23655;31293;419.47;412.47
23827;31886;442.3;441.9
23690;31453;378.19;376.99
23621;31186;396.9;395.8
23702;31505;374.55;372.55
23701;31503;347.15;343.95
23813;31848;387.65;387.45
21925;32112;366.92;364.92
23614;31168;400.3;399.7
13799;32130;415.2;403.8
23883;32137;353.24;345.24
13800;32125;415.5;414.1
23758;31685;420;418
14025;31114;378;368
23665;31370;451.6;451.2
23783;31777;413.4;413.1
23873;32033;424.01;422.81
14218;31234;374.45;368.95
23885;32143;370.1;364.3
23661;31359;388.03;386.43
23737;31623;447.18;446.43
14028;31109;398;384
23800;31813;421.1;420.5
23816;31854;408.15;399.05
23713;31542;415.33;414.73
23871;32026;435.1;434.3
14336;32147;424;422.1
23651;31282;444.64;444.54
23827;31888;441.5;439.6
23646;31265;423.4;421.4
14060;31394;383;383
23709;31529;416.64;416.14
23705;31517;416.61;416.21
23876;32046;415.7;415.4
23870;32025;434;431.7
21906;32072;385.17;383.17
23823;31875;390.1;390
23620;31185;395.7;394.2
23771;31726;410.09;408.99
23791;31797;469.8;467.8
23880;32121;396.9;395.9
23690;31454;376.99;374.19
23769;31720;412.06;410.06
23658;31349;390.2;388.4
21922;32106;367.16;364.66
23793;31801;469;468
23830;31896;409;407.6
23882;32133;486.7;480.1
23858;31983;377.2;375.4
537;4415;406.26;402.04
23635;31215;420.65;419.85
23673;31398;379;378
23661;31360;386.43;378.13
23883;32134;415.24;414.94
23869;32023;433.1;430.7
23825;31879;444.4;443.8
23866;32012;385.4;385.1
15433;31337;397.6;395.1
23857;31979;377.1;376.1
23865;32008;382.7;379.7
23804;31822;375.5;372.7
23678;31408;380.47;376.87
23615;31171;399.12;398.72
23784;31779;414.2;413.9
23647;31269;422.4;422.1
820;31332;376.05;372.95
23880;32122;395.9;392.7
21896;32053;384.62;370.09
23646;31264;424;423.4
23820;31864;392.31;391.51
23697;31480;420.34;418.84
23661;31358;388.13;388.03
23680;31415;380.83;377.63
23756;31679;420;416.7
23752;31671;418.8;418.1
23742;31640;428.8;427.9
23622;31189;414.3;413.5
23747;31658;418.8;417.5
23614;31166;400.9;400.7
23664;31369;445.95;443.85
23860;31991;397.46;397.26
23803;31819;419.5;419.4
23677;31406;381.6;378
23730;31602;425.8;425.1
23865;32007;383.3;382.7
23721;31587;411.1;410.8
14001;31108;421.33;399.33
23603;31132;430.61;414.61
23793;31800;469.6;469
15111;31232;377.56;371.06
23830;31897;407.6;405.1
23741;31638;429;428.2
23645;31256;424.85;424.35
23819;31861;478.95;478.45
21921;32102;375.38;367.13
23806;31827;390;388.4
21902;32067;374.97;365.91
23875;32043;414.3;413.8
23779;31765;439;438.3
23702;31504;375.55;374.55
21905;32071;374.47;372.47
23704;31514;415.98;415.28
23868;32021;415.89;402.54
23797;31809;420.6;420.4
23603;31131;432.61;430.61
23713;31543;414.73;414.03
23865;32009;379.7;375.8
23863;31998;416.2;415.8
23670;31386;418.8;414.5
15892;31643;393;315
7918;31244;354.6;349.6
23857;31980;376.1;372.7
23750;31665;419.35;417.6
23609;31153;400.25;399.8
23736;31618;446.96;446.61
23637;31219;411.05;410.55
23742;31641;427.9;425.9
23868;32018;417.54;417.44
23625;31194;412.08;411.68
23612;31162;400.1;399.4
23648;31274;423.5;422.4
23771;31723;412.99;412.59
23687;31443;411.57;408.42
15010;31571;340;326
23739;31629;446.32;446.12
23795;31804;471.27;467.27
23636;31218;419.9;416.75
23671;31387;422.2;421.7
23689;31451;375.93;369.73
23721;31586;411.3;411.1
23640;31227;409.4;406.8
21925;32110;372.92;372.76
23827;31889;439.6;438.7
23602;31127;435.09;433.09
23601;31126;467.27;191.27
21901;32065;367.95;361.4
23848;31957;450.35;448.6
23875;32045;412.9;411.7
23631;31206;411.7;411.1
23854;31970;427.9;425.9
23847;31951;453.55;452.75
23729;31601;425.6;424.9
23629;31202;411.7;410.5
23699;31488;420.64;420.44
23617;31176;399.54;399.24
23716;31551;415.42;414.92
23765;31704;416.03;413.03
23675;31401;382.2;382
23791;31796;470.3;469.8
23805;31825;373.7;372.6
23714;31546;415.79;415.19
23810;31838;380.95;380.83
21916;32087;376.37;367.79
13843;31113;383.2;358.2
23835;31914;449.7;446.55
23743;31645;374.9;373.9
15012;31568;428;418
23783;31776;414.4;413.4
23646;31262;424.8;424.5
23867;32015;417.25;416.4
23665;31372;449.1;447.1
23765;31705;413.03;412.83
21917;32091;367.02;364.3
23769;31718;414.06;413.61
14058;31565;420;418
15832;31577;336;418
21909;32075;384.17;382.17
23772;31728;411.59;411.39
23797;31808;421.1;420.6
23641;31229;410.5;407.2
23717;31554;420.19;419.49
23702;31506;372.55;367.55
15925;31795;490.4;488.4
23699;31491;417.24;413.84
23883;32136;397.24;353.24
15910;31642;415;393
23865;32005;383.8;383.7
14335;32145;430.4;429.6
23837;31917;453.1;452.7
2957;31321;369.28;337.88
23632;31208;377.4;375.3
14333;32152;433.3;432.6
23668;31380;446.04;441.64
23738;31625;446.63;446.13
14336;32146;426.3;424
23637;31220;410.55;409.9
23642;31230;410.8;409.7
23844;31943;453.15;449.35
14064;31345;412;361
23826;31882;445.8;445.4
14333;32151;433.8;433.3
23693;31463;414;413.7
23726;31598;423.4;422.9
23775;31753;439.18;435.88
23698;31483;421.6;421.5
1449;31324;374.7;374.1
23873;32035;420.46;412.21
23658;31348;390.4;390.2
21904;32070;374.44;372.44
23822;31871;391.78;389.48
23607;31148;421;363
23775;31751;440.08;439.58
23700;31495;375.59;373.29
23848;31954;453.25;452.75
23693;31466;407.8;404
23784;31780;413.9;413.7
23803;31818;420.1;419.5
21918;32094;366.86;364.64
23871;32027;434.3;431.5
23872;32031;421.76;412.76
23857;31978;377.8;377.1
23657;31300;432.14;431.24
21896;32054;370.09;366.62
23749;31662;420.3;419.5
23706;31521;417.14;416.04
23831;31902;450.08;443.83
23845;31946;452.5;450.95
15046;31579;420;368
23781;31771;414.4;413.3
14012;31342;316;380
23832;31905;451.45;442.25
23869;32022;433.9;433.1
23746;31655;373.7;372.9
23745;31650;375;374.8
21919;32096;374.9;366.71
23612;31160;400.7;400.4
23738;31626;446.13;445.33
23768;31713;416.53;416.13
23617;31177;399.24;399.14
23749;31663;419.5;417.7
13799;32129;416.95;415.2
21898;32058;367.1;365.06
23733;31612;376.09;375.79
23821;31866;392.54;392.24
23725;31597;424.44;423.94
21919;32097;366.71;365.16
14019;31340;455;447
23659;31352;390.1;389.9
23693;31464;413.7;413.4
23632;31209;375.3;368.4
23667;31377;445.12;438.37
21915;32085;373.49;366.26
23679;31411;380.6;380.4
3346;31318;370.06;346.31
23692;31459;404.5;404.35
23845;31947;450.95;449.95
13841;31107;432;430
23682;31423;377.74;373.74
23859;31987;375.5;373.2
23765;31703;416.78;416.03
23817;31856;478.36;476.86
23651;31284;443.54;440.24
23754;31675;421.4;420.2
23782;31772;415.7;415.2
23856;31976;379.5;379.2
23867;32017;415.85;407.3
23623;31191;412.2;411.6
7918;31239;374.6;370.9
23649;31276;415.65;411.5
23652;31285;444.98;443.38
14338;32157;430.65;430.3
23823;31873;392.4;391.65
23872;32029;424.51;423.06
23693;31465;413.4;407.8
15050;31604;375;340
23760;31689;420.1;418.6
23857;31981;372.7;365.8
15870;31697;312;474
23600;31122;341;319
14998;31573;429;409
23681;31419;378.03;373.73
23645;31258;423.95;423.55
21903;32069;374.42;372.42
23662;31362;388.98;387.78
23760;31688;420.8;420.1
15834;31607;162;322
23787;31788;471;468
23608;31150;484;480
23809;31837;380.15;375.7
23701;31502;355.85;347.15
23848;31956;452.05;450.35
23765;31702;416.83;416.78
14054;31106;387;347
23606;31144;359;293
23625;31195;411.68;410.08
23847;31952;452.75;450.45
23842;31938;450.5;448.75
23642;31231;409.7;406.8
15018;31572;446;438
23792;31798;470.5;470
23802;31816;421;420.8
23697;31479;420.74;420.34
15041;31596;393;381
23650;31281;436.7;435.7
23604;31136;418;400
14334;32148;433.7;433
23799;31812;420.7;420.1
23619;31182;397;396
23683;31424;414.12;412.82
23719;31582;406.7;403.5
23761;31690;421.1;420
16636;31743;379;335
23834;31910;446.8;446.3
23852;31966;431.4;429
23618;31181;399.37;399.27
23736;31621;436.46;432.96
23718;31559;424.82;424.52
23866;32010;385.9;385.7
21917;32090;376.2;367.02
23757;31681;419.7;419.6
23766;31708;414.87;412.37
23633;31211;374;369.1
15340;32161;407.94;397.64
23790;31793;467.85;467.3
23609;31152;400.4;400.25
1166;31329;377.27;370.77
7918;31243;370;354.6
2957;31319;375.88;371.13
23676;31403;382.6;382.4
15828;31578;399;393
23612;31163;399.4;398.2
23770;31722;412.97;409.87
23768;31716;412.93;412.53
23856;31977;379.2;372.9
14064;31344;416;412
21900;32062;377.35;367.07
7280;31254;370.75;368.35
820;31334;370.55;360.4
23850;31962;422.4;419.5
23649;31275;417.5;415.65
23770;31721;413.87;412.97
21913;32081;366.38;364.38
23685;31430;413.74;410.94
23804;31820;382.7;381.2
23687;31441;422.62;421.87
23774;31750;433.74;431.14
23611;31159;399;395.6
23851;31964;422.5;419.4
21911;32077;374.42;372.42
23697;31482;413.04;410.84
23785;31781;415;414.6
23654;31289;446.18;444.98
15843;31634;381.5;341.5
23600;31121;397;341
23848;31955;452.75;452.05
23648;31270;425.4;424.9
23814;31849;391.45;390.8
23697;31478;420.84;420.74
23757;31682;419.6;418.2
16074;31732;404;384
21919;32095;375.16;374.9
23678;31409;376.87;373.27
23601;31125;471.27;467.27
23643;31240;424.55;423.85
23864;32003;383.6;380.6
23679;31412;380.4;377.2
23771;31724;412.59;412.39
23855;31971;377.5;376.7
23846;31949;449.85;446.05
23724;31595;424.63;423.98
23688;31445;422.95;422.15
23755;31677;421.4;418.7
23881;32124;395.8;392.8
23821;31867;392.24;391.49
7352;31339;401.44;388.84
23813;31847;394.55;387.65
15897;31734;455;427
14338;32158;430.3;428.2
23829;31893;408.9;407.8
23860;31989;407.26;406.76
23638;31223;408.95;406.75
21924;32107;376.96;376.86
23684;31426;414.23;412.83
23867;32016;416.4;415.85
15244;31605;300;412
23747;31657;420.5;418.8
1479;31327;369.1;350.2
23757;31683;418.2;413.7
21899;32060;375.45;366.45
23874;32037;414.6;414.4
23822;31870;392.28;391.78
23759;31687;420;418.4
23807;31831;390;386.2
23700;31497;347.19;345.59
23828;31890;408.7;408.5
23648;31273;424.1;423.5
23686;31432;413.87;411.27
7280;31253;374.65;370.75
16050;31633;442;440
23604;31137;400;376
23768;31715;414.53;412.93
15918;31745;412.2;356.2
23788;31789;469.7;469.3
23722;31589;423.77;423.27
23762;31693;419.3;418.2
21902;32066;375.47;374.97
23677;31405;381.8;381.6
23701;31499;374.15;370.75
23679;31410;381.2;380.6
23808;31835;385.8;382.1
1479;31325;372.7;369.7
23605;31141;386;262
23602;31130;377.09;375.09
1449;31322;377.1;376.1
23807;31830;390.5;390
23660;31356;392.8;391.5
23707;31523;417.4;416.9
23641;31228;411;410.5
23699;31489;420.44;420.24
23876;32049;414;413
23724;31594;425.38;424.63
23731;31609;370.75;368.65
23737;31624;446.43;442.73
23865;32006;383.7;383.3
23619;31183;396;394.4
23763;31694;421.5;419.8
23788;31790;469.3;468
23651;31283;444.54;443.54
23884;32141;344.44;338.94
23841;31933;452.15;451.2
23599;31118;393;367
23692;31461;401.15;400
23714;31545;416.19;415.79
23839;31927;450.6;450.35
21899;32061;366.45;363.45
23755;31678;418.7;418.4
23764;31699;417.01;415.46
23609;31154;399.8;399.3
23604;31138;376;230
23696;31477;409.92;408.52
23773;31737;363.38;360.98
23656;31298;424.08;420.08
15862;31631;432;422
23691;31456;414;413.7
23664;31368;447.75;445.95
23874;32039;413.2;411.7
23719;31581;407.3;406.7
23772;31727;411.79;411.59
23764;31698;417.06;417.01
23780;31766;415.75;415.25
4713;31312;372.81;350.11
23843;31940;452.3;451.9
14049;3161;408;320
23774;31746;440.14;439.14
23633;31210;375.1;374
23706;31520;417.54;417.14
23777;31758;440.19;439.54
14338;32156;430.8;430.65
23882;32132;487.9;486.7
23859;31986;376.6;375.5
23861;31993;402.52;394.12
23862;31997;413.01;403.01
23756;31680;416.7;414.3
23870;32024;434.8;434
23639;31224;411.05;409.75
23862;31996;414.31;413.01
15849;31436;422;411
23767;31711;415.78;413.58
15812;31717;435;431
23612;31161;400.4;400.1
23660;31357;391.5;389.1
23780;31768;414.55;413.95
23708;31528;415.08;412.98
23752;31670;420.9;418.8
23824;31878;442.1;441.4
5543;31304;377;369.3
23712;31540;415.55;414.55
23753;31672;421.1;420.9
23608;31151;480;234
23621;31187;395.8;394.2
23802;31817;420.8;420.3
23782;31774;414.7;413.9
23717;31557;418.49;417.59
23656;31295;433.88;431.78
23643;31246;422.15;420.65
23716;31552;414.92;414.42
23681;31417;381.73;380.93
23849;31960;420.8;419.7
23819;31859;479.3;479.1
23720;31585;408.4;405.6
23645;31260;423.05;420.85
23695;31472;413.8;406.3
3347;31316;369.46;346.16
23709;31531;414.54;412.54
23751;31668;419.1;417.9
23853;31967;429;428.2
23623;31190;413;412.2
13843;31111;283.2;401.2
23840;31928;453.05;452.55
23622;31188;414.9;414.3
23698;31484;421.5;420.9
23736;31620;445.96;436.46
23782;31773;415.2;414.7
23825;31881;443.2;440.15
23855;31973;375.2;373.6
23868;32020;416.94;415.89
21902;32068;365.91;363.47
23753;31673;420.9;419.1
21897;32055;384.28;370.69
23789;31792;467.65;467.15
23646;31263;424.5;424
23822;31869;392.68;392.28
23826;31883;445.4;444.2
23778;31761;439.72;438.57
23823;31872;392.7;392.4
21920;32100;367.34;364.7
1166;31331;368.77;366.67
23715;31548;417.33;416.73
23600;31124;313;197
14046;31393;402;402
23702;31508;347.55;347.05
9575;31236;373.36;372.26
23864;32001;384.5;384
23785;31782;414.6;414.4
23717;31555;419.49;418.89
14997;31564;222;400
23653;31287;445.36;444.16
23825;31880;443.8;443.2
23634;31213;419.85;417.65
23713;31544;414.03;411.33
23629;31203;410.5;410.2
23801;31815;420;419.3
23744;31648;374.9;373.4
23720;31584;409.4;408.4
5543;31307;339.8;336.4
23648;31271;424.9;424.6
23650;31280;443.9;436.7
23634;31212;420.65;419.85
23877;32114;372.85;369.3
23699;31490;420.24;417.24
23776;31757;439.2;437.8
23775;31752;439.58;439.18
23824;31877;443.1;442.1
23704;31513;416.48;415.98
23675;31402;382;379.2
537;4414;407.16;406.26
23645;31259;423.55;423.05
23697;31481;418.84;413.04
23759;31686;420.6;420
23718;31560;424.52;423.52
23626;31196;412.08;411.48
23731;31608;375.65;370.75
14642;31569;432;412
23794;31802;470.9;470.2
23735;31616;446.1;445.3
23806;31828;388.4;385.7
23655;31291;432.47;431.37
5543;31305;369.3;347.8
23635;31216;419.85;417.45
23709;31530;416.14;414.54
23703;31510;416.1;415.4
23707;31525;415.4;413.4
23702;31507;367.55;347.55
23812;31845;377.45;370.4
14334;32149;433;432.5
23745;31651;374.8;373.7
23808;31833;386.3;386.1
23845;31945;452.8;452.5
23647;31267;424.1;422.9
23703;31509;416.6;416.1
23687;31440;423.42;422.62
23659;31353;389.9;388.7
23698;31487;413;411.6
23708;31527;416.48;415.08
23617;31175;400.14;399.54
15010;31570;374;340
23773;31735;373.38;370.13
23776;31756;439.55;439.2
23858;31982;377.9;377.2
23610;31156;399.7;398.9
23813;31846;395.45;394.55
23826;31885;442.9;441.9
23875;32042;414.9;414.3
23639;31225;409.75;407.25
23618;31178;400.57;400.37
23769;31719;413.61;412.06
15833;31731;449;423
23778;31762;438.57;438.27
23785;31783;414.4;413.2
23855;31972;376.7;375.2
23715;31550;415.73;414.53
23781;31770;414.6;414.4
21908;32074;384.82;382.82
15918;31744;419.2;412.2
23630;31205;409.7;409.4
23681;31418;380.93;378.03
23687;31442;421.87;411.57
23663;31365;445.9;444.2
23650;31279;445.7;443.9
23804;31821;381.2;375.5
1479;31328;350.2;334.7
23811;31841;381.05;380.93
23843;31941;451.9;448.3
23847;31953;450.45;449.35
23873;32034;422.81;420.46
23859;31985;377.5;376.6
23864;32000;384.8;384.5
23811;31842;380.93;380.25
23662;31363;387.78;379.08
5543;31308;336.4;336.1
14012;31343;380;350
23701;31498;374.75;374.15
23704;31516;413.38;408.48
23721;31588;410.8;407
23872;32028;424.76;424.51
23614;31167;400.7;400.3
23630;31204;410.9;409.7
23670;31384;419.5;419.35
23874;32038;414.4;413.2
23775;31754;435.88;431.08
23657;31299;432.44;432.14
23861;31992;403.12;402.52
23845;31944;453.35;452.8
14218;31235;368.95;363.65
23734;31613;376.08;375.7
23688;31444;423.15;422.95
23741;31639;428.2;425.7
23688;31447;412.75;393.15
23744;31647;375;374.9
23744;31649;373.4;372.5
23740;31636;432.2;431.4
23878;32118;369.2;359.25
23668;31379;447.24;446.04
15831;31739;422;420
23691;31458;413.3;404
21924;32109;366.4;363.96
23710;31532;416.47;415.97
7747;31249;369.05;361.55
23745;31652;373.7;373
23666;31373;451.7;451.3
23658;31350;388.4;387.3
23685;31431;410.94;403.94
23722;31590;423.27;422.27
23696;31473;422.52;422.37
23828;31892;406.8;404.7
23772;31729;411.39;408.29
23777;31759;439.54;438.19
23814;31850;390.8;383.45
1166;31330;370.77;368.77
23716;31553;414.42;412.42
23643;31242;423.85;422.65
23719;31580;407.5;407.3
15863;31741;346;292
15343;32169;403.1;402.1
15343;32167;404.3;403.9
15978;32172;369.2;345.6
15342;32166;401.9;379.1
15343;32170;402.1;378
15341;32162;403.67;402.87
15343;32168;403.9;403.1
15341;32163;402.87;385.87
15342;32164;403.7;402.3
15342;32165;402.3;401.9
15978;32171;375.6;369.2
16618;32183;414;413.6
16618;32186;408.9;401
16319;32182;394.8;393.9
16331;32189;415.2;414.8
16318;32176;405.7;405
16326;32187;415.2;415
16318;32178;398.8;395.8
16319;32179;406.5;406.1
14775;32174;370.8;343.8
16318;32177;405;398.8
16618;32184;413.6;412.8
16331;32190;414.8;407.7
16318;32175;406.1;405.7
16326;32188;415;403.9
16334;32191;416.9;416.1
14775;32173;373.8;370.8
16618;32185;412.8;408.9
16319;32180;406.1;404.7
16334;32192;416.1;407.8
16319;32181;404.7;394.8
23892;32232;371.6;370.6
23887;32205;445.24;444.84
23887;32207;444.59;443.64
12943;32194;392;387
23905;32266;451;450.9
23889;32217;444.3;440.1
13199;32222;425;401
23904;32265;451.6;450.4
23887;32206;444.84;444.59
13402;32200;374;358
23891;32228;378.2;377.6
23894;32238;458;454
23906;32270;452.3;451.9
14068;32226;374;366
12960;32193;409;393
23898;32248;454;453.9
23905;32267;450.9;450.5
14068;32225;376;374
23902;32258;454.1;454
23909;32279;441.78;440.93
23908;32277;441.9;440.8
23903;32261;449.3;448.5
23897;32245;455.4;455.1
23902;32259;454;453.3
13844;32199;454.02;429.02
23906;32271;451.9;451
13156;32198;410;397
23895;32241;426;424
23900;32252;454;453.9
23893;32234;395;49
23900;32253;453.9;453.6
23906;32269;452.4;452.3
13199;32223;401;391
13848;32224;452;436
23904;32262;453;452.8
23909;32278;441.93;441.78
23892;32230;378.6;375.4
13156;32197;412;410
23888;32211;445.96;445.56
23901;32256;453.9;453.8
23887;32209;443.24;436.74
23908;32276;442.6;441.9
23887;32208;443.64;443.24
23893;32233;399;395
23905;32268;450.5;449
23900;32254;453.6;452.4
23896;32236;453.95;451.6
23894;32239;454;438
23899;32251;453.7;452.5
14043;32196;436;416
23890;32221;443.78;441.18
23907;32274;445.11;444.61
23904;32263;452.8;451.8
23890;32220;444.23;443.78
14364;32210;432;412
19292;32272;434.4;434
23907;32273;445.81;445.11
23897;32244;455.6;455.4
23886;32202;445.88;445.48
15810;32215;420;412
23897;32247;454.3;453.4
23897;32246;455.1;454.3
23909;32280;440.93;439.93
23892;32231;375.4;371.6
23899;32250;453.9;453.7
23895;32243;420;176
23886;32204;445.28;437.88
23888;32213;444.96;440.46
23895;32242;424;420
23894;32240;438;258
15810;32219;412;370
23898;32249;453.9;452.8
15525;32195;440;438
23886;32203;445.48;445.28
23903;32260;449.5;449.3
15257;32227;421;369
23896;32235;454.1;453.95
23896;32237;451.6;451.5
23900;32255;452.4;451.4
23889;32216;444.55;444.3
23891;32229;377.6;370.2
23904;32264;451.8;451.6
23901;32257;453.8;452.3
23889;32214;444.9;444.55
23890;32218;444.58;444.23
23907;32275;444.61;443.81
23888;32212;445.56;444.96
13402;32201;358;328
5;32282;420.19;411.99
23920;32306;401.7;400.8
4;32284;421.05;420.05
23914;32295;400;399.2
23912;32290;401.4;400.6
23915;32322;400.5;399.5
23925;32316;402;401.2
5;32281;421.99;420.19
23930;32332;402;400.8
23928;32328;400.5;399.9
23915;32323;399.5;398.3
23916;32298;401.2;398
23921;32309;401.5;398.4
23911;32288;400.7;399.7
23913;32293;400.9;400.7
23918;32302;402.2;401.5
23928;32327;401.3;400.5
23930;32333;400.8;398.8
23926;32320;400.5;397.3
23910;32286;401.5;400.7
23919;32305;401.3;398.2
23927;32324;401;400.7
23912;32291;400.6;397.9
23922;32311;401.4;398.8
23910;32287;400.7;397.5
23929;32331;400.6;398
23926;32318;401.5;401.2
23917;32299;401.8;401
23920;32307;400.8;397.9
23917;32300;401;400.6
23926;32319;401.2;400.5
23915;32321;401.5;400.5
23919;32304;402;401.3
23923;32312;401.9;400.8
23914;32296;399.2;396.5
23927;32325;400.7;399.7
23922;32310;402.3;401.4
23925;32317;401.2;398.5
23913;32294;400.7;397.5
23916;32297;402;401.2
23931;32335;400.3;398
23917;32301;400.6;398.3
23927;32326;399.7;396.8
23924;32315;401.1;398.2
23928;32329;399.9;397.8
23913;32292;401.5;400.9
4;32283;422.3;421.05
23911;32289;399.7;397.2
23921;32308;402.2;401.5
23924;32314;402;401.1
23923;32313;400.8;397.9
4;32285;420.05;416.1
23931;32334;401.8;400.3
23918;32303;401.5;399
23929;32330;401.5;400.6
14;32404;375.9;374.3
11;32395;371.2;366.81
7;32351;421.07;420.47
23932;32336;415.8;415.4
23938;32381;389.4;388.9
23961;32377;399.43;398.18
23941;32383;389.93;389.03
23949;32391;389.66;389.16
14;32405;374.3;361.1
9;32353;373.65;371.65
23944;32386;389.75;388.85
23960;32371;400.14;399.44
23948;32388;390.5;389.75
12;32397;373.95;371.45
23957;32365;400.65;399.85
7;32352;420.47;412.52
12;32398;371.45;370.1
23933;32339;414.4;409.1
23944;32387;388.85;387.65
13;32402;369.5;359.9
23933;32338;415.1;414.4
23936;32343;415.21;415.06
23956;32361;401.34;400.84
23935;32342;415.13;414.28
23960;32372;399.44;398.74
23962;32379;438.14;437.04
9;32354;371.65;354.15
23956;32362;400.84;400.54
23936;32345;414.81;411.31
23943;32385;389.91;389.56
8;32347;372.7;371.45
23960;32373;398.74;398.14
13;32403;359.9;358.6
23958;32366;401.14;400.79
23958;32368;399.44;399.24
7;32350;422.57;421.07
8;32349;367.2;356.91
23955;32359;401.47;400.57
23961;32374;400.18;400.08
23937;32346;416;415.2
23957;32363;401.45;401
23954;32355;402.4;401.6
23961;32376;399.78;399.43
23961;32375;400.08;399.78
23959;32369;400.4;397.8
23962;32380;437.04;433.64
23934;32340;415.91;415.46
23938;32382;388.9;388.8
23934;32341;415.46;412.71
23943;32384;390.36;389.91
10;32394;372.46;353.79
23958;32367;400.79;399.44
23957;32364;401;400.65
14;32406;361.1;358.8
23949;32390;390.26;389.66
23959;32370;397.8;397.6
23956;32360;402.04;401.34
23962;32378;438.64;438.14
13;32401;371.45;369.5
10;32392;375.11;373.71
8;32348;371.45;367.2
23954;32356;401.6;401.1
23936;32344;415.06;414.81
23954;32357;401.1;401.1
11;32396;366.81;358.4
23932;32337;415.4;409.8
23948;32389;389.75;389.2
12;32399;370.1;351.55
23955;32358;402.17;401.47
10;32393;373.71;372.46
13;32400;373.7;371.45
43;32474;385.45;383.7
36;32467;380.1;379.5
55;32488;374.67;363.82
30;32460;382.32;381.92
43;32473;386.5;385.45
55;32487;374.97;374.67
21;32437;387.29;386.79
15;32434;369.25;362.75
57;32490;374.08;366.73
24;32447;382.85;377
29;32459;381.17;370.67
23971;32430;421.38;421.32
30;32462;380.72;371.72
23970;32428;419.31;418.81
36;32466;381.5;380.1
23967;32421;420.47;419.27
23966;32415;421.33;421.23
46;32480;389.1;387.8
22;32440;387.97;386.62
23;32444;381.88;366.88
23;32443;384.38;381.88
31;32464;382.14;380.79
27;32454;378.55;374.25
26;32452;384.43;377.33
25;32450;380.46;370.06
23968;32422;421.38;421.08
27;32455;374.25;355.95
23965;32413;421.72;421.42
23964;32411;421.35;419.8
45;32479;377.8;376.9
21;32439;384.39;371.79
23971;32431;421.32;420.78
58;32491;377.53;377.38
22;32441;386.62;372.97
54;32485;375;371.5
26;32451;385.53;384.43
42;32472;387.95;375.75
17;32435;372.2;370.5
24;32445;384.4;383.9
23969;32427;420.13;417.83
23967;32420;420.62;420.47
23970;32429;418.81;417.31
30;32461;381.92;380.72
57;32489;376.48;374.08
54;32486;371.5;365
23968;32423;421.08;420.63
21;32438;386.79;384.39
23969;32426;421.23;420.13
36;32468;379.5;368.7
23963;32409;420.67;415.27
23963;32407;421.47;421.27
45;32478;382.7;377.8
25;32449;385.86;380.46
43;32475;383.7;375.75
29;32456;386.17;384.37
23967;32419;421.27;420.62
47;32484;383.95;371.25
45;32477;389.3;382.7
31;32463;383.54;382.14
23;32442;386.38;384.38
23965;32414;421.42;418.92
45;32476;391.1;389.3
29;32458;382.17;381.17
23964;32412;419.8;415.2
23966;32418;420.53;419.33
47;32483;389.65;383.95
23963;32408;421.27;420.67
24;32446;383.9;382.85
31;32465;380.79;373.54
23968;32424;420.63;418.38
17;32436;370.5;365.5
15;32432;373.45;370
15;32433;370;369.25
58;32492;377.38;366.73
29;32457;384.37;382.17
23964;32410;421.4;421.35
42;32471;389.95;387.95
59;32493;377.2;375.35
38;32470;386.9;372.9
25;32448;390.06;385.86
26;32453;377.33;370.53
23966;32417;420.93;420.53
23966;32416;421.23;420.93
23969;32425;421.43;421.23
36;32469;368.7;360.5
59;32494;375.35;366.45
46;32481;387.8;378.5
47;32482;391.05;389.65
88;32531;395.41;395.11
61;32495;385.9;385.4
103;32538;393.5;367.5
68;32510;373.08;369.68
69;32514;370.65;368.9
64;32507;382.1;375.3
67;32509;366.9;361.3
104;32540;380.05;377.98
102;32536;393.4;366.9
99;32535;366.9;365.7
61;32497;383.2;377.9
88;32533;385.61;371.66
71;32517;422.94;422.64
64;32505;386.5;384.2
72;32520;419.59;418.79
61;32498;377.9;371.1
62;32499;386;382.8
72;32521;418.79;417.59
86;32530;377;376.5
86;32529;386.4;377
103;32539;367.5;364
99;32534;393.4;366.9
69;32513;368.9;367.1
68;32511;369.68;362.78
102;32537;366.9;365.4
61;32496;385.4;383.2
70;32516;368.7;366.5
72;32522;417.59;396.09
62;32500;382.8;378.5
69;32512;371.1;370.65
70;32515;372.5;368.7
84;32527;398;393.1
62;32501;378.5;373.2
71;32519;421.44;412.84
74;32524;364.15;323.85
86;32528;387;386.4
63;32503;384.15;382.3
84;32525;408;403
84;32526;403;398
88;32532;395.11;385.61
104;32541;377.98;373.8
63;32502;388.8;384.15
67;32508;372.3;366.9
63;32504;382.3;375.2
71;32518;422.64;421.44
64;32506;384.2;382.1
74;32523;370.95;364.15
107;32549;414.8;408.3
109;32554;419.45;413.85
105;32543;360.93;360.33
108;32550;420.9;419.4
110;32558;414.4;411.3
109;32555;413.85;410.85
110;32556;421.5;420.3
110;32557;420.3;414.4
107;32547;421;419.7
108;32552;413.9;410.8
105;32545;354.63;348.76
106;32546;374.1;365.4
109;32553;421.05;419.45
107;32548;419.7;414.8
105;32542;359.08;360.93
108;32551;419.4;413.9
105;32544;360.33;354.63
23976;32580;407.81;406.76
197;32621;374.3;373.3
115;32570;364.7;358.8
23977;32583;407.77;406.77
141;32603;374.65;370.55
23975;32578;400.05;394.55
149;32604;372.6;366.35
125;32595;414.98;403.58
140;32600;372.4;363.8
161;32613;382.4;380.55
196;32620;371.98;349.48
161;32614;380.55;379.3
23972;32559;415.4;415
23974;32573;406.8;395
141;32602;379.9;374.65
160;32610;377.88;376.88
23973;32563;415.9;415.2
23975;32575;409.55;408
197;32622;373.3;371.3
115;32567;376.5;374.9
161;32615;379.3;359.9
123;32593;385.85;384.05
23973;32564;415.2;412.3
23978;32586;408.44;407.34
201;32629;385.84;364.84
23974;32571;407.8;407
23975;32576;408;407.55
140;32599;374.5;372.4
23979;32588;407.61;407.26
115;32568;374.9;370.9
23975;32577;407.55;400.05
129;32598;364.6;360.6
127;32596;366.8;361.7
159;32607;371.93;363.43
196;32619;373.08;371.98
199;32627;388.42;365.02
23972;32561;413.6;412.2
23977;32582;408.27;407.77
23972;32562;412.2;411.7
117;32589;377.5;373.5
23979;32587;409.26;407.61
122;32592;433.87;386.87
160;32612;371.08;370.08
115;32569;370.9;364.7
125;32594;415.58;414.98
160;32609;383.48;377.88
160;32611;376.88;371.08
201;32628;390.34;385.84
141;32601;382.76;379.9
196;32617;374.48;373.98
23978;32585;408.99;408.44
117;32590;373.5;325
202;32631;381.85;363.4
23972;32560;415;413.6
199;32626;392.22;388.42
23974;32574;395;392.8
202;32630;386.6;381.85
198;32624;394.36;390.61
159;32608;363.43;362.33
23977;32581;408.77;408.27
197;32623;371.3;358.3
23976;32579;408.76;407.81
159;32606;379.93;371.93
128;32597;365;361.15
23978;32584;409.34;408.99
114;32566;391.4;389.5
161;32616;359.9;356.4
114;32565;392.6;391.4
196;32618;373.98;373.08
198;32625;390.61;367.16
23974;32572;407;406.8
149;32605;366.35;361.3
122;32591;435.37;433.87
24001;32681;404.7;401.8
23992;32658;434.9;433.9
23986;32646;435.6;433.9
23997;32672;419.49;418.09
23985;32644;425.35;425.05
23985;32645;425.05;423.35
23984;32642;426;425.7
23989;32653;432.61;428.91
23992;32659;433.9;431.9
24003;32684;406.4;405.7
23981;32634;424.38;424.08
23980;32632;424.9;424.4
24002;32683;405.5;402.8
204;32686;381;361
204;32687;361;345
23998;32673;422.25;421.85
23981;32635;424.08;416.18
23994;32663;420.14;417.84
210;32691;367.5;357.8
23986;32647;433.9;429.6
24001;32680;405.4;404.7
24002;32682;406.3;405.5
210;32689;372.8;371.6
23996;32669;420.02;418.22
23998;32675;419.85;418.65
23990;32655;433.3;429.1
23982;32636;424.4;424.1
23983;32641;423;417.4
23997;32671;421.94;419.49
23988;32651;433.8;429.4
23999;32676;422.08;420.08
23982;32638;423.5;416.2
23994;32662;421.54;420.14
24003;32685;405.7;402.8
23983;32640;425.35;423
23984;32643;425.7;424
23980;32633;424.4;416.8
23997;32670;422.09;421.94
23991;32656;435.38;433.88
23989;32652;434.91;432.61
23987;32648;435.6;434.9
23995;32664;421.82;421.12
23982;32637;424.1;423.5
24000;32678;405.4;404.6
23995;32665;421.12;420.57
209;32688;329.77;323.67
23987;32649;434.9;429.6
23991;32657;433.88;432.38
23996;32667;421.92;421.82
23999;32677;420.08;418.08
23995;32666;420.57;418.42
23998;32674;421.85;419.85
23996;32668;421.82;420.02
23993;32660;434.81;431.81
210;32690;371.6;367.5
23983;32639;425.6;425.35
23990;32654;435.1;433.3
23993;32661;431.81;431.31
24000;32679;404.6;401.8
23988;32650;435.4;433.8
215;32693;365.5;357
228;32716;359.4;359.1
220;32701;352.1;348.45
231;32719;358.65;354.65
241;32726;347.55;347.05
224;32710;347.2;337.8
225;32715;328.7;319.45
216;32695;354;349.85
228;32717;359.1;343.7
225;32713;339.9;332
229;32718;353.35;352.55
225;32714;332;328.7
219;32698;337.85;327.6
220;32699;368.85;357.25
223;32709;342.8;335.2
221;32702;366;350.5
231;32720;354.65;351
224;32712;333;324.1
240;32725;351.9;350.95
242;32729;348.52;340.42
224;32711;337.8;333
222;32706;347;339
218;32697;335.7;330.5
218;32696;350.95;335.7
238;32723;360.1;357.9
222;32705;361.2;347
215;32692;371.7;365.5
216;32694;369.6;354
222;32707;339;338.5
235;32722;345;343.85
220;32700;357.25;352.1
241;32727;347.05;337.55
223;32708;352.65;342.8
232;32721;372.8;368
242;32728;349.82;348.52
221;32703;350.5;346.05
239;32724;362.9;360.25
247;32734;357.7;349.6
24007;32757;469;465
255;32743;367.3;365.3
22864;32954;454.81;454.11
290;32996;407;335
24072;33089;359.71;359.31
24026;32806;375.15;373.35
22864;32956;453.01;450.61
24050;32838;469;463
24032;32830;363.7;360.1
24042;32861;417.1;416.85
24032;32829;366.5;363.7
24076;33101;359.96;359.66
313;33025;338.21;337.01
24030;32823;374.1;367.3
24048;32886;415.8;413.6
24018;32781;387;367
22867;33141;412.83;410.03
24046;32878;417.5;412.7
24034;32837;375.8;366.1
24005;32748;376;372
22857;32962;457.4;455.8
23004;33157;418;406
22857;32964;453.8;444.9
24028;32817;374.1;368.6
24029;32820;374.3;369.3
288;32989;335.51;330.61
355;33086;356.5;355.35
24048;32883;417.6;417.45
358;33118;374.2;364.3
252;32739;355;350
24011;32766;476;468
24044;32868;423;422.8
244;32731;357;347
24045;32874;419.9;416.3
24067;32930;427;426.25
303;33011;391.07;387.37
329;33046;435.2;424.45
24021;32784;378.07;376.67
24024;32800;370.01;366.71
24034;32834;377.1;376.8
24059;32912;428.05;424.85
353;33085;354.9;354.05
24039;32851;425.45;425.1
357;33088;353.9;352.7
22857;32960;458.3;458.15
345;33074;407.55;399.1
24012;32768;459;455
24076;33103;358.56;355.66
24033;32832;366.4;365.4
24064;32923;383.4;382.5
24019;32810;349.17;346.17
24061;32916;371.04;355.64
24049;32887;419.55;419.1
22864;32957;450.61;446.91
366;33131;355.05;354.35
293;33003;410.8;378.65
319;33034;335.28;328.33
24021;32785;376.67;372.27
337;33059;434.45;434
280;32977;346.22;345.44
254;32742;473.3;442.5
22863;32950;454.8;447.3
24024;32797;378.51;376.41
24021;32786;372.27;368.07
22943;33145;413;248
24066;32928;381.8;381.4
24070;32936;425.5;424.8
24079;33109;425.35;421.35
24006;32752;424;414
24006;32754;408;398
24073;33093;359.15;358.6
288;32990;330.61;316.86
24026;32805;378.35;375.15
303;33012;387.37;380.97
340;33066;433.1;425.2
22859;32940;465.43;463.08
24043;32865;417.8;416.15
24055;32899;417.6;417.5
324;33044;425.31;411.21
338;33061;439.04;438.04
24030;32822;374.3;374.1
322;33042;429.36;417.66
292;33000;419.4;410.75
24041;32858;426.9;426.7
261;32975;344.61;325.51
24032;32828;374.1;366.5
24046;32876;418.5;418.2
24067;32931;426.25;422.9
307;33018;391.29;388.39
24045;32872;421;420.8
24036;32844;423.35;420.15
24074;33095;359.5;359.2
24072;33091;358.51;355.21
24078;33106;359.7;359.4
24006;32755;398;199
24046;32877;418.2;417.5
333;33051;432.48;432.18
24007;32758;465;191
256;32744;367.65;365.75
301;33004;391.15;390.5
24037;32845;425.05;424.7
245;32732;359.15;350.2
22945;33148;413;248
22859;32941;463.08;460.83
24024;32801;366.71;362.51
23004;33158;406;211
24053;32889;417.6;417.5
251;32738;357.35;348.1
24062;32918;383.9;383.3
363;33127;354.4;354.2
293;33002;412.1;410.8
22863;32951;447.3;446.3
24062;32919;383.3;382.1
24016;32778;405;160
22857;32966;444.3;443.3
358;33117;374.6;374.2
24005;32751;324;196
359;33119;352.01;349.16
324;33043;426.31;425.31
24047;32882;415.8;413.6
24035;32840;374.15;366.65
24013;32771;439;282
292;32999;422.9;419.4
281;32981;343.48;338.73
24031;32827;369.6;354.6
320;33037;353.76;337.56
24058;32908;428.85;428.25
24027;32814;373.6;366.4
24025;32804;376.49;373.09
347;33079;408.07;406.37
22945;33146;448;439
331;33048;430.96;418.81
347;33078;408.47;408.07
24064;32922;385.8;383.4
360;33122;373.75;365.75
343;33071;369.91;365.11
24074;33097;358.5;355
22863;32952;446.3;444.9
24041;32859;426.7;426.2
24057;32906;428.4;425.4
24019;32808;388.17;362.17
24022;32789;375.46;374.36
24038;32849;424.7;424.25
22864;32959;445.26;444.61
24027;32815;366.4;354.4
301;33005;390.5;387.05
302;33008;419.4;418.25
23005;33159;411;409
24075;33098;359.7;359.4
24079;33110;421.35;401.35
365;33130;353.6;350.6
22946;33149;448;439
261;32974;351.61;344.61
287;32987;335.48;333.13
246;32733;358.5;348.3
24022;32792;370.06;366.41
302;33009;418.25;414.35
308;33020;391.01;389.16
24069;32935;424.3;422
24037;32847;424.35;420.85
24057;32905;429.1;428.4
24065;32926;383.2;381.2
24023;32796;370.57;367.27
24050;32841;463;284
280;32978;345.44;340.69
22867;33142;410.03;409.53
24022;32788;376.61;375.46
24070;32937;424.8;422.6
336;33058;432.66;426.81
301;33007;372.85;357.55
24042;32864;415.15;413.7
24054;32897;410.9;394.2
24013;32770;457;439
24054;32896;412.2;410.9
286;32986;362.6;360.6
22863;32947;458.75;456.6
24054;32898;394.2;387.3
290;32993;432;431.4
24056;32903;417.2;416.2
302;33010;414.35;392.4
333;33052;432.18;424.48
24071;32938;425.5;424.8
22864;32955;454.11;453.01
24029;32821;369.3;354.6
304;33014;386.98;380.28
24038;32848;425.05;424.7
22865;33134;452;256
24039;32853;424.65;421.25
24055;32900;417.5;417
24077;33105;359.4;355.4
24011;32767;468;226
313;33026;337.01;323.21
317;33029;339.1;338.6
341;33067;437.98;437.28
24053;32891;413.9;409.2
361;33124;368.45;367.35
253;32740;358.65;349.5
24012;32769;455;159
24039;32852;425.1;424.65
290;32994;431.4;415
23005;33160;409;407
347;33080;406.37;398.47
24075;33100;358;355.2
24054;32894;417.3;417.2
314;33027;347.01;346.01
24068;32932;426.5;425.75
24066;32929;381.4;380.5
319;33033;340.48;335.28
346;33076;407.94;406.54
24066;32927;383;381.8
258;32969;379.56;376.76
24040;32857;425.95;422.85
24054;32895;417.2;412.2
22863;32946;458.9;458.75
291;32997;432.6;430.8
24020;32811;392.41;387.41
23005;33163;389;383
341;33068;437.28;432.08
345;33072;409.95;409.25
24022;32787;378.41;376.61
24056;32902;417.3;417.2
23003;33153;420;392
338;33062;438.04;432.29
334;33054;433.22;428.87
22859;32942;460.83;459.03
24023;32793;378.27;377.27
23003;33154;392;356
24022;32790;374.36;372.31
365;33132;350.6;346.6
321;33038;360.4;359.45
314;33028;346.01;327.01
24059;32911;428.8;428.05
24075;33099;359.4;358
304;33013;391.18;386.98
24059;32910;429.05;428.8
24030;32824;367.3;354.3
310;33023;391.11;385.81
24072;33090;359.31;358.51
24036;32842;424.25;424
24047;32880;417.3;416.9
23005;33161;407;395
350;33083;354.15;353.15
24038;32850;424.25;421.05
322;33041;430.06;429.36
24080;33114;356.71;355.51
24041;32860;426.2;422.9
335;33056;432.28;426.08
24014;32773;377;319
22946;33150;439;413
24025;32802;378.09;377.09
250;32737;357.1;349.3
243;32730;356.5;345.3
22867;33140;414.53;412.83
24019;32809;362.17;349.17
24028;32816;374.6;374.1
24077;33104;359.7;359.4
307;33019;388.39;385.29
22945;33147;439;413
334;33053;433.67;433.22
24040;32856;426.2;425.95
306;33017;388.63;384.73
337;33060;434;426.75
351;33084;354.6;353.5
24025;32803;377.09;376.49
292;33001;410.75;402.9
332;33050;432.93;424.18
24004;32746;376;278
343;33070;373.71;369.91
248;32735;357.2;350.1
281;32979;351.03;348.53
24033;32833;365.4;360.4
317;33030;338.6;337.8
24029;32819;374.6;374.3
22865;33133;456;452
24049;32888;419.1;415.55
339;33064;435.45;430.6
24058;32907;429.05;428.85
22857;32961;458.15;457.4
285;32982;407.88;406.98
24005;32750;370;324
24015;32776;426;194
23003;33152;422;420
24007;32756;471;469
24079;33111;401.35;197.35
289;32992;331.92;319.32
319;33032;341.28;340.48
320;33036;356.41;353.76
281;32980;348.53;343.48
24023;32794;377.27;373.47
24017;32779;482;457
22863;32949;455.9;454.8
357;33087;355.1;353.9
24040;32854;426.85;426.65
24045;32873;420.8;419.9
24061;32915;375.64;371.04
345;33073;409.25;407.55
24080;33115;355.51;354.96
320;33035;357.36;356.41
24028;32818;368.6;354.6
24033;32831;374.4;366.4
24022;32791;372.31;370.06
254;32741;474;473.3
22857;32965;444.9;444.3
24010;32765;379;11
24079;33108;427.35;425.35
360;33123;365.75;359.05
260;32972;352.4;345.16
309;33021;391.13;387.23
24044;32871;420.8;418.4
24016;32777;435;405
24080;33113;357.01;356.71
260;32971;353.7;352.4
24063;32921;384;382.3
24004;32745;388;376
24044;32870;421.6;420.8
309;33022;387.23;380
321;33039;359.45;358.4
24068;32933;425.75;423.6
24071;32939;424.8;422.8
24053;32893;392.5;387.6
24076;33102;359.66;358.56
360;33120;377.55;377.05
24078;33107;359.4;355.5
24042;32863;416.35;415.15
24053;32890;417.5;413.9
365;33129;354.4;353.6
24047;32879;417.6;417.3
24014;32772;386;377
291;32998;430.8;414.75
340;33065;433.5;433.1
24063;32920;386;384
24036;32843;424;423.35
24044;32869;422.8;421.6
289;32991;335.47;331.92
24060;32914;370.06;355.26
24020;32812;387.41;354.41
24031;32825;374.6;373.4
24048;32885;416.95;415.8
24062;32917;385.5;383.9
346;33077;406.54;398.44
361;33125;367.35;365.35
24027;32813;374.4;373.6
24055;32901;417;416.4
22863;32948;456.6;455.9
360;33121;377.05;373.75
22943;33143;448;439
22867;33139;415.03;414.53
24074;33096;359.2;358.5
358;33116;364.3;350.4
317;33031;337.8;330.5
24024;32799;372.31;370.01
23005;33164;383;109
24015;32775;454;426
24004;32747;278;168
343;33069;375.51;373.71
285;32983;406.98;397.88
24024;32798;376.41;372.31
24031;32826;373.4;369.6
261;32973;352.71;351.61
24043;32867;415.85;414.8
280;32976;350.69;346.22
290;32995;415;407
329;33045;435.6;435.2
259;32970;351.73;347.45
22866;33136;414.46;412.46
24060;32913;375.26;370.06
24040;32855;426.65;426.2
24009;32762;422;368
24037;32846;424.7;424.35
301;33006;387.05;372.85
24073;33092;359.7;359.15
24046;32875;418.7;418.5
24058;32909;428.25;425.05
24043;32866;416.15;415.85
24005;32749;372;370
24065;32924;384.5;384.3
24019;32807;392.17;388.17
24010;32764;411;379
22866;33135;415.16;414.46
22864;32953;455.11;454.81
322;33040;430.86;430.06
22857;32963;455.8;453.8
24035;32839;375.65;374.15
306;33016;391.33;388.63
364;33128;354.85;347.95
22864;32958;446.91;445.26
332;33049;433.33;432.93
331;33047;431.26;430.96
24042;32862;416.85;416.35
24053;32892;409.2;392.5
22859;32944;445.13;443.83
348;33081;354.5;353.3
349;33082;356.26;355.01
346;33075;408.44;407.94
24008;32760;452;434
22946;33151;413;248
23004;33156;426;418
258;32968;383.16;379.56
24018;32783;335;185
24023;32795;373.47;370.57
24034;32835;376.8;376.5
22866;33137;412.46;410.36
23003;33155;356;172
339;33063;436;435.45
24018;32782;367;335
286;32985;370.35;362.6
24057;32904;429.3;429.1
24080;33112;357.51;357.01
24047;32881;416.9;415.8
22859;32943;459.03;445.13
24073;33094;358.6;355.4
23005;33162;395;389
24006;32753;414;408
24034;32836;376.5;375.8
24008;32759;455;452
286;32984;373.6;370.35
249;32736;356.95;347.3
24018;32780;405;387
258;32967;383.56;382.86
336;33057;433.11;432.66
362;33126;355.8;355.4
287;32988;333.13;316.88
305;33015;391.22;387.87
335;33055;432.68;432.28
24048;32884;417.45;416.95
24008;32761;434;240
22943;33144;439;413
22859;32945;443.83;443.43
24009;32763;368;197
24065;32925;384.3;383.2
24069;32934;425;424.3
22866;33138;410.36;409.16
310;33024;385.81;383.11
24014;32774;319;126
24089;33194;421.42;420.49
24097;33220;415.08;412.08
23400;33175;480.5;471.5
24091;33200;422.25;420.25
24097;33219;419.88;415.08
23397;33169;480.5;471.5
24093;33205;420.41;419.61
24089;33195;420.49;420.19
24081;33183;422;419.2
24097;33218;421.08;419.88
24089;33192;422.19;421.94
23006;33166;431;297
24084;33187;421.95;420.35
24087;33190;422.09;420.39
24082;33185;422;420.5
23397;33170;471.5;218.5
377;33180;357.6;354.1
24093;33206;419.61;415.11
24095;33214;417.2;411.9
24096;33217;415.3;411.9
24092;33203;432.4;432.1
23398;33171;480.5;471.5
378;33181;378.67;361.47
24083;33186;421.96;420.46
24093;33207;415.11;411.81
379;33182;380.1;366.2
24095;33211;420.9;420.5
24090;33197;421.97;421.52
24081;33184;419.2;419
24093;33204;420.81;420.41
23399;33173;480.5;471.5
24085;33188;422.19;420.69
23396;33167;480.5;471.5
23401;33177;480.5;471.5
24088;33191;421.99;420.79
23400;33176;471.5;220.5
23399;33174;471.5;220.5
24098;33224;415.58;412.48
24098;33223;419.88;415.58
24094;33210;416.07;411.77
24094;33208;420.77;419.17
23006;33165;437;431
23401;33178;471.5;220.5
24090;33199;421.22;420.82
24086;33189;422.1;420.2
23396;33168;471.5;218.5
23398;33172;471.5;218.5
24090;33198;421.52;421.22
24089;33193;421.94;421.42
24096;33215;420.9;419.9
24098;33221;421.08;420.48
24090;33196;422.22;421.97
24092;33201;433.5;433.4
24094;33209;419.17;416.07
24098;33222;420.48;419.88
24095;33212;420.5;419.9
24096;33216;419.9;415.3
24092;33202;433.4;432.4
24095;33213;419.9;417.2
367;33179;357.1;353.15
24115;33263;401.93;397.93
24125;33279;401.95;398.15
401;33281;416.46;415.66
24109;33257;401.75;397.75
24102;33233;418.4;416.4
399;33250;418.21;417.91
24101;33229;421.04;417.54
410;33291;405.03;403.93
409;33288;400.54;400.04
24106;33252;401.7;398.7
24103;33236;419.38;416.1
24104;33238;421.6;420.8
24115;33264;397.93;397.43
404;33285;420.23;419.48
24107;33254;402.1;397.1
395;33244;413.57;412.92
402;33282;422.36;422.01
398;33249;418.29;417.54
24101;33230;417.54;415.64
24122;33276;402.3;397.1
409;33290;398.04;396.54
417;33294;379.27;378.77
395;33243;413.97;413.57
24119;33271;402.07;397.07
403;33283;422.88;422.48
24112;33260;402.3;397.8
404;33284;420.48;420.23
405;33287;420.05;419.4
24113;33261;402.16;397.66
400;33251;416.59;416.29
24102;33232;420.9;418.4
24120;33272;401.94;399.64
24111;33259;402.3;397.3
24102;33234;416.4;415.4
24099;33226;419.35;415.95
24117;33268;399.26;397.66
24118;33270;397.8;396.6
409;33289;400.14;398.04
397;33247;412.11;411.51
410;33292;403.93;402.13
24120;33273;399.64;396.94
24104;33239;420.8;417.4
417;33295;378.77;377.27
398;33248;418.59;418.29
24099;33225;420.55;419.35
24116;33266;398.9;396.85
24100;33227;420.98;419.78
24121;33275;398.69;397.19
24110;33258;401.7;397.7
24117;33267;401.66;399.26
405;33286;420.45;420.05
417;33296;377.27;369.27
24121;33274;401.79;398.69
24108;33256;397.2;396.7
393;33241;414.68;414.38
393;33240;415.18;414.68
24118;33269;401.6;397.8
401;33280;416.86;416.46
24116;33265;401.85;398.9
24100;33228;419.78;415.98
410;33293;402.13;399.03
24123;33277;401.92;399.52
397;33246;412.51;412.11
24103;33235;420.75;419.38
24106;33253;398.7;396.7
394;33242;414.28;413.98
24101;33231;415.64;415.04
24108;33255;401.7;397.2
24124;33278;402.26;398.96
24114;33262;401.93;397.93
396;33245;413.07;412.77
24103;33237;416.1;409.75
16818;33297;482;474
24162;33371;425.98;423.08
24149;33344;410.4;408.8
24163;33372;429.56;424.56
24157;33360;389;388.8
24150;33347;388.8;387
24151;33349;388.8;386.6
24155;33357;388.9;385.4
24163;33373;424.56;423.56
24138;33325;417.54;416.54
24129;33307;374.46;369.96
24144;33335;410.8;406.8
24144;33334;411.8;410.8
24159;33365;388.6;386.6
24130;33310;417.17;416.47
24147;33341;409.1;405.6
24126;33299;431.83;429.23
24129;33306;378.46;374.46
24164;33374;429.56;425.76
24127;33302;378.69;376.69
24127;33301;372.19;371.19
24146;33338;409.66;409.11
24146;33339;409.11;404.66
24151;33348;389;388.8
24128;33305;370.46;368.66
24157;33361;388.8;386.9
24141;33329;417.4;416.2
24129;33308;369.96;368.16
24132;33314;415.56;415.26
24128;33304;377.66;370.46
24130;33309;417.67;417.17
24149;33343;410.6;410.4
24152;33350;389;388.8
24135;33320;416.89;416.19
24134;33317;417.3;416.6
24160;33366;429.22;424.62
24158;33363;388.6;385
24137;33324;416.44;415.74
24143;33332;412.4;410.9
24162;33370;429.08;425.98
24153;33352;389;388.8
24134;33318;416.6;416.3
24154;33354;389;388.6
24142;33331;411.28;407.78
24153;33353;388.8;386
24131;33312;416.96;416.56
24127;33300;376.69;372.19
24140;33327;417.36;416.56
24156;33359;388.5;387
24147;33340;409.6;409.1
24160;33367;424.62;423.22
24145;33336;411.3;410.55
24164;33375;425.76;423.56
24155;33356;389;388.9
24148;33342;409.58;409.28
24158;33362;389;388.6
24133;33316;416.4;415.9
24152;33351;388.8;385.1
24128;33303;378.66;377.66
24132;33313;417.06;415.56
24154;33355;388.6;385.2
24131;33311;417.26;416.96
24149;33345;408.8;405.6
24133;33315;417.1;416.4
24159;33364;389;388.6
24142;33330;412.78;411.28
24126;33298;432.23;431.83
24137;33323;417.34;416.44
24140;33328;416.56;416.16
24136;33322;416.97;416.27
24139;33326;417.37;416.37
24156;33358;389;388.5
24161;33369;423.74;423.14
24150;33346;389;388.8
24143;33333;410.9;407.4
24145;33337;410.55;406.3
24161;33368;429.14;423.74
24136;33321;417.47;416.97
24135;33319;417.39;416.89
24213;33515;409.96;406.76
2703;33462;410.15;407.35
24233;33560;372.59;368.9
24235;33565;372.7;372.57
24238;33576;370.5;369.7
24175;33407;423;421.2
1793;33481;409.55;407.05
2712;33385;409.7;403.7
3122;33377;409.3;405.25
1794;33480;395.83;388.13
24184;33428;424.1;423.3
24170;33400;422.5;421.3
24182;33424;423.4;422.6
24227;33543;368.28;363.88
24203;33491;386.93;385.43
24202;33489;384.95;383.82
24210;33508;386.06;384.66
24232;33556;372.7;372.58
24177;33411;425;424.7
24231;33553;372.7;372.6
24252;33600;443.5;422.9
24179;33416;424.9;423.8
24242;33589;370.2;369.7
2706;33387;401.3;395.6
24239;33577;372.7;372.5
24204;33493;386.52;385.42
24212;33513;408.5;404.4
24178;33414;424.1;422.2
1951;33477;398.99;397.74
24184;33427;424.5;424.1
24212;33514;404.4;394.2
24213;33516;406.76;405.11
24167;33393;422.7;422.2
24236;33569;372.58;370.9
24245;33598;370.3;368.1
24213;33517;405.11;398.06
24174;33405;423;421.3
24170;33399;423;422.5
24215;33522;408.72;407.22
24216;33523;410.88;409.38
24225;33539;369.7;369.6
24228;33545;372.7;367.8
24202;33487;385.72;385.66
24244;33593;372.7;372.5
24192;33445;415.55;413.1
24201;33465;417.53;416.23
2433;33473;408.7;406.9
24198;33457;415.6;413.9
24231;33554;372.6;367.15
24234;33563;371.08;368.03
1671;33483;430.5;427.5
24168;33396;421.7;421.3
24210;33506;386.36;386.26
24176;33410;424.1;422.9
24239;33578;372.5;370.9
24186;33432;412.3;412
24212;33512;409.2;408.5
24244;33595;370;369.7
24252;33602;379;372.5
24187;33435;412;411.8
24222;33534;372.6;370.4
24232;33558;367.7;366.7
2433;33475;400.5;388.2
24216;33524;409.38;407.88
24185;33429;415.3;410.9
2704;33443;400.9;395.9
24217;33526;372.6;370.4
24243;33592;370.4;369.7
24173;33404;424.4;424
2713;33383;409.4;408.9
24236;33570;370.9;369.7
24205;33496;386.49;385.24
24230;33552;370.6;369.7
24189;33438;415.6;410.6
2712;33384;410.2;409.7
24194;33448;415.8;415.55
24218;33528;373.5;371
24227;33542;373.38;368.28
24233;33561;368.9;366.7
24208;33502;387.32;387.02
24198;33456;415.8;415.6
3122;33376;411.7;409.3
24200;33460;415.9;415.8
24206;33498;387.81;387.21
24238;33574;372.7;372.59
24202;33488;385.66;384.95
24242;33588;372.5;370.2
24220;33532;370.2;369.6
24211;33509;386.04;385.94
24240;33580;372.7;372.5
24177;33412;424.7;424.3
24180;33419;423.8;422.8
2714;33381;410.5;409.6
24176;33409;424.7;424.1
24219;33530;372.6;370.3
24186;33431;415.5;412.3
24252;33599;444.5;443.5
24229;33547;372.7;368.2
1794;33478;409.63;406.13
24203;33490;387.63;386.93
24235;33567;370;367.2
24206;33499;387.21;386.31
24194;33449;415.55;413.1
24165;33391;424.2;422.4
24218;33529;371;370.5
24105;33525;401.8;398
24241;33585;372.55;370.75
24244;33594;372.5;370
24186;33433;412;411.8
24229;33549;362.5;362
24182;33423;423.8;423.4
24237;33572;372.55;370.4
24181;33422;423.8;422.7
24167;33394;422.2;421.2
2624;33470;406.8;401
24245;33596;372.7;372.5
24199;33458;415.8;415.65
24240;33582;369.95;362
3019;33378;408.13;407.2
24207;33500;387.37;386.77
24227;33544;363.88;362.38
24181;33421;424.4;423.8
24209;33505;386.44;385.24
24222;33535;370.4;369.6
24233;33559;372.7;372.59
24172;33403;424.4;422.4
2625;33467;408.4;407.5
24239;33579;370.9;369.7
24224;33537;372.5;369.5
2712;33388;398.2;388.2
24200;33461;415.8;413.4
24180;33418;424.8;423.8
24226;33541;369.05;368.2
24179;33417;423.8;422.9
24240;33581;372.5;369.95
24166;33392;425;423
24195;33451;415.5;411.6
24181;33420;424.7;424.4
24225;33538;372.6;369.7
2703;33463;407.35;398.55
24204;33492;387.02;386.52
24236;33568;372.7;372.58
24197;33455;415.1;414.1
24252;33601;422.9;379
1793;33482;407.05;403.55
1671;33484;427.5;415.5
1670;33485;430.79;428.09
24174;33406;421.3;420.5
24185;33430;410.9;410.8
2719;33379;409.09;407.09
24214;33519;409.32;408.62
24226;33540;371.2;369.05
24201;33464;417.73;417.53
24190;33439;415.7;415.2
24217;33527;370.4;369.6
24171;33402;422.2;422
24201;33466;416.23;406.23
24221;33533;372.6;369.6
24243;33591;372.5;370.4
24242;33587;372.7;372.5
24211;33510;385.94;385.34
24196;33452;415.9;415.6
24205;33495;387.04;386.49
24228;33546;367.8;366.7
24237;33573;370.4;368.7
2625;33469;394.6;389.2
24238;33575;372.59;370.5
24229;33548;368.2;362.5
2625;33468;407.5;394.6
24169;33398;422.2;421.5
24237;33571;372.7;372.55
2714;33382;409.6;408.3
24195;33450;415.8;415.5
24197;33454;416;415.1
24175;33408;421.2;420.8
24213;33518;398.06;395.96
24243;33590;372.7;372.5
24204;33494;385.42;385.02
2719;33380;407.09;402.09
24223;33536;372.6;368.9
24245;33597;372.5;370.3
24190;33440;415.2;411.7
2623;33471;406.35;405.35
1794;33479;406.13;404.23
24220;33531;372.6;370.2
24169;33397;423;422.2
24209;33504;387.24;386.44
1951;33476;411.74;410.19
24235;33566;372.57;370
24183;33426;423.3;422.5
24191;33442;415.3;411.4
24177;33413;424.3;423.5
24232;33557;372.58;367.7
24192;33444;415.8;415.55
24207;33501;386.77;385.57
24230;33551;372.54;370.6
24196;33453;415.6;412.1
24208;33503;387.02;385.32
24234;33564;368.03;366.73
24231;33555;367.15;366.7
24215;33521;410.22;408.72
24241;33586;370.75;369.7
24230;33550;372.7;372.54
24193;33446;415.9;415.6
24210;33507;386.26;386.06
2704;33389;409.4;408
24211;33511;385.34;384.14
24168;33395;423;421.7
24205;33497;385.24;384.64
24171;33401;424;422.2
24193;33447;415.6;411.9
24191;33441;415.7;415.3
2433;33474;406.9;400.5
2623;33472;405.35;403.45
24187;33434;415.7;412
24178;33415;422.2;421.6
24214;33520;408.62;406.32
24199;33459;415.65;411.2
2706;33386;411.6;410.6
24183;33425;423.7;423.3
24188;33437;415.6;414.4
24240;33583;362;361.7
24188;33436;415.8;415.6
1670;33486;428.09;415.79
24241;33584;372.7;372.55
24234;33562;371.23;371.08
24248;33611;369.3;368.2
24260;33637;410.2;410
24250;33617;369.7;367.7
24256;33628;417.7;417.25
24257;33630;417.4;416.65
24260;33636;410.8;410.2
24251;33620;369.6;366.7
418;33641;377.98;376.28
24262;33643;427.5;425
24265;33653;426.3;424.7
24267;33657;426.6;425.7
418;33642;376.28;368.38
419;33660;371.25;362.75
24264;33649;427.3;426.6
24262;33645;424.6;422.8
24249;33614;369.7;361.7
24258;33633;413.3;409.3
24256;33627;418.4;417.7
24257;33631;416.65;412.7
24264;33651;424.4;423.6
24249;33612;372.7;372.5
24247;33608;370.9;369.7
24267;33658;425.7;423.5
24266;33656;426.4;423.6
24263;33648;423.6;421.2
24256;33629;417.25;413.9
24250;33615;372.7;372.5
418;33640;378.38;377.98
24254;33623;420.2;419.5
24258;33632;414.1;413.3
24265;33654;424.7;424.2
24255;33625;419.55;418.75
24253;33621;418.7;417.85
24255;33626;418.75;414.85
24251;33619;372.5;369.6
24261;33639;415.9;412
24259;33634;411.9;411.1
24264;33650;426.6;424.4
24263;33646;426.7;423.9
24254;33624;419.5;415.2
24246;33604;372.5;370.7
24248;33609;372.7;372.5
24251;33618;372.7;372.5
24247;33607;372.5;370.9
24246;33605;370.7;369.7
24250;33616;372.5;369.7
24246;33603;372.7;372.5
24249;33613;372.5;369.7
24263;33647;423.9;423.6
24266;33655;427.3;426.4
24253;33622;417.85;413.4
24265;33652;427.2;426.3
24247;33606;372.7;372.5
24261;33638;416.6;415.9
24259;33635;411.1;407.1
24262;33644;425;424.6
419;33659;373.75;371.25
24248;33610;372.5;369.3
423;33662;403.95;400.9
441;33671;369.93;369.53
440;33670;358.63;351.83
13950;33697;415.5;413.7
439;33669;378.91;377.01
449;33704;373.44;372.14
24268;33701;415.9;407.9
24268;33702;407.9;359.9
424;33665;393.52;382.97
459;33713;422.8;422.4
460;33718;417.7;414.4
462;33722;409;404.2
443;33681;363.69;350.94
464;33723;413.45;412.25
470;33726;410.85;410.45
447;33691;373.79;373.39
8402;33689;412.76;410.36
8402;33688;413.36;412.76
24268;33703;359.9;357.9
472;33729;414.5;410.8
13950;33693;418.6;418
3027;33677;391.02;384.67
3025;33676;398.95;391.25
443;33680;368.99;363.69
24268;33700;437.9;415.9
459;33715;420.3;416.5
441;33672;369.53;367.53
13950;33696;417.7;415.5
460;33719;414.4;405.9
446;33684;371.15;370.15
446;33686;368.38;357.78
450;33709;368.57;348.62
455;33712;401.9;396.37
462;33720;416.8;415.8
462;33721;415.8;409
8402;33690;410.36;404.96
447;33695;368.79;359.79
459;33714;422.4;420.3
444;33682;362.02;361.77
460;33717;418.9;417.7
464;33724;412.25;407.75
470;33727;410.45;404.5
438;33667;379.25;376.25
450;33708;372.82;368.57
3027;33678;384.67;381.8
423;33663;400.9;394.15
449;33705;372.14;368.89
450;33707;373.22;372.82
439;33668;379.51;378.91
3020;33673;399.6;398.45
472;33728;415.5;414.5
444;33683;361.77;358.12
13950;33694;418;417.7
24268;33699;449.9;437.9
424;33664;404.17;393.52
449;33706;368.89;357.94
459;33716;416.5;411.8
438;33666;380.25;379.25
423;33661;404.65;403.95
447;33692;373.39;368.79
464;33725;407.75;391.45
3025;33675;401.65;398.95
446;33685;370.15;368.38
3020;33674;398.45;393.6
8402;33687;414.36;413.36
443;33679;371.79;368.99
448;33698;350.26;348.26
455;33710;411.35;410.2
455;33711;410.2;401.9
549;33754;367.09;357.59
546;33745;377.95;374.9
542;33740;374.46;373.6
474;33730;381.34;379.14
518;33735;419.7;410.1
519;33737;415.8;406.1
542;33739;375.5;374.46
553;33758;371.35;368.35
519;33736;416.1;415.8
547;33747;382.5;381.8
474;33731;379.14;376.54
548;33749;378.1;377.3
541;33738;374.45;373.75
546;33744;378.4;377.95
548;33750;377.3;372.5
474;33733;374.84;371.24
547;33751;372;367.6
541;33741;375.5;374.45
543;33742;376.7;372.4
544;33743;376.2;373.95
550;33755;371;365.4
553;33757;373.85;371.35
474;33732;376.54;374.84
548;33752;372.5;369.85
550;33756;365.4;352.7
547;33748;381.8;372
546;33746;374.9;370.1
518;33734;420.1;419.7
549;33753;371.79;367.09
21840;33786;373.14;364.79
570;33762;397;396.3
568;33764;402.5;401.7
599;33817;375.9;370.5
589;33799;373.54;351.34
596;33812;375.64;372.64
576;33777;397.6;397.1
574;33773;372.3;369.85
585;33789;361.55;349.95
576;33778;397.1;377.15
586;33793;373.2;359.1
583;33784;363.45;338.45
593;33809;382.7;374.5
569;33767;397.3;393
571;33768;397;396.5
567;33759;403;402.3
570;33763;396.3;388
588;33797;373.05;347.35
592;33807;371.85;352.1
594;33811;382.85;373.95
594;33810;384.45;382.85
584;33780;378.82;361.92
590;33801;373.48;350.38
591;33803;372.84;372.44
587;33795;373.1;364.5
575;33775;398.44;397.64
586;33792;374.7;373.2
589;33798;375.04;373.54
583;33783;373.45;363.45
584;33781;361.92;344.02
588;33796;375.05;373.05
599;33818;370.5;360.7
572;33770;379;375.25
597;33816;361.52;357.32
585;33788;376.35;361.55
596;33813;372.64;359.84
590;33802;350.38;343.08
21841;33791;369.68;363.13
574;33772;374.65;372.3
587;33794;374.7;373.1
567;33760;402.3;390.6
569;33766;398.5;397.3
571;33769;396.5;386.85
593;33808;384.8;382.7
574;33774;369.85;353.9
591;33804;372.44;371.94
591;33805;371.94;347.79
21840;33785;375.79;373.14
592;33806;372.35;371.85
575;33776;397.64;378.07
572;33771;372.32;370.8
590;33800;375.08;373.48
597;33814;375.32;373.17
568;33765;401.7;390.3
584;33779;380.12;378.82
585;33787;376.75;376.35
21841;33790;374.93;369.68
597;33815;373.17;361.52
583;33782;373.65;373.45
607;33831;436.66;434.56
604;33828;431.13;428.13
627;33854;418.95;417.45
609;33833;374.15;373.85
605;33819;433.53;432.93
626;33853;407.95;405.45
630;33857;420.95;420.35
624;33845;421.55;417.35
625;33848;420.14;417.54
601;33821;434.8;433.9
601;33822;433.9;428.65
619;33839;416.85;411.6
626;33852;417.25;407.95
624;33847;416.4;409.35
627;33856;412.15;405.65
610;33835;374.15;373.8
619;33840;411.6;409.6
602;33824;433.69;429.74
606;33830;434.75;424.95
602;33823;434.54;433.69
619;33841;409.6;406.8
625;33849;417.54;412.94
619;33838;417.3;416.85
624;33846;417.35;416.4
609;33834;373.85;370.8
603;33826;434.88;430.53
607;33832;434.56;428.26
630;33859;418.65;409
620;33842;419.69;416.69
610;33837;370.95;370.05
627;33855;417.45;412.15
604;33827;431.43;431.13
603;33825;436.93;434.88
630;33858;420.35;418.65
610;33836;373.8;370.95
626;33851;417.95;417.25
605;33820;432.93;427.93
620;33843;416.69;410.49
606;33829;436.15;434.75
625;33850;412.94;407.84
620;33844;410.49;404.59
646;33860;388.85;388.2
647;33866;387.65;386.65
660;33902;411.75;407.25
659;33895;417.95;417.65
662;33904;371;365.8
656;33891;418.15;406.05
701;33918;397.85;395.85
675;33909;375.5;371.5
650;33876;387.37;385.27
703;33923;420.7;414.9
656;33890;418.55;418.15
649;33873;386.79;384.34
24020;33932;345.41;344.41
645;33864;387.6;386.1
658;33893;418.67;415.77
700;33915;396.65;394.35
651;33881;416.6;402.7
655;33888;416.34;407.49
663;33905;370.1;366.4
646;33861;388.2;386.15
651;33878;417.9;417.7
698;33911;425.65;415.15
704;33927;413.4;410.7
656;33889;418.85;418.55
653;33883;417.95;417.65
647;33868;386;380.55
645;33863;388.7;387.6
660;33899;417.25;416.85
653;33884;417.65;415
646;33862;386.15;377.65
655;33886;417.69;417.29
660;33900;416.85;416.65
658;33894;415.77;404.17
700;33914;397.55;396.65
658;33892;418.97;418.67
702;33921;414.9;412.7
702;33922;412.7;408.5
660;33901;416.65;411.75
653;33885;415;407.85
651;33880;417.25;416.6
650;33877;385.27;376.67
665;33907;369.8;366.55
699;33913;423.35;411.52
648;33870;386.7;383.75
704;33925;421;415.9
655;33887;417.29;416.34
673;33908;370.9;369.8
659;33896;417.65;417.5
705;33930;413.8;408.8
705;33929;414.7;413.8
703;33924;414.9;405.7
701;33919;395.85;373.65
649;33872;388.09;386.79
653;33882;418.35;417.95
664;33906;373.9;366.8
698;33910;425.95;425.65
647;33867;386.65;386
659;33898;411.95;402.55
700;33916;394.35;376.55
705;33928;421;414.7
661;33903;369.9;365.95
650;33875;387.97;387.37
704;33926;415.9;413.4
648;33871;383.75;373.6
659;33897;417.5;411.95
649;33874;384.34;373.79
699;33912;423.85;423.35
645;33865;386.1;382.2
701;33917;398.65;397.85
24020;33931;354.41;345.41
651;33879;417.7;417.25
648;33869;388.1;386.7
702;33920;420.7;414.9
709;33941;422.5;417
711;33945;422.75;417.4
706;33934;416.9;414.7
706;33935;414.7;408.5
21890;33952;371.83;361.83
21889;33947;434.65;418.65
709;33942;417;410.3
21889;33949;370.65;364.65
707;33936;421.7;417.7
21890;33953;361.83;360.83
707;33937;417.7;416.7
707;33938;416.7;404.7
706;33933;421.7;416.9
710;33944;417;412.45
710;33943;422.75;417
708;33940;416.2;410.1
21890;33950;434.83;422.83
21890;33951;422.83;371.83
21889;33948;418.65;370.65
708;33939;422.5;416.2
711;33946;417.4;407.55
759;33990;375.03;373.03
21822;33963;374.2;363.8
21822;33964;363.8;362.2
721;33971;387.9;385.25
723;33976;385.8;385.2
747;33981;371.12;369.37
720;33969;384.05;380.4
720;33967;387.3;386.5
748;33982;378.1;375.63
21818;33957;364.15;362
758;33988;377.18;374.38
21842;33954;377.89;373.14
21818;33956;379;364.15
758;33987;377.38;377.18
21820;33961;372.9;368
21823;33966;360.85;357
21820;33960;374.5;372.9
755;33985;378.24;377.84
722;33973;386.3;385.3
748;33984;374.3;358.1
21819;33958;376.5;373.25
747;33980;374.02;371.12
724;33978;378.8;377.3
21819;33959;373.25;367.5
724;33979;377.3;375.6
721;33970;388.6;387.9
21821;33962;373.2;367.2
748;33983;375.63;374.3
21842;33955;373.14;364.89
722;33975;380.3;379.7
21823;33965;375;360.85
720;33968;386.5;384.05
755;33986;377.84;368.14
723;33977;385.2;378.9
721;33972;385.25;379.6
722;33974;385.3;380.3
759;33989;376.03;375.03
780;34021;375.1;369.92
798;34028;416.5;416.2
763;34001;338.5;338
780;34020;377.85;375.1
767;34004;355.86;355.66
799;34031;416.65;416.15
800;34035;414.75;405.7
799;34032;416.15;414.1
763;34002;338;334.25
775;34011;356.98;351.33
760;33991;338.8;338.2
761;33997;331.12;312.72
776;34013;349.26;344.71
780;34019;380;377.85
762;33999;340.25;333.17
767;34005;355.66;348.27
775;34012;351.33;348.33
772;34007;347.56;347.36
767;34006;348.27;345.56
776;34015;339.46;338.51
778;34018;374.6;368.73
798;34030;414.6;409.15
761;33996;348.77;331.12
800;34034;415.45;414.75
790;34023;434.3;428.3
760;33992;338.2;335.2
772;34008;347.36;344.11
801;34037;415;407.3
791;34024;436.2;435.4
776;34014;344.71;339.46
760;33993;335.2;333.5
762;34000;333.17;323.47
761;33995;356.97;348.77
799;34033;414.1;409.85
761;33994;357.37;356.97
792;34027;436.6;427
778;34016;378.75;376.85
778;34017;376.85;374.6
791;34025;435.4;426
763;34003;332.8;310.7
762;33998;341.62;340.25
798;34029;416.2;414.6
792;34026;437;436.6
801;34036;415.8;415
790;34022;434.9;434.3
772;34009;344.11;337.46
775;34010;358.58;356.98
1788;34085;396.7;395.8
11346;34147;421.5;419
848;34169;374.35;372.85
854;34176;374.55;364.95
802;34040;422.07;406.27
1787;34082;396.82;394.92
11510;34131;400.15;399.75
812;34109;381.5;371.4
812;34092;387.2;386.9
1784;34065;398.11;397.71
10991;34151;418.9;415
4491;34090;399.16;398.46
1787;34081;397.62;396.82
808;34055;421.65;421.25
1785;34067;397.94;397.64
849;34171;377.27;374.47
802;34038;424.57;423.57
803;34043;423.39;407.39
845;34167;375.52;366.37
848;34168;376.85;374.35
848;34170;372.85;366.65
807;34052;382.8;381.65
809;34058;420.5;412.3
854;34175;375.3;374.55
11510;34133;399.25;396.05
10465;34108;396.8;395.3
807;34054;380.6;362.75
311;34059;399.4;399
10991;34149;419.7;419.4
10184;34103;398;397.7
804;34044;424.38;423.98
805;34048;413.8;401.7
7568;34101;397.4;395.5
4490;34088;398.93;398.03
806;34049;381.8;380.1
804;34045;423.98;423.08
811;34079;411.8;410
803;34041;425.39;425.14
4491;34091;398.46;397.86
11507;34125;399.1;398.8
814;34134;384.9;384.6
813;34123;384.9;380.85
11205;34115;399.46;398.96
10991;34150;419.4;418.9
823;34152;370.9;368.2
1784;34066;397.71;394.26
831;34155;496.85;494.45
24269;34159;372.93;366.43
844;34164;372.67;370.07
11507;34126;398.8;395.2
11205;34116;398.96;396.46
844;34165;370.07;362.27
854;34174;377.05;375.3
816;34143;385.05;384.8
812;34106;385.3;381.5
311;34060;399;396.1
1785;34069;397.64;397.14
816;34146;384.15;381.35
815;34141;381.1;376.5
11508;34129;398.96;398.36
11506;34121;398.24;395.24
831;34156;494.45;493.05
312;34063;396.6;396
4491;34093;397.86;395.56
24270;34161;371.16;369.86
844;34163;377.27;372.67
1786;34076;396.94;395.44
4494;34094;397.18;396.08
802;34039;423.57;422.07
811;34078;422.2;411.8
823;34153;368.2;362.1
812;34095;386.9;385.3
7568;34098;397.9;397.6
312;34062;398.9;396.6
1784;34064;398.46;398.11
814;34139;382.1;368.4
809;34057;420.9;420.5
10184;34104;397.7;396.3
12084;34135;399.76;399.41
11510;34132;399.75;399.25
1788;34084;397.5;396.7
815;34140;381.5;381.1
1786;34075;397.64;396.94
10465;34105;397.8;397.5
12084;34137;398.76;396.16
816;34148;381.35;365.25
11507;34124;399.6;399.1
815;34142;376.5;362.6
810;34073;411.3;409.9
24269;34157;376.43;376.33
24270;34160;374.96;371.16
24270;34162;369.86;364.96
845;34166;376.62;375.52
4490;34089;398.03;395.43
4494;34096;396.08;394.08
12084;34136;399.41;398.76
11505;34117;399.02;397.82
806;34051;379.2;366.75
804;34046;423.08;412.38
811;34077;422.6;422.2
10465;34107;397.5;396.8
825;34154;362.6;360.6
11508;34130;398.36;394.86
810;34072;419.05;411.3
1785;34071;397.14;389.94
11203;34110;398.88;398.53
816;34144;384.8;384.15
805;34047;421.7;413.8
4435;34087;398;396.6
11506;34119;399.24;398.84
1788;34083;397.8;397.5
11204;34114;398.85;395.35
11203;34112;398.18;394.88
813;34122;385.1;384.9
312;34061;399.4;398.9
1787;34080;397.92;397.62
808;34056;421.25;412.75
11203;34111;398.53;398.18
849;34173;373.17;361.77
849;34172;374.47;373.17
806;34050;380.1;379.2
803;34042;425.14;423.39
10184;34102;398.3;398
810;34068;422.1;420.8
24269;34158;376.33;372.93
4435;34086;399;398
810;34070;420.8;419.05
11508;34128;399.26;398.96
1786;34074;397.94;397.64
7568;34100;397.6;397.4
4494;34097;394.08;393.48
814;34138;384.6;382.1
813;34127;380.85;370
807;34053;381.65;380.6
11506;34120;398.84;398.24
11204;34113;399.35;398.85
11505;34118;397.82;394.92
11346;34145;422;421.5
908;34221;379.24;377.04
24291;34242;378.28;374.48
903;34212;366.03;356.38
868;34184;408.7;407.25
911;34229;375.64;372.3
861;34178;376.5;375.15
884;34193;408.44;393.79
897;34200;412.5;411.7
24274;34266;377.84;373.64
24273;34258;383.5;382.7
24272;34256;378.24;374.24
24290;34237;383.26;377.11
24273;34259;382.7;381.1
903;34213;356.38;350.49
883;34191;408.97;393.77
862;34181;375.6;372.4
24291;34243;374.48;372.53
912;34232;418.15;412.05
24274;34265;380.74;377.84
902;34210;374;369.6
891;34197;357.62;353.8
910;34226;374.73;372.3
892;34198;357.56;355.06
884;34192;409.79;408.44
901;34208;374;369.35
24272;34254;382.84;380.34
24271;34250;380.3;378.3
24272;34257;374.24;371.34
862;34180;376;375.6
868;34185;407.25;396.7
24274;34267;373.64;371.64
906;34216;367.8;332.1
24291;34241;382.38;378.28
912;34231;419.15;418.15
24291;34240;383.28;382.38
24292;34244;383.42;381.52
899;34204;407.54;395.64
24273;34260;381.1;379.55
899;34205;408.34;407.54
910;34227;372.3;359.23
24292;34245;381.52;377.92
883;34189;409.77;409.47
882;34188;408.91;393.76
897;34201;411.7;394.8
24274;34263;383.64;381.64
911;34230;372.3;360.24
914;34234;376.4;374.1
914;34235;374.1;355.8
882;34186;409.76;409.46
907;34220;372.7;349.5
907;34219;373.4;372.7
907;34218;375;373.4
909;34225;369.6;342.9
909;34224;370.85;369.6
865;34182;390.9;390.6
24273;34261;379.55;374.5
883;34190;409.47;408.97
24271;34249;382;380.3
861;34177;378.5;376.5
898;34202;422;420
914;34233;376.8;376.4
24274;34264;381.64;380.74
901;34209;369.35;356.4
865;34183;390.6;387.75
24272;34255;380.34;378.24
905;34214;367.13;342.23
24271;34248;383.6;382
24271;34251;378.3;373.4
893;34199;359;357.4
24290;34239;373.86;372.21
24290;34236;383.46;383.26
906;34217;332.1;325.8
24273;34262;374.5;372.5
24292;34246;377.92;374.32
902;34211;369.6;356.4
24271;34252;373.4;368.6
888;34194;398.06;397.66
900;34206;408.28;407.08
905;34215;342.23;332.13
911;34228;376.64;375.64
24272;34253;383.34;382.84
882;34187;409.46;408.91
898;34203;420;396
888;34195;397.66;388.06
24290;34238;377.11;373.86
24292;34247;374.32;372.92
900;34207;407.08;398.18
889;34196;398.95;384.55
909;34223;373.6;370.85
908;34222;377.04;370.19
861;34179;375.15;371
933;34323;375.06;372.06
931;34310;421.51;420.11
923;34303;451.84;451.24
924;34308;364.15;358.65
923;34302;452.24;451.84
916;34277;378.65;377.1
919;34289;388.6;386.3
925;34309;392.5;388.75
919;34290;386.3;374.3
921;34297;452.7;444.4
922;34300;447.42;445.77
923;34304;451.24;441.24
922;34301;445.77;437.77
24277;34319;383.47;382.57
921;34296;453.85;452.7
924;34305;374.75;372.75
24275;34269;383.1;381.45
24276;34317;377.48;373.73
932;34313;420.03;411.43
24275;34271;378.95;374.45
917;34281;390;387.3
921;34298;444.4;434
924;34306;372.75;371.65
915;34273;377;376.6
24275;34270;381.45;378.95
24276;34315;382.13;380.13
24277;34321;378.62;374.97
915;34275;374.6;366.4
24276;34318;373.73;371.63
24277;34322;374.97;371.47
917;34282;387.3;382.9
918;34286;387;384.4
918;34287;384.4;371.35
922;34299;447.77;447.42
933;34325;356.06;340.06
919;34288;390.3;388.6
915;34274;376.6;374.6
917;34283;382.9;368.6
916;34278;377.1;369.2
916;34279;369.2;367.8
924;34307;371.65;364.15
917;34280;391.5;390
931;34311;420.11;411.21
920;34292;390.1;388.05
932;34312;421.43;420.03
24275;34268;383.45;383.1
24277;34320;382.57;378.62
916;34276;379.2;378.65
24276;34316;380.13;377.48
920;34293;388.05;381.8
920;34291;391.3;390.1
933;34324;372.06;356.06
24275;34272;374.45;372.45
921;34295;454.4;453.85
918;34285;391.1;387
918;34284;393;391.1
920;34294;381.8;368.5
24276;34314;383.63;382.13
24289;34383;379.16;373.96
24286;34366;383.8;381.25
24281;34341;383.44;381.54
24280;34339;377.06;373.66
24281;34343;379.84;377.54
24287;34372;382.32;380.52
24280;34337;382.81;380.79
24284;34359;376.47;373.47
24288;34378;379.79;378.99
24278;34328;378.84;378.49
24282;34350;371.37;370.47
24282;34346;383.47;383.17
24284;34360;373.47;371.47
24280;34336;383.46;382.81
24285;34362;383.1;380.7
24288;34377;382.99;379.79
24288;34376;384.79;382.99
24283;34354;377.75;373.75
24278;34327;382.39;378.84
24284;34356;383.47;383.27
24279;34334;377.9;373.9
24287;34373;380.52;378.32
24285;34361;383.9;383.1
24287;34374;378.32;375.12
24281;34342;381.54;379.84
24282;34347;383.17;380.82
24287;34371;383.92;382.32
24289;34382;381.26;379.16
24288;34380;376.39;371.79
24285;34363;380.7;377.75
24279;34331;383.5;382.7
24284;34358;382.37;376.47
24284;34357;383.27;382.37
24278;34329;378.49;374.14
24289;34381;384.56;381.26
24282;34349;378.97;371.37
24280;34340;373.66;371.46
24286;34369;379.1;373.5
24285;34365;373.8;371.9
24287;34375;375.12;362.92
24289;34384;373.96;371.56
24279;34335;373.9;371.5
24281;34344;377.54;373.04
24280;34338;380.79;377.06
24278;34326;383.49;382.39
24278;34330;374.14;371.49
24283;34355;373.75;371.85
24283;34351;383.35;383.15
24286;34368;380.7;379.1
24288;34379;378.99;376.39
24279;34332;382.7;378.8
24285;34364;377.75;373.8
24283;34353;380.95;377.75
24283;34352;383.15;380.95
24279;34333;378.8;377.9
24282;34348;380.82;378.97
24281;34345;373.04;371.29
24286;34367;381.25;380.7
24286;34370;373.5;370.8
11697;34401;412.8;410.6
9871;34398;381.58;379.93
1160;34387;386;366.9
9871;34396;391.93;390.83
1116;34404;412.95;388.3
9871;34400;370.23;362.93
3521;34395;387.81;381.16
1164;34391;397.5;380.7
1160;34386;388.2;386
11697;34402;410.6;396.8
1161;34388;401.2;400.2
1116;34403;413.5;412.95
1161;34389;400.2;387.6
9871;34399;379.93;370.23
1160;34385;394.5;388.2
3521;34394;394.36;387.81
1164;34390;399;397.5
11698;34407;411.35;397.25
11698;34406;411.65;411.35
11698;34405;412.25;411.65
1164;34392;380.7;365
9871;34397;390.83;381.58
1164;34393;365;359
24297;34444;404.1;402.6
24294;34428;415.8;415.6
24295;34435;411.5;410.5
24295;34432;415.7;415.5
944;34425;372.81;367.81
934;34410;370.8;350
24298;34447;443.15;441.35
952;34459;419.87;410.42
24298;34445;444.05;443.95
24296;34436;415.7;415.5
24296;34437;415.5;415.1
24300;34451;444.05;443.95
24298;34446;443.95;443.15
954;34463;408.01;407.51
24294;34430;415.2;411.8
24299;34448;444.05;443.95
24304;34475;402.4;402
957;34481;371.78;371.58
24304;34476;402;398.3
24294;34431;411.8;405.4
24299;34450;443.45;440.45
24296;34438;415.1;411
24301;34454;444.1;443.35
956;34480;373.2;371.2
24300;34452;443.95;443.55
944;34426;367.81;352.61
954;34465;400.31;397.11
24303;34469;403.2;403
952;34458;420.42;419.87
24297;34441;415.35;415.1
24304;34473;402.8;402.6
24296;34439;411;410.3
939;34421;372.4;343.4
24295;34433;415.5;415.2
942;34423;364;314.1
934;34408;375;372.1
24305;34478;404.4;403.5
24305;34477;404.7;404.4
937;34415;372.33;368.13
937;34414;374.03;372.33
934;34409;372.1;370.8
24297;34443;412.1;404.1
24302;34466;406.4;406.1
953;34460;410.27;408.77
938;34417;375.62;372.02
938;34419;369.62;363.42
951;34456;421.76;421.26
24294;34429;415.6;415.2
953;34461;408.77;402.97
942;34422;367.5;364
951;34457;421.26;411.06
953;34462;402.97;398.62
24302;34468;404.2;401.9
24303;34471;402;400.7
24297;34440;415.6;415.35
939;34420;375.4;372.4
24302;34467;406.1;404.2
935;34411;375.16;374.26
944;34424;374.31;372.81
954;34464;407.51;400.31
24303;34470;403;402
935;34413;370.26;353.56
24295;34434;415.2;411.5
24301;34455;443.35;440.4
24303;34472;400.7;398.2
937;34416;368.13;361.73
938;34418;372.02;369.62
955;34479;373.1;372.1
24299;34449;443.95;443.45
24297;34442;415.1;412.1
24304;34474;402.6;402.4
958;34482;373.05;371.65
950;34427;410.52;409.62
24300;34453;443.55;440.55
935;34412;374.26;370.26
972;34518;397.72;363.97
974;34522;383.66;364.46
962;34491;398.7;396.9
975;34524;414.83;405.53
981;34537;430.61;429.01
966;34502;428.05;427.55
981;34536;431.31;430.61
959;34483;403.67;402.22
964;34498;397.1;396.5
960;34486;401.44;381.59
970;34511;401.29;399.44
962;34493;396.5;385.6
970;34513;371.99;369.83
977;34527;370.33;360.53
966;34503;427.55;412.75
975;34523;415.53;414.83
960;34485;402.79;401.44
980;34533;431.48;430.78
967;34504;432.45;430.45
977;34525;375.73;372.93
979;34530;375.46;373.36
980;34535;429.38;421.08
972;34517;400.97;397.72
978;34528;373.68;372.78
964;34497;398.5;397.1
971;34516;375.23;373.33
961;34487;398.4;397.4
959;34484;402.22;385.67
961;34490;357.2;354.9
969;34508;400.97;398.82
973;34519;402.08;401.13
974;34521;394.46;383.66
963;34494;397.3;396.4
967;34505;430.45;417.05
971;34515;397.63;375.23
973;34520;401.13;372.08
979;34531;373.36;370.96
962;34492;396.9;396.5
971;34514;402.33;397.63
969;34509;398.82;365.57
963;34496;395.7;385
965;34501;428.77;409.27
981;34538;429.01;421.06
970;34512;399.44;371.99
965;34500;429.47;428.77
968;34507;429.72;418.62
963;34495;396.4;395.7
964;34499;396.5;386.1
978;34529;372.78;367.88
979;34532;370.96;360.06
961;34489;396.8;357.2
970;34510;402.69;401.29
977;34526;372.93;370.33
980;34534;430.78;429.38
961;34488;397.4;396.8
968;34506;430.62;429.72
993;34569;420.46;419.76
983;34543;394.75;382.15
989;34557;368.5;366.1
994;34575;396.95;388.65
982;34539;434.04;433.14
990;34560;367.8;365.6
985;34546;413;412.8
998;34583;391.31;373.01
988;34553;367.64;364.84
993;34570;419.76;409.96
995;34577;405.25;396.45
990;34561;365.6;358.1
991;34563;367.62;365.92
992;34566;419.95;413.05
987;34550;412.25;411.55
992;34567;413.05;397.1
985;34547;412.8;407.9
982;34540;433.14;418.74
995;34578;396.45;395.75
989;34558;366.1;357.4
990;34559;370.1;367.8
998;34581;393.01;392.61
983;34541;402.15;401.55
986;34548;411.9;411.2
987;34551;411.55;407.55
998;34582;392.61;391.31
992;34565;420.6;419.95
991;34564;365.92;359.92
995;34576;406.35;405.25
991;34562;368.52;367.62
989;34555;370.1;368.9
994;34573;406.35;405.85
997;34579;392.84;392.34
988;34552;368.64;367.64
989;34556;368.9;368.5
992;34568;397.1;386.44
994;34574;405.85;396.95
983;34542;401.55;394.75
984;34545;412.1;407.85
988;34554;364.84;362.54
984;34544;412.5;412.1
986;34549;411.2;405.25
993;34571;409.96;391.51
993;34572;391.51;384.85
997;34580;392.34;388.34
1005;34601;380.96;374.96
999;34584;383.39;380.84
1006;34604;373.73;371.93
999;34585;380.84;376.39
1004;34600;377.96;373.16
1002;34593;382.16;382.01
1000;34588;380.98;375.18
999;34586;376.39;372.24
1003;34598;375.15;372.8
1001;34590;382.34;382.09
1001;34592;375.34;373.44
1000;34587;382.18;380.98
1000;34589;375.18;371.28
1001;34591;382.09;375.34
1004;34599;382.26;377.96
1006;34603;379.73;373.73
1003;34597;381.45;375.15
1005;34602;374.96;371.36
1002;34594;382.01;376.16
1003;34596;381.95;381.45
1002;34595;376.16;373.06
1031;34683;418.92;415.12
1026;34671;417.75;382.8
1011;34612;372.91;371.81
1015;34624;379.98;374.08
1012;34613;376.78;373.38
1024;34657;399.1;394.9
1016;34629;375.7;369.85
1021;34648;384.38;378.33
12967;34667;419.1;414.3
1032;34686;408.86;393.86
1033;34688;408.96;393.86
12967;34668;414.3;389.7
1017;34632;378.1;375.05
1021;34649;378.33;374.03
1018;34635;384.19;379.79
1016;34628;379.3;375.7
1015;34625;374.08;368.18
1026;34670;419.3;417.75
1016;34627;383.9;379.3
1020;34643;387.74;383.94
1019;34638;386.17;385.77
1028;34676;406.42;385.62
12968;34663;420.1;417.7
1030;34679;418.05;417.75
1011;34610;376.41;375.96
1017;34630;384.95;383.15
1028;34675;406.72;406.42
1019;34640;383.07;378.32
1027;34672;419.2;418.55
1021;34647;389.68;384.38
1016;34626;384.85;383.9
1017;34633;375.05;369.8
1014;34621;373.73;364.73
1023;34655;394.81;394.31
1014;34619;378.23;375.93
1026;34669;419.85;419.3
1020;34646;374.94;366.74
1029;34677;419.28;412.98
1019;34642;373.37;371.27
1015;34623;381.9;379.98
1030;34681;417.25;386.05
1024;34658;394.9;370.1
1008;34607;376.27;369.42
1018;34634;385.49;384.19
1007;34606;371.1;369.05
1013;34615;379.28;375.48
1019;34641;378.32;373.37
12968;34662;420.5;420.1
1013;34617;374.28;369.28
1013;34616;375.48;374.28
1033;34687;409.86;408.96
1014;34620;375.93;373.73
1022;34652;392;389.8
1030;34680;417.75;417.25
1023;34656;394.31;370.41
1027;34673;418.55;416.75
1014;34618;380.23;378.23
1020;34644;383.94;378.89
1019;34639;385.77;383.07
1018;34637;374.99;368.79
1031;34682;419.32;418.92
1007;34605;374.9;371.1
1027;34674;416.75;388.35
1009;34609;369.04;367.44
1011;34611;375.96;372.91
1031;34684;415.12;394.07
1012;34614;373.38;361.73
1032;34685;409.86;408.86
1020;34645;378.89;374.94
1017;34631;383.15;378.1
1025;34661;418.3;388.2
1015;34622;383.08;381.9
1029;34678;412.98;387.78
12967;34665;420;419.7
1025;34660;419.7;418.3
1022;34651;396.3;392
12968;34664;417.7;412.5
1022;34653;389.8;371.3
1025;34659;420.2;419.7
1018;34636;379.79;374.99
12967;34666;419.7;419.1
1009;34608;374.24;369.04
1021;34650;374.03;370.18
1023;34654;396.41;394.81
24308;34750;432.99;432.19
24312;34761;432.76;432.06
1064;34736;416.07;403.72
24312;34763;431.16;428.66
1059;34727;373.58;354.58
1054;34711;383.85;382.95
24307;34747;432.99;432.09
1058;34725;342.32;336.72
1055;34715;383.3;382.6
1037;34696;416.2;388.7
1054;34714;366.05;363.05
1059;34726;378.88;373.58
1065;34739;336.7;334.25
1068;34741;339.59;335.2
1061;34735;368.08;362.48
1057;34722;377.6;374.4
1038;34698;409.87;391.57
1041;34707;353.95;350.8
1057;34721;379.1;377.6
24313;34765;433.92;432.87
1046;34708;350;349.45
24312;34762;432.06;431.16
1055;34719;365.8;363.1
1039;34700;418.55;417.5
24311;34759;433.44;432.59
24309;34752;433.21;432.61
24310;34755;433.29;432.69
24306;34745;433.26;430.36
24306;34744;433.56;433.26
1074;34774;368.4;358.2
1046;34710;349.45;340
1039;34701;417.5;415
1055;34717;377.15;374.3
24311;34760;432.59;429.79
24314;34769;431.47;429.17
24306;34743;434.36;433.56
1040;34705;417.29;381.59
1037;34694;418.7;418.55
1060;34732;362.42;354.42
24307;34748;432.09;429.39
24315;34770;434.3;433.55
1041;34706;355;353.95
1060;34728;379.02;377.22
1069;34742;336.2;333.39
1037;34695;418.55;416.2
1036;34691;418.7;418
24308;34751;432.19;429.59
1061;34734;376.28;368.08
24309;34753;432.61;431.81
1061;34733;378.88;376.28
24310;34757;431.69;429.19
1066;34737;337.58;336.18
1040;34704;418.79;417.29
24315;34772;432.4;430.1
1035;34690;407.99;382.99
24314;34767;433.27;432.52
1054;34712;382.95;377.55
1055;34718;374.3;365.8
24309;34754;431.81;429.01
1039;34699;418.7;418.55
1057;34720;379.4;379.1
1036;34692;418;416.9
24311;34758;434.09;433.44
1060;34731;374.12;362.42
1035;34689;409.19;407.99
1067;34738;337.54;335.19
1058;34723;379.12;375.57
24310;34756;432.69;431.69
1038;34697;411.27;409.87
1040;34703;419.09;418.79
24313;34766;432.87;430.12
1060;34730;376.47;374.12
24315;34771;433.55;432.4
1058;34724;375.57;342.32
1060;34729;377.22;376.47
1036;34693;416.9;389.4
1065;34740;334.25;320.18
24314;34768;432.52;431.47
1039;34702;415;392.4
24307;34746;433.59;432.99
1054;34713;377.55;366.05
24308;34749;433.59;432.99
1055;34716;382.6;377.15
24313;34764;434.37;433.92
1089;34804;413.3;408.9
1091;34810;391.08;389.18
1082;34783;369.05;357
1095;34816;383.99;383.19
1093;34815;398.14;393.44
1086;34793;413.7;413.5
1083;34786;382.7;374.75
1096;34821;414.98;414.18
1093;34814;403.59;398.14
1076;34780;372.8;353.2
1097;34825;370.6;331.3
1095;34818;379.79;372.89
1096;34823;406.28;404.48
1095;34819;372.89;371.09
1075;34775;370.2;350.2
1086;34792;415.4;413.7
1085;34791;412.8;398.65
1077;34782;372.8;353.9
1091;34809;398.78;391.08
1089;34803;417.3;413.3
1086;34794;413.5;412.4
24317;34777;456.6;455.9
1091;34808;401.58;398.78
1093;34812;404.59;403.99
1088;34799;416.7;414.9
1089;34805;408.9;402.7
1099;34826;371.21;368.01
24316;34776;456.4;454.9
1083;34785;384.75;382.7
24317;34778;455.9;455.4
1093;34811;405.14;404.59
1087;34797;413.92;409.42
1086;34795;412.4;399.9
1090;34806;401.63;400.03
1088;34801;407;403.5
1089;34802;417.7;417.3
1090;34807;400.03;391.83
1077;34781;373.9;372.8
1076;34779;373.2;372.8
1084;34788;382.4;369.5
1096;34820;415.48;414.98
1087;34796;415.12;413.92
1087;34798;409.42;399.82
1097;34824;371.3;370.6
1096;34822;414.18;406.28
1093;34813;403.99;403.59
1085;34789;413.8;413.5
1088;34800;414.9;407
1084;34787;385;382.4
1085;34790;413.5;412.8
1095;34817;383.19;379.79
1083;34784;385;384.75
24329;34856;375.18;371.48
467;34867;396.2;394
465;34864;397;395
24321;34843;390.45;387.55
489;34869;412.7;411.8
153;34862;369.68;368.18
24324;34849;389.11;388.26
24323;34847;388.98;387.98
24330;34860;373.38;365.33
14713;34829;372;369.5
14713;34827;375.6;373.6
24330;34861;365.33;361.68
24319;34837;391.95;389.45
14715;34830;375.55;372.85
14715;34832;372.6;369.55
24326;34851;387.79;386.79
24318;34833;433.1;432.3
24327;34852;387.22;386.22
24330;34859;375.68;373.38
24319;34838;389.45;388.05
24330;34858;381.08;375.68
24329;34855;381.48;375.18
489;34871;410.25;407.4
24325;34850;388.07;387.07
24328;34854;380.28;378.33
24321;34844;387.55;386.55
24320;34839;391.97;391.87
24322;34845;388.34;387.94
489;34870;411.8;410.25
467;34868;394;393.4
14713;34828;373.6;372
14715;34831;372.85;372.6
24318;34834;432.3;430.1
24319;34836;392.05;391.95
24330;34857;381.68;381.08
24320;34840;391.87;389.17
24320;34841;389.17;387.97
466;34865;396.5;394.1
24321;34842;390.55;390.45
153;34863;368.18;365.18
24318;34835;430.1;427.1
24324;34848;389.26;389.11
24328;34853;380.33;380.28
24322;34846;387.94;387.34
466;34866;394.1;394
24335;34891;423;249
24331;34874;411.25;397.95
490;34904;409.2;407.8
24331;34877;350.25;343.65
491;34905;413;412
24333;34881;421.48;420.88
24337;34896;335;249
490;34903;411.7;409.2
24338;34897;442;440
24333;34885;363.48;358.48
494;34914;414.45;413.65
24336;34892;427;395
24336;34893;395;177
491;34907;410.5;408.2
24332;34880;346.53;329.83
24332;34878;420.33;419.23
24331;34876;352.95;350.25
24334;34886;416;366
24331;34875;397.95;352.95
490;34901;412.9;412.4
24333;34882;420.88;411.28
24333;34883;411.28;391.48
490;34902;412.4;411.7
24334;34888;336;131
493;34911;413.5;412.7
24338;34899;434;192
24333;34884;391.48;363.48
491;34906;412;410.5
24332;34879;419.23;346.53
24335;34890;439;423
24337;34895;425;335
24337;34894;429;425
494;34915;413.65;412.65
24331;34873;413.55;411.25
24335;34889;449;439
492;34909;412.1;410.8
24331;34872;414.65;413.55
24338;34898;440;434
21081;34900;390;114
493;34913;411.5;408.6
24334;34887;366;336
492;34908;413.1;412.1
492;34910;410.8;407.2
493;34912;412.7;411.5
494;34916;412.65;409.65
496;34920;413.9;413.4
24341;34928;377.96;377.46
24340;34927;373.46;362.16
24339;34923;376.81;371.61
24342;34933;373.99;373.14
495;34919;412.5;409.5
24341;34930;371.96;367.16
24340;34926;376.36;373.46
24343;34935;376.78;373.08
24339;34924;371.61;369.21
495;34917;414.3;413.9
24342;34932;376.69;373.99
24340;34925;380.16;376.36
495;34918;413.9;412.5
24341;34929;377.46;371.96
24343;34936;373.08;364.98
24342;34931;383.14;376.69
24339;34922;379.21;376.81
24343;34934;382.98;376.78
496;34921;413.4;408.95
24358;34970;370.39;367.29
24360;34976;368.54;356.64
24346;34941;406.47;406.27
24347;34943;394.7;394.55
24353;34959;399.4;398.8
24365;34989;468.1;465.3
24360;34975;370.04;368.54
24366;34990;468.3;467.6
24362;34981;415;409
24352;34955;399.7;399.3
24346;34942;406.27;403.47
24366;34992;464.3;463.6
24347;34945;394.25;390.7
24363;34983;472.5;470.9
24349;34948;393.12;393.02
24350;34951;396.8;396.7
24365;34988;469.4;468.1
24361;34978;414.85;407.85
24348;34947;392.65;389.15
24362;34982;409;403.3
24352;34956;399.3;398.7
24364;34985;471.4;469.9
24351;34954;395.8;394.8
24349;34949;393.02;391.92
24344;34938;398.07;177.07
24354;34962;410.6;410.2
24365;34987;470.2;469.4
24366;34991;467.6;464.3
24359;34971;374.64;370.34
24349;34950;391.92;389.02
24348;34946;393.15;392.65
24355;34963;408.8;408
24357;34967;373.28;369.88
24360;34974;374.64;370.04
24364;34984;472.5;471.4
24350;34952;396.7;395.6
24362;34980;415.3;415
24353;34960;398.8;397.4
24350;34953;395.6;394.8
24361;34977;415.15;414.85
24353;34958;399.8;399.4
24361;34979;407.85;403.15
24364;34986;469.9;468.6
24356;34966;404.85;401.8
24347;34944;394.55;394.25
24358;34969;373.29;370.39
24359;34972;370.34;368.79
24357;34968;369.88;347.98
24354;34961;411.2;410.6
24356;34965;405.3;404.85
24359;34973;368.79;356.64
24352;34957;398.7;396.3
24344;34937;434.07;398.07
24345;34939;406.6;406.5
24355;34964;408;403.8
24345;34940;406.5;403.6
24372;35017;416.45;409
24386;35051;488.8;486.5
24399;35087;446.5;441.9
24406;35114;426.45;426.05
24397;35079;422.65;422.05
24381;35040;420.1;418.8
24371;35010;422.85;421.6
24375;35026;410.5;410.05
24399;35089;439;431.6
24403;35104;413.85;412.35
24398;35083;422.4;422
24399;35086;448.3;446.5
24398;35084;422;420.95
24401;35094;448.47;448.12
24403;35102;417.15;414.55
24380;35039;416.2;415.6
24390;35061;389.7;388.7
24396;35076;378.6;376
24397;35078;422.95;422.65
24370;35004;423.1;422.7
24374;35023;410.1;409.7
24372;35013;423;422.6
24407;35118;424;422.7
24381;35041;418.8;416.1
24404;35107;424.03;423.68
24405;35111;426.28;425.88
24392;35065;431.3;430.4
24406;35116;425.35;422.35
24370;35006;421.6;421.1
24370;35008;419.8;418.7
24403;35103;414.55;413.85
24373;35020;421.1;420.3
24401;35096;445.77;442.47
24379;35035;412.2;412.1
24391;35062;431.8;430.9
24394;35073;429.1;427.2
24390;35060;390.1;389.7
24369;35002;420.4;417.25
24368;34995;423.1;423.05
24371;35011;421.6;420.2
24385;35049;488.1;485.7
24388;35055;488;487.3
24392;35066;430.4;429.9
24373;35022;416.1;410.4
24391;35063;430.9;429.8
24369;34999;423;422.55
24368;34996;423.05;421.4
24407;35120;422.1;420.05
24388;35054;489;488
24369;35003;417.25;408.6
24384;35046;488.9;487.9
24375;35027;410.05;398.5
24368;34997;421.4;417.55
24367;34993;388.4;383.6
24373;35021;420.3;416.1
24372;35015;421;420.25
24392;35067;429.9;428.2
24393;35068;430.8;429.9
24393;35069;429.9;429.6
24399;35090;431.6;427.8
24403;35101;417.45;417.15
24406;35115;426.05;425.35
24395;35075;376.2;370.6
24377;35031;410.6;409.5
24404;35110;420.93;420.03
24385;35048;489.1;488.1
24382;35043;418.8;416
24400;35093;446.4;436.7
24380;35038;418.5;416.2
24393;35070;429.6;427.9
24403;35105;412.35;410.45
24371;35012;420.2;418.7
24376;35028;410.55;410.35
24379;35036;412.1;410.5
24400;35092;448.8;446.4
24369;35000;422.55;421.9
24380;35037;419.2;418.5
24398;35082;422.9;422.4
24382;35042;419.9;418.8
24371;35009;422.9;422.85
24402;35097;448.5;448.1
24402;35098;448.1;446.2
24402;35100;443.95;442.5
24405;35113;424.58;422.48
24384;35047;487.9;485.7
24389;35056;390.6;390
24378;35034;410.25;410.2
24389;35058;389.5;388.6
24389;35057;390;389.5
24383;35045;487.9;485.5
24390;35059;390.7;390.1
24397;35080;422.05;421
24368;34998;417.55;414.85
24396;35077;376;370.6
24394;35072;429.3;429.1
24407;35117;424.3;424
24387;35053;488.6;486.3
24373;35019;422.37;421.1
24402;35099;446.2;443.95
824;35106;365.4;362.3
24378;35033;411.85;410.25
24395;35074;378.6;376.2
24372;35014;422.6;421
24387;35052;489.3;488.6
24378;35032;412;411.85
24405;35112;425.88;424.58
24407;35119;422.7;422.1
24376;35029;410.35;409.25
24370;35007;421.1;419.8
24394;35071;430.3;429.3
24400;35091;449.2;448.8
24399;35088;441.9;439
24377;35030;410.8;410.6
24367;34994;383.6;373.4
24372;35016;420.25;416.45
24401;35095;448.12;445.77
24374;35024;409.7;398.1
24383;35044;488.9;487.9
24386;35050;489.5;488.8
24369;35001;421.9;420.4
24404;35109;422.63;420.93
24373;35018;422.4;422.37
24370;35005;422.7;421.6
24397;35081;421;415.95
24391;35064;429.8;428.9
24398;35085;420.95;397.7
24404;35108;423.68;422.63
864;35122;373;370
1272;35129;370.09;366.59
863;35121;371;370
1295;35130;415.12;414.32
1272;35128;372.59;370.09
1141;35126;368.53;366.33
1295;35131;414.32;411.52
1295;35132;411.52;405.54
1351;35133;364.1;361.35
1355;35137;406.59;403.79
1352;35134;384.11;382.31
1355;35136;414.59;406.59
1141;35125;372.93;368.53
1140;35123;377.06;376.91
1140;35124;376.46;373.1
1270;35127;364.67;363.77
1355;35135;415.09;414.59
5537;35157;399.24;390.24
5541;35189;394.12;393.12
5535;35180;396.18;395.28
11954;35167;385;383.8
5539;35140;396.39;388.19
5535;35179;397.28;396.18
1777;35195;404.88;402.93
7923;35169;392.7;389.5
4382;35146;400.69;399.19
4381;35184;400.67;392.77
5193;35192;396.11;394.91
4377;35183;397.92;395.52
5193;35191;397.61;396.11
2535;35151;398.5;391.8
4383;35144;401.36;395.66
3010;35156;388.09;384.74
4483;35139;397.4;390.5
5540;35143;395.46;392.66
2609;35165;399.62;398.02
3010;35155;390.74;388.09
7361;35161;396.8;395.5
4383;35145;395.66;392.76
4483;35138;398.5;397.4
7923;35168;392.9;392.7
2678;35171;393.9;378.4
4377;35182;400.32;397.92
3028;35187;393.92;391.72
4479;35148;402.53;401.33
2535;35150;401.8;398.5
3022;35158;390.58;387.53
4480;35163;401.72;399.92
2678;35170;394.9;393.9
5540;35141;396.56;396.16
5191;35177;396.99;390.59
10271;35178;392.65;388.95
3028;35188;391.72;382.12
5535;35181;395.28;391.18
5541;35190;393.12;389.72
4477;35185;403.29;401.49
3022;35159;387.53;386.83
4479;35149;401.33;398.83
4376;35174;400.16;391.36
2532;35176;398.2;374.3
4477;35186;401.49;399.19
3012;35193;389.55;387.55
3012;35194;387.55;383.75
1777;35196;402.93;399.88
2609;35164;401.82;399.62
7362;35172;398.1;397.75
4481;35153;398.7;391.7
11954;35166;389.8;385
1777;35197;399.88;392.88
2532;35175;401.8;398.2
4481;35152;401.7;398.7
3022;35160;386.83;385.98
7362;35173;397.75;395
7361;35162;395.5;393.3
5540;35142;396.16;395.46
4382;35147;399.19;393.59
7678;35154;391.46;385.96
21828;35296;383;379
21816;35270;378.95;376.75
21829;35303;371.3;338.5
21813;35267;410.41;407.36
24443;35257;429;425.3
24445;35262;431.2;430.55
23942;35202;390.24;389.64
23940;35201;389.8;389.5
24432;35230;422.7;419.7
21828;35298;376.6;372.7
21813;35268;407.36;405.36
21814;35224;420.64;419.74
21824;35279;373.5;371.6
21825;35283;373.5;371.4
24444;35258;431.25;430.45
24439;35243;401.1;400.8
21825;35287;366.7;365.9
21828;35299;372.7;368
24443;35256;429.9;429
21817;35276;377.31;376.31
24439;35245;399.7;393.1
24442;35251;431.5;429.4
21817;35278;368.31;364.41
23939;35199;389.56;389.41
23952;35212;389.9;389.5
24439;35244;400.8;399.7
21826;35291;372.9;368.05
21828;35297;379;376.6
23947;35208;390;388.6
24440;35247;398.5;394.5
23946;35206;389.34;388.54
21887;35220;306.53;304.53
24434;35234;424.4;421.1
21815;35227;415.46;414.71
24443;35254;431.3;430.3
24442;35252;429.4;428.2
23945;35203;389.8;389
21813;35266;419.66;410.41
24434;35233;424.9;424.4
24445;35263;430.55;429.1
24443;35255;430.3;429.9
23953;35214;390.06;389.56
21887;35218;373.53;323.53
21888;35223;375.38;368.38
24440;35246;400.5;398.5
21817;35277;376.31;368.31
24441;35250;390.3;388.7
21824;35280;371.6;367.9
21826;35289;377.9;376.8
21827;35295;371.3;343.2
21829;35300;378.5;376.6
21829;35301;376.6;376.2
24444;35259;430.45;430.05
24438;35241;428.25;427.65
24442;35253;428.2;427.5
21887;35217;423.53;373.53
21814;35225;419.74;419.09
21816;35272;374.15;367.75
24432;35229;423.5;422.7
21887;35216;433.53;423.53
21817;35274;380.41;377.91
21825;35284;371.4;367.7
23946;35205;390.14;389.34
21888;35221;433.38;423.38
21827;35294;376.8;371.3
21826;35290;376.8;372.9
24437;35239;427.8;427.2
21829;35302;376.2;371.3
24433;35231;425.7;425.5
24444;35261;429.05;425.25
21827;35292;383.2;379.45
23940;35200;390.2;389.8
21816;35273;367.75;363.95
21825;35285;367.7;367.3
21827;35293;379.45;376.8
24436;35238;426.65;423.15
23952;35213;389.5;389.4
21824;35281;367.9;363.9
24444;35260;430.05;429.05
21813;35269;405.36;400.36
24437;35240;427.2;423.7
21825;35286;367.3;366.7
21814;35226;419.09;410.64
23951;35210;389.58;389.08
23953;35215;389.56;389.46
21816;35271;376.75;374.15
21815;35228;414.71;405.46
24436;35237;427.35;426.65
23951;35211;389.08;389.03
23939;35198;390.01;389.56
21817;35275;377.91;377.31
24438;35242;427.65;424.15
21887;35219;323.53;306.53
23950;35209;389.3;388.4
23947;35207;390.5;390
21888;35222;423.38;375.38
21813;35265;420.36;419.66
24441;35249;394.7;390.3
24445;35264;429.1;427.2
24433;35232;425.5;421.5
24441;35248;400.7;394.7
23945;35204;389;387.2
24435;35235;426.6;426
24435;35236;426;422.4
21824;35282;363.9;363.5
21826;35288;383.3;377.9
21834;35322;415.12;410.07
21891;35363;395.42;327.42
21835;35325;417.68;417.18
21892;35365;455.98;455.48
21932;35389;379.4;377.4
21926;35378;378.5;370
21839;35345;413.3;413.2
21886;35358;433.93;413.93
21838;35341;414.4;414
21832;35314;416.6;410.95
21839;35343;416.5;414.3
21830;35305;377.8;375.7
21830;35306;375.7;369.85
21833;35319;410.75;404.6
21930;35386;368.24;365.24
21894;35374;368;352
21835;35327;416.08;411.48
21891;35362;413.42;395.42
21932;35390;377.4;368.75
21891;35364;327.42;317.42
21884;35353;426;420
21833;35318;416;410.75
21933;35392;374.49;371.39
21831;35308;383;379
21892;35368;411.98;329.98
21892;35367;435.98;411.98
21843;35347;416.3;415.3
21839;35342;416.7;416.5
21836;35333;412.5;411.3
21834;35320;417.22;416.77
21835;35326;417.18;416.08
21844;35352;416.7;399
21894;35373;404;368
21834;35323;410.07;408.82
21835;35328;411.48;409.88
21833;35317;416.35;416
21838;35340;415.8;414.4
21838;35338;416.7;416.62
21843;35351;395.6;391.6
21886;35359;413.93;373.93
21933;35393;371.39;369.09
21830;35307;369.85;343
21894;35372;410;404
21893;35370;435;388
21837;35335;416.7;416.6
21843;35346;416.6;416.3
21836;35332;416.45;412.5
21926;35376;385;381
21926;35377;381;378.5
21931;35387;384;374
21837;35336;416.6;414.3
21929;35384;379;366.8
21884;35354;420;186
21931;35388;374;366
21928;35381;374.55;368.15
21886;35357;434.93;433.93
21832;35315;410.95;405.3
21885;35355;429;405
21932;35391;368.75;364.4
21831;35309;379;376.15
21834;35324;408.82;402.22
21833;35316;416.6;416.35
21831;35310;376.15;371.8
21894;35375;352;160
21836;35330;417.7;417.2
21843;35350;412.8;395.6
21891;35361;423.42;413.42
21843;35348;415.3;414.6
21885;35356;405;179
21927;35380;373.1;365.2
21837;35337;414.3;414
21927;35379;383.2;373.1
21933;35394;369.09;365.49
21886;35360;373.93;371.93
21929;35383;384.8;379
21843;35349;414.6;412.8
21835;35329;409.88;404.68
21892;35366;455.48;435.98
21836;35334;411.3;410.7
21928;35382;368.15;364.55
21836;35331;417.2;416.45
21892;35369;329.98;325.98
21832;35312;417.3;417.05
21893;35371;388;185
21834;35321;416.77;415.12
21930;35385;384.24;368.24
21831;35311;371.8;367.8
21832;35313;417.05;416.6
21838;35339;416.62;415.8
21839;35344;414.3;413.3
21830;35304;383;377.8
21936;35405;369.1;366.4
21946;35430;373;372.95
21934;35396;370.49;365.89
21948;35436;372.9;367.2
21938;35408;368.6;366.6
14298;35464;423.7;418.2
6334;35452;429.82;429.52
21934;35395;374.49;370.49
7202;35456;434.87;430.97
1420;35446;428.94;427.84
21942;35418;374.6;374.3
7202;35457;430.97;424.87
21951;35445;367.7;365.55
21949;35440;367.8;363
21948;35435;373;372.9
21941;35415;374.6;374.25
21946;35431;372.95;367.1
21937;35403;374.6;369.2
21937;35402;374.7;374.6
6334;35455;424.52;415.82
21950;35441;375.3;366.8
21935;35399;371.49;365.49
21938;35406;374.6;374.2
21948;35437;367.2;363
3074;35449;431.3;429.2
21947;35433;375.15;367.45
6334;35453;429.52;425.92
21939;35410;374.25;369.1
21939;35409;374.6;374.25
21934;35397;365.89;365.49
21950;35443;360.95;360.3
21941;35417;365.6;364.6
21943;35422;374.25;369.6
21940;35414;369.8;365.6
21945;35428;373.6;367.7
21942;35419;374.3;370
21936;35400;374.7;374.6
21947;35434;367.45;364.15
1420;35447;427.84;418.94
21944;35425;372.65;364.8
21949;35439;372.9;367.8
3072;35448;431.5;427.4
3074;35450;429.2;426.9
6334;35454;425.92;424.52
7823;35458;444.15;443.95
7823;35459;443.95;443.1
7823;35460;443.1;440.35
14298;35463;424.3;423.7
21945;35427;374;373.6
21938;35407;374.2;368.6
21941;35416;374.25;365.6
21940;35413;374.3;369.8
21949;35438;373;372.9
14298;35462;425;424.3
21936;35401;374.6;369.1
21943;35423;369.6;366.6
21946;35432;367.1;363
21940;35412;374.6;374.3
21944;35424;372.95;372.65
21937;35404;369.2;364.7
21935;35398;374.49;371.49
21942;35420;370;366.6
21950;35442;366.8;360.95
21944;35426;364.8;361.95
21945;35429;367.7;365
21939;35411;369.1;366.6
21951;35444;374.55;367.7
21943;35421;374.6;374.25
6334;35451;430.82;429.82
14298;35461;426.2;425
24447;35467;425.77;410.77
24449;35489;263.16;194.16
2093;35469;407.68;406.98
2094;35472;408.3;407.9
2093;35471;405.43;394.68
24449;35484;389.16;385.16
2096;35481;408.04;401.39
2103;35483;376.83;369.98
24446;35465;396.43;394.43
24449;35486;377.16;367.16
2095;35477;407.74;406.84
2094;35475;404.25;400.3
2095;35479;403.74;399.84
2094;35473;407.9;407.1
24446;35466;394.43;392.53
2095;35478;406.84;403.74
2095;35476;408.44;407.74
2093;35470;406.98;405.43
2103;35482;378.03;376.83
2094;35474;407.1;404.25
24449;35487;367.16;343.16
24449;35488;343.16;263.16
24449;35485;385.16;377.16
24447;35468;410.77;215.77
2096;35480;408.84;408.04
2105;35490;373.45;368.6
2110;35493;375.2;374.7
2106;35491;396;395
2113;35494;382.23;380.73
2113;35495;380.73;379.43
2113;35496;379.43;377.03
2106;35492;395;386.9
2334;35506;368.64;364.64
2335;35510;371.9;364.6
2332;35500;372.36;367.76
2336;35511;371.96;367.96
2332;35501;367.76;366.11
2335;35508;376.6;372.9
2334;35505;372.64;368.64
2331;35498;376.5;376.05
2334;35507;364.64;351.94
2336;35512;367.96;354.56
2335;35509;372.9;371.9
2333;35503;380.01;379.51
2332;35502;366.11;364.36
2114;35497;372.22;366.52
2331;35499;376.05;368.75
2333;35504;379.51;365.26
2430;35514;389;385.75
2433;35519;388.2;385.5
2432;35517;391.9;390.2
2677;35525;408.17;407.87
2677;35527;406.67;399.67
2432;35518;390.2;384.4
2431;35516;388.03;381.83
2676;35521;408.27;407.57
2677;35526;407.87;406.67
2677;35524;408.67;408.17
2430;35513;390.3;389
2676;35520;408.57;408.27
2676;35522;407.57;406.57
2431;35515;390.23;388.03
2676;35523;406.57;402.57
2959;35531;367.93;367.18
3015;35534;391.78;391.53
2959;35532;367.18;358.28
3014;35533;391.14;390.89
3017;35535;398.11;396.5
2715;35530;389.05;385.35
3017;35536;396.5;393.5
2715;35528;390.85;389.75
3017;35537;393.5;389.2
2715;35529;389.75;389.05
3235;35544;415.98;401.63
3230;35554;438.98;438.23
3234;35538;420.19;419.79
15501;35570;435;427
3240;35558;373.2;357.8
3774;35569;371.1;365.3
3230;35555;438.23;436.18
3235;35543;420.08;415.98
24452;35560;413;243
3230;35556;436.18;434.33
3241;35561;375.2;370.7
3241;35562;370.7;355.2
4118;35577;401.41;392.81
3236;35545;420.78;420.48
3235;35542;421.63;420.08
3703;35565;402.05;397.15
3774;35568;376.9;371.1
3703;35563;407.15;405.25
4117;35572;402.76;402.36
15501;35571;427;397
4118;35576;402.61;401.41
4120;35578;402.99;402.49
3774;35566;381.3;380.8
4385;35580;384.1;383.2
3236;35546;420.48;420.08
4385;35581;383.2;370.9
3236;35547;420.08;415.38
3234;35540;419.44;412.99
4120;35579;402.49;392.99
4117;35573;402.36;401.16
3240;35557;377.8;373.2
4117;35574;401.16;392.76
3236;35548;415.38;400.78
3238;35550;376.6;355.6
4118;35575;402.81;402.61
3239;35551;378.34;377.14
3239;35552;377.14;356.34
3238;35549;379.6;376.6
3703;35564;405.25;402.05
3230;35553;439.33;438.98
24452;35559;439;413
3234;35541;412.99;401.39
3234;35539;419.79;419.44
3774;35567;380.8;376.9
4593;35593;412.83;405.13
4591;35586;407.75;406.95
4710;35605;412.41;412.11
4595;35598;414.7;414.1
4593;35594;405.13;398.63
4602;35603;363.22;362.72
4602;35602;364.72;363.22
4710;35607;409.41;408.91
4593;35591;414.63;413.73
4592;35590;411.85;408.55
4593;35592;413.73;412.83
4594;35596;412.05;406.2
4591;35587;406.95;404.35
4594;35597;406.2;393.5
4595;35599;414.1;405.95
4603;35604;365.09;362.99
4594;35595;413.1;412.05
4595;35600;405.95;394.35
4591;35585;408.35;407.75
4546;35583;411.95;402.95
4546;35582;412.95;411.95
4710;35606;412.11;409.41
4546;35584;402.95;397.95
4592;35589;412.35;411.85
4601;35601;365.4;364
4591;35588;404.35;403.8
24457;35621;383.13;375.63
24455;35612;404;402.6
24456;35616;407.3;406.7
24457;35626;332.63;325.33
24457;35623;373.23;344.13
24455;35613;402.6;389.8
24454;35608;400.5;397.7
24455;35615;388.95;384
24456;35620;395;390.6
24456;35618;405.7;395.8
24454;35610;372.3;367.5
24457;35625;340.83;332.63
24455;35614;389.8;388.95
24456;35617;406.7;405.7
24456;35619;395.8;395
24454;35609;397.7;372.3
24454;35611;367.5;363.5
24457;35622;375.63;373.23
24457;35624;344.13;340.83
5516;35634;412.37;409.97
5517;35638;414.64;412.54
5517;35639;412.54;407.84
5516;35636;408.67;407.27
5110;35630;364.53;362.13
5109;35629;363.7;362.1
5515;35633;408.27;400.67
5516;35637;407.27;401.87
5515;35632;411.77;408.27
5107;35627;365.64;364.59
5515;35631;412.67;411.77
5109;35628;364.8;363.7
5517;35640;407.84;402.94
5516;35635;409.97;408.67
5518;35643;405.97;397.57
6958;35672;385.08;381.98
24465;35649;377;367
6964;35678;403.78;399.48
6965;35681;404.15;396.15
7060;35713;406.85;395.45
24468;35658;399.4;397.65
6830;35667;408.52;396.72
7022;35696;414.15;413.35
7019;35682;416.33;415.23
6830;35666;413.02;408.52
7026;35710;415.81;412.61
6964;35676;407.28;406.58
6964;35677;406.58;403.78
24468;35657;399.9;399.4
24466;35652;381;339
24467;35655;438;406
7019;35684;414.33;404.43
7019;35683;415.23;414.33
7022;35698;408.55;406.15
7022;35699;406.15;399.35
7021;35689;416.11;414.01
7021;35691;406.31;405.71
5545;35644;373.75;367.05
7023;35701;413.64;413.04
24466;35653;339;317
6965;35680;405.95;404.15
5518;35641;414.47;412.67
24464;35647;391;343
7023;35703;408.84;405.94
7020;35688;406.8;397
7021;35692;403.51;403.01
7020;35687;414.3;406.8
7025;35709;408.27;397.07
24468;35660;370.9;357.15
7020;35686;416.2;414.3
24465;35650;367;107
5518;35642;412.67;405.97
7021;35693;403.01;393.31
24468;35659;397.65;370.9
6831;35670;407.68;398.78
24466;35651;383;381
7025;35707;416.07;413.87
6965;35679;406.25;405.95
24468;35661;357.15;354.9
7026;35711;412.61;406.01
7023;35702;413.04;408.84
7019;35685;404.43;397.23
6831;35668;414.78;413.98
6831;35669;413.98;407.68
7024;35706;408.55;402.25
24464;35648;343;155
24466;35654;317;233
6959;35673;389.26;388.96
7023;35700;414.74;413.64
24467;35656;406;188
5546;35662;377.7;370.1
24464;35646;405;391
7024;35704;416.35;412.65
6964;35675;407.48;407.28
7026;35712;406.01;397.01
5545;35645;367.05;348.95
6959;35674;388.96;380.16
7022;35697;413.35;408.55
6830;35664;414.72;413.82
7021;35690;414.01;406.31
7021;35694;393.31;391.11
7024;35705;412.65;408.55
6830;35665;413.82;413.02
6958;35671;387.18;385.08
5546;35663;370.1;361.7
7022;35695;415.25;414.15
7025;35708;413.87;408.27
7366;35729;399.6;397.5
7689;35742;409.82;409.02
7139;35717;415.83;414.73
7690;35744;416.74;416.09
7906;35751;407.87;407.27
7687;35735;420.67;419.87
7908;35761;406.36;403.26
8294;35769;401.37;394.77
8298;35771;402.21;398.21
7688;35741;417.5;409.4
7690;35745;416.09;395.34
7689;35743;409.02;400.17
7907;35755;408.38;407.68
7705;35747;402.55;401.65
7688;35740;421;417.5
7365;35728;392.57;388
7688;35738;421.8;421.5
7138;35714;416.3;415.6
7687;35737;416.67;408.67
7909;35765;406.77;404.57
7907;35756;407.68;403.88
8300;35774;398.5;397.65
7687;35736;419.87;416.67
7907;35753;408.98;408.88
7365;35725;397.97;397.47
7686;35734;415.95;408.8
7365;35724;399.77;397.97
7909;35763;408.27;407.67
7366;35731;396.5;388.4
7906;35749;408.77;408.57
7138;35715;415.6;408.9
7906;35752;407.27;404.67
7705;35748;401.65;394
7365;35727;393.87;392.57
7906;35750;408.57;407.87
7139;35720;410.03;395.83
7907;35754;408.88;408.38
7908;35758;408.36;407.86
7909;35762;408.47;408.27
8294;35768;402.32;401.37
8299;35772;402.65;398.65
7138;35716;408.9;401.3
7139;35719;414.13;410.03
7909;35766;404.57;402.17
7139;35718;414.73;414.13
7909;35764;407.67;406.77
7908;35759;407.86;406.86
7705;35746;405.1;402.55
7366;35730;397.5;396.5
7140;35723;411.43;387.18
7140;35721;412.18;411.78
8295;35770;403.58;400.53
7686;35732;421.2;419.4
7365;35726;397.47;393.87
7908;35760;406.86;406.36
7140;35722;411.78;411.43
8294;35767;402.77;402.32
7688;35739;421.5;421
8300;35773;403.2;398.5
7908;35757;408.56;408.36
7686;35733;419.4;415.95
8931;35812;420;415.4
10212;35852;373.23;372.18
8678;35791;415.34;413.64
8930;35846;415;413.1
8689;35809;400.33;398.73
10576;35861;406.36;405.76
8677;35789;411.23;410.23
8677;35788;414.03;411.23
10576;35860;406.86;406.36
9050;35819;409.4;408.05
8678;35790;415.64;415.34
9051;35820;411.1;410.5
8393;35780;404.81;397.61
10211;35848;406;399.7
9050;35817;410.3;409.75
8679;35797;409.36;407.36
8679;35795;412.76;412.26
9050;35816;410.55;410.3
8679;35796;412.26;409.36
8930;35842;420.4;415
9519;35834;421.02;415.22
8601;35785;407.37;403.57
9333;35827;404.37;404.12
9519;35833;421.92;421.02
8682;35802;410.54;408.34
10211;35847;406.6;406
8680;35800;407.14;402.94
8689;35808;400.93;400.33
9520;35837;421.22;420.52
8681;35801;410.32;404.82
9334;35831;408.94;391.84
8930;35840;421.8;421
10212;35851;378.43;373.23
9029;35814;398;396.5
8601;35783;408.77;407.97
8391;35775;412.26;411.26
9051;35821;410.5;410.3
10575;35858;405.98;400.58
10576;35862;405.76;400.36
8677;35787;415.53;414.03
9333;35829;402.37;389.57
8678;35793;411.44;410.04
8393;35779;408.91;404.81
8393;35782;396.51;394
9519;35835;415.22;409.52
8678;35792;413.64;411.44
8931;35813;415.4;411
9519;35832;422.62;421.92
8683;35807;407.4;394.6
9051;35822;410.3;407.3
9331;35823;412.16;411.26
8393;35781;397.61;396.51
8683;35805;409.2;408
8683;35806;408;407.4
9520;35838;420.52;413.82
9520;35836;421.72;421.22
10575;35855;407.78;407.08
8680;35799;408.04;407.14
8689;35810;398.73;386.73
10575;35856;407.08;406.48
10575;35857;406.48;405.98
8931;35811;421.2;420
9332;35825;409.81;407.41
9029;35815;396.5;386
8677;35786;415.73;415.53
8930;35841;421;420.4
8391;35777;410.66;404.7
8391;35776;411.26;410.66
9334;35830;409.54;408.94
8682;35803;408.34;395.34
9332;35826;407.41;392.91
9520;35839;413.82;408.02
8679;35794;413.16;412.76
8680;35798;408.64;408.04
8393;35778;412.41;408.91
8601;35784;407.97;407.37
10213;35854;373.15;368.95
10212;35850;378.83;378.43
9331;35824;411.26;391.66
8683;35804;409.6;409.2
9333;35828;404.12;402.37
10211;35849;399.7;396.6
10576;35859;407.46;406.86
10213;35853;373.4;373.15
9050;35818;409.75;409.4
12048;35869;411.51;403.51
12048;35868;413.61;411.51
15084;35934;402.29;397.99
15084;35935;397.99;396.29
15082;35930;392.69;391.79
12047;35865;415.51;414.31
12049;35871;414.6;411.4
15195;35936;407.45;406.15
24471;35895;443.8;438.1
12047;35863;416.81;416.21
15195;35937;406.15;402.75
15080;35924;383.98;382.33
12450;35897;409.52;408.5
12453;35902;410.6;410.55
15195;35938;402.75;400.05
12452;35900;409.7;409.6
12052;35880;413.56;412.46
24469;35887;445.1;444.1
12052;35879;415.56;413.56
15081;35926;393.03;392.13
12453;35904;410.35;407.6
12855;35916;412.04;408.44
12559;35905;416.6;415.7
12451;35898;408.9;408.72
12047;35866;414.31;404.81
15083;35933;394.58;392.78
24471;35892;444.9;444.8
24469;35886;446.65;445.1
15083;35932;395.68;394.58
12561;35912;416.6;414.7
12052;35881;412.46;403.56
12855;35917;408.44;401.64
12451;35899;408.72;407.7
12560;35911;414.45;411.6
14747;35922;398.8;397.6
12193;35884;407.61;405.31
12051;35877;415.02;413.02
12050;35874;414.08;412.48
15083;35931;398.78;395.68
12051;35876;415.42;415.02
12193;35882;409.21;408.11
12559;35906;415.7;415.05
12450;35896;409.7;409.52
12049;35872;411.4;403.7
12560;35909;416.6;416.1
15080;35925;382.33;378.78
12855;35915;412.54;412.04
14382;35918;421.15;420.85
12855;35914;413.64;412.54
24470;35888;448.3;448.15
15081;35928;391.43;390.43
24471;35893;444.8;444.2
12560;35910;416.1;414.45
12050;35873;415.18;414.08
24470;35891;446.75;436.3
14382;35921;415.65;407.15
14382;35919;420.85;420.25
24470;35890;447.6;446.75
24469;35885;446.8;446.65
12453;35903;410.55;410.35
12452;35901;409.6;408.6
24470;35889;448.15;447.6
14382;35920;420.25;415.65
12049;35870;415.7;414.6
24471;35894;444.2;443.8
12051;35878;413.02;403.42
12193;35883;408.11;407.61
12048;35867;415.51;413.61
12561;35913;414.7;411.6
12047;35864;416.21;415.51
15081;35927;392.13;391.43
12050;35875;412.48;403.18
14747;35923;397.6;397.1
15082;35929;397.79;392.69
12559;35908;413.3;411.6
12559;35907;415.05;413.3
7695;35995;398.38;388.48
7694;35993;389.68;387.08
8814;36000;390;382.2
2775;35967;394.78;392.58
7692;35983;396.16;395.96
2529;35957;399.05;389.2
7693;35987;400.44;400.29
2777;35975;400.14;396.04
2776;35969;406.66;406.46
7695;35994;398.48;398.38
2044;35952;376.29;374.69
7691;35979;395.55;395.25
2531;35963;405.6;393.7
2775;35966;405.58;394.78
2530;35959;401.9;401.7
7692;35985;395.26;377.51
2777;35974;406.84;400.14
1452;35941;374.46;364.76
2776;35972;395.46;386.66
2115;35955;397.96;386.86
1782;35944;394.39;393.69
7691;35982;371.35;370.55
7692;35984;395.96;395.26
2776;35971;397.01;395.46
2777;35973;407.14;406.84
2777;35976;396.04;387.14
1835;35947;418.71;418.21
2775;35968;392.58;385.78
7693;35988;400.29;396.94
2529;35956;399.2;399.05
1452;35939;375.76;375.16
1835;35949;416.96;414.66
7694;35991;399.08;398.78
7695;35997;384.78;381.48
8814;35999;404.75;390
7691;35980;395.25;394.55
8814;35998;407;404.75
2530;35961;391.9;386.9
1835;35950;414.66;406.71
2531;35964;393.7;390.9
2044;35951;377.39;376.29
7691;35981;394.55;371.35
1835;35948;418.21;416.96
3794;35978;402.15;392.47
1782;35946;387.89;379.99
2044;35953;374.69;357.39
3794;35977;402.6;402.15
2531;35962;405.9;405.6
2115;35954;398.86;397.96
1782;35943;394.99;394.39
2529;35958;389.2;384.1
7692;35986;377.51;371.16
7694;35992;398.78;389.68
2776;35970;406.46;397.01
1782;35945;393.69;387.89
7693;35989;396.94;386.14
1452;35942;364.76;356.06
2530;35960;401.7;391.9
7693;35990;386.14;380.44
7695;35996;388.48;384.78
1452;35940;375.16;374.46
2775;35965;405.78;405.58
10974;36045;392.43;390.83
11551;36077;396.48;391.98
8818;36011;396.58;395.68
11552;36081;406.32;406.12
11549;36068;407.33;400.08
11554;36088;409.15;407.15
11480;36060;380.97;379.87
10971;36034;395.32;377.82
8819;36017;412.22;410.72
8817;36008;385.98;385.58
10972;36037;402.8;393.7
10973;36040;405.16;398.06
11479;36056;380.91;379.81
10381;36022;391.09;389.49
11550;36072;406.51;399.79
10975;36047;405.1;404.8
10381;36021;401.14;391.09
8816;36007;371.41;364.91
10974;36044;407.13;392.43
8818;36013;394.83;381.08
8818;36015;358.48;356.08
8819;36018;410.72;377.52
8816;36006;386.21;371.41
11478;36053;381.93;374.78
11549;36070;395.53;377.53
11553;36086;404.47;393.42
10382;36026;385.16;382.66
11553;36085;406.32;404.47
11550;36073;399.79;394.66
11554;36087;410.35;409.15
10973;36039;405.26;405.16
11478;36051;383.28;383.08
11479;36058;373.21;365.06
8815;36001;408.03;407.88
11481;36063;382.53;382.18
11479;36057;379.81;373.21
10971;36031;407.82;407.62
11549;36069;400.08;395.53
8815;36004;402.03;382.13
11479;36055;381.21;380.91
11478;36054;374.78;367.28
8816;36005;387.81;386.21
10973;36042;388.26;375.26
10974;36046;390.83;377.13
8819;36016;412.92;412.22
11550;36074;394.66;376.66
11480;36059;381.27;380.97
8817;36009;385.58;369.28
11552;36082;406.12;392.6
8817;36010;369.28;363.58
10972;36038;393.7;377.7
8815;36002;407.88;407.38
10973;36041;398.06;388.26
8818;36012;395.68;394.83
11552;36080;407.62;406.32
11478;36052;383.08;381.93
11481;36066;373.83;366.53
11555;36091;407.95;402.65
11552;36079;407.72;407.62
11551;36076;405.62;396.48
11553;36083;408.47;408.17
11480;36062;373.07;365.27
11481;36065;380.63;373.83
10971;36032;407.62;401.52
10383;36030;378.97;376.47
10975;36048;404.8;395.4
11549;36067;407.53;407.33
10383;36029;390.77;378.97
11553;36084;408.17;406.32
8818;36014;381.08;358.48
11551;36075;405.78;405.62
10971;36033;401.52;395.32
10383;36027;396.47;396.32
8820;36019;426.25;425.85
10383;36028;396.32;390.77
11554;36089;407.15;395.2
10974;36043;407.43;407.13
11481;36064;382.18;380.63
10381;36023;389.49;386.29
10972;36035;407.7;407.5
11551;36078;391.98;375.78
10382;36025;391.66;385.16
10972;36036;407.5;402.8
10975;36049;395.4;388.8
10381;36020;401.29;401.14
8815;36003;407.38;402.03
10382;36024;399.66;391.66
11555;36092;402.65;394.45
11555;36093;394.45;378.1
10975;36050;388.8;375.1
11550;36071;406.66;406.51
11480;36061;379.87;373.07
11555;36090;408.1;407.95
16629;36125;396.2;394
15680;36106;399.05;393.85
17861;36151;364.41;338.41
17862;36158;369.05;355.05
13919;36101;403.3;403.2
15681;36107;412.48;412.38
16629;36126;394;388.9
15680;36104;405.85;405.55
16586;36114;410.1;401
12895;36100;401.7;390.9
12182;36094;394.95;388.45
16404;36112;367.6;353.2
16663;36137;405.6;394
16594;36119;408.5;408.2
17860;36142;394.07;391.07
17860;36144;375.07;363.07
12182;36095;388.45;383.2
16586;36115;401;390.5
12514;36097;409.62;409.12
16629;36123;402.3;402.1
16662;36135;397.5;395
16661;36129;411.25;411
16588;36118;399.3;390.8
16806;36139;396;394
17860;36143;391.07;375.07
17860;36147;351.07;347.07
17860;36146;359.07;351.07
16588;36116;406.8;406.6
17861;36152;338.41;338.01
17862;36156;396.05;371.05
17861;36149;384.41;384
16661;36128;411.7;411.25
16629;36124;402.1;396.2
17862;36161;343.05;339.05
17862;36157;371.05;369.05
15681;36109;400.68;395.48
16404;36110;378.4;373.5
16588;36117;406.6;399.3
12895;36099;403.7;401.7
16586;36113;410.5;410.1
16662;36132;411.4;409.1
16806;36140;394;354
17860;36145;363.07;359.07
17861;36150;384;364.41
12895;36098;410.9;403.7
17860;36141;395.07;394.07
13919;36102;403.2;395.8
13919;36103;395.8;388.3
16663;36136;411.4;405.6
15681;36108;412.38;400.68
16663;36138;394;393.5
15680;36105;405.55;399.05
16594;36122;389.2;388.5
16594;36120;408.2;399.7
16661;36130;411;398.2
17862;36153;397.05;396.05
17862;36159;355.05;343.05
16629;36127;388.9;382.3
16662;36133;409.1;408.7
16661;36131;398.2;396.7
12182;36096;383.2;369.95
16404;36111;373.5;367.6
16594;36121;399.7;389.2
16662;36134;408.7;397.5
17860;36148;347.07;346.47
9016;36168;392.54;392.34
9017;36173;391.21;381.71
1836;36164;417.12;410.12
9017;36171;391.71;391.51
9016;36169;392.34;391.94
3797;36166;434.19;433.99
3797;36167;433.99;424.19
1836;36165;410.12;408.12
1836;36162;418.12;417.72
9017;36172;391.51;391.21
9016;36170;391.94;382.54
1836;36163;417.72;417.12
12026;36181;397.58;397.48
16269;36204;370.61;355.51
24488;36228;443.4;437.4
24487;36226;443.2;437.2
16314;36205;406.8;406.6
16170;36198;405.75;402.35
15644;36192;416.9;409.8
16169;36195;405.95;403.15
16269;36203;375.61;370.61
16314;36208;405.1;397.7
16382;36209;414.7;414.35
16612;36219;418.63;416.13
16170;36197;407.05;405.75
12026;36184;396.38;393.98
16314;36207;405.7;405.1
16613;36222;419.41;418.01
16611;36216;418.1;415.4
16170;36196;407.55;407.05
24487;36227;437.2;133.2
16611;36217;415.4;409.1
16169;36194;407.25;405.95
24484;36186;435.3;432.7
16610;36212;418.54;417.94
16610;36213;417.94;414.04
11638;36179;396.91;396.31
11638;36178;397.21;396.91
15644;36191;418;416.9
16268;36201;364.3;363.8
16169;36193;407.55;407.25
16612;36220;416.13;409.73
16267;36200;363.2;356.8
11637;36175;397.86;397.36
12026;36183;397.08;396.38
16382;36210;414.35;404
11637;36176;397.36;393.66
16268;36202;363.8;356
16613;36223;418.01;410.61
16612;36218;419.73;418.63
12026;36182;397.48;397.08
16610;36214;414.04;408.54
24488;36229;437.4;133.4
11638;36177;397.61;397.21
24484;36185;435.7;435.3
24485;36187;436.1;435.85
15644;36190;418.6;418
16382;36211;404;400.7
24486;36224;443.2;437.2
11637;36174;398.16;397.86
24485;36188;435.85;433.1
16267;36199;364;363.2
15644;36189;419.8;418.6
11638;36180;396.31;393.11
16314;36206;406.6;405.7
16611;36215;419.1;418.1
16613;36221;420.61;419.41
24486;36225;437.2;135.2
24051;36257;469;463
24495;36245;454.7;426.7
24499;36254;426.5;194.5
16656;36265;410;409
16724;36281;418;416
16724;36282;416;408
24491;36238;277.7;167.7
24492;36239;454.3;426.3
24494;36243;454.6;426.6
24492;36240;426.3;194.3
24490;36233;386.8;374.8
24494;36244;426.6;194.6
24490;36234;374.8;276.8
24497;36250;426.7;194.7
16659;36270;407.86;407.36
16660;36274;407.1;406.7
24489;36232;276;166
16722;36279;419;417
16615;36261;413.8;413.3
16660;36278;399;395.6
24493;36241;454.9;426.9
24491;36236;387.7;375.7
16660;36277;403.5;399
24493;36242;426.9;194.9
24498;36252;426.6;194.6
16656;36263;416.4;416
24499;36253;454.5;426.5
16657;36267;418.2;417.2
16656;36264;416;410
24052;36259;471;465
16659;36271;407.36;405.01
24052;36260;465;286
16656;36262;417;416.4
16657;36266;418.3;418.2
16754;36283;353.15;349.85
24496;36248;427;195
24051;36258;463;284
24489;36231;374;276
16657;36269;411.3;410.3
16657;36268;417.2;411.3
24489;36230;386;374
24495;36246;426.7;194.7
24490;36235;276.8;166.8
24498;36251;454.6;426.6
24491;36237;375.7;277.7
24500;36256;426.1;194.1
24500;36255;454.1;426.1
24496;36247;455;427
16660;36275;406.7;403.8
16660;36276;403.8;403.5
24497;36249;454.7;426.7
16659;36273;403.01;399.76
16659;36272;405.01;403.01
16722;36280;417;409
16764;36298;360.55;355.7
16757;36292;359.55;356.5
16754;36293;363;353.15
16763;36295;354.8;351.8
24502;36288;420.8;416.3
24501;36284;422.4;421.8
16755;36290;360.45;357.5
16755;36294;363;360.45
16763;36296;351.8;348.8
24501;36286;415.6;414.6
24501;36285;421.8;415.6
24502;36287;421.4;420.8
24502;36289;416.3;415.4
16757;36291;363;359.55
16764;36297;363;360.55
16826;36299;418.14;410.14
18036;36302;412.5;412.25
18051;36355;406.48;405.09
18143;36316;414.7;414.1
18134;36344;414.19;413.79
24503;36300;466.75;464.75
18145;36322;416.26;414.86
18050;36352;406.24;398.09
18131;36334;414.7;414.2
18142;36314;412.7;412.35
18126;36326;413.7;411.8
18443;36360;407.41;406.21
18442;36359;404.38;403.98
18050;36351;406.99;406.24
18133;36342;413.65;411.25
18140;36311;412.39;411.8
18130;36332;414.9;414.3
18127;36327;414.3;411.55
18441;36356;407.41;404.91
18142;36315;412.35;411.85
18144;36320;413.6;412.5
18144;36321;412.5;412.4
18130;36333;414.3;411.9
18441;36357;404.91;404.01
18128;36328;414.8;414.2
18128;36329;414.2;411.8
18141;36313;412.36;411.8
18141;36312;412.7;412.36
18146;36323;416;414.3
18138;36307;412.2;411.7
18132;36338;413.8;412.6
24503;36301;464.75;266.75
18144;36319;414.5;413.6
18147;36324;416;414
18135;36348;412.47;411.27
18143;36318;413.5;413.05
18133;36340;414.85;414.15
18134;36343;414.79;414.19
18133;36341;414.15;413.65
18131;36335;414.2;413.5
18134;36345;413.79;410.49
18443;36361;406.21;405.41
18135;36346;414.87;414.27
18136;36349;414.76;414.36
18628;36362;407.2;403.2
20033;36363;383;382.2
18129;36330;414.8;414.3
18442;36358;406.98;404.38
18137;36305;412.2;411.7
18132;36337;414.8;413.8
18140;36310;412.7;412.39
18148;36325;416.82;415.02
18132;36339;412.6;411.8
18131;36336;413.5;411.7
18139;36308;412.5;412.2
18143;36317;414.1;413.5
18050;36353;398.09;394.99
18129;36331;414.3;411.8
18135;36347;414.27;412.47
18139;36309;412.2;411.7
18138;36306;412.5;412.2
18051;36354;407.09;406.48
18137;36304;412.5;412.2
18136;36350;414.36;410.76
18036;36303;412.25;411.7
24515;36369;436.5;218.5
24515;36368;448.5;436.5
1101;36373;376.27;375.22
1106;36382;399.32;390.87
1106;36379;403.12;402.52
1100;36372;372.51;364.56
1108;36383;409.94;409.64
1113;36386;382;380.4
24509;36364;378.7;178.7
1104;36377;411.96;405.06
1102;36374;376.3;374.65
24512;36367;378.3;178.3
24511;36366;378.7;178.7
1100;36371;376.16;372.51
24510;36365;378.8;178.8
1106;36380;402.52;400.22
1113;36387;380.4;355.9
1106;36381;400.22;399.32
1103;36375;376.39;375.39
1104;36376;415.96;411.96
1108;36384;409.64;399.34
1104;36378;405.06;404.16
1100;36370;377.06;376.16
1108;36385;399.34;397.7
1128;36431;391.5;390.7
1115;36413;375.6;374.6
24544;36403;483.35;483.15
24542;36397;480.27;480.12
1123;36423;432.64;424.52
24545;36407;485.19;484.84
24545;36408;484.84;481.04
24542;36398;480.12;479.32
24541;36392;479.63;478.93
24519;36390;380.3;366.3
24543;36400;481.72;481.52
1125;36430;433.49;421.74
24543;36402;480.92;476.72
24519;36391;366.3;156.3
1123;36422;433.04;432.64
1121;36419;432.27;424.57
1119;36417;432.42;422.12
24544;36404;483.15;479.3
24542;36399;479.32;476.52
24545;36409;481.04;480.44
24545;36406;485.44;485.19
24560;36411;423.52;419.62
24560;36412;419.62;416.52
1122;36421;432.5;424.9
1124;36428;432.23;425.08
1125;36429;433.74;433.49
1128;36433;388.25;378.3
24519;36388;406.3;382.3
1121;36425;424.57;422.57
24541;36393;478.93;477.63
24541;36394;477.63;475.83
1122;36420;432.9;432.5
24519;36389;382.3;380.3
24541;36395;475.83;474.63
24544;36405;479.3;478.35
24542;36396;480.52;480.27
24543;36401;481.52;480.92
1115;36414;374.6;370.1
1121;36418;432.57;432.27
1119;36424;422.12;417.77
1124;36427;432.53;432.23
1128;36432;390.7;388.25
24560;36410;426.62;423.52
1119;36416;432.77;432.42
1122;36426;424.9;422.9
1115;36415;370.1;359.1
1134;36448;377.44;370.99
1137;36457;369.42;363.92
1144;36467;369.4;357
1136;36452;391.9;390.3
1129;36434;391.35;390.8
1144;36466;371.6;369.4
1144;36465;372;371.6
1130;36438;369;368.6
1129;36435;390.8;388.75
1140;36458;376.91;376.46
1129;36437;379.35;376.2
1136;36453;390.3;387.1
1133;36443;377.97;376.57
1142;36460;377.55;376.35
1143;36463;369.47;357.37
1135;36451;378.98;369.18
1130;36440;367;361
1135;36449;385.98;385.38
1137;36455;373.92;370.62
1136;36454;387.1;376.5
1130;36439;368.6;367
1131;36441;373.2;367.3
1142;36459;378.25;377.55
1143;36464;357.37;354.97
1137;36456;370.62;369.42
1129;36436;388.75;379.35
1134;36446;381.04;379.64
1133;36445;374.37;366.97
1134;36447;379.64;377.44
1133;36444;376.57;374.37
1143;36462;371.97;369.47
1131;36442;367.3;364.2
1143;36461;374.97;371.97
1135;36450;385.38;378.98
13834;36479;376.55;374.85
13835;36483;376.88;376.48
13836;36469;378.93;375.03
13834;36477;378.85;377.25
13833;36472;379.15;379
13835;36485;375.38;373.68
13833;36475;377.85;373.85
13835;36481;378.88;377.98
13835;36484;376.48;375.38
13836;36470;375.03;374.83
13834;36478;377.25;376.55
13833;36474;378.25;377.85
13835;36482;377.98;376.88
13836;36468;379.03;378.93
13836;36471;374.83;372.43
13834;36480;374.85;373.85
13833;36473;379;378.25
13833;36476;373.85;372.5
1149;36535;379.4;375.8
24575;36525;419.52;418.5
24568;36507;383.6;368.8
24565;36501;365.5;360.5
24561;36487;411;399
24562;36490;374.92;367.12
1145;36527;412.4;409.25
24562;36491;367.12;363.12
24566;36502;384.4;374.4
24563;36493;375.01;367
24563;36492;375.12;375.01
24566;36504;369.4;363.4
1145;36528;409.25;390.85
1147;36532;397.52;396.92
24561;36488;399;167
24575;36524;419.6;419.52
24561;36486;417;411
1147;36531;397.82;397.52
24570;36512;378.3;369.3
24564;36496;377.45;373.5
24574;36522;437;417
1146;36530;392;382.8
24573;36520;375.02;367.27
24562;36489;375.12;374.92
24563;36494;367;363.12
24571;36515;375.21;365.21
1146;36529;392.2;392
24565;36500;367.9;365.5
24573;36521;367.27;363.07
24570;36511;384.3;378.3
24564;36497;373.5;366.7
1147;36533;396.92;379.42
24572;36518;371.07;363.07
24569;36510;381.36;365.36
24572;36516;375.07;375.01
24568;36508;368.8;363.6
24565;36499;374.5;367.9
1145;36526;412.65;412.4
24573;36519;375.07;375.02
24571;36514;385.21;375.21
24564;36498;366.7;360.5
24574;36523;417;137
24569;36509;385.36;381.36
24572;36517;375.01;371.07
24567;36505;384.31;368.31
24564;36495;377.5;377.45
24570;36513;369.3;363.3
24566;36503;374.4;369.4
24567;36506;368.31;364.31
1148;36534;372.25;369.45
1155;36544;418.09;417.69
1155;36547;413.99;401.09
1152;36543;421.47;411.47
1159;36555;413.09;367.29
1158;36553;414.57;403.57
1151;36540;419.12;416.22
1159;36554;414.09;413.09
1150;36537;422.01;420.41
1155;36546;416.39;413.99
1156;36548;415.64;415.34
1150;36536;422.41;422.01
1158;36552;415.57;414.57
1151;36541;416.22;410.22
1157;36551;415.01;403.41
1157;36550;415.41;415.01
1155;36545;417.69;416.39
1150;36538;420.41;411.91
1151;36539;420.22;419.12
1156;36549;415.34;402.64
1152;36542;421.97;421.47
1170;36577;366.76;342.66
1170;36575;373.06;372.36
1170;36576;372.36;366.76
1173;36585;374.56;372.21
1169;36573;330.17;322.07
1169;36569;374.87;372.27
1176;36590;368.1;353.1
1162;36557;390.3;388.3
1171;36580;369.24;364.79
1168;36566;368.18;367.18
1172;36582;371.65;371.35
1163;36559;407.1;406.7
1165;36561;391;390.1
1165;36562;390.1;379
1168;36564;377.18;369.18
1171;36578;374.79;372.79
1169;36570;372.27;371.27
1169;36571;371.27;368.87
1170;36574;374.66;373.06
1163;36560;406.7;384.1
1171;36579;372.79;369.24
1172;36581;372.5;371.65
1173;36587;369.56;364.56
1168;36565;369.18;368.18
1169;36572;368.87;330.17
1172;36584;370.3;362
1173;36586;372.21;369.56
1165;36563;379;359.4
1172;36583;371.35;370.3
1176;36589;374.1;368.1
1176;36588;381.1;374.1
1162;36558;388.3;369.8
1167;36568;370.17;368.57
1167;36567;377.17;370.17
1161;36556;387.6;367.9
24580;36608;422.3;417.6
24579;36605;418.5;411.6
24578;36603;404.7;390.6
24579;36604;419.5;418.5
1219;36615;385.65;384.7
24579;36606;411.6;404.6
24578;36601;419.5;411.7
24580;36609;417.6;405
1223;36625;378.2;377.2
1224;36631;371.8;361
24576;36595;400.9;398.3
24581;36613;418.5;414.6
1222;36624;387.35;359.25
24582;36614;427.3;417.3
1223;36628;359.2;353.2
1224;36629;376.2;375.8
1221;36622;387.84;366.04
1220;36618;388.86;387.96
24577;36598;417.6;404.1
24580;36610;405;397.3
24577;36599;404.1;393.6
24581;36611;424.6;422.2
24576;36593;417.4;414.9
1221;36621;390.04;387.84
1222;36623;387.75;387.35
1218;36592;385.4;370.3
1219;36616;384.7;382.25
24576;36596;398.3;397.4
1223;36626;377.2;374.9
24578;36602;411.7;404.7
24578;36600;420.6;419.5
24579;36607;404.6;399.5
1224;36630;375.8;371.8
24581;36612;422.2;418.5
1220;36619;387.96;386.46
1218;36591;386.3;385.4
24576;36594;414.9;400.9
24577;36597;418.6;417.6
1220;36620;386.46;368.36
1223;36627;374.9;359.2
1219;36617;382.25;363.65
1224;36632;361;358.2
1230;36654;373.67;359.57
1225;36636;361.3;357.6
1225;36635;371.9;361.3
14681;21399;367.3;357.6
1227;36643;372.65;362
1227;36644;362;358.4
1230;36653;375.02;373.67
2253;7725;490.11;487.26
1228;36645;375.7;375.25
14681;23546;371;367.3
1230;36652;378.07;375.02
1228;36648;363.5;361.55
2253;7723;495.91;495.41
1225;36633;376.5;375.2
1228;36649;361.55;360.5
1231;36655;381.68;377.98
1231;36657;375.68;365.98
1231;36656;377.98;375.68
1229;36650;376;374.6
1226;36640;364.35;362.35
1226;36638;375.6;372.6
1227;36641;376;374.55
1228;36646;375.25;371.8
1226;36637;376.35;375.6
14681;23545;373.6;371
1225;36634;375.2;371.9
2253;7466;487.26;481.91
1228;36647;371.8;363.5
1229;36651;374.6;359.7
1227;36642;374.55;372.65
2253;7724;495.41;490.11
1226;36639;372.6;364.35
1233;36663;387.4;387.05
1232;36662;382.4;369.45
1236;36671;386.2;383.1
13566;14357;455.8;446.7
22856;36658;440;431
1236;36672;383.1;381.15
13566;14356;456.2;455.8
1233;36664;387.05;382
1232;36661;384.85;382.4
1232;36660;385.45;384.85
1233;36665;382;372.5
22856;36659;431;185
1235;36669;388.1;385.3
1234;36668;381.1;379.25
1234;36666;385.1;384.3
1234;36667;384.3;381.1
1235;36670;385.3;383.35
1251;36715;371.09;364.71
1240;36682;381.62;378.77
1245;36696;374.5;370.3
1253;36718;403.69;403.19
1248;36705;408.31;407.91
1240;36681;382.47;381.62
1246;36701;404.09;397.74
1250;36711;376.27;371.17
1239;36679;383.3;381.8
1248;36706;407.91;405.96
1249;36708;410.46;409.76
1252;36716;403.28;402.98
1253;36719;403.19;401.89
1249;36710;406.91;400.46
1252;36717;402.98;401.78
1241;36685;378.35;370.9
1239;36678;384;383.3
1245;36697;370.3;358.1
1239;36677;384.4;384
1245;36698;358.1;352.5
1247;36702;407.91;407.56
1251;36714;372.19;371.09
1240;36680;383.57;382.47
1241;36684;381.9;378.35
1242;36687;385;384.5
1237;36674;385.15;382.4
1238;36676;384.8;381.8
1247;36704;405.31;397.91
1244;36695;368;358.3
1238;36675;385.3;384.8
1244;36693;373.3;372.1
1244;36694;372.1;368
1251;36713;375.49;372.19
1254;36720;407.82;407.52
1249;36709;409.76;406.91
1243;36690;372.2;370.3
1248;36707;405.96;398.31
1243;36691;370.3;359
1250;36712;371.17;355.27
1243;36689;374.5;372.2
1242;36688;384.5;372.9
1246;36699;407.74;407.59
1246;36700;407.59;404.09
1241;36683;385.4;381.9
1244;36692;373.5;373.3
1247;36703;407.56;405.31
1241;36686;370.9;364
1237;36673;386.1;385.15
24596;36774;427.8;423.2
24592;36760;385;384.8
24587;36731;431;401
24585;36727;467;464
24588;36735;469;467
24588;36736;467;449
14194;36743;384.59;382.64
24595;36770;428.2;427.8
24595;36769;428.8;428.2
24592;36759;389.5;385
24593;36762;388.53;387.08
1256;36753;399.87;398.67
24592;36757;391.65;391
24589;36739;357;319
24590;36746;391.6;389.1
1256;36754;398.67;384.57
24596;36773;428.2;427.8
24589;36740;319;204
24591;36749;390.4;388.3
1255;36751;402.79;389.29
24591;36748;391;390.4
24595;36771;427.8;424.8
24594;36768;380.62;378.22
24587;36734;371;171
24588;36737;449;244
1257;36778;388.16;385.56
24593;36761;388.68;388.53
24592;36756;391.8;391.65
1256;36755;384.57;384.27
24593;36764;386.08;383.28
1255;36752;389.29;387.29
24594;36766;384.22;381.62
24589;36738;419;357
24596;36772;428.8;428.2
14194;36742;385.49;384.59
24591;36747;392.1;391
1257;36777;398.06;388.16
24592;36758;391;389.5
1257;36775;401.16;400.71
24593;36763;387.08;386.08
24594;36767;381.62;380.62
1255;36750;403.29;402.79
14194;36741;387.49;385.49
1257;36776;400.71;398.06
24585;36728;464;182
24590;36745;392.6;391.6
24586;36729;376;324
24593;36765;383.28;381.68
24587;36732;401;380
24587;36733;380;371
24590;36744;393.1;392.6
24586;36730;324;196
24599;36790;420.8;420.2
24606;36818;421.48;420.68
24625;36878;379.17;378.97
24614;36842;394.01;391.51
24605;36816;420.87;413.17
24625;36879;378.97;376.97
24614;36839;406.31;404.61
24625;36880;376.97;368.97
24612;36834;422.55;422.45
24609;36826;421.49;420.29
24607;36820;422.54;421.04
24627;36885;382.21;381.61
24628;36892;381.72;381.12
24622;36863;414.24;413.19
24620;36859;411.92;408.12
24618;36852;413.47;412.47
24623;36867;414.15;413.6
24597;36783;411;402.2
24621;36861;413.5;411.25
24623;36869;409.45;402.25
24602;36801;421.2;421
24599;36791;420.2;419.1
24621;36860;414.15;413.5
24598;36787;421.75;420.45
24610;36829;422.53;421.43
24606;36817;422.88;421.48
24604;36811;421.4;419.9
24623;36866;414.25;414.15
24623;36868;413.6;409.45
24601;36799;423;422.2
24625;36876;382.47;381.47
24602;36802;421;420
24605;36814;422.97;421.77
24615;36844;425.6;422.65
24600;36796;421.2;418.9
24603;36808;421.77;414.47
24616;36845;427.4;426.8
24600;36795;421.9;421.2
24611;36833;421.79;421.09
24606;36819;420.68;412.88
24624;36871;383.5;380.45
24624;36874;375;370
24597;36782;419.2;411
24600;36794;422.2;421.9
24618;36853;412.47;402.07
24619;36854;414.06;412.46
24619;36856;412.06;402.06
24620;36858;413.42;411.92
24626;36884;372.21;371.41
24628;36894;378.22;375.72
24613;36836;422.4;422.2
24627;36886;381.61;381.21
24619;36855;412.46;412.06
24624;36873;378.7;375
24622;36864;413.19;410.44
24614;36838;406.51;406.31
24598;36786;422.55;421.75
24617;36850;425.78;423.48
24604;36810;422.4;421.4
24615;36843;426.25;425.6
24613;36837;422.2;420.78
24626;36882;380.41;379.61
24626;36883;379.61;372.21
24611;36831;423.29;423.19
24603;36805;424.47;424.27
24614;36840;404.61;396.01
24621;36862;411.25;408.15
24622;36865;410.44;408.24
24610;36828;422.83;422.53
24616;36847;425.15;423.9
24603;36806;424.27;422.27
24601;36798;423.7;423
24599;36789;421;420.8
24608;36823;423.44;420.34
24627;36887;381.21;380.61
24626;36881;381.41;380.41
24612;36835;422.45;421.25
24617;36849;426.28;425.78
24601;36797;423.9;423.7
24597;36780;422;421.4
24624;36870;384;383.5
24614;36841;396.01;394.01
24628;36893;381.12;378.22
24625;36877;381.47;379.17
24627;36890;377.91;377.66
24608;36822;423.74;423.44
24617;36848;426.88;426.28
24620;36857;414.12;413.42
24611;36832;423.19;421.79
24627;36888;380.61;378.41
24605;36815;421.77;420.87
24627;36889;378.41;377.91
24602;36803;420;418.9
24597;36779;422.2;422
24604;36809;422.7;422.4
24597;36781;421.4;419.2
24609;36824;423.29;423.09
24599;36792;419.1;417.6
24616;36846;426.8;425.15
24602;36804;418.9;417.2
24598;36788;420.45;419.25
24609;36825;423.09;421.49
24598;36785;423.05;422.55
24625;36875;382.97;382.47
24609;36827;420.29;419.79
24607;36821;421.04;414.14
24601;36800;422.2;420.4
24600;36793;422.4;422.2
24604;36812;419.9;412.2
24598;36784;423.25;423.05
24618;36851;414.07;413.47
24624;36872;380.45;378.7
24627;36891;377.66;372.21
24605;36813;423.17;422.97
24603;36807;422.27;421.77
24610;36830;421.43;421.03
24637;36916;406.6;404.05
24637;36915;408.05;406.6
24632;36895;421.33;420.43
24635;36908;406.23;403.43
24634;36905;391.64;381.84
24638;36918;408.04;406.14
24644;36936;411.1;410.4
24646;36943;396;382
24646;36945;348;143
24636;36912;406.09;403.64
1403;36947;395.99;389.64
24637;36914;409.5;408.05
24641;36927;409.85;406.3
24643;36933;410.52;409.87
24639;36922;405.87;403.67
24633;36900;418.63;417.78
24646;36944;382;348
24638;36919;406.14;403.54
24633;36901;417.78;416.43
24634;36904;401.04;391.64
24634;36902;406.84;406.34
24644;36937;410.4;408.9
24635;36906;409.43;408.93
24636;36911;408.14;406.09
24636;36909;409.64;408.99
24639;36921;408.27;405.87
24646;36942;398;396
24640;36923;410.07;408.07
24633;36899;419.63;418.63
24632;36897;417.23;417.13
24632;36896;420.43;417.23
24645;36940;452;442
24642;36932;406.24;404.24
24642;36930;409.99;409.54
24644;36938;408.9;405.1
24643;36935;408.22;404.52
24645;36941;442;316
24637;36913;410.05;409.5
24634;36903;406.34;401.04
24642;36931;409.54;406.24
24641;36926;410.35;409.85
24642;36929;410.24;409.99
24638;36917;409.54;408.04
24640;36924;408.07;406.17
24640;36925;406.17;404.07
24636;36910;408.99;408.14
24641;36928;406.3;402.35
24643;36934;409.87;408.22
24639;36920;409.67;408.27
24635;36907;408.93;406.23
24633;36898;420.43;419.63
24645;36939;456;452
1403;36946;396.69;395.99
24669;36975;349.79;348.79
24673;36989;436.24;435.44
24672;36984;350.1;348.8
24672;36985;348.8;346.8
24657;36951;375.4;375.3
24657;36950;377.7;375.4
24661;36960;376.5;376.3
24662;36962;434.2;419.6
24668;36974;348.26;344.76
24458;36723;377;376
24658;36953;379.5;378.3
24458;36721;380;379.9
24666;36968;347.52;345.62
24657;36948;380.3;380
24663;36964;431.75;431.25
24669;36977;346.89;343.74
24670;36978;350.35;348.85
24663;36963;432.85;431.75
1259;36996;376.51;375.51
24660;36957;379.6;378.3
24670;36979;348.85;347.25
24667;36971;347.51;344.06
24663;36965;431.25;419.85
24671;36983;347.04;344.24
1258;36994;375.51;374.71
24669;36976;348.79;346.89
24658;36952;381.3;379.5
24666;36966;351.62;350.92
24671;36982;349.44;347.04
24659;36955;379.3;378.3
24661;36959;379.45;376.5
24670;36980;347.25;344.35
24671;36981;350.24;349.44
24661;36958;381.3;379.45
24668;36973;349.01;348.26
24667;36970;348.46;347.51
1258;36995;374.71;361.81
24674;36992;435.57;434.67
1259;36998;374.51;366.51
24458;36722;379.9;377
1260;37000;365.6;365.05
24660;36956;381.3;379.6
24657;36949;380;377.7
24659;36954;381.3;379.3
24667;36969;350.06;348.46
1259;36997;375.51;374.51
24673;36988;437.14;436.24
24662;36961;434.6;434.2
24672;36986;346.8;344.1
24674;36990;437.57;436.87
1258;36993;377.01;375.51
24668;36972;350.76;349.01
1260;36999;368.05;365.6
24673;36987;437.84;437.14
24666;36967;350.92;347.52
24674;36991;436.87;435.57
1265;37007;370.11;364.21
1266;37008;372.7;366.9
1263;37002;449.7;441.15
1294;37035;395.85;391.8
1278;37018;405.74;392.69
1290;37029;407.76;395.76
1264;37003;440;439.5
1296;37037;416.1;415.5
1276;37014;404.38;390.58
1277;37016;404.96;391.76
1285;37024;453.53;448.58
1273;37010;390.5;388.62
1294;37036;391.8;381.05
1296;37038;415.5;408.35
1300;37045;412.49;411.09
1275;37012;407.77;400.27
1264;37004;439.5;437.15
1276;37013;405.38;404.38
1285;37023;454.58;453.53
1300;37046;411.09;403.49
1294;37034;397.85;395.85
1284;37022;449.79;437.04
1299;37044;397.95;390.65
1300;37048;369.49;366.99
1288;37027;453.65;443.65
1274;37011;406.61;397.51
1279;37019;407.94;406.74
1279;37020;406.74;384.94
1263;37001;450;449.7
1278;37017;407.49;405.74
1293;37033;398.82;383.82
1264;37005;437.15;430
1265;37006;370.91;370.11
1291;37031;402.26;392.71
1297;37041;389.46;375.96
1266;37009;366.9;366.3
1300;37047;389.79;369.49
1302;37049;408.84;408.04
1287;37026;446.59;443.79
1290;37028;409.26;407.76
1284;37021;455.79;449.79
1277;37015;407.16;404.96
1297;37040;410.46;389.46
1299;37042;428.05;426.05
1299;37043;426.05;397.95
1292;37032;398.82;385.92
1287;37025;447.79;446.59
1297;37039;418.46;410.46
1291;37030;403.76;402.26
1302;37050;408.04;374.84
1321;37078;380.22;377.62
1330;37107;412.06;397.26
1325;37089;376.99;374.09
1305;37052;422;362
1306;37054;415.5;400.5
1316;37077;370.51;362.91
1316;37076;371.11;370.51
1327;37097;416.2;415.7
1325;37088;379.44;376.99
1309;37064;411.85;405.45
1316;37075;372.91;371.11
1328;37101;415.21;393.71
1326;37093;379.75;377.25
1308;37061;418.66;413.16
1329;37104;414.45;406.45
1328;37100;417.01;415.21
1328;37099;417.51;417.01
1308;37060;419.16;418.66
1306;37056;366.5;363.5
1326;37091;382.75;382.25
1308;37062;413.16;403.36
1314;37070;419.84;418.84
1312;37067;407.13;402.23
1327;37098;415.7;406.7
1315;37074;370.4;355.4
1329;37103;415.95;414.45
1330;37105;417.26;416.76
1323;37081;413.99;413.34
1309;37063;412.75;411.85
1326;37095;375.75;371.75
1321;37080;374.92;365.22
1307;37057;420.24;419.44
1321;37079;377.62;374.92
1325;37087;380.99;379.44
1315;37073;371.4;370.4
1324;37086;410.9;406.9
1326;37092;382.25;379.75
1314;37069;420.24;419.84
1324;37085;416.6;410.9
1327;37096;416.7;416.2
1307;37058;419.44;412.14
1312;37068;402.23;391.73
1306;37053;417.5;415.5
1314;37071;418.84;410.24
1306;37055;400.5;366.5
1307;37059;412.14;399.54
1323;37083;410.39;403.99
1315;37072;375.4;371.4
1309;37065;405.45;402.3
1312;37066;408.73;407.13
1325;37090;374.09;365.74
1326;37094;377.25;375.75
1330;37106;416.76;412.06
1323;37082;413.34;410.39
1324;37084;416.9;416.6
1329;37102;416.45;415.95
1305;37051;430;422
1342;37116;369.14;334.64
1342;37114;374.64;369.64
1337;37110;378.49;371.59
1341;37111;403.07;402.47
1341;37112;402.47;391.57
1342;37115;369.64;369.14
1341;37113;391.57;383.37
1337;37109;379.69;378.49
1343;37119;370;354.3
1343;37117;374.5;371.5
1337;37108;383.89;379.69
1343;37120;375;374.5
1343;37118;371.5;370
24711;37130;353.74;353.61
24711;37131;353.61;353.54
24707;37156;421.55;414.6
24713;37137;327.07;325.07
24718;37159;376;24
24713;37135;379.07;375.07
24703;37123;381.7;357.7
24716;37145;408.6;402.9
24706;37154;421.1;419.3
24710;37128;408.3;407.2
24707;37155;422.6;421.55
24716;37146;402.9;401.1
24703;37122;385.7;381.7
24709;37127;406.5;402.8
24718;37158;416;376
24708;37125;406.4;403.1
24716;37143;409.4;409
24713;37136;375.07;327.07
24705;37151;421.3;419.6
24713;37139;311.07;201.07
24718;37157;424;416
24706;37153;421.8;421.1
24713;37134;381.07;379.07
24705;37150;422.7;421.3
24712;37133;353.61;353.54
24703;37121;387.7;385.7
24709;37126;407;406.5
24713;37138;325.07;311.07
24716;37144;409;408.6
24715;37142;404.1;401.7
24710;37129;407.2;404.1
24704;37147;423;422.3
24708;37124;406.9;406.4
24715;37140;410;409.5
24715;37141;409.5;404.1
24704;37149;421.3;419
24712;37132;353.74;353.61
24706;37152;422.3;421.8
24704;37148;422.3;421.3
1344;37184;375.02;369.32
24747;37172;422.9;422.5
24745;37168;432.35;430.75
24744;37166;430.8;430.4
1346;37190;374.44;369.44
24747;37174;421.9;414.9
24750;37183;372;371.95
24743;37163;432.35;430.3
24750;37181;376.2;375.6
24748;37176;422.65;421.55
1344;37185;369.32;368.52
24748;37177;421.55;415.05
24744;37165;432.25;430.8
1345;37188;371.94;370.44
24744;37167;430.4;429.85
1346;37191;369.44;368.94
24742;37160;432.85;431.95
24750;37182;375.6;372
24745;37169;430.75;430.45
24743;37164;430.3;429.75
24749;37178;376.1;374.5
1345;37187;374.44;371.94
24742;37161;431.95;430.95
24742;37162;430.95;430.6
24747;37173;422.5;421.9
24748;37175;423.05;422.65
24746;37171;431.85;431.55
1344;37186;368.52;349.02
1345;37189;370.44;353.44
24746;37170;432.85;431.85
24749;37180;373;372.95
24749;37179;374.5;373
1346;37192;368.94;343.44
1371;37240;403.96;395.96
1388;37273;418.48;411.38
1360;37225;379.13;372.73
1372;37242;402.65;401.95
1349;37201;363.9;363.8
1371;37241;395.96;388.06
1378;37245;409.35;408.85
1368;37230;375.11;371.86
1369;37233;385.58;378.98
1383;37255;411.21;408.21
1347;37194;371.42;369.42
1358;37216;382.89;379.64
1385;37263;432.25;431.95
1369;37234;378.98;374.13
1354;37207;378.44;375.14
1357;37212;389;381
1385;37265;431.1;420.95
1359;37220;382.68;381.58
1368;37229;377.96;375.11
1387;37270;426.52;425.22
1358;37218;377.79;376.19
1388;37272;418.88;418.48
1356;37209;375.68;374.18
1382;37253;414.58;412.28
1383;37256;408.21;391.21
1347;37196;325.72;322.42
1358;37214;386.99;386.59
1353;37205;373.2;367.7
1359;37221;381.58;377.78
1372;37244;393.65;387.65
1347;37193;374.42;371.42
1354;37206;380.04;378.44
1357;37213;381;377
1372;37243;401.95;393.65
1358;37217;379.64;377.79
1347;37195;369.42;325.72
1385;37264;431.95;431.1
1368;37227;385.86;385.16
1356;37210;374.18;371.48
1350;37202;359.8;359.6
1368;37226;386.46;385.86
1370;37237;404.63;397.43
1384;37261;403.88;401.88
1380;37251;407.79;407.19
1378;37247;401.45;389.35
1359;37222;377.78;374.08
1348;37199;378.25;373.15
1380;37252;407.19;406.29
1387;37271;425.22;414.32
1353;37204;377.2;373.2
1388;37274;411.38;407.98
1379;37250;400.67;391.77
1386;37266;428;427
1370;37236;405.43;404.63
1356;37211;371.48;363.68
1371;37239;404.46;403.96
1348;37197;388.45;380.15
1353;37203;379.2;377.2
1384;37258;421.88;421.48
1382;37254;412.28;400.88
1370;37238;397.43;384.23
1379;37248;407.77;407.27
1354;37208;375.14;368.54
1384;37259;421.48;410.08
1386;37268;411.6;409.5
1379;37249;407.27;400.67
1378;37246;408.85;401.45
1384;37260;406.38;403.88
1369;37232;386.18;385.58
1369;37231;386.88;386.18
1360;37224;379.63;379.13
1369;37235;374.13;373.38
1348;37198;380.15;378.25
1359;37219;384.08;382.68
1358;37215;386.59;382.89
1360;37223;382.73;379.63
1348;37200;373.15;371.85
1368;37228;385.16;377.96
1387;37269;426.92;426.52
1386;37267;427;411.6
1401;37328;374.68;373.68
24752;37281;455.1;454.6
612;37257;373.9;370.75
24753;37283;454.9;454.7
24768;37313;423.2;422.25
1389;37318;436.84;436.34
24756;37290;449.6;446.2
24752;37282;454.6;454
24766;37310;424.71;418.31
24769;37316;423.25;422.4
24768;37314;422.25;421.6
24757;37291;453.7;453
612;37262;370.75;363.8
24761;37298;376;375
24759;37296;376;375
1396;37327;367.34;363
24754;37286;454.2;452.6
1396;37326;369.94;367.34
24763;37302;416.7;409.4
24767;37311;424.13;422.13
24770;37317;423.7;422.1
24766;37309;425.31;424.71
24763;37300;419.8;419.5
24767;37312;422.13;417.13
24755;37287;454.5;454
24756;37289;450.2;449.6
24758;37293;376.2;372.7
24765;37308;420.95;416.15
1395;37324;358.81;353.81
24765;37306;423.15;422.25
24754;37285;454.9;454.2
1396;37325;371.84;369.94
24757;37292;453;449.4
24765;37307;422.25;420.95
24763;37301;419.5;416.7
24753;37284;454.7;454.2
24764;37304;421.15;419.3
1395;37323;375.76;358.81
24755;37288;454;452.8
24760;37297;376;375
1401;37330;373.18;367.68
24764;37303;423;421.15
1389;37319;436.34;427.14
24762;37299;376;375
24758;37295;372.2;366.2
1390;37320;432.69;432.29
24764;37305;419.3;415.9
24758;37294;372.7;372.2
1395;37322;376.31;375.76
24751;37280;455.2;454.1
1390;37321;432.29;420.69
24769;37315;424;423.25
1401;37329;373.68;373.18
24751;37279;455.9;455.2
1435;37367;335.44;333.85
1416;37351;385.52;381.72
1432;37363;341.72;340.3
1410;37346;370.5;345
1445;37372;495.79;494.29
1429;37362;341.34;339.23
1408;37342;392.85;382.45
1425;37357;373.1;370
1419;37354;394.28;379.58
1407;37337;379.66;379.16
1428;37359;341.09;340.94
1415;37350;381.93;370.73
1404;37334;385.8;384.2
1443;37370;480.24;478.24
1444;37371;477.53;475.33
1411;37348;371.07;351.27
1422;37356;430.46;420.06
1433;37364;345.81;343.41
1434;37366;336.19;334.11
1411;37347;371.27;371.07
1415;37349;383.73;381.93
1409;37343;371.83;371.33
1433;37365;343.41;339.63
1410;37345;371.4;370.5
1404;37333;386.6;385.8
1428;37360;340.94;337.5
1437;37368;341.64;339.44
1447;37374;485.19;478.69
1408;37341;398.65;392.85
1416;37352;381.72;370.52
1446;37373;491.55;488.55
1407;37338;379.16;377.46
1404;37336;383.5;376.6
1442;37369;483.83;481.83
1429;37361;341.84;341.34
1422;37355;431.06;430.46
1427;37358;377.5;372.1
1419;37353;394.58;394.28
1404;37335;384.2;383.5
1407;37339;377.46;373.36
1407;37340;373.36;369.16
1448;37375;485.16;482.66
1409;37344;371.33;356.13
1402;37331;396.48;395.78
1402;37332;395.78;381.18
1451;37378;370.15;361.45
1465;37390;413.14;407.79
1459;37384;425.45;418.55
1073;37275;372.7;368.82
1456;37380;425.06;424.26
1465;37389;421.39;413.14
1459;37382;428.65;428.2
1456;37381;424.26;410.01
1074;37277;372.7;368.4
2482;37392;396.45;396.25
1082;37278;372;369.05
1466;37391;395.25;393.75
1451;37377;373.85;370.15
1451;37376;374.05;373.85
1462;37385;424.55;424.05
1455;37379;400.4;398.4
1464;37387;423.89;423.39
2482;37393;396.25;392.25
1073;37276;368.82;359
1459;37383;428.2;425.45
1464;37388;423.39;411.24
1462;37386;424.05;414.5
24773;37398;402;400
24773;37401;376;350
24773;37400;390;376
24773;37399;400;390
24773;37403;350;202
1469;37423;365.3;361.5
1477;37437;384.83;373.53
1470;37424;373.9;367.7
1482;37450;370.33;368.73
1476;37434;385.38;376.08
1480;37444;371.05;364.85
1468;37420;369.15;360.5
1468;37419;370.6;369.15
1474;37430;387.63;372.93
1481;37448;358.61;350.21
1478;37440;371.23;349.23
1482;37452;363.93;353.13
1481;37445;374.21;371.91
1458;37417;426.05;418.6
1481;37447;369.61;358.61
1472;37427;369.75;368
1458;37418;428.5;426.05
1481;37446;371.91;369.61
1472;37428;368;359.75
1477;37438;373.53;366.13
1478;37439;375.53;371.23
1480;37443;371.85;371.05
1458;37416;429;428.5
1475;37431;385.97;381.97
1475;37432;381.97;370.97
1470;37425;367.7;366.9
1477;37436;385.33;384.83
1483;37454;371.77;370.37
1483;37455;370.37;364.62
1484;37457;377.2;374.3
1474;37429;387.93;387.63
1469;37421;372.5;367.95
1478;37441;349.23;345.53
1470;37426;366.9;363.9
1482;37451;368.73;363.93
1480;37442;374.85;371.85
1476;37433;388.38;385.38
1469;37422;367.95;365.3
1482;37449;370.73;370.33
1484;37456;379;377.2
1476;37435;376.08;372.38
1483;37453;374.77;371.77
2886;37414;427.84;419.89
2483;37394;392.5;392
24775;37464;466;454
1492;37473;429.3;427.3
1499;37480;395.79;395.29
1500;37481;402.24;401.74
1502;37487;395;393
1505;37494;398.91;397.61
1506;37497;396.87;374.07
2886;37413;427.99;427.84
1489;37470;459.48;450.08
1485;37459;373.89;368.49
1495;37478;414.71;409.71
1515;37502;414.34;398.84
2484;37396;393.17;389.87
24775;37465;454;296
1515;37503;398.84;397.34
1487;37466;420.61;420.11
1486;37462;420.31;409.41
2484;37395;393.47;393.17
1501;37485;405.87;400.07
1515;37501;415.34;414.34
1487;37468;408.31;407.61
2745;37409;393.15;392.75
1502;37488;393;383
1514;37498;415.51;414.91
1501;37484;406.37;405.87
1501;37486;400.07;398.77
1485;37458;375.89;373.89
1487;37467;420.11;408.31
1505;37495;397.61;379.41
1505;37493;399.41;398.91
1500;37482;401.74;397.24
1486;37463;409.41;405.81
2485;37402;391.13;390.28
1514;37500;399.51;397.51
1489;37469;460.58;459.48
1504;37492;397.89;384.39
1514;37499;414.91;399.51
1506;37496;399.07;396.87
2746;37412;391.78;390.63
2735;37408;397.43;393.88
2734;37404;404.16;403.26
1503;37489;394.8;393.7
1500;37483;397.24;396.24
1490;37472;456.93;448.43
1503;37490;393.7;382.8
1485;37460;368.49;365.89
2734;37405;403.26;399.26
1486;37461;420.81;420.31
1495;37479;409.71;406.31
2734;37406;399.26;398.16
2485;37397;391.48;391.13
2746;37411;392.23;391.78
1490;37471;458.73;456.93
1493;37475;391.4;390.7
2735;37407;398.53;397.43
2886;37415;419.89;414.99
1492;37474;427.3;426.6
2745;37410;392.75;390.15
1493;37476;390.7;380.8
1495;37477;418.71;414.71
1504;37491;399.39;397.89
24778;37516;416.44;414.04
1535;37582;378.36;377.86
24781;37527;399.3;374.7
1516;37547;402.99;402.39
1524;37565;422.88;413.73
24779;37520;413.14;411.44
1535;37583;377.86;372.66
1516;37548;402.39;399.44
24782;37534;374.8;370.4
24778;37515;418.04;416.44
24783;37536;377.9;374.9
1516;37546;414.49;402.99
24777;37513;418.71;417.51
1528;37572;367.85;358.85
1526;37568;357;342.9
1529;37575;370.78;364.78
1534;37580;392.9;392.6
1519;37556;423.02;422.12
1523;37563;422.9;410.3
1523;37562;424.1;422.9
1527;37569;365.8;355.1
1526;37567;366.45;357
1528;37571;368.45;367.85
1535;37585;349.36;329.36
24779;37518;413.44;413.34
1518;37555;417.24;406.79
24780;37522;399.65;397.3
24779;37517;415.44;413.44
1520;37560;420.85;408.2
1535;37584;372.66;349.36
1517;37549;414.36;413.56
24776;37511;417.62;416.92
24779;37519;413.34;413.14
1517;37551;406.36;404.36
24782;37532;376.3;374.8
24780;37525;357.6;353
24780;37521;400;399.65
24781;37528;374.7;367.7
24776;37512;416.92;413.62
24781;37526;400.7;399.3
1531;37577;389.9;388.95
1518;37554;420.94;417.24
1516;37545;414.99;414.49
1517;37550;413.56;406.36
24783;37538;374.9;370.7
1518;37553;421.99;420.94
24782;37531;378.4;376.3
24781;37529;367.7;360.7
1520;37559;422.75;420.85
1528;37573;358.85;343.45
1520;37558;423.25;422.75
1527;37570;355.1;335.8
1518;37552;422.14;421.99
1519;37557;422.12;407.77
1524;37564;423.73;422.88
1526;37566;367.9;366.45
24780;37523;397.3;367.4
1529;37574;374.78;370.78
1531;37578;388.95;388.25
24783;37535;378.7;377.9
1531;37576;391.45;389.9
1534;37579;393.6;392.9
24780;37524;367.4;357.6
24777;37514;417.51;414.51
1534;37581;392.6;388.6
1523;37561;425.3;424.1
24789;37614;415.7;408.6
1536;37640;374.87;372.84
24791;37621;377.4;312.8
24790;37617;416.6;410
24794;37631;424.59;422.59
24785;37603;387.7;387.1
24789;37613;417.2;415.7
24794;37630;426.69;424.59
24792;37623;383;380.4
24793;37627;423.98;423.88
1562;37680;379.03;377.43
1538;37647;375.99;374.49
1562;37679;383.03;379.03
24793;37628;423.88;415.98
1565;37685;386.4;385.2
1536;37639;375.47;374.87
1565;37687;379.3;378.75
24785;37602;388.8;387.7
1537;37644;373.79;367.77
24791;37620;381.3;377.4
24790;37615;418.6;417.8
1539;37657;372.47;353.97
1540;37660;374.54;371.54
24787;37594;404.72;400.02
1540;37659;375.04;374.54
1562;37681;377.43;374.23
1539;37653;375.15;372.62
24787;37607;404.92;404.72
1537;37643;374.5;373.79
24786;37605;388.3;387.4
24786;37606;387.4;386.6
1541;37665;370.06;362.51
1538;37650;341.14;320
1538;37649;370.79;341.14
1565;37684;387.5;386.4
1565;37686;385.2;379.3
24791;37619;382.8;381.3
1562;37682;374.23;366.28
24788;37596;404.8;404.6
24789;37612;418.6;417.2
24790;37616;417.8;416.6
1538;37648;374.49;370.79
1536;37642;333.47;313.27
1541;37667;362.51;345.31
1548;37672;385.35;384.65
24790;37618;410;408.3
24796;37652;471.3;215.3
1541;37664;373.57;370.06
1565;37683;389.4;387.5
1536;37641;372.84;333.47
1548;37674;382.45;380.45
24796;37651;477.3;471.3
1539;37654;372.62;372.47
1541;37663;374.97;373.57
24791;37622;312.8;302.8
24792;37624;380.4;378.9
24792;37625;378.9;358
1548;37675;380.45;367.9
24788;37598;404.6;404.1
1548;37673;384.65;382.45
24788;37599;404.1;399.6
1548;37671;386.45;385.35
1556;37741;380.78;378.48
1551;37717;379.85;379.05
1556;37740;381.58;380.78
1557;37743;383.17;382.07
1550;37711;382.13;380.73
1569;37701;379.97;379.37
1585;37780;373.59;371.59
1597;37800;396.95;394.95
1563;37762;380.65;380.25
1554;37728;386.01;384.81
1557;37745;380.17;377.57
1556;37739;383.18;381.58
1595;37786;415.54;413.54
1556;37737;387.78;384.48
1550;37708;387.33;386.83
1563;37766;373.85;373.4
1560;37754;383.4;383
1582;37777;419.87;416.97
1596;37793;400.25;395.95
1597;37799;405.85;396.95
1557;37744;382.07;380.17
1596;37794;395.95;391.95
1598;37801;376;370.6
1597;37797;408.95;408.65
1594;37785;374.4;359.4
1558;37748;381.21;380.76
1558;37749;380.76;376.85
1560;37756;382.3;378.8
1564;37767;378.08;376.78
1563;37763;380.25;376.85
1579;37772;397.92;395.22
1549;37706;382.42;380.77
1580;37774;403.21;396.11
1582;37778;416.97;410.87
1595;37787;413.54;412.04
1561;37758;383.42;382.92
1560;37755;383;382.3
1580;37773;404.11;403.21
1561;37759;382.92;381.92
1555;37732;386.19;384.89
1561;37761;379.42;377.42
1585;37781;371.59;370.59
1550;37712;380.73;380.43
1557;37742;383.57;383.17
1585;37782;370.59;369.19
1596;37791;401.45;400.25
1560;37757;378.8;376.9
1552;37721;382.04;380.44
1551;37716;382.15;379.85
1599;37804;373.6;360.2
1553;37725;384.43;383.83
1559;37751;382.97;382.17
1551;37715;383.35;382.15
1559;37752;382.17;380.42
1549;37707;380.77;380.62
1564;37768;376.78;374.38
1597;37798;408.65;405.85
1596;37795;391.95;390.95
1550;37710;383.33;382.13
1566;37700;394.18;392.38
1554;37731;379.41;376.46
1558;37747;382.21;381.21
1550;37709;386.83;383.33
1556;37738;384.48;383.18
1563;37765;376.55;373.85
1564;37769;374.38;373.58
1569;37703;376.12;370.47
1552;37722;380.44;378.64
1552;37720;383.04;382.04
1555;37735;382.19;380.49
1563;37764;376.85;376.55
1552;37718;385.64;384.74
1549;37704;385.92;384.47
1555;37734;383.59;382.19
1554;37729;384.81;383.71
1551;37713;385.65;384.55
1555;37736;380.49;376.79
1582;37776;421.57;419.87
1592;37784;378.2;377.1
1561;37760;381.92;379.42
1552;37719;384.74;383.04
1553;37723;385.63;384.88
1596;37790;401.95;401.45
1553;37727;380.23;375.98
1553;37724;384.88;384.43
1554;37730;383.71;379.41
1592;37783;378.9;378.2
1579;37770;407.72;407.22
1559;37753;380.42;378.7
1598;37802;370.6;360.4
1599;37803;376;373.6
1558;37746;384.31;382.21
1595;37788;412.04;401.54
1559;37750;383.37;382.97
1555;37733;384.89;383.59
1579;37771;407.22;397.92
1553;37726;383.83;380.23
1569;37702;379.37;376.12
1580;37775;396.11;391.61
1566;37699;397.38;394.13
1549;37705;384.47;382.42
1551;37714;384.55;383.35
1610;37908;386.8;384.5
1607;37897;374.45;373.1
24814;37844;436.17;435.62
1616;37928;400.06;394.86
1618;37931;418.79;418.54
1605;37868;374.24;370.24
1634;37953;409.83;390.83
1607;37899;373.1;365.35
1604;37865;411.67;405.17
1634;37954;390.83;390.53
1610;37909;384.5;382.65
1603;37860;379.57;376.37
1603;37861;376.37;373.82
24815;37848;435.73;434.73
24815;37847;436.1;435.73
1612;37916;416.05;411.05
1633;37951;411.06;401.91
1606;37870;377.02;376.12
1604;37863;415.97;415.57
24816;37849;435.83;435.6
1607;37896;374.8;374.45
1625;37943;449.22;448.72
1602;37853;398.81;398.01
1610;37910;382.65;380.8
1631;37945;413.27;412.37
1615;37920;408.42;407.92
1609;37905;385.49;384.64
1608;37900;375.62;374.77
1616;37929;394.86;391.86
1609;37904;386.64;385.49
1606;37873;370.12;366.22
1632;37948;413.27;411.77
1609;37907;381.59;379.39
1633;37950;411.91;411.06
1619;37933;422.1;418.65
1619;37934;418.65;412.1
1612;37917;411.05;408.35
1615;37922;406.82;398.42
24816;37851;435.31;434.63
1624;37942;448.72;439.12
1605;37869;370.24;365.94
1607;37894;375.85;374.8
1606;37871;376.12;374.32
1625;37944;448.72;439.22
1602;37854;398.01;358.81
1605;37867;375.34;374.24
1616;37927;401.26;400.06
1616;37926;402.36;401.26
1612;37913;419.05;418.55
1609;37906;384.64;381.59
1620;37937;307.23;301.68
1615;37921;407.92;406.82
1620;37935;374.53;369.73
24815;37846;436.33;436.1
1604;37864;415.57;411.67
1605;37866;376.24;375.34
24816;37850;435.6;435.31
1618;37932;418.54;411.89
1632;37949;411.77;393.77
1620;37936;369.73;307.23
1608;37902;371.77;365.62
1621;37939;373.82;371.57
24816;37852;434.63;433.83
1608;37901;374.77;371.77
1621;37938;374.57;373.82
1612;37914;418.55;416.05
1632;37947;413.77;413.27
1618;37930;421.89;418.79
1624;37941;449.12;448.72
1603;37859;379.92;379.57
1621;37940;371.57;344.57
24814;37843;436.34;436.17
24814;37845;435.62;433.34
1606;37872;374.32;370.12
1603;37862;373.82;369.92
1631;37946;412.37;403.27
1634;37952;410.53;409.83
1649;38018;420.02;411.52
1652;38026;378.5;373
1652;38023;383;382.1
1641;38003;370.08;368.98
1647;38012;432.93;432.18
1647;38013;432.18;420.93
1648;38015;429.5;420
1655;38033;373.79;366.84
1656;38037;374.23;367.08
1653;38028;371.63;368.88
24850;37981;377;376.2
1648;38014;430;429.5
1646;38010;433.82;432.72
1638;37995;420.46;419.86
1643;38008;378.69;369.49
1639;37999;367.25;336.25
1651;38019;382.04;381.84
1640;38001;368.3;338.3
1639;37998;372.25;367.25
24851;37982;376.5;376.35
1641;38002;376.48;370.08
1643;38009;369.49;363.59
24850;37980;377.3;377
24855;37992;425.6;422.6
1642;38007;370.72;352.62
1651;38022;377.84;372.04
1651;38020;381.84;380.44
1653;38027;373.23;371.63
1654;38029;373.7;370.3
1655;38032;374.84;373.79
1655;38031;376.84;374.84
1656;38036;375.08;374.23
1641;38004;368.98;356.48
1651;38021;380.44;377.84
1654;38030;370.3;369.45
1646;38011;432.72;418.82
24856;37994;425.4;422.8
1638;37996;419.86;412.96
1652;38025;379.7;378.5
1656;38034;377.08;375.88
24856;37993;426.8;425.4
1656;38035;375.88;375.08
24854;37989;405.9;405.05
24851;37983;376.35;375.4
1652;38024;382.1;379.7
1649;38016;422.02;421.12
24853;37985;377.1;377
24849;37978;376.9;376.7
1642;38005;377.52;373.87
1642;38006;373.87;370.72
24853;37986;377;376.2
24854;37988;407.35;405.9
24854;37990;405.05;387.35
24855;37991;426.6;425.6
24853;37987;376.2;374.1
1638;37997;412.96;410.46
1640;38000;372.3;368.3
24849;37979;376.7;375.8
24852;37984;376.8;375.9
1649;38017;421.12;420.02
1696;38110;372.85;365.65
1677;38063;408.9;402.1
1699;38116;437.93;432.83
1703;38124;390.34;388.04
1705;38130;389.63;388.48
1703;38126;386.84;383.24
1676;38057;415.85;414.3
1669;38049;390.91;389.41
1675;38054;432.75;423
1717;38154;374.51;374.16
1715;38152;416.79;411.39
1703;38125;388.04;386.84
1693;38098;376.26;374.51
1678;38066;418.05;416.1
1713;38146;418.7;414.5
1717;38155;374.16;368.51
1694;38104;372.38;358.58
1694;38102;373.98;373.63
1707;38135;434.44;433.64
1666;38042;384.6;383.75
1715;38151;420.89;416.79
1677;38062;413.75;408.9
1707;38136;433.64;432.14
1710;38142;420.65;420.05
1708;38138;373.98;371.23
1695;38107;371.6;353.4
1709;38140;371.22;370.92
1697;38111;440.2;439.45
1717;38153;378.51;374.51
1690;38078;420.16;419.46
1695;38106;373.2;371.6
1705;38129;390.03;389.63
1704;38128;389.79;382.59
1710;38143;420.05;416.65
1710;38144;416.65;407.65
1706;38133;377.54;343.19
1693;38100;374.26;373.06
1667;38044;402.6;399.5
1701;38121;386.79;374.89
1713;38147;414.5;399.8
1696;38109;373.65;372.85
1694;38103;373.63;372.38
1692;38088;371.85;366.45
1706;38132;378.89;377.54
1699;38115;438.73;437.93
1709;38141;370.92;351.12
1704;38127;390.09;389.79
1662;38073;452.9;451.4
1675;38053;433.4;432.75
1676;38059;413.75;406.2
1667;38045;399.5;398.4
1692;38085;376.85;373.85
1708;38139;371.23;353.98
1700;38117;449.54;449.04
1691;38082;420.71;419.81
1666;38040;393.15;390.65
1706;38131;379.19;378.89
1702;38122;387.92;387.67
1666;38041;390.65;384.6
1676;38058;414.3;413.75
1678;38065;420.2;418.05
1698;38114;437.8;428.6
1662;38074;451.4;424.8
1677;38060;414.1;413.75
1714;38149;373.24;363.79
1714;38148;373.79;373.24
1707;38134;434.74;434.44
1678;38067;416.1;410.2
1667;38043;403.1;402.6
1669;38047;416.51;399.91
1701;38120;388.29;386.79
1692;38086;373.85;371.85
1696;38108;375.65;373.65
1700;38118;449.04;439.54
1669;38046;417.41;416.51
1697;38112;439.45;430.2
1676;38056;416.2;415.85
1707;38137;432.14;424.74
1715;38150;421.39;420.89
1701;38119;390.09;388.29
1693;38101;373.06;365.96
1693;38099;374.51;374.26
1669;38048;399.91;390.91
1698;38113;438.6;437.8
1702;38123;387.67;383.12
1713;38145;420.5;418.7
1695;38105;374.55;373.2
24820;37858;428.24;427.34
24820;37855;429.84;429.49
24820;37857;428.84;428.24
24820;37856;429.49;428.84
3655;37510;385.37;383.12
14365;38050;385.69;384.09
14417;38075;376.45;373.15
16810;38158;405.5;402.5
10638;37825;366.05;364.65
6078;37588;370.23;369.18
14423;38092;375.4;373
6078;37586;401.18;400.68
6077;37543;395.73;395.13
3655;37509;385.62;385.37
10638;37824;371.75;366.05
14158;37977;389.65;388.05
6079;37589;388.15;387.75
3835;38172;406.16;396.16
8613;37656;386.1;385.3
7314;37636;375.51;374.81
7313;37634;373.83;372.18
8833;37694;368.39;367.24
4078;37541;397;392.8
18708;38166;384.8;381.8
10142;37810;384.4;383.2
8614;37661;386.6;384.5
14157;37974;389.64;388.94
14423;38093;373;371.1
6772;37611;373.02;369.72
8614;37662;384.5;383.5
10142;37809;385.7;384.4
3835;38171;409.16;406.16
14367;38070;381.39;378.74
8613;37655;387.7;386.1
7313;37635;372.18;365.08
8822;37676;394.13;390.53
10789;37826;402.21;396.81
8615;37666;387.2;385.6
6077;37544;395.13;393.73
16810;38157;406.3;405.5
14417;38072;377.85;376.45
10141;37807;384.98;383.88
10792;37830;379.93;379.83
16230;38096;387.29;385.99
8824;37688;416.13;414.83
10793;37836;378.83;372.93
2866;38173;389.22;389.07
10177;37812;389.9;388.2
14366;38064;382.62;381.67
18708;38169;368.8;366.8
10380;37818;415.46;414.66
4078;37540;400.4;397
10789;37828;396.21;390.21
6079;37591;387.55;386.55
14419;38081;372.4;368.1
18707;38164;391.69;342.19
8833;37691;391.34;391.24
18032;38161;394.3;393.9
8616;37670;384;383
14365;38052;381.89;381.59
3656;37533;384.32;383.62
14417;38076;373.15;370.45
9749;37779;398.52;392.52
8824;37690;412.83;400.78
3656;37530;386.52;384.32
3232;37505;404.5;403.2
7314;37637;374.81;372.71
10792;37831;379.83;376.13
8822;37677;390.53;389.03
14419;38079;377.5;374.3
6771;37601;383.97;382.27
10789;37827;396.81;396.21
18032;38159;407.4;396.4
6770;37597;377.23;375.48
10638;37823;374.05;371.75
6773;37632;362.95;354
3247;37507;380.88;374.53
10638;37822;374.35;374.05
6771;37608;375.87;374.47
8616;37669;386.3;384
10282;37815;374.8;373.2
14369;38038;379.59;379.39
10793;37835;378.93;378.83
16810;38176;400.3;399
10793;37839;370.03;366.93
14158;37976;389.85;389.65
10282;37814;375.6;374.8
10282;37816;373.2;366.8
3657;37537;387.53;387.23
14417;38077;370.45;362.85
8616;37668;386.5;386.3
18708;38168;376.8;368.8
14367;38068;386.99;385.59
18707;38162;395.69;394.19
10793;37837;372.93;370.83
3249;37508;384.52;382.82
14366;38055;387.57;383.37
14419;38080;374.3;372.4
10141;37805;386.98;385.88
18707;38165;342.19;339.69
18708;38167;381.8;376.8
14368;38071;381.65;380.95
14421;38090;370.3;362.5
14423;38094;371.1;362.1
6079;37590;387.75;387.55
7314;37638;372.71;360.51
10142;37808;386.1;385.7
8612;37646;386.6;377.4
8614;37658;387;386.6
6772;37610;383.42;373.02
3232;37504;405.5;404.5
14423;38091;377.5;375.4
8822;37678;389.03;386.93
6772;37609;384.72;383.42
10140;37796;384.84;383.64
8833;37693;389.54;388.99
4080;37542;403.4;394.7
6707;38174;390.9;388.6
14365;38051;384.09;381.89
14419;38083;368.1;362.5
14421;38087;375.7;372.7
10443;37821;403;399.5
14367;38069;385.59;381.39
6770;37592;384.98;383.18
10792;37834;371.48;362.23
10380;37819;414.66;402.86
8824;37689;414.83;412.83
8612;37645;386.8;386.6
18828;38170;369.95;361.85
6770;37593;383.18;377.23
10791;37829;395.65;392.25
9325;37696;374.3;372.15
6773;37629;374.75;362.95
18707;38163;394.19;391.69
10792;37832;376.13;375.68
10140;37789;386.74;385.74
14157;37975;388.94;385.64
7313;37633;375.48;373.83
10141;37806;385.88;384.98
8833;37692;391.24;389.54
6773;37626;375.15;374.75
8999;37695;389.84;388.34
14366;38061;383.37;382.62
6707;38175;388.6;387.75
10443;37820;403.5;403
10282;37817;366.8;364.8
10792;37833;375.68;371.48
16230;38097;385.99;385.19
10793;37838;370.83;370.03
9325;37697;372.15;371.4
16230;38095;387.89;387.29
6078;37587;400.68;395.18
14421;38089;372.7;370.3
3657;37539;387.23;386.53
10142;37811;383.2;382
10177;37813;388.2;373.9
18032;38160;396.4;394.3
3232;37506;403.2;400.7
16810;38156;406.5;406.3
14421;38084;377.5;375.7
10140;37792;385.74;384.84
9325;37698;371.4;363.85
6771;37604;382.27;375.87
14369;38039;379.39;376.99
1718;38183;417.25;407.85
11250;37891;414.5;405.9
12221;37924;404.92;403.87
1725;38187;444.86;443.96
12019;37912;405.24;392.64
1740;38205;379.11;367.91
11248;37888;392.95;385.5
1718;38182;420.45;417.25
12767;37966;395.33;394.63
10853;37885;390.9;390.35
12702;37960;397.33;396.53
1721;38184;398.13;396.13
12767;37968;392.93;391.63
10851;37881;378.8;367.3
10851;37879;383.2;383
11249;37890;402;394.15
1732;38192;378.85;372.7
12765;37965;396.01;393.81
11245;37886;401;396
10853;37883;393.1;392.05
12965;37969;400;396
12702;37961;395.13;388.53
1739;38200;383.06;380.06
12767;37967;394.63;392.93
11251;37893;412.8;399.9
12687;37958;400.2;390.7
12765;37964;399.41;396.01
12020;37915;406;393.6
12203;37919;400.35;394
1739;38201;380.06;379.06
10850;37874;378.17;375.07
1732;38191;379.3;378.85
1721;38185;396.13;385.63
11249;37889;407.7;402
10794;37841;389.39;388.69
1725;38186;445.36;444.86
1727;38190;438.64;438.04
12687;37957;401.7;400.2
10794;37842;388.69;377.69
1738;38197;383.45;382.75
10850;37877;368.42;367.77
12702;37959;397.73;397.33
1739;38202;379.06;363.06
10851;37878;383.5;383.2
1738;38199;379.45;367.45
11251;37892;414.7;412.8
13393;37970;404;403.55
12020;37918;393.6;393.3
12687;37955;402.8;402.7
1733;38194;429.93;429.73
12702;37962;396.53;395.13
12017;37903;406.12;394.52
13394;37973;404;393
1740;38204;382.36;379.11
10850;37875;375.07;372.97
1726;38189;439.08;438.18
1733;38196;429.43;419.93
12765;37963;401.01;399.41
1732;38193;372.7;364
12221;37925;403.87;400.42
1738;38198;382.75;379.45
1726;38188;439.58;439.08
12221;37923;405.42;404.92
10853;37884;392.05;390.9
10794;37840;389.69;389.39
13393;37971;403.55;392
11248;37887;399.6;392.95
10850;37876;372.97;368.42
12018;37911;406.68;393.88
10851;37880;383;378.75
12687;37956;402.7;401.7
10853;37882;393.55;393.1
13394;37972;405;404
11864;37895;407.02;406.12
1718;38181;420.85;420.45
11864;37898;406.12;404.52
1733;38195;429.73;429.43
1740;38203;383.11;382.36
24584;38179;404.6;403.3
24584;38177;406.35;405.85
24584;38178;405.85;404.6
24584;38180;403.3;398.35
