PROFONDEUR_TOIT	PROFONDEUR_BASE	ID_UNITE_GEOL	NPXY
22	23	12160	6d12
0.7	0.9	8875	3
0.75	2.15	7700	3
42	68	7628	7c
0	2.9	13800	2
3	14.3	13886	2
0.35	6.75	7534	2
39.1	45	12125	9a
5.5	6.1	1544	4c
6.2	6.4	13450	6b
5.15	6	13401	7d12
6.7	8	8852	6e2
52	66	7215	12b
0.65	2.15	451	1-2
15.2	17.2	9684	9a
2.9	3.2	2441	2
20.2	20.9	8074	9e
34.4	40	12207	12d
1.5	4.1	7070	6e1
1.35	2.1	7776	6d12
0	0.2	11954	2
64.6	65	1896	11b
0.7	1.2	8683	2
10	18	13558	6c
18.3	24	1901	7c
4	22	13292	7c
1	2.3	7617	5
0	2	7808	2
20	21.3	14427	7e
9.15	12	7519	9a
0.2	0.5	9111	2
1.2	2.2	8080	4a
0	15	7652	7d
0	4.3	12017	2
1.2	1.75	8682	6b
0	0.45	1347	1
6	8	8809	6b
0	0.75	8465	2
2	3.1	13404	7c
0.9	4.8	14469	9b
0.55	1	2293	3c
8.7	11.6	2419	7c1
35.5	36.1	11849	9a
52	72	4395	12c
0	0.5	12159	1
12.3	13.5	13793	9
7.8	12.6	13133	7d1
6.65	8.8	13364	7d
0.8	1.6	8695	6b
1.2	1.7	13133	7c12
6.5	8.5	9121	6e2
14.1	17.8	7877	8e12
7	8.3	13743	9a
1.5	4.75	7992	6c12
2.1	3.2	1714	4a
0.5	1.5	8921	2
0.5	6.6	7893	6e2
20	26	12299	7d
1.7	4.1	7062	7d1
15	16	13379	7c
14.6	16.1	7834	7a
1.8	2.5	7765	3
8	8.8	854	11b
0.25	4.75	6216	2
96	102	13525	12d
9	10.5	14373	7b
12.7	15	8877	7d2
24	30	642	7-12a
2	2.5	14336	2b
9.2	39.5	2547	9a
0.7	9.3	13258	7c1
0.4	1.9	12051	2c
0	0.3	8663	1
9.6	14.3	8913	6c2
0	0.3	14320	1
1.2	4.2	13279	6a
2	2.8	9307	2
3.1	4.2	9213	7d1
1.1	1.8	13737	3
2.4	7.6	9241	6b
0	0.4	7564	1
0.3	0.6	9157	2
7.2	7.8	9276	7d12
3.2	4	8684	6e
0	0.1	12140	2
78	99	919	9a
9.2	20	8627	9a
2.6	2.8	8732	6e2
4.9	6.1	13515	6d1
0	0.9	14289	2
0	0.8	13408	2
1.9	2.9	9379	6b
0.55	1.6	13495	2c
27	33	728	7-12e
7	10	12308	9a
0	0.7	13962	2
11.25	45.2	7063	9a
1.6	2.4	8616	2
0	4.5	7529	9a
0.4	2.1	8338	2
4.6	6	7783	7e12
44	50	6191	7c
8	10.9	12316	7d12
12.1	39.5	12026	9a
0	1.85	6990	2
0	0.2	12232	1
4.6	7.3	9723	7d
5	9	8803	6c
48.6	55.4	14352	4-9d
11	12	9642	9a
11.6	24.5	12094	9a
0.25	1.1	8714	2
10.5	12	13381	9a
0	3.5	12558	6e
0	0.9	8892	1
1.1	1.5	9259	6b
0.6	1.4	8620	2
3.45	4.55	13533	4a
4.5	9	13128	9a
0	1.9	2980	2
0.8	4	11964	9a
0.8	5.7	8263	6b
32.1	33.5	8699	7e1
0.8	3.4	13519	3d
4.6	5.15	13966	4
13.7	17.9	12334	6d12
0.5	2.1	13499	2
0	2.1	1808	4a
0	0.3	13622	1
20	23.5	14400	12e
5.1	6.1	1574	4c
0	0.7	7767	2
11.8	12.3	13229	6d
19.8	20.8	12137	6d12
0	28	7625	6a
2.2	4.1	1543	3
3.6	9.5	9221	7e2
12.5	14	9156	6e12
1.7	4.55	13754	7d
0	2.5	2499	2
7.3	7.6	13825	712
11	14	13664	9b
1.1	12	8905	6c2
9.9	11.25	9063	7c
0	2.05	7811	2
66	68	13007	7b
5.6	11.2	11958	9a
7.75	9	9557	9a
4.4	5	8234	7e1
0	0.55	7734	2
1.05	2.8	2018	2
0.85	5	8803	6b
1.1	2	8641	6a1
2.5	3.4	7880	2
13.1	13.3	12049	9c
28	32	6665	7a
3.4	5.6	13249	4a
0	0.1	13632	1
8	9	12190	6e
0	0.3	9167	1
28	30	7228	9e
3.6	21.5	9778	9a
4	6	7788	7d
8.2	23	8619	9a
24	40	11840	6b
2.1	2.45	8628	2
16.8	17.7	9096	6d2
0	0.07	12027	1
3.05	3.65	8823	6a
6.1	7.5	13516	7d1
2.03	4	13982	4
25.6	27.7	8400	9a
16.5	17.3	14352	4-9a
4	4.7	2657	4a
2.35	8	9090	7d
0.3	0.6	13630	1
1.8	2.2	11831	2
0	0.3	8472	2
3.42	7.8	8412	6d2
0	0.15	9134	2
0.6	3.8	8547	6b
36.9	95	12300	9a
14.6	18	12042	9a
23.45	24	12157	7b
0.3	1.1	9128	2
5.4	9.1	13966	4
8.9	10	11966	9a
0.9	4.4	9280	6b
11.5	22	13801	9a
11.2	11.5	9068	6d2
13	20.3	7850	7d12
0	0.3	12322	2
7.7	11.1	10919	14-15
4.55	6	7986	6d
0	4	6626	7c
0	0.5	8523	2
8.7	11.1	9042	6d2
0.3	1	8728	3c1
24.6	30.55	2371	7d12
1.1	1.9	9129	3
5.2	10	7888	7e12
4.6	5.1	6988	9c
0.8	1.5	7760	3
6.5	10.3	13378	6d
25.8	28.45	12166	7d12
0	0.1	12163	1
12.7	13	13961	6
4	10	9595	7a
1.3	2	8691	6a
0	1.1	14441	1
4.9	6.3	8398	6e2
22.3	25.2	2377	7d1
20	28	13530	7e
7	12	8570	7e12
19.5	21.3	1935	6c
0.75	1	12169	2
15.2	16.7	12147	7c1
4.8	7.6	9567	7d12
1.2	10	12297	2
0	0.2	2548	1
0	0.1	7736	1
0.5	1	8635	3
9.5	14.1	9271	6e2
13.1	24.5	7579	7c
9.8	11.1	13266	2d
7.1	7.5	14350	7b
2.3	4.3	8911	6c
3.3	5.3	11995	6b2
17	20	1298	9b
1.1	7	9117	6b
10	11	11877	6d12
11.2	17.7	7979	6c2
0.7	6	8809	6c2
6	8	7455	9a
15.5	17.25	13229	6e
20.5	22.5	7958	7d12
0	0.1	9741	1
1.1	3.9	9278	6b
8.4	18.1	8013	6d2
30.4	37.6	2367	7d1
0	0.7	9051	2
0	1.5	11859	1
12	38	8203	7e
2.3	2.6	8732	6c2
19.6	20.9	12157	7d12
0.15	3	9058	6c
27.55	27.8	14410	9a
1.2	1.9	8586	6b
4.6	5.2	11831	2
0	0.4	13613	2
42	48	4375	8d1
0.7	1.7	10649	3d
6	10	487	7-12e
2	4	12555	6e
1.2	8	9076	6b
2.15	7.85	7521	2
21.7	22.4	13111	9a
1.2	2.1	8778	2
0.05	1	9384	2
42.5	43	11908	7a
1.5	2.25	14404	7e
1	3.6	13662	7c1
0	0.3	8733	1
2.1	4.1	7053	6a
5.2	8	8866	6d2
1	1.3	9266	3
0	3.4	13249	4e
0.2	1.15	8482	2
0.4	2	8243	1-2
57	64	1002	9a
2	2.15	13302	3
5.2	6	12126	2
8	9.7	2713	6b
16.9	37.5	2674	9a
27.3	28.9	7528	12c
34	36	5806	9a
0.5	0.95	9148	6a12
5.8	6.5	9209	7c12
0.4	1.4	12036	6e1
0.4	1.4	13537	4a
6.9	8	9148	6d2
4.2	6	9332	6d
0.3	1.9	8843	6b2
0	1.3	8240	1
12.2	13.9	13739	7a
2.6	8	2435	4b
7	13	13261	6a
30	32.3	7580	12d1
0.4	2.3	7565	4-9a
0	0.2	9114	1
4.1	10	7059	9a
0	1.5	8612	2
16	54	9414	7a
53	63	7045	9a
10	19.6	2498	9a
2.2	3.1	13122	6e
15.7	20	8856	9a
37	37.3	13229	6e
0.8	1.4	1804	4b
7.9	20	13657	9a
14	28	7628	7e
0	0.3	8105	1
11.5	16.1	9113	7e2
1.4	3	13694	6c12
0	0.4	7495	1
0	4	9593	6e
0	0.1	11939	1
30.55	31.75	2371	7d1
28.9	29.7	7994	9a
0.6	0.9	13820	3
0.8	1.85	9081	6b1
2.7	7.6	9103	6b
1.6	4.8	9710	6c1
2	3	2293	3b
0	0.1	8952	2
1.2	3.7	12183	4a
29.3	32.5	13310	9a
20.5	31	7993	7d12
29.5	41.1	11906	6e12
36	41	8223	7d
13.75	67	8228	9a
0.1	1.4	2655	2
2	2.2	12343	2
2.5	3.4	13614	6e12
4	5.5	13982	4
0	1.1	2332	1
6	6.8	13538	7a
8	8.7	13439	6d12
1.5	5.6	13724	7e1
1.75	3	9225	6b1
11.1	16	9198	7c1
1.6	2.1	13681	6b
0.5	4.6	7782	3
10.4	20	9735	9a
42.6	52.7	1327	9a
28.45	28.75	12166	7d1
17.6	18.3	1901	7d1
0.45	13.05	7966	6b
20.9	25.3	8074	9a
5.2	19.8	7070	6e2
32	46	9418	9a
2	17	8515	9a
9.2	13.2	2335	9a
0.8	8	11737	9a
0.4	2.2	9044	6b2
72.4	76.3	1320	12d
2.1	5.1	12112	4a
9.7	15.8	8256	7e
12.5	20.5	7992	6d2
0	0.8	2369	2
0.95	1.9	13533	4c
22	24	8199	7a
0.3	0.6	8862	3
0	1.2	7904	2
2.2	2.6	8820	6e1
2	5.5	2312	2
0	4	6113	7d
3.6	19	8518	9a
6.95	7.5	14465	9a
1.1	3	8831	6e12
0	1.8	13370	2d
13.1	14.95	12553	7d
4.7	6.8	8076	4a
0	0.8	13413	2
21.3	24.3	1935	6d
0.9	6.2	8754	6b
2.05	5	7812	7d12
2.3	3.45	13533	4c
8	15	8343	9a
6	7.35	7044	7d1
5.6	9.6	9304	6e2
2	6	4283	7e
0.9	2	13849	2
4	6	13907	7c1
16.1	20.8	7834	7b
0	1.6	13834	2
44	64	5538	7-12a
19.2	24	13160	9a
38	44	8274	9a
0	0.2	7799	1
1.9	4.5	13477	2
1.85	3.9	13960	4
5.1	9.5	9271	6c2
0.1	0.9	11975	2
0.7	8.5	13963	6
1.1	2	13731	6d1
2.55	13.55	7342	6d
2.1	2.3	13533	4b
13.3	14.5	9679	9a1
2.6	5.6	7875	6d2
2	4	8369	6c2
6.8	7.45	13342	9a
4.6	7.5	10651	6d
18	22	2315	9a
5	9.8	13789	9a
7.15	9.55	14379	10b
0	10.2	2975	2
0.4	0.9	11929	2
6.2	7.9	9752	9a
30.25	35.5	11849	9a
12	36	487	7-12e
0.75	2.4	2341	6b
8.2	11.25	7063	9c
0.5	1.1	8524	3
54.3	56	2497	12d1
4.8	19.5	1336	9a
0	1.05	7505	1
4	12	91	6e
12	22	8276	7e
0.5	1.1	13828	2
1.1	19.5	9577	7d
0	0.9	8792	2
14.45	18	6787	9a
74	80	1278	7a
0.25	0.7	13257	6d12
0.3	0.6	13644	3
4.1	9.1	13500	6b
17.5	24	8066	9a
24	24.7	8093	7d1
0	0.4	8929	1
28.6	30	7983	9a
24	38	923	7d
13.5	16	9436	9a
12	20	7636	7a
0	0.4	12237	1
0.9	4.9	7570	3
2.6	2.9	2441	2
0	0.2	7748	1
1.1	4.4	9107	6b2
2.3	6.7	9606	7d1
1.75	2.45	2652	2
4.3	4.8	13675	7d12
1.3	3.1	14290	3
1.2	1.8	8729	6e1
14.5	18.2	8699	7e2
53.5	65.5	9161	9b
0	0.6	8519	2
0	0.4	8631	1
1.4	3.6	9197	6d2
1.1	2.2	7800	1-2
15	33	1906	9a
0.8	8.45	2370	6c12
4	8	7756	7
4	14	13442	7c
1.6	4.75	9148	6b2
11.5	12.45	6251	7d
80	94	7188	9a
0	0.7	8700	2
0	0.4	2301	2
2.3	2.6	8684	6b
0	0.8	8749	1
2.4	6.1	13829	6d12
2.9	4.9	13515	6a
0.6	3.4	13541	2
3.1	6.8	2449	7d1
3.85	4.65	9291	2
46.4	49.6	14319	7d
51.2	90	1909	9a
4.2	5	13572	9a1
0.7	3.2	7979	6b
1.25	1.4	9089	6a2
0.4	3.5	8455	3
18	20	2798	7e2
52.4	55.7	14340	6e1
17	20.5	13975	7
1.6	2	8703	2
0	1.45	14407	2
0.4	3.3	13725	2
11.4	16	12037	7c1
5.6	14.1	7876	7e12
12	20	4380	7d
4.2	7.2	9276	7e2
0.1	3.3	7737	7d12
12.9	14.1	11208	9a
0.6	0.9	8577	2
76.4	124.6	2081	9a
14	35.5	1919	9a
11.1	13.55	14451	12e
1	1.9	8636	6a1
0	1.1	7694	3
0	0.6	14398	1
0	0.3	13419	1
4.8	8.9	7934	6d2
0	0.3	13423	1
1.1	2.1	8941	6c1
6	10	13558	6c
0.3	0.9	8594	3
10.3	30	7340	9a
1.3	2.1	9267	6b
0.65	8	13857	7c1
0	0.4	8717	1
6	6.3	12126	2
10.1	11.9	13599	7c1
4.4	5.75	13576	9a1
18.7	19.7	2684	9a
8.5	10.3	13497	7d2
0.3	1	13718	3
8	10	286	9a
4.9	5.1	7571	7c1
1.5	33.5	8699	7a
5	13	8695	6e2
9.1	9.35	13774	7d2
8.5	10.4	13620	7d2
17.6	18.5	1926	7d
42	50	13285	9a
70	76	4376	12c
0	1.1	7013	1
3.2	4.8	14372	4a
13.9	15.1	1306	6a
5.9	7.5	8606	7a
32	46	13288	12e
27	33.6	2665	7d
0	0.8	10026	2
4	53	6995	7d
0.65	5.2	14349	2a
0.5	0.9	9224	3
13.8	17	9681	9a1
1.4	2.5	7676	7d12
2.15	4.7	13426	2
0.3	2.4	12314	2
1.7	2	12140	2
8.4	9.5	11950	9a
0.4	2.8	13787	9b
67	68.1	8227	12c
0	0.35	8721	1
0	3.6	12364	2
6	10.5	1811	7a
10.65	11.15	14435	11e
7	7.5	14267	6d
18.9	20	12299	7a
33	48	2521	12c
18	24	12555	6e
0.8	1.1	13617	1
7.6	11.1	9602	7d12
0.2	1.1	9077	2
1	1.85	8662	6b1
0.75	1.8	10748	3c
0	0.4	9083	1
2.8	3.4	12022	4a
0.35	0.6	8722	3c1
4	7.25	14434	10e
0.8	1.6	13824	6d1
1	2	12114	2
1.75	2.5	8056	3
21	22	13277	9a
0.35	0.65	8830	3
4.45	6.2	9072	6c12
2.7	3	8620	2
49.2	53.2	13968	7
0	1.05	2437	2
0.6	1.2	8472	2
0.3	1.1	13650	7d1
3.6	5	9308	6e12
0	1	13136	2
19.6	20.3	7841	14-15
11	14.4	8883	6d2
0.7	1.9	8880	6b
19.5	65	1903	9a
5	12	9247	6e2
46.2	65.6	14284	11e
0	0.3	8393	1
5.2	6	12133	2
10.6	11.2	8946	7d1
0.3	0.65	12322	2
0.8	8	13241	7c1
0.7	1	13297	2
0.3	4	7711	7d12
4.15	4.3	9225	6e2
1.4	3	8067	2
12.4	15	13554	9b
4.35	9.5	8801	6c
0.6	3.8	23003	6d1
8.7	9.2	9633	9a
4	10.4	14430	6e
2.1	3.5	8560	6e12
2.7	2.9	8652	6e1
11.2	15.7	12016	9a
17.1	18	9109	9a
14.2	14.9	13501	7d12
1	26.7	1324	7d
0.2	1.4	12233	3
1.3	9	8353	6d2
4.65	6.15	8897	7e1
32.4	52	8082	9a
0.15	0.3	9134	2
6.8	9.1	9338	6b
2.35	3.85	7464	14-15
0	0.3	9575	1
0	3.2	13840	2
12	14	13837	9a
101.2	102.3	1281	10d
14.7	15	13280	9c
6	7.35	13868	6a
4	6	7653	7a
0	0.3	8512	2
0	4	487	7-12a
0	0.7	7823	2
48	60	14365	12e
1.3	4.8	1699	4a
19.7	22.6	2370	6e12
0.4	0.6	8919	3
2.2	4.5	13131	7c
0	3.6	11757	2
1.1	2.3	9606	7b
0.4	2	12333	2
9.1	14.1	13874	7d
30	40	7613	7a
1.9	2.7	1911	4
0	2.2	13122	6e
4.2	7.3	13279	6b
46	68	6357	7d
0	1.1	13477	2
12	28	5807	9a
1.9	2.7	1210	4b
7.5	13.2	9039	6d
1.9	2	9722	1
8.4	9.5	14389	9e
15.4	19.6	12130	6e12
5.5	8.7	13845	7d
11.4	12.9	8872	7d2
3.55	10.25	13351	9b
7.1	8.4	13155	7d12
8.7	13.5	2682	7c1
0	0.5	11963	2
0.73	1.8	1318	6a
0.6	1.3	13804	2c
0.3	1.2	8389	3
2.6	6	13456	6e1
8.2	10.9	13816	6c12
4.45	9	11957	9a
5.7	6.3	13983	6
0.65	1.2	8320	2
39.7	40	13229	6e
2	4	7502	9b
0.5	2	2659	2
0	0.4	7731	1
0.2	1.1	11953	9a
6.7	9.3	12018	7a
20	22	6244	9a
9.2	34	8956	9a
0	0.4	13573	1
7.3	8	8709	7c1
0.4	0.8	9080	3
28.4	46	9573	9a
4.3	23.05	14283	6d
3.3	6	11746	2
0.8	1.4	13449	2d
12.7	16	9408	6d2
4.7	13.9	13889	6d
1.8	2.8	14413	7e
102.3	118.4	1283	12d
60	83	7478	11b
0	0.7	8888	1
0	0.3	1869	1
1.7	5	8313	6e
2.55	2.7	11975	2
8.5	9.7	11913	7d12
13.4	15.3	13504	6d2
23.5	30	2352	9a
1.9	3.2	9232	6e1
0.2	2.2	7727	2
12	14.6	8848	6d2
4.2	6.3	12190	6e
10	12.3	13961	6
3	3.6	9307	2
2	4.1	13773	6c12
4.2	7.5	13978	6
0.5	4.1	13647	7d1
12	14	11760	6c
9	9.3	13531	9
1.6	2.1	8484	6c1
74	96	11457	9b
3	5.8	1935	6b
0	0.3	13841	1
0	1.6	2570	2
8.2	15.7	13835	6d2
8	27	1871	9a
0	0.6	13891	2
9.4	10	9642	9a
0	4	11673	3d
6.4	7.75	9557	9d
0	0.3	13617	1
1	1.2	14336	2
37.6	38.75	2367	7e1
5.8	6.5	8794	7e
0	1.1	8914	2
0.5	3.4	13910	6e1
0.5	3.8	2552	6e1
8.2	9.1	9153	7d12
1.6	2.5	14257	6b
4	4.3	9294	2
0	7	5805	7e
0	0.4	8323	1
1.2	1.6	9225	6a
2	3.4	13394	6d12
4.9	6.3	13496	6d12
12.4	14.1	13535	9a
1.1	2.2	9328	3
7.5	8.25	14465	9a
46	52	7215	12a
17.1	18	9104	9a
4.2	8	8339	6c
0	0.7	12202	2
1.45	2	2085	4-9b
68.4	70	6667	14-15
2.15	4.6	13777	6c12
0.9	3.3	11875	5e
1.1	1.6	8805	2
6	7	13543	7c1
0	3.8	7611	2
13.8	49.3	2568	9a
1.5	11.3	13702	6c12
11.6	25	9649	9a
1.1	1.7	9556	8b
0	0.3	8825	1
48	50	13160	9a
30	36	8201	7c
42.5	48	1936	7d
0	1.8	13806	2
3.35	9.2	7493	7e12
5.5	7.5	13816	6c1
8.1	10	8880	6d2
2.45	3.3	8628	2
7.3	9.2	13279	6c1
26	33	91	6e
4.1	7.15	14377	9b
0.5	2.9	11924	6d12
4.1	5	9152	6e12
14	14.5	7997	6d
0	0.4	13674	1
0.6	2.1	7775	2
0	6	639	7e
4.9	10.4	7942	7d1
0	0.5	2709	2
17.6	20.1	7865	7d1
0	0.2	9774	1
0	2	9626	1
0.3	1.6	8505	2
2.2	3.2	11930	6a
3.4	5	13911	7c1
4.8	6.8	13110	6e
31.9	33.6	7973	9a
1.5	3.4	9259	6e12
0	1.05	2018	2
0	1.5	12326	2a
5	8	8336	6b
0.2	2	9565	2
0.7	1.2	13570	3d
4.3	13.4	1931	6b
8.9	9.9	1935	6b
0.1	1.1	9354	2
7.3	14.1	7054	7e
2	10	7614	7d
0	5.1	7961	6b
3.5	5.5	9033	6d
0	4.3	7863	5b
0	0.9	8690	2
0	0.7	13569	2
4	5.2	9232	6e2
0	0.3	13713	1
11.7	15.3	9748	7d
10.8	22.75	8001	6d2
4.9	5.8	8625	6a
1	5.7	8265	6b
3	3.25	7989	6b
6	12.5	8887	6e
10.65	11.5	6251	7d
10.3	12	13379	7d
0	0.3	11969	2
12.6	13.1	12553	7e
0	0.1	13566	1
17.4	34	7987	9a
0	0.8	8262	3
2	3.3	12141	6c12
5.5	8.7	13395	7d2
0.8	5	7508	4a
4.8	5.2	1700	7c1
22	48	4260	7c
29.6	32.5	12162	9a
7.9	12	9139	6d2
80	99.5	11861	9a
0	2	90	2
64.8	65.5	1933	9a
2.7	2.7	13712	9a
0	0.1	9253	2
20.3	35.7	2538	9a
3.4	5	8705	7e1
1	11.1	7971	6b
10.5	11.5	13448	9a
6.5	6.7	8541	9c
8.5	10.4	13543	7c1
0	0.4	7615	1-2
54.1	54.7	13968	7
6	16	13143	7d
8	15	8327	7e
1.2	5.9	9338	6b
54	58	14359	7d
0	0.85	7582	1
0	0.25	9284	1
0.9	1.8	8732	6c1
0.1	2.4	8462	1-2
0.85	7.7	7583	7d1
1.4	2.5	2655	2
0	0.1	12133	2
0.7	5.5	8811	6c2
12	20	13116	9a
2	4	9436	9a
0	0.15	14281	1
3.7	6.9	7870	6e2
28	29.3	12242	9d
0.65	1.25	8687	2
0	3.7	7928	2
0.55	0.7	9214	2
1.25	10.7	8789	6b
6.9	10.3	7911	6e2
8	14	11953	9a
0	0.5	7826	2
0	0.6	1872	1
5.6	8.9	11852	9a
12	20.5	13152	6e
32.2	44.75	2711	9a
4.3	5.6	7849	6e2
3.6	5.3	14267	6b
23.6	25	8007	9a
2.2	3.4	11831	2
0.3	1.2	8457	1
1	7.7	13659	7c1
0	0.5	2551	1
24	30.2	13879	9a
3.15	6	11968	9a
9.2	25.6	8072	7d
30.9	36	2790	9b
9.6	10	12236	9a
10.4	14.6	11832	7b
2.5	2.9	13353	6d
6.3	9.9	13392	7d2
0.9	2.8	8589	6b
30.3	81	6784	9a
0.4	0.8	8376	6b2
16.7	24.2	12143	9a
6.2	12	12363	9a
2.3	2.9	11958	9a
6	40	5646	7e
3.4	5.9	8065	7d12
3.5	4.15	9225	6c12
1.9	4.4	12096	4a1
0.7	1.3	9215	3
1.5	4	13597	2
1.5	2.2	13583	6b1
6.7	8	8541	9a
1.5	5.2	1814	4a
0	0.75	8787	1
0.95	1.6	9148	6b12
0.4	4.5	9039	6c
0	1.6	14256	2
2	6	8270	7b
6.4	6.95	13422	9c
28.46	50.63	1298	9a
0.75	1.25	8788	3
3.4	4	13395	7d12
98.2	99	1281	10d
8	9	2327	9c
0	0.2	9122	1
6	17.3	12344	6d2
22	24	6011	6d
1.3	1.9	12407	7d
0	1.05	7917	2
9.9	10.3	13392	7d2
2.3	3.35	8361	6c2
1	2.5	9017	3
0	0.25	9435	2
2	4.5	12117	2
0.6	1.2	7798	7d1
1.75	2	8682	6e
22.9	26.1	14343	6c1
0	0.8	8421	2
1.8	2.55	7705	7d2
7.8	8.8	9293	7d1
0	0.35	9028	1
12	42	13293	9a
0.8	4.9	9142	6c12
3.2	5.5	2354	6e12
8.4	11	1706	9a
0.5	0.8	13617	1
0.2	20.9	9775	2
1.7	3.8	718	7e
45.2	48.6	14265	6a
4.2	5.3	13681	6e12
2.75	3.4	9068	6c12
0	0.3	13638	1
0.8	2	8376	6d1
46	56	9419	12c
24	26	6258	12b
3.1	4.2	14291	7c,3
61.1	62.8	8776	9b
40.3	48.5	13968	7
0.2	0.65	13856	3
30.4	32	7595	11e
29.7	30.5	12138	7d1
0.5	2.1	8858	3
8.7	11.6	13269	9a
3.6	7	13568	9a
65.5	66	1933	9b
12.1	14	13463	9a
0.7	1.35	9437	2
3.6	6.1	8941	6d2
8.1	8.7	9723	7a
16	20	13549	7d
0.4	5	9194	6b
0.3	2.2	13158	2d
3.2	12	8490	7e12
0	0.1	9091	1
14.2	16	13815	9a
0	0.4	8498	2
7.11	9.97	14422	9a
2.45	3.8	11853	9a
26	40	8186	7e
1.6	2.5	8735	6b2
1.55	2	14277	6b
5.1	11.5	23007	7d12
2.35	3.65	13741	6d1
0.8	1.2	14370	2
1.4	2.7	8620	2
2.3	4	8686	6e
26.9	28	7919	12d1
50	52	6191	7a
24	25.2	12157	7a
5.5	7	8720	7e2
3.6	5.4	13899	6d12
0	0.5	8921	2
7.6	8.2	8622	7b
7.8	9.8	9408	6d2
0.85	2.7	9726	3
4.2	8.8	13595	6d2
2.6	4.1	9152	6e1
0	0.15	13909	2
22	68	7130	9b
9.5	13	8899	6c2
2.9	8	9379	6d2
6	20	8186	7e
5	50	10063	9a
2.8	4.8	13303	6d12
5.5	11	6284	4a
2.4	3	10759	4a
27.5	29.7	12218	7d
0	0.3	9094	1
0.3	0.6	9073	1
37	41	1897	9a
0.6	1	9068	6c12
6.3	8	1871	9b
0	0.7	8903	2
0.5	2.5	8419	6c
3	3.9	10759	4a
1.5	2.1	8865	2
6.2	10	8436	6d2
0	0.6	8341	1
0.9	1.3	8690	2
0	0.35	2375	1
0	0.3	2358	1
7	10	13234	7d
0	0.4	8552	2
7	8.2	12339	6c
7.5	9.6	13802	9a
10.2	11.6	2439	7a
0	0.5	7784	2
0.5	5.5	13816	6d1
4.8	6.8	13304	7e12
4.8	6.05	14469	9b
8	12	13854	9a
1	4	6348	6d1
9	11.7	9096	6c2
5.6	6.95	13534	7c1
0.3	1.6	8651	3
40	68	5644	12a
15.1	18.15	11852	9a
0	1.3	7857	5b
17.5	19	13793	9a
4.86	5.5	7713	1-2
0	0.2	8000	1
62	64	13007	7b
0	0.85	10045	2
15.3	20	9745	9a
8.7	19.7	9053	6d2
0	0.6	7501	2
0	1.15	8798	2
0	1.9	1910	2
5.6	6.6	13724	7e12
56.8	58.6	1933	9c
0	0.55	13495	2
21	53	7048	7d
5	7.6	8621	6d12
0.3	0.6	9135	3
7.1	17.8	7058	7c1
0	4	8528	7a
21.6	23.5	1926	7d
3.8	4.8	8637	7d1
2.6	45.5	1940	6d
0.2	0.85	8019	2
4.1	10	13645	9a
2	4.5	13466	6c12
0	0.5	7742	1
7.5	10.5	8863	6
3.9	7.1	7058	7d1
0.9	5.1	8902	6b
4	10.4	9739	7b
18	20	13561	9a
13	13.5	9436	9b
23	24	7896	9b
0.4	1	7770	1-2
0.5	0.9	8753	3
0.6	3.1	11952	6a
1.6	3.6	11916	6d1
0	2	7948	7e
0	0.9	14444	1
1.6	3.45	7065	5c
7	7.4	13457	7c
0.8	3	7007	1
0.2	0.4	7770	1-2
20.6	29.95	12362	7d1
0.2	1.5	13244	6d1
0	0.3	8413	2
3.9	7.5	8863	6e2
22.5	22.8	6248	14-15
0.3	1.2	13424	2
5.3	7	14267	6b
6.2	10.4	11755	7d1
24	29	1897	9a
0.9	1.05	13636	7d
0.6	12	13691	6c12
31	32.7	11878	7c1
38	48	8203	7a
23.5	25.8	1926	7d
1.2	3.6	2326	4a
0.5	2	2350	2
13.1	15	13678	9a
8	60	2509	9a
0	4	7653	7d
0	0.5	1352	1
8	14.8	8432	6d2
0	0.2	13243	2
16	28	8223	7d
34.4	35	13602	9a
3.25	17.4	7989	6d
1.3	9.2	9133	6b
0.6	3.5	14399	7e
15.9	17.6	1925	6b
0.2	0.7	9190	2
7	9.3	9117	6c2
0	0.2	7752	1
0.3	0.6	23002	2d
0.65	1.4	9764	9a
0	0.5	7892	5b2
0	2.4	13366	2c
2	52	14359	7d
28.75	29.6	12166	7d1
2.45	3.5	2652	2
9	14	8803	6e
1.3	4	7497	9a
3.2	3.7	2681	5a
0	0.4	9098	1
0	2	4379	2
3.1	6	8688	6d
2	3.35	9560	7d12
11.9	18	7474	9a
6.05	7.65	14469	9a
6.2	9.6	12236	9a
7.6	11.5	9112	6e2
8.3	10	8423	6d12
0	0.4	441	2
8.15	12	12219	9a
3.1	11.9	2348	9a
25	48	13328	9a
4.2	5.6	9304	6d2
0.1	0.7	8952	2c
2.2	2.5	11989	6c
0	0.45	8478	1
1.1	1.3	8409	6b
53	56	6996	9c
14	16	7937	7b
1	1.5	1874	4b
9	13	13112	2d
0.5	2	13115	7c
0.8	11.5	12040	6d12
3.1	3.6	8586	6d2
5.1	11.3	8094	9b
0	0.5	283	2
16.2	17.5	9661	9a
6	13	11968	9a
36.1	40.6	2865	9a
92.6	93.94	2794	9c1
9.25	12.1	13470	7d12
6.6	8.7	2418	6d2
6	38	13526	9a
1.8	5.4	9298	6c2
0.2	0.8	9141	2
11.8	12	14468	12
1.3	5.25	8241	7e1
5.85	18	9662	9a
10	16	6246	7e
0	1.8	8571	2
52	64	8199	7e
3	4.15	8091	2
10	18	12555	6e
11.4	16	13767	9a
0.2	0.7	13846	2
46.6	65.5	6998	7d
4.75	12.15	9588	9c
1.2	2.9	13362	2d
12.4	20	8420	9a
8.4	9.2	13155	7c1
0	4	7650	2
3	4.7	8621	6d2
48	74	2790	9b
0	0.3	8847	1
9.5	15	13263	9a
1.1	1.4	9151	2
0.1	0.4	9324	3b2
0	25	13544	7d
0.85	1.1	9074	6c12
10.9	20	1802	9a
11.1	12.5	2797	6e12
0.25	1.4	9285	3
12.8	15.7	11749	4b
0.7	1.4	7703	7d
11.1	12.4	9602	7c1
0.6	1	9435	2
1.9	2.8	9146	6c2
7.6	15	9643	9a
3.2	5.1	11979	4a
5.3	6	13425	7c
0.3	1	8397	2
43.5	59	9673	9a
0	0.3	14342	1
4.2	6.2	8436	6d1
34.5	39.5	11850	9a
7.5	9.8	13877	6b
29.9	37	1897	9a
5.3	6	7455	9c
0	8	9598	7
2	3.2	11999	6c
12.4	15.8	8933	6d12
1.3	2	9216	6b
6.4	9.8	7419	14-15
79	80.1	7929	14-15
0.7	1.6	8953	3d
2.4	4	13367	5d
8	30	13006	6d
2.85	4	12165	6d1
8.7	9.5	13369	7d
0.7	1.05	9616	1
1	6	2702	7b
41.4	45	8104	9b
4.5	4.7	14455	6b
0	1.1	7720	2
1.4	1.7	7806	3
2.1	5	8701	6e12
0	0.55	14453	2
10.5	11.8	7837	7c
0.45	5.65	9629	7d1
1.6	2	14370	2
2	2.6	7933	5e2
4.05	5.5	13446	6d12
50	60	4279	12c
0.4	1.1	8675	3
0.2	1.2	8564	2
12	13.25	13447	7d1
0	0.8	7759	2
0	0.6	9180	1
78	96	13429	9a
2	5	12151	3
0	0.1	8768	1
53.2	54.1	13968	7
0.15	2.35	13860	2
2	3	6665	7d
1.5	1.75	13302	3
7.2	13.5	2651	9a
23.8	35.7	7522	12c
22	26	6346	9a
0	4	6169	7e
5.1	6.1	7961	6e
0	0.2	8416	2
40.2	41	1922	13d
4	64	6113	7e
15.3	16	12542	9b
8.4	15	9121	6d2
50.3	56.5	11981	7d1
10.3	12.2	13967	6
0	0.2	9268	1
2.15	2.9	452	4a
0.9	2.3	8325	6e1
0.2	2.3	12107	2
22.2	23.46	11849	9a
2	3	9565	2
0	0.5	1907	1
6.4	8	11953	9c
5.15	21.5	12353	6d
4.9	10.5	9107	6e2
2	20	7655	7d
56	57	1002	9b
65.3	67	14341	7a
18.15	52.2	11852	9a
13.8	18	2321	9a
25.5	30	14318	6d
44.6	45.3	12086	12c
10.5	12.75	14352	4-9
26.2	26.8	12554	14-15
0	2	11839	3
2	4	11953	9c
0.3	22.9	7537	7d2
1.1	4.1	11912	6e1
0	1.8	2310	N/A
20	21.2	2374	7c12
30	58	642	7-12e
48.6	55.45	14265	6e
0.85	1.5	9220	6b1
1.4	6.4	9286	6b
0.6	0.85	9726	3d
16.9	19.8	11750	6a
14.8	19.9	1545	6e12
2	4	8691	6d
8	11.8	12008	4a
8.2	9.9	13738	6b
0	0.3	12204	1
10	11	9642	9b
4.2	5	8659	7c1
0	0.4	7995	1
0.8	1.3	2329	2
0.6	3.9	8863	6e1
3	10	8832	7e12
3.45	3.65	9208	6d1
35.6	38	8381	9a
0	0.2	13577	1
6.6	14	11948	9a
4.3	6.7	12018	7b
0.3	0.6	13455	2
16.9	23.6	7891	9a
0	0.4	1938	1
37.5	50	2674	9b
0	0.2	9189	1
45	70	9242	9a
30	31	12154	9a
13.4	14.6	12042	9a
0.3	0.5	13617	1
11.3	13.6	8235	9a
0	0.7	13297	2
0	0.2	8730	1
46	54	9430	9b
35.7	41.6	2538	9a
6.3	13.5	12102	9b
9.5	11	14389	9a
17.7	22.1	7979	6d2
1.6	7.6	9112	6b2
0	1.1	7880	2
0.65	1	13301	2
4.8	6	11876	4c
2.1	5.5	13845	7d
2	6	8526	7c
0	0.5	13301	2
3.5	4.7	9238	6a1
9	16	2327	9b
5.3	9.95	14450	7e
3.2	6.8	7135	14-15
24.5	80.3	7576	9a
0.3	1.3	1870	4b
1.8	3.15	12552	6e
4	8	2327	9a
5.65	6	9629	7b
15.8	20	2363	7c1
1.5	3.3	9185	6b
0	0.3	2652	2
4.1	6.4	12052	7c
0	0.35	9333	1
6.1	8.7	13271	7c1
0.45	2.65	11993	2
10.4	12.3	13595	6c1
0	0.3	13433	1
3.7	4.3	11985	9a
5.5	15.65	2366	6c2
52	54	8201	7a
0	0.3	13158	2
18.1	27.6	7867	9a
19.5	20.5	6251	7c
7.2	9.2	12133	2
2.3	4.1	12052	7a
5.9	10.4	11907	4a
3.3	4.5	8629	6d12
8	10	9611	9a
1.4	2	13403	6c
6	7.3	13825	7e12
1	2.6	13716	9a
6	14.5	1953	9a
36	38	8274	9b
1.9	5	13378	6d12
0	2.3	7082	2
11.5	16.5	14340	6d2
0.8	1.4	7717	3b
0	0.1	9195	1
5.4	10.7	13415	7c12
0.7	3	8889	3
5.5	7.3	8522	6c2
0	0.5	7729	2
0	0.1	2353	2
49.8	110	7011	9a
2.7	3	7668	3
2.2	3	13161	9a
0.8	1.3	7499	6c
3.3	6.8	12141	6b12
6	38	8270	7e
18	22	4260	7d
3.8	4.8	11875	5e2
2.5	4.5	7509	9a
2	4.6	6988	9a
67	72	14341	7c1
11.9	18.8	13314	7e12
33.15	34	2368	9a
16	42	11761	7d
7.4	8	8545	9a
74	82	5807	9e
31.2	35.2	13160	9a
1.5	2.1	12174	4
55.45	58.2	8073	12e
10	13.7	8330	6d
0	1	8264	3
2.7	3.5	8665	6d1
0	0.3	8804	1
0	0.2	9214	2
0	0.1	9227	1
0.3	3.2	8237	2
0	0.45	9628	6c1
0	0.3	8363	1
0.2	0.45	7965	2
6.35	15	12325	9a
0.8	2.3	6250	4b
0	2	14272	1-2
4.6	6.2	12366	6a
2.3	7.8	9172	6d2
0.6	3.35	7492	6a
1.1	1.8	12178	4a
2.4	5	2334	4b
10.3	13.1	13682	7d1
1.1	2.5	7880	2
0	0.2	11959	2
21	23	13973	6
64	88	7078	9a
79.3	80.1	9160	12c
1.8	5.8	13371	7e
2.1	4.1	8770	6c12
0.6	1	9291	2
18.2	20.1	8699	7d12
48	51	14345	12a
1.3	6.9	7858	6e2
6.5	9	8414	6d
7.8	9.5	8092	6d
3.1	8.4	11950	9a
18.8	22.8	2355	7e12
0	0.4	12212	2
16	20	8751	7d1
22.5	26.5	2869	7c1
0.1	1.7	12140	2
0	0.5	8485	1
15.6	26.45	12199	7b
0	0.3	12313	1
0.3	1	8582	3
0.2	0.6	13804	2
1.5	2	7041	3
0	0.7	8628	2
15.8	24.7	2341	6d2
7.5	8.5	13978	6
0	2	7635	2
2	3.5	7594	7c1
20.8	29.8	7976	7e2
19	33	8191	7c
11.2	22.3	2377	7d1
2.15	4.3	9169	6c2
3.8	7.9	8547	6c2
0.3	0.6	8112	6e
0.4	1.4	9099	2
0	1	14336	2a
0.5	0.9	8486	3
7.5	16.4	2360	7d12
0	0.45	12197	1
7	13	2299	9a
2.2	3.8	14355	6c
7.6	7.85	13825	712
2.2	10.5	8089	7c1
4	54	13523	5d
0	0.2	12043	1
0.05	0.4	13752	2
2.8	4.4	8669	7d1
58	60	14359	7
60.5	63.9	1933	9a
4.85	20.6	12361	6d2
0.9	4.9	11742	4a
3.8	5	8642	7d1
3.1	3.6	13899	6b2
2	13	8190	6e
5	8	12045	7a
8	20.3	2538	9a1
5.5	6	11966	9e
4.65	5.5	13543	7d1
1.8	3	12192	1
28	29	7967	7a
3.5	3.8	13230	2b
0	0.7	7974	1-2
1	1.2	8729	6c1
11.45	15	13771	9a
35.7	47.3	7522	12c
1.2	2.8	8668	6d1
4.8	8.9	2505	7c
4.9	8.6	13687	6c1
9.2	15.2	13462	7d
1.4	2.6	9152	6b
0	0.5	7848	2
11.5	18	12152	9
0.4	14.7	13474	6b
3.8	5.1	13230	2e
11.1	16.55	7971	6d
2.6	3.4	12353	6a
0	0.3	8390	1
1.7	2.2	13624	9a
0.4	0.85	13671	2
5.5	10.6	8917	6d2
4.7	8	8325	6d
9.5	16	14327	2e
6.1	9.8	7961	6e
0.7	1.5	7434	14-15
0	0.6	13690	1
0	0.5	12189	1
19.3	20	7437	9a
0	0.9	7842	5
9.9	15	9665	9a
1.75	4.3	14283	6d
20.5	27	13798	11d1
14.1	16.7	9582	9a
24	29.5	13116	9b
0	0.5	2659	2
12.2	14.1	13266	2
1.2	9	8084	7c1
3.35	4.5	13283	6d12
27.5	30.5	7935	7d1
14.35	20	13973	6
0.2	0.6	2705	2
6	28	7947	7e
0.8	2.5	12422	6a
10.2	13	12134	3
4.65	16	8751	7d
36	42	6191	7a
4.7	49.8	2710	7e
0	0.25	9230	1
0	40.5	13705	2
0	0.3	8404	1
6.3	10.2	12127	3
4.2	6.25	8245	7e1
7.6	12	8894	6e
42.5	43.5	11849	9a1
2	3.2	8376	6e1
2.9	25	11922	9a
6.8	7.4	9359	6c12
9.1	9.25	14443	9c
8.6	14.8	9335	6d2
9.5	10.6	14410	9a
0.5	2.2	14355	6e
7.25	7.95	14473	9b
0.1	1.1	2417	1-2
10.5	12.2	13739	7c1
40	42.6	1328	7d
0	0.2	14369	1
0.5	8.8	13248	7
0	1	13560	1
20	30	4283	7c
74.6	79	7936	12d1
4.5	12	9260	7e12
0.2	1.2	9297	2
0.6	1.1	9151	2
6	20	12472	7d
0.2	1	13578	3
17.4	31.3	14328	11e
0	0.2	9131	1
1.2	2.3	8684	6b
0	0.9	11920	1
0	0.9	8060	3
1.1	5.4	7721	3a
0.55	1.8	8544	2
2	3.3	14277	6a
0.85	1.6	8392	6b
0	4	7612	1-2
8.7	9.9	9342	6c2
64.8	65.3	14341	7c1
2.7	2.9	8648	6d1
2.75	4.45	12545	6e
5.2	8.2	13404	7d
8	22	12251	9a
45.5	51.7	1941	7d
0	0.2	9110	1
2.3	4.6	2337	4a
3.4	8.6	13614	6e2
1.2	2.7	1935	6a
2.1	33.2	13483	6e2
28.8	40.4	13707	9a
0	10	8197	7d
3.4	3.5	9238	6c1
35.75	36	13229	6e
0.7	4.2	8258	6b
27.3	30.5	7968	9a
30.8	36	12346	9a
0.3	0.8	8840	3
9.5	12.8	14473	9b
0	0.4	9245	1
4	8	7651	7a
19.8	20.9	13127	9a
7	11.8	7714	7c
6.4	10	9286	6c2
35.9	45.2	14352	4-9e
1.8	3.5	13842	9a
7	16	8580	7e2
6	12	8890	6e
8.9	13.2	8915	6d2
5.45	15	2067	9a
4.25	6.2	12236	9a
1.8	2.3	9270	3
6.9	8.8	7870	6d2
1	3	8260	6b
0	0.05	13751	1
8.5	14	9159	7e2
1.5	3.3	8612	2
0.5	1.5	7730	7d
38.5	52.4	14340	6e12
2.4	5.4	8321	6d
8	10.4	11854	9a
0	0.5	9174	1
0	0.8	8706	2
0	0.85	2372	1
0	0.3	13658	2
0.15	0.6	13398	2c
28	30	7628	7e
8.7	10.3	7721	3a
0.8	12.3	9349	6b
1.6	1.7	13834	2
2.8	3	9307	2
8.5	9.9	14468	12b
3.2	12	8453	6c2
0	0.25	12356	1
0.9	2	14386	3e
4	6	487	7-12e
0.6	4	8963	6e
7.7	13.1	12052	7c
0	0.6	7088	1
65.5	71.7	2081	9a
12.6	18	2425	9a
2.6	25.7	6783	9a
0.4	1.05	8737	3c1
1.65	2	14252	2
0	9.5	13734	7c1
17.2	18.1	11755	7d1
0.3	1.2	13721	3c
1.8	4.6	8545	9a
9.6	14.5	8388	7d2
3.5	5.9	12558	6e
0.7	1.5	9282	3
13.5	18.3	13742	7d1
2.8	5.5	8719	6d1
4.8	8.3	8423	6e2
0	0.35	8331	1
2.7	4.3	1210	4a
0	0.5	8634	1
8.4	17	13763	9
0	2	4372	2
1.2	1.6	13298	3
0.4	1.3	12089	2
0.2	1.1	11960	9a
11.9	20	7489	9b1
3.5	5	13699	7c1
12.7	20	2416	9a
0.2	2.2	13853	2
3.2	5.1	9165	6e1
18.5	22.5	7934	6d2
22	60	8276	7
24	26	8197	7d
0	0.1	9350	1
3.7	6	1925	6d
1.4	2	13537	4c
0	2.9	1810	4a
0.4	0.8	8632	6a
0	0.05	9330	2
4.5	6.7	13360	7d
0	0.5	12104	1
1.5	3.6	11937	2
25.5	25.8	12556	7e
0.5	3.3	12302	2
7	8	13597	2
3.4	4.4	8233	3
4.3	14.5	11930	6e2
11.2	13	7903	9a
2.4	3.8	9042	6b
10.8	19.15	11759	7e1
1.6	2.1	13491	2
10	10.5	13448	9b
0	0.9	14471	1
3.8	4.9	8624	2
2	16	11840	6b
4.1	6.9	7911	6d2
0	28.8	13708	2
3.1	3.9	9216	6d12
4.2	15	8493	9a
0.5	4	7743	2
13.25	13.7	13447	7d1
22.1	22.8	7913	11c1
0	0.4	8898	2
1	6.75	9385	6b
0	0.3	8008	1
20.8	21.5	13229	6e
19.1	20.8	7878	12d1
16.9	18.1	14472	12a
0	0.2	8546	2
11.5	18	13564	7c1
40	46	5807	9e
28.75	56.76	1946	9a
26	40	8199	7e
3.5	10.5	13383	7c
0.5	1.2	8500	3
1.6	2.4	8719	6b1
1.1	4.5	9613	3
3.7	4.2	859	6e
4.1	5.2	7070	6e12
13.05	13.3	8005	6d2
3	5	13164	9a
0.5	1.5	7772	2
2.8	3.2	2018	2
16.7	22.7	2546	7c
14.5	26.2	11930	6d12
9	12.5	11957	9a
42	60	7476	9a
10.3	13.8	2568	9a
1.35	4.65	8897	7d
3.7	10	7927	9a
11.9	15	8522	6e2
4.9	5.6	1799	9d
3.45	3.8	7065	5b
0.3	1.3	7796	2
0.9	2.3	8450	6b
16	20	6259	9a
0.2	0.9	9366	3
6.6	8.4	13249	4e
2.25	3.8	14404	7e
32	34	5806	9e
0.3	2	9204	3
65.5	71.1	11981	7d1
0.9	1.2	9225	6b2
0.2	3.8	13914	6e1
68	72	6355	9a
55.5	56	1933	9
0	0.78	13146	2c
13.7	15	8330	6d
12.7	14	12147	7d2
7.6	9.2	9564	9a
50.5	55.45	8074	9a
26.6	35	12038	9a
0	0.15	9757	1
0.15	0.5	13909	2
0.9	6.8	9367	6b
0.6	4.35	8801	6b
1.8	2.1	9045	2
3	15	13552	9b
1.5	1.7	13627	7c1
112	114	7020	12a
0	4	11760	6b
2.65	2.8	9213	7e1
0	0.3	9257	1
29.95	32	12359	9a
12	14	13689	9
16	23	12170	6d2
16.9	27.3	7531	11b
9	9.3	13963	6
9.7	13	2713	6d2
6.8	13.5	13304	7e2
26.45	32.2	2714	7c1
8	15	1908	7a
0.8	2	8538	6d1
0.2	1.2	12351	2
1.05	1.7	8738	6c1
3.4	4.15	12353	6d1
0	0.3	8581	1
11.8	16.6	7837	7d
3	4.5	14455	6c
2.3	6.7	7562	12c
3.1	5.5	8522	6b
0	0.4	13597	2
39.3	42.8	2498	9b
1.9	8	7588	7c1
32	42.5	1936	7d
0	12	8203	7e
0	0.9	8865	2
2.7	3.5	9727	6c
0.1	0.3	23002	2c
0.75	2	13773	6d1
0.5	3.5	7553	4a
0.7	1.8	8063	3
9.2	10.2	9133	6c2
43	51.6	11908	7d1
18.9	20	13837	9a
0	0.2	13518	1
8.85	16	11985	9a
12	16	11974	9a
7.2	18.5	9049	6d2
7.4	10.5	8450	6c2
0.3	1.3	11918	3
3.6	15.3	13660	9a
1.8	2.5	11927	6b
0.2	0.4	9045	2
1.2	1.5	1573	3
52	56	11613	12c
17.1	27.5	12217	6d
2	3	2054	9b
0	0.5	6939	2c
5.2	8.7	14387	7e
0	0.2	8079	1
0.7	2.3	9013	3
1.1	8.4	8057	6b12
13.2	15	8836	7d2
28	40	7638	9b
0.5	3	13553	6c1
0	1.4	7805	2
0	0.7	8311	1
0	0.4	8516	2
8.9	40	2502	9a
0.3	0.6	8939	2
9.6	13.8	8941	6d12
0	0.8	13337	2b
4.2	12	10764	9a
0.3	0.6	13639	3d
38	46	6357	7a
0.2	1.8	9307	2
0.9	2.5	8379	6d2
3.8	8.7	9042	6c12
0.2	0.4	9119	2
0	0.5	13114	1
2.1	2.4	8865	2
5.5	6	13543	7a
4	9.9	7610	9a
14.15	15	13539	9a
0.4	0.6	7996	3
0.9	2.2	11929	2
2.9	3.4	7648	6d12
8.15	15	8314	9a
0	0.8	12039	2
2.5	5.4	8316	6d
15.3	25.5	11893	9a
5.4	9	8471	6d2
30	34	7228	9a
4.7	7.3	1210	4a
6.4	8.5	7918	7d1
5.1	6.2	9165	6e12
13.3	27	2665	7b
4.5	5.4	13520	6d12
1.8	2.2	8820	6b
0.4	0.6	13574	3c
3.8	5.45	2074	4a
1.5	1.9	8480	6c1
0	0.1	2431	2
2	4	8273	7e
1.7	12.4	2868	6d1
3.8	4.6	9566	6b
0	0.4	9273	1
0	0.2	10761	1
2.2	2.4	8641	6d1
64	70	8276	7c
1.6	20	8557	7d1
6	13.7	13163	7d
2.6	3.6	8471	6c12
3.45	9	2363	7e1
15.8	16.4	14446	9b
10	15	14329	2
0	0.9	14385	1
6.4	8.7	9342	6b
0.4	1.1	9125	3
7.6	11.3	9103	6c2
0.6	2	13465	2
64.4	73.9	1929	9d
5.8	9.7	2676	6e2
6.5	8	8712	7c1
4	8.7	13368	6d
26	29.5	7623	9a
1.7	2.75	9068	6b12
2.7	3.4	8555	6e12
2.5	5	13790	3e
0	0.5	8681	2
16	54	13141	9a
3.4	3.7	9275	6a
23	24.8	12160	6d2
5.5	7.4	2797	6d2
24	31.2	13160	9a
21.2	28	7967	7d
0.85	1.35	8896	2
9.35	13	7719	7
1.7	2	8477	6c1
0.5	5.15	1921	6c2
9	29	2446	9a
0	2.7	1702	2a
2	3.6	8540	7c1
1.1	2.6	7926	7d12
11	18	676	7a
16	16.5	9436	9b
1.1	7.4	9405	6b
9.1	18.3	8009	6d2
3	5.7	1356	4a
1.1	3.8	8525	6b
13.25	17	13963	6
4	9.1	2320	4a
6	45	9244	7e
0.9	11	7290	14-15
40	46	4395	12e
1.1	1.8	9269	2
4.9	30.1	13785	9a
0	0.4	1698	1
0	1.1	2322	2
7.5	10	8467	7e2
0.7	2.1	8700	2
0	2.1	2680	2
9.5	10.3	13967	6
8	11	9663	9a
7.5	11.2	13493	7d2
7.8	8	8720	7d1
60	66	4279	12e
12.5	24	8092	6d2
21.5	21.7	13111	9a
0.25	3.5	7740	7e1
33.8	35.8	14269	12d
2	6.5	8417	6c
1.15	1.35	8798	2
5.5	8.5	14393	9a
3.5	4.6	8665	6e12
22	26	6357	7d
0.55	1.25	7735	7d12
2.8	4.3	2418	6d12
9.8	10.25	13531	9b
2.4	6.5	8838	6c2
1.55	6.7	8345	6d
0.6	1.5	8461	6b
4.2	9.9	7882	7e12
0	2	7932	2
0	0.4	13473	2c
26	34	2702	7b
0	0.2	11961	2
1.1	3.6	13650	7d1
6.6	8.6	1802	9b
2.6	3	14455	6c
13.6	15	9126	6d2
0	4	12047	2a
5.6	25.2	1799	9a
0	0.5	13964	1
10.2	11.2	7905	7c1
46	60	5807	9a
0	0.3	7852	2
1.6	1.7	8599	7d12
0	1.5	14378	1
17.6	18.1	13112	2c
72	94	6355	9a
16	20.5	13799	9a
0	0.8	6249	1
10	14.5	8698	6e2
0	0.7	8266	1
9.7	10	9359	6c12
0.6	3.2	12126	2
0.1	1.1	9733	3
0	0.6	7797	2
3.1	6.3	13392	7d
0.2	1.4	7675	2
20.1	24.9	8699	7e1
3.3	4.8	9229	6e2
0	1	14447	2
12.4	13.2	2868	6b
1.2	2.4	12352	3d
2	3.8	1276	3
0.78	20.4	13146	2d
3.2	6	9036	6c
1	1.75	2293	3b
1.2	2.2	13266	2d
4.3	6	13580	9a
50	64	7080	7e
0.25	1.3	8756	3
2	8	8221	6b
36	38	488	9
3.1	4	11947	6d
16.4	23.7	13478	6c12
7.9	9.2	8547	6d2
0	0.8	7608	1
2.6	8.65	13807	3d2
9.1	20.8	14343	6e
4.8	6.2	13450	6d1
29	30.5	14258	7c
0	1	8344	1
0	0.6	2447	2
0	0.15	13679	2
33.5	35.7	12171	7
11.5	13	13616	9a
2.5	3.1	13154	2
2.5	4	8633	7d1
32.5	40.7	13488	6d12
2.4	30	10064	9a
4.3	5.2	12133	2
0	7	13651	6d
0	0.2	13112	2
9.2	11.2	13148	9a
0	0.35	7533	1
5.1	11	12109	9a
0	4	7642	2
13.55	14.6	14451	12b
0.3	2.5	7511	4a
1.2	3.2	11891	6a
7.5	9.6	10652	7d
0	2.5	7813	1-2
0.3	1.2	8405	3
1.15	3.2	8489	6e1
44.75	46	2711	9d2
0.4	2.5	13614	6e1
0.7	2.7	7696	7d1
2.6	8.2	14288	6d
0.3	1.3	8394	3
7.1	16.6	1354	9a
52	54	14359	7c
0.1	0.6	9357	2
0.4	1.25	9088	3
11.3	11.7	9748	7a
3.9	7.9	9217	7e12
12.5	18	2798	7d12
10	21	12160	6d2
0	1.1	8491	1
0.1	0.8	9351	2
6	7.8	8013	6d2
36	52	1001	6e
15.9	19.6	6323	7
5.2	7.7	12307	7c
0	0.4	9041	2
0.3	1.1	9258	3
3	4.3	13675	7d12
3.75	11.4	13770	7c
1.1	2	8658	6a1
0	46.2	13782	2
12	12.5	13379	7b
10	12	6626	7e
0.5	1.5	8566	6c2
0.5	1.1	13730	3
2	28	11308	9a
18	38	676	7e
4.7	9	9225	6e2
0.5	0.8	12186	2
84	116	2215	9a
2	14	1001	6d
1.3	5	11919	7d1
10	11.9	6214	9a
0	0.65	7706	3
26.1	33.6	14343	6d
19.4	23.9	9622	9a
43.8	46.5	13228	7e
34.75	35.4	8074	9a
4	5	13597	2
15.6	16.1	13875	9b
2	7.5	7527	4
9.9	11.8	14468	12b
2.2	3.9	7941	6e1
4	21	12165	6d2
3.5	6.35	7578	3
0	2	11984	2
13.9	16.8	13739	7d12
0	0.3	8587	1
0.3	0.9	8379	6b2
2.75	6	8806	6c2
8.9	15.1	11852	9a
10.9	11.35	11974	9a
2.5	5.5	14393	9a
0	0.2	2361	1
0	0.25	7739	1
0.1	0.3	8869	2
4	6	13234	7c
49.5	71.6	1321	9a
0.8	1.6	8706	2
9	10.7	8241	7e1
3	7	12311	7d1
46	52	4395	12
5.2	6.7	13436	7c12
0	3	7898	2
0	0.1	2434	2
71.2	79.3	9161	9b
2	6	5646	7e
3.15	10.7	12552	6e
9.25	11.48	14443	9b
7	9.4	2546	7c
1.7	8.1	8551	6b
29.7	33	12215	9a
12.2	17.6	7865	7e12
11.1	12.6	8441	6d2
0	1	14394	1
72.4	74.1	11982	8c1
7.6	8.5	9241	6c2
52	56	1001	6c
0	0.4	13764	1
0.75	1.3	8465	2
72	96	5885	7d
5.7	8	8263	6d
3.65	6.4	7918	7c1
7.35	10	9072	6c2
1.8	3.1	13579	7d1
31.2	37.5	7034	8c1
1.1	3.65	13397	7d12
2	2.7	14324	2a
56.8	60	13480	9a
17.7	18.5	9678	12d1
0.55	2.8	7406	14-15,3
3.8	9.6	14404	7e
7.1	13.8	13881	6a
10.6	12.7	13279	6d1
3	6.2	12180	7c1
0.15	0.6	9240	2
10	15.4	9723	7d
3.8	10	2858	9a
1.8	42.3	1319	7e
3.7	8.7	2682	7d1
1.7	1.8	8820	6b
0	0.1	9356	1
0	0.35	9753	1
0.3	3.05	12338	2a
2	2.8	9216	6a
3	42	2034	9a
6.8	12	10657	9a
0	0.3	13603	1
2.7	5.5	6976	4c
0.6	1.7	7061	3
8.1	12.1	12031	7c1
0	0.4	11910	2
16.7	29.1	9744	8d1
13	14.5	14268	9a
2	2.9	13409	7c
2.2	4.2	8658	6d1
1.5	2.85	12165	6
0	2	641	1
1.8	2.5	14331	3
70	76	9419	12e
30	38	11308	9a
0	0.2	8426	1
0	2.2	7754	2
1.1	2.1	7824	1-2
0	0.1	7052	1
74	117	2790	9a
20	32	9429	7c
4.5	12.7	12146	6c12
10.4	21.5	14430	6e
2	2.15	14252	2
3.1	5.1	9271	6c2
0	0.4	7586	1
13.5	14.5	13793	9a
37.2	39.1	12131	7c1
9.2	10	11876	4a
1.3	4.1	13808	6e1
57	65	14319	7d
1.2	1.7	13600	2
22.2	24.2	11747	7c1
7.7	10.5	7583	7d12
2.9	7	453	9b
8.1	12.2	7864	6d2
1.3	1.8	7452	14-15
2.1	2.9	8859	6e1
66	76	4375	8d1
26.35	29.05	7537	7c1
3	7	7008	6a
0	16	7132	7e
11.4	11.6	13539	9a
10.6	18	9340	6e2
7.5	8.5	11819	7b
5	7.4	8705	7e12
0	6	13143	7b
0	0.05	9383	1
12	13	11966	9a
0	1.5	14403	1
2.8	3.1	9213	7e1
16	22.35	13883	12d
1.3	4.5	8409	6c
4.7	5.6	13426	2
10	40	8097	9a
0.9	1.5	8250	6
6.3	10.45	13229	6d
1.3	2.7	8028	6b2
2.15	2.8	13303	6d1
0	0.1	12173	2
18.3	24	9686	9a
6.85	8.7	9629	7e
1.5	3.35	13283	6d12
3.2	8.6	8238	7e
32.5	42.9	9578	9a
0.3	2.6	8098	2
0	0.5	8333	1-2
0	0.6	8962	2
0	0.3	7738	1-2
0	0.4	8249	1
0	6	13296	7e
20.3	21.5	7851	8e12
7.5	12	8816	7e2
0.8	4	7790	7d
4	5.2	7887	6d2
19	21	2702	7e
1.3	2	7836	3
3	3.6	13338	4-9a
1.8	3.4	11973	6d
13.6	19.5	13134	8a
0	0.7	13377	1
1.9	3.7	8924	3
0.7	1.1	8904	3
0	0.6	13162	1
16	20	6365	7d
13.68	13.93	14443	9a
25	48	13545	9a
1.1	2.25	14442	5b
0.4	3.4	8233	3
3.05	4.6	13966	4
3.55	5.5	8463	6d1
0.9	2.8	8883	6b
2.4	5.05	12320	9b
5.15	14	1921	6d2
0	0.15	7778	1
0	4	7627	1
5.1	6.3	13229	6e
1.4	3.6	12093	4a
0	0.1	8878	2
40.5	45	13704	9a
8	9.4	11974	9a
0	0.35	13760	1
10.4	14	9034	7d
0	0.1	23002	2
2.05	2.4	12160	6c12
7.9	12.9	8525	6d2
48	50	4279	12b
20	22	6259	9a
0	0.1	12092	2
0.5	4.9	2307	4a
0.25	0.7	8555	6a
0	0.1	13736	2
3.6	9	9144	6e2
0.1	2.4	9742	3
45	54	8184	9d
14.7	21.6	13474	6c12
0	0.6	13465	2
1.9	19.5	2979	9a
0	0.9	9279	2
2.45	4.8	7043	4a12
2.95	19.4	9622	9c
1.8	2	9307	2
0.3	1.1	13445	3d12
3.5	4.35	8545	9b
0.5	8	1908	7d
8.5	13	13978	6
0	0.8	13449	2b
10	18	4260	7c
4.2	4.28	14443	9a
0.05	0.2	7770	1-2
0	0.8	7789	2
0.4	1.7	13753	3
0	0.4	8736	2
0.2	0.6	9378	2
1.45	2.5	13354	7d
0	1	7818	1-2
5.1	7	1701	9a
24.6	30.9	12331	9a
2.95	3.2	13669	9a
2.5	2.8	8719	6e1
6	7	13457	7
0	1.1	7824	1-2
0	1	8229	1
2.3	3.1	9271	6d1
1.45	4.4	13590	7d1
5.2	8	9614	7d
1.1	2.8	2418	6c
27.5	30.25	11849	9a
80	98.2	1279	9a
0	0.75	11937	2
6.8	8.55	13538	7c1
1.1	7.1	9096	6b12
0	1.8	8567	2
22	24	6244	9a
14	32	14376	7c
14.2	20.8	7975	6d2
0	0.3	12337	1
0	0.6	7060	2
1.4	3.4	9275	6b
0	1	6984	2
0	0.5	8857	2
5.8	7.8	2423	6c12
13.55	16	8789	6e
1	2.15	8268	6b
0.4	4	12238	4b
0	0.3	8861	1
5.5	5.8	9209	7d12
8	8.5	13543	7c
0.15	1.5	448	1-2
0.75	2.4	8835	6b2
13.3	15.4	12049	9c
20.8	30.2	7834	7d1
4.1	34	12087	9a
0	0.1	9736	2
3.4	3.9	9068	6b12
19.15	24	11759	7c1
0	0.35	8829	1
2.2	3.1	7015	6a
0	0.1	7802	1-2
0	1.5	7939	2
2.45	3.1	8688	6d
42.55	46.9	5557	11d1
0.9	2.3	8497	6b
0	0.2	9118	1
0	3	730	1-2
1.2	2.2	9621	7c
0	20	8201	7e
19.6	39.3	2498	9a
54	58	9430	9a
0.3	2	13359	2
0.3	1.6	8826	3
2.55	3.1	8682	6d
0	0.3	2791	1
5	6.9	12015	6d1
2.4	10	2341	6c12
8	33	2522	9a
4.7	5.5	1543	3
14.9	20	13864	9a
10.9	11.7	8061	9e2
28.2	33.8	7980	7e2
2.8	4.6	8848	6c2
3.7	4.2	9275	6e2
11.3	15.8	2341	6e2
0.1	1.2	2441	2
23	24.5	13973	6
25	26	14428	9a
49	57	7953	12e
54	64	8201	7a
12.7	14.5	13279	6d12
12.8	14.35	14410	9a
0	0.3	11917	1
0.2	0.7	9268	1
12.8	17	11971	9a
0	0.7	8810	2
1.1	4.5	8711	6e2
0	6	13558	6d
0.5	1.2	12296	1
0	0.3	8359	1
6	14	7943	7d
22.8	47.7	7906	12d1
15	19	14273	7d
8	11	8867	7c
19.4	22.4	14288	6c
0.2	9.2	2549	6e1
0.8	1.6	11915	3
5.4	10	9298	6e2
4.2	5.2	8258	6d
33.2	40.5	13483	6d2
2.3	2.9	8497	6c2
0	0.8	7746	2
0.4	1.1	11911	3
3.7	4.1	8925	6c1
36	46	4376	12e
26	56	11674	7e
1.05	3.65	7918	7d1
0	0.2	10756	1
6.8	7	2546	7d
0	0.6	8251	1
2	4	7609	7a
0	2.2	13976	2
0.4	0.9	8449	3
0.9	2.4	8852	6c12
2	5	11819	7d1
11.8	13	9241	6e2
34	36	6011	6b
10.5	15	8860	9a
2.4	3.6	8766	2
0.3	3.15	8870	3
1	2.8	9033	6c
0	1.3	7835	2
4.1	6.4	1878	7a
0	0.4	1355	1
2	2.4	13880	2
5.7	6.15	8908	6c
0.2	0.8	13519	3d
123.4	160	1283	12d
16.7	20	14325	6d12
11.5	14.8	12040	6e2
0	5	14347	4e
4	10.9	12048	7d
8.5	11	13554	9b
1.8	2.6	8945	6c2
3.2	4	9232	6e12
0	2	7949	1
9.6	10	13802	9a
0	0.5	14354	1
11	12.7	8876	6d2
0	4.5	7621	1-2
2.9	3.6	2660	4a
0.5	1.2	9175	3
39.4	49.8	7019	8e
0	0.9	8885	1
0.5	0.8	1572	1
4.8	26.2	7016	7e
0.4	1.9	7587	6e1
20	24	7636	7e
15	21	728	7-12c
11.48	12.73	14443	9b
0.9	4.9	7843	6d2
10.3	13.5	9689	9a
4.25	14	8332	6c
1	8.2	13559	9a
14.7	15	9364	7e2
0.4	1.1	9116	3
14.9	19.8	2187	9b
8.25	12.8	14465	9a
0	4	13234	7b
4	22	6349	7
2.15	3.8	9438	9a
4.1	7.1	8933	6c2
31.8	36	2188	12c1
6.5	8.35	8797	6d2
0.6	1.1	8940	3
22	26	91	6a
3	13.75	8231	7e1
43	48.05	14254	7e1
0.2	3.1	7809	1-2
4.6	9	13777	6d12
1.6	7	12222	6d
0.5	10.7	8791	6b
0	0.9	14252	2
3.2	5.5	11891	6b
26	71.5	12295	9a
4.6	12	8848	6e2
1.6	3.7	7819	7c
20.8	22.9	14343	6d
1.5	5.9	8342	6d
23.05	40.9	14283	6e
4.4	6	13590	7c1
0.7	3.6	9780	3
6.4	6.8	2501	7c12
0	0.6	1712	2
0	1	8108	2
0	1	13382	1
10	15	9299	7e2
0.1	0.3	12164	3
0	0.35	2698	2
3.1	5.7	7828	7d1
3.1	6.5	9325	6e2
1.8	3.7	9601	2
0	2	8189	1-2
8.5	31.6	14393	9a
13.3	16.9	7894	7d1
5.4	11.8	13899	6d2
10.9	14.6	13775	9a
11.6	11.8	13448	9b
0.4	0.9	8250	6a
0	0.8	1803	1
10	27	1912	6d2
5	9.7	8256	7e
10.5	10.95	14457	10e
0	0.4	11987	1
1.3	1.8	7679	7c
0.6	2.8	13628	9a
5.6	6.4	855	9a
4.8	9.5	14413	7e
0	0.1	12186	2
13	14.35	12135	5d12
6.4	7.1	13881	6
1.6	3.05	9332	6b
1.4	1.75	8056	3
11.7	18.15	8473	6d2
6.8	7.1	13110	6e
7.6	15	9634	9a
2	4	7950	4a
64	66	13007	7b
1.7	11.3	2699	7c1
1.3	2.7	8913	6c12
0	0.4	12088	1
2.3	3.2	1900	6d2
8.3	10.3	13682	7e2
5.45	10.2	2438	6d12
0.1	0.5	8639	2
6	7.1	11976	9
1	5	2089	6a
0.6	1.6	13575	7d1
11.1	12.2	13266	2c
0	0.4	13788	2
14.5	16.5	13837	9a
7.8	8	8464	7e
32	36	8223	7d
4	12	11760	6a
7.3	11.9	8522	6e2
9.3	12.2	13896	6d12
0	0.5	23000	1
4	17	720	9a
8	12	13507	7b
5	23	14347	4d
8	9	6214	9b
2.2	4	2319	2
0	1.2	1930	1
10.5	16.7	9108	7e2
0	0.45	11992	1
0	4	6261	4c
36	46	8201	7e
19.1	22	8702	7e1
56	64	11285	9a
19.5	28.4	9577	7d
10.7	12	13415	7c12
6	10	13585	9a
1.35	2.75	13966	4
0	0.15	448	1-2
34	40	5807	9a
2	2.6	13849	2
46	58	8197	7a
17	17.4	14329	2c
1.6	2.5	8392	6c
0.1	0.4	9601	2
58	64	8223	7d
4.5	16.4	13478	6b
9.65	22.5	14383	12d
0.2	0.5	8549	2
1.1	1.6	11953	9a
2.4	2.9	8642	7d1
0	0.25	13722	2
40	46	6359	9b
4.3	6.6	2418	6e2
1.8	4.8	12187	4a
29.5	33.8	14268	9b
0	0.5	9604	1
17.65	18.2	11849	9a
1.35	2	8822	3
14	16	11760	6b
5.9	15	8340	9a
34.2	35.2	14352	4-9a
6	42	14368	7e
0	0.4	14860	2
0	0.3	13444	1
0	1.2	7064	1
1.15	5.2	9093	6b12
0.6	2.6	13640	7c1
2.5	3.3	7813	1-2d
0	0.2	9365	1
0	0.3	13625	1
66	67	1933	9a
2.2	4.6	8081	7d
1	4	13906	6e1
0.3	0.6	13745	2
0	0.6	11842	6d1
5.8	8.6	8625	6d12
0.3	1.9	9237	3
0.45	1.1	12198	6b
12.1	15	8553	6d2
0.4	2.1	9164	3c
18	22	7951	7c
2.1	4.2	13681	6e1
0	0.15	13904	1
0	1.2	11933	2
56.5	65.5	11981	7c1
25.7	26.5	11747	7c1
1.2	1.6	9709	3
10	14	6361	7e
34.7	40	7067	9a
2.55	4.9	8466	6d1
0	0.3	8677	1
0	0.5	1542	2
0.6	7.5	8254	7e
2.4	2.6	8814	3
52	90	6362	12b
0.1	5.6	2432	4a
21	22	12160	6d2
1.2	2.5	13152	6e
1.1	2.15	9169	6b
0.6	1.9	9379	6b
9.1	12.4	9153	7e2
3.2	4.7	9014	6d2
2.8	3.3	14413	7e
28	38.7	2542	9a
6.1	9.6	8941	6e2
5.1	6.3	1871	9a
4.1	6.7	13266	2d
5	8	13696	9a
0	1.5	13797	2
6.4	7.4	13450	6d1
0	3.2	13792	3d2
12	20	8188	7d
0.25	1.5	13723	3
9	10	6214	9b
31	31.9	7990	9a
18	25.4	12152	9a
2.9	3.5	8680	6b
4.5	4.75	13439	6c1
4.28	5.79	14443	9b
0	0.1	279	1-2
0	0.25	13586	1
9.2	9.6	12133	2
0	1.1	7925	2
16	62	7180	9a
0	0.25	7791	2
1.7	2.5	9554	9
1.4	2.6	9144	6c12
2.95	5.05	8605	6d12
0	1.1	9143	2
0.85	1.5	7991	1
0.2	1.2	8329	3
0	6	12250	7e
49.8	73	2708	9a
1.8	2.9	8545	9b
4.3	4.7	9225	6e2
32	42	8197	7a
0	1.4	13154	2c
18.3	23.6	8010	7e2
0	4	676	7c
4	8	8432	6e2
0	0.25	9249	1
5.05	5.2	8605	6b12
0	1	2648	2
0.8	3.2	7779	2
0.35	13.9	1306	6d
0	0.1	9600	1
4.6	21.7	14257	6d
0	0.3	8812	1
0	0.5	8102	2
2.2	4.2	13977	4
4.1	6.8	7905	7e12
7.25	11.1	6973	9a
22	40	6363	9a
0	0.3	9127	1
33.3	34.5	1278	7b
46	52	13288	12b
0.3	8	2792	6a
4	6.4	11953	9a
8.3	22.1	12141	6e2
0	2	4282	4-9b
0	6	10030	2
20	28.46	1298	9a
5.9	10.1	8561	7e2
0.9	2.4	8504	6b
11.1	14	10919	14-15
11.9	65.14	2009	9a
16	28	8529	9a
0	0.2	13821	2
1	1.5	7069	3
7.8	19	12009	9a
7	10.2	7815	7d12
0	0.65	8687	2
2.5	3.7	13126	6e
4	10	6626	7d
24	40	7636	7a
0.8	1.9	10026	2
0	0.8	12343	2
0.3	2	13420	2
8	10.8	8001	6c2
0	0.1	2417	1-2
10.4	13.4	7942	7c1
0.6	4	14391	7
9.3	10.5	7837	7d
25.9	26.8	14268	9e
4.7	7.3	1911	4a
9.3	13.3	9100	6c12
25.8	39.6	1927	12c1
1.3	3.1	2329	2
2.2	2.8	8738	6b2
0.4	0.8	8469	2
8.8	30.2	13488	6e2
16	22	6357	7a
12	18	13287	7a
0.4	1.8	7544	2c
22.4	24	11739	11e
1.3	3.2	10655	3
2	2.5	10762	2
9	9.4	13365	8d
7.7	9.2	8106	7d1
0.2	1.9	8671	3
1	10.85	4451	7e1
51.7	52.7	1942	9a
13.8	16	13881	6b
25.5	50	12034	9a
2.6	3.1	9723	7c
1.6	4.2	8506	6b
15.18	17.38	14443	9a
1.5	3.45	9208	6a
0.7	1.2	8681	2
8.8	10	13239	9a
3.3	3.8	11875	5a
17	18.5	7845	8e12
1.1	2.7	268	4a
12.6	14.6	7834	7b
2.2	5.8	2676	6b
6	6.3	11960	9a
2.65	5.3	13424	2
1.2	15.5	12217	6b
24	25.5	12556	7e
2.7	3.9	1703	4a
1	1.8	13579	7c1
0	0.5	13898	2
13.2	19.7	9040	7e
8.7	12	13845	7c1
12	13.3	7894	7d12
1.8	4.9	13496	6d1
10.4	25.5	11906	6e2
46.6	48.4	7931	11d1
1.7	3	7488	4a
3.7	6.3	12184	6a
1.8	2.75	8751	7d1
42.35	47.5	7037	8c1
0	0.4	7593	1-2
0	0.8	7785	2
0	0.1	2422	1-2
4	6	642	7-12c
1.4	3.8	8406	6c
0	0.3	8023	1
14.6	15.5	13229	6d
0.4	0.7	13895	2
2	7.5	7853	7d1
23.46	27.5	11849	9a
13.2	14.5	2868	6c
4	6	6246	7a
1.5	3.5	13698	6c12
1.4	2	13428	2
0.3	2.2	7763	2
16.8	18	13735	9a
4.4	4.9	13970	5
1.4	1.6	8403	6b2
0	1.5	13697	1
7.9	9.6	9217	7d12
0	0.6	7491	1
0.9	4.2	14445	7e
0	2.03	13981	2
3.2	4.3	11930	6b12
14.5	15	13379	7a
20	24	13116	9b
0.4	0.6	23005	2d
3.8	5.1	13159	7c1
0.1	0.7	13736	2
56	58	6996	9b
6	9.15	7986	6c
0	0.3	13634	1
0	0.3	8236	1
7.2	9.3	8617	6e1
8.6	11.8	13615	7e2
6	12	2647	9a
3.3	9.9	13726	7e1
0.45	1.45	13355	2d
3.9	12	10760	9a
8	14.35	13973	6
3.5	7.5	13877	6a
9.6	20	9766	9a
0.4	0.9	8452	3
1.4	1.75	2652	2
17.4	25	7538	9c
8.7	13	12245	8c
5.1	19.2	7567	9a
2.1	6.4	7804	7d1
0.5	4.8	2504	6d
4.1	7.3	7053	6b
0	0.5	12301	1
13	14.05	14468	12b
1.9	5.7	9130	6b
3	3.5	9225	6b1
0	0.3	4017	1
0.55	4.2	8746	7d12
1.1	11.8	7975	6b
9.45	10.65	8908	6d2
0	0.6	7039	1
4	10	7089	6d2
0	0.3	8593	1
2	6.2	9755	7c1
1.2	40.8	8779	7e
0.4	3.8	8926	2
5.6	25	1329	9a
2.2	3.1	7393	14-15
23.4	25.1	12304	8
5	8.2	2089	6b
4	12.7	8691	6d
2.65	3.05	11994	3
19.8	22.2	11747	7d
5.15	5.4	14473	9a
7.4	34	8951	9
20.8	27.4	12137	6e2
0.9	2	8365	6b2
0	5.2	2316	2
6.15	6.45	8908	6c2
0	0.05	13396	2
3.7	5.1	23006	6d12
30.8	32.1	1546	7d1
5.9	7.9	8061	9a
0	0.3	9725	1
1.6	1.9	8632	6d1
2.7	3.5	12013	2
7.8	10	11832	7d1
2.3	4	722	7e
0.3	1.8	13714	3
6.95	9	13531	9
11.7	12	9309	7e12
0.9	1.6	13488	6b
1.1	1.8	7496	6b
6.15	10	8897	7e2
0	0.7	2712	1
4.5	5.2	9614	7d
8	20	642	7-12e
11.5	11.8	13229	6d
0	2	8272	2
40	44.4	7549	7
17	45	9667	9a
9.7	11.5	11909	9a
2.1	3	7988	1-2
9.8	15.6	13878	7d
0.3	72	5885	7d
6.3	10	8399	7d2
0.75	6	13917	7c1
0.5	0.8	8334	2
0	0.4	12309	1
5.4	6.3	13124	9a
0.7	2	13393	2c
4.9	5.8	13971	4
0.3	0.6	9234	3
13	15.2	13831	6d12
1.1	8	9126	6b
10	14.5	11849	9a
78	79.1	1933	9a
20.1	28	7860	9a
22	32	5806	9
6.9	10.7	13283	6d12
12	22	91	6e
0.35	1.45	14853	3
12.2	15.7	8859	6d12
1.8	2.3	7494	9b
2	10	8225	6d
2.4	5.2	8504	6c12
0	0.15	13512	1
0	0.45	8643	1
4	8	7628	7e
0.5	0.9	13438	3c
0.6	6.2	8936	6b
12.7	22.4	8561	7d1
9.8	12.2	8797	6e
0	22	8199	7e
14.1	15	9272	7e2
9.4	15	8355	9a
5.5	10	12113	9a
0.6	3.7	23006	6e1
6	13.2	8835	6e2
1.15	8	9201	6c2
0.6	1.9	13746	7d1
0.1	0.9	9228	3
2.3	3.55	13299	6d1
31.1	45.4	1932	7d
1.8	2.3	13298	3
0.3	1	9070	1
36	42	5806	9c
12.75	16.5	14352	4-9e
5.4	52.4	12020	9a
2	8.4	7837	7c
28.8	30	8558	9a
15.8	19.4	14288	6d
0.4	1.1	7495	1
6	13.8	1925	6d
7	7.8	9408	6c2
8.9	12.8	11891	6d12
6.5	9.55	9561	9a
2.4	3.7	8645	7d1
11.45	11.9	7493	7d1
7.5	10.75	8245	7e1
3	10	9058	6d
33.6	42.2	2665	7a
7.6	18.7	2687	7e12
0.9	1.1	9576	2
18.3	18.9	13837	9b
0	2.55	7341	2
0	0.4	8232	2
1.2	1.65	8387	6c
0	0.8	11965	2
10.9	11.45	7493	7a
25.8	26.9	7920	9d1
0.2	0.9	267	1
7.85	12	13817	9
3.85	4.1	14377	9a
2	4	8195	7c1
28	29.45	7861	12c1
0	2.4	7712	3
15.6	17.6	13112	2d
9	13	13759	9a
63.5	64.6	1896	11a
0.2	0.95	12099	2
3.2	7.5	1901	7c1
24	25.3	11756	9a
4.2	5.2	13436	7d12
14.8	15	8433	7d2
14	15	9728	7a
4.2	7.8	8573	6d1
4	6	7786	7
1.2	1.9	9721	2
60	64	5807	9a
0.6	30.4	7596	9a
5.8	11	8876	6e2
0	1	12114	2
3.2	7.8	7979	6c2
2.9	6	1811	7d
0.75	1.5	11937	2
0	0.2	9264	1
11	20.2	8925	6d2
0.2	1	9265	2
6.1	9.1	1574	4a
0	0.5	13499	2
74	83.4	13653	11a
43	58	8223	7e
0	0.4	13670	1
44	49	7952	9a
0	1	13391	2a
2.8	10.5	8020	6e2
10	12	8374	7d2
33.2	35.7	7938	14-15
4.5	5	8652	6d12
3.65	10	8824	7e12
32.5	34.4	13605	7c
0	4	14863	2
1.05	16.3	7504	9a
0	0.2	8670	1
0	6	7946	5e
0.3	1.05	13757	3
0	0.25	8714	2
3.2	4	13840	2
0	0.1	9222	1
9.1	12.4	7900	6c12
3	3.6	14267	6a
19	20	8673	7d1
13.1	15.4	13511	9a
0.6	4	7089	6d1
0	1.3	8027	2
2.1	5.4	13491	2
10.4	10.75	13543	7c
15.1	16.2	13833	6d12
0.65	1.1	8831	6a
0.3	0.6	9726	3
2.2	4	1874	4b
6.2	8.35	12210	6c
11.7	16.8	9096	6c12
0	0.65	7822	1-2
20	50	13440	9a
9	14	7548	6d
0	0.2	9218	1
6.95	8	13422	9a
0	0.3	13629	1
76	78	738	7c
18.4	22	11751	9a
9.45	13.13	13443	9a
0.6	1	9235	6a
0	0.7	9779	1
6.4	18	2440	9a
0.9	2	8373	6b2
7.5	11.5	7525	9b
46	70	4376	12c
0	2.9	13264	2
5.5	15	2354	6e12
0	6	13548	4a
8.8	9.4	854	11c
53.6	66.9	12025	11d
11.1	11.8	13535	9a
0	1.2	9709	3
11.2	15	8846	7d2
11.3	16	13884	9a
5.1	6.7	8852	6d2
0	0.85	12001	2
2	2.5	8604	2
5.2	10	2317	4b
8.8	10.4	13595	6c2
0.05	0.65	9330	2
2.5	4.3	11927	6c1
4.4	6	9280	6c2
1.1	3.3	7801	1-2
0.6	1.5	2706	3
4	8	7643	7a
19.1	27	8085	9a
0	0.6	13540	1
5.1	6.5	9121	6c2
4	8	7613	7d
7.9	12	9150	6c2
40	52	8199	7d
2.9	6.3	8716	7e12
9.2	20.5	1813	9a
10.3	14	8936	6e2
6	15	8107	9a
17	19.5	9680	12d1
3.4	5.4	12023	7c1
3.6	4.3	5559	6b
0	0.2	7964	1
2.55	5.8	7705	7d12
2.4	3.2	9609	3
0	0.85	9219	3
2.1	2.7	8484	6c12
2.95	3.42	8412	6c
12.4	21.5	7902	7d12
10.2	15	9133	6e2
10.7	12.6	12553	7e
0.6	3.6	8520	7e1
0	0.5	13729	2
0	0.2	12182	2
34	40	2700	9a
50	51.2	1213	9a
0	10	7654	7e
3	3.8	9565	2
8.9	15.5	7934	6c1
39.5	41.5	11850	9a
4.3	4.7	1210	4b
3.55	4	9074	6c12
7.5	12	9329	6e2
1	2.5	14395	7
66	70	4279	12c
12.05	12.8	14410	9a
40.82	41.7	8074	9b
6.5	20.5	7957	6d2
11	15	8864	9a
6.8	10	12122	9a
0	1.4	13693	1
48	54	8203	7c
41.1	42.5	11908	7d1
0	0.4	8918	2
0.8	1.6	12358	6a
28	36	1001	6e
13.9	14.6	7908	9a
29.3	32	12242	9b
16	25.4	8024	6d2
96	100	736	12b
3.4	5.45	2438	6a
6	8.95	8806	6b2
0	0.06	9319	2
0	0.4	14275	2
0.7	1.6	8797	6b
18.7	19.6	7859	7d1
8.4	9.8	9130	6c2
41	45.7	1922	13a
43.1	54	1278	7a
0.6	1.6	8598	6b
11.9	12.8	6214	9c
0	8.7	12244	7d
5.3	9.1	7900	6d2
0	0.85	12195	2
0	3.2	13118	9a
11.3	13	13703	7c1
0	0.1	9360	1
22.4	25	13111	9a
0	0.2	8703	2
3.05	3.9	12338	2d
0	0.18	9200	2
0	0.25	6215	1-2
2.7	3	7793	7d1
4.8	6.4	2500	6c1
1.65	2.9	7647	2
7.9	8.8	8061	9e12
2.9	4.6	8652	6d1
9.1	10	13848	9a
14	18	7653	7e
1.1	3.8	9136	6c12
1.3	1.8	8726	6c2
26.3	42.5	1335	7a
2.9	9.5	13264	2
0	0.2	13913	2
0	0.5	7781	2
0.8	2.2	1719	4a
3.5	4.3	8680	6d1
2.2	6.4	2323	4a
3	7	13746	7d1
1.1	1.4	9143	2
2.3	4.9	9255	6d1
6.3	8.5	13496	6d2
0	0.9	8315	2
12	32	11945	9a
0.2	0.3	9302	2
0.9	1.3	8865	2
0.2	6	11976	9a
0	1.2	13266	2c
7.75	11.15	13863	7d
11.6	17	8607	9a
14.2	15	13381	9a
0	0.4	12110	1
64	76	738	7a
10	12	11966	9a
9.3	9.8	13531	9a
8.65	12	1096	9a
0	0.3	14333	1
4	5.5	13395	7d12
0.25	0.8	8559	2
7	9	281	7c1
12.1	12.6	7834	7c1
5.1	5.8	8876	6c2
46.19	49	962	11e
1.8	6.4	7545	4a
0	2	6010	4d
24.6	25	2793	7e
54	74	1278	7d
4.65	5	9291	2
0.2	1.8	10757	2
8.2	10.3	13421	7c
1.1	4.1	1348	4b
0	0.4	12543	2b
0	0.4	8410	2
13.4	20.5	11744	9a
0	0.2	8934	1
0.4	1.1	13396	2c
1.6	6.2	8954	6c12
7.1	9.1	8009	6c2
12.7	13.4	11744	9e
0.9	3.4	8886	3
40	76	2700	9a
0.3	0.8	8734	3c1
60	64	11808	11c
0.1	0.4	12173	2
21.5	24.8	13229	6e
0	0.4	8430	2
2.6	3.1	12316	7d,3
7.1	7.9	9096	6c12
0.3	0.4	12144	2
9	10	12191	7
0	0.5	8837	2
10.5	11	8415	7
0.6	5.15	14473	9a
79.1	79.5	1933	9b
0.4	0.9	8324	2
5	8.2	9152	6e2
0	2	8225	6d
2.8	4.5	13787	9
25.5	34.5	12191	7b
31.2	33	7866	14-15
2.9	5.1	8497	6d12
35.2	36.95	7982	7d1
5.7	7	13565	9a
4.2	4.75	859	6a
0	0.2	11752	1
3	7.25	7669	7c1
7.8	21	14318	6d
8.2	9.2	1813	9a
5.8	7.05	14439	9a
6.2	10.6	8945	6d2
2.4	5.1	8852	6c2
0	0.8	9584	1
10.5	11.5	13789	9a
0	0.8	7716	2
21.5	26.8	7972	7d
7.4	8	8705	7c1
6	7.5	13427	6d2
4	20	8273	7e
2.4	4.2	8573	6e1
11.9	14	9022	9a
0	1	7068	2
8.4	10	9082	7d2
0	0.4	9015	1
2.3	7.5	9081	6b
0	1.1	9555	2
24	36	8066	9a
2.9	4.2	13594	4a
4.1	8.5	11912	6e2
0	0.4	13311	2
0.3	1.2	8087	2
0.2	0.6	7741	1-2
0	0.2	8328	1
1.4	4.1	12100	4a1
2.1	8.1	12031	7d1
0.1	0.5	9223	2
13.6	14	8235	9a
6.4	8.4	8673	7e12
4	15.7	9730	9a
0	0.5	14858	1
8	16	8221	6d
25.5	34.6	14380	12d
0.2	2	8417	6c
8	14	7218	9a
6.5	9.2	11876	4a
18.5	19.6	7840	9a
4.2	22	8746	7e
0	1.9	2664	3
6	7	281	7c12
2.7	3.5	8484	6d2
9.8	16	9352	6d2
0	0.1	14292	2
13	15.6	13112	2
13.05	19	7966	6d
6.1	10	12106	9a
7.7	9.2	8630	7a
0.7	1.3	8726	6c1
3.8	4.7	11853	9b
0	1.2	9767	2
4.6	5.6	12009	9d1
2.4	5.5	13881	6a
0.4	1	7732	2
19.25	22.2	12549	9a
2.4	3.3	2359	6d1
4.2	8.5	9158	6d2
2.45	4.2	8338	2
4	4.45	11958	9a
0.85	2.25	12002	6c
0	0.2	8548	1
1.6	1.9	9085	6b12
26.85	30	7598	11e
10	13	12191	7
24	36	7644	12a
1.3	2	10762	2
0.4	8.35	12213	6b
1	19.5	1905	7c
2	3.8	8365	6c2
0.4	2	7593	1-2
0.2	0.9	8731	3
7.5	18	8602	9a
2.4	3.5	8827	6a
1.1	11.9	8447	6b
2.9	8	13407	9a
5	7.5	14358	4-9e
0.3	1.1	9095	3
4	4.55	7985	4a
0	6	14458	7e
0	34	9162	7e
1	3	2648	2
14.5	17.7	9679	9a1
0.35	2	9754	2a
5	5.6	11958	9a
11.3	11.6	8610	7b
1.6	13.1	9708	9a
18	26	13558	6d
0.9	1.1	268	4b
5.5	7	7714	7d
4.3	5.5	13896	6b2
0.8	2.6	8470	3
1.2	2	14336	2c
0.3	2.4	8813	2
2.4	4.1	7905	7e1
0	0.3	8098	2
20	22	6365	7a
31.75	46.6	6998	7d
16.6	19.3	7837	7c
1.85	3.85	9291	2
0.5	3.8	13826	2
5.2	7.1	14350	7d1
0.3	1.4	13428	2
5.5	7.25	6977	6b
5.1	8.3	8902	6d2
11.6	12.7	2420	8c1
3.35	6.4	9557	9a
0.2	0.5	9106	2
12.73	13.68	14443	9b
4	8	14376	7e
1.1	2.4	8492	6a
0	0.6	9151	2
7.1	8.5	11976	9a
0	14	7641	7e
0.3	1.1	9262	2
0	0.7	7702	3
6.7	9.8	13266	2
4.5	4.8	13450	6a
0	0.9	11741	2
0.5	1.7	9199	3
6.5	18	9635	9a
71.1	72.7	11982	8a
0.4	1	13872	3
14	28	1001	6e
8.4	9.2	8673	7d12
2.8	4.35	7915	6e2
8	9.8	13787	9b
20	30	8201	7e
0	1.7	7874	5b
0.85	20.55	10046	7e
12.6	14	8239	9a
8.6	10	1802	9a
7.5	13	11962	9a
3	5.3	7899	5b2
1	3.5	13383	7d
0.7	1.3	8312	3
11.6	11.9	9217	7d1
11.5	12	23007	7e12
9.9	13	7916	9a
0	4.2	13836	2
35.1	41	1212	7d
7.3	7.5	2360	7c12
0	1.6	8616	2
0	10	7780	7e
24	34	6169	7e
10.5	11	13803	3d2
4.9	6.6	7548	6b
1.5	2	8566	6a
0.1	0.7	9253	2
1.1	1.9	13477	2
8	11.1	9179	6c2
1.5	21	2977	9a
7.9	9	9752	9d1
0	0.2	8019	2
12	23	11938	9a
14	26	6361	7c
52.9	100	7021	9a
0.5	1	2088	1
0.5	3.35	8855	6d
3.1	6.2	8945	6e2
3	3.5	8461	6e2
1.8	2.4	8572	3
3.5	5.9	8456	6d2
0.7	1.3	13686	3
6.5	6.9	14339	4c
0	29.3	13780	2
45.2	48.6	14352	4-9a
14.35	17.7	12136	4a
1	1.8	14412	1
2.7	4.8	8579	6e1
0.5	1.6	23001	3c
3.35	10	8855	6e
0.3	0.8	7747	3
12.8	13.9	7923	6d2
1.6	6.5	8797	6b1
26.6	28.8	8699	7e1
2.5	9	13762	7c
1.8	6.2	7833	6a
5.5	9.45	13446	6d12
11.8	12.4	13535	9a
0	0.25	12306	2
16.5	18.3	13837	9b
0	0.3	10648	2
0.3	1.3	8513	3
1.8	2.5	7679	7c
7.9	9	9096	6b12
20.4	27.6	13144	9a
5.4	6.4	9074	6c2
10.15	11.2	9068	6c2
20.2	33.7	11916	6c1
0.2	22	2693	7b
35.2	35.9	14352	4-9b
24.1	26.6	12038	9a
35.1	41	1913	7d
0	1.6	13960	4
0.2	2.1	9138	2
7.5	8.4	9081	6d2
0	0.2	13855	1
0	0.1	23005	2
0.5	1.1	8640	3
2.7	8.9	8843	6e2
25	30.9	2793	7c12
1.5	4.9	9283	6b
21.2	25	9771	9a
8.3	12.7	8902	6c2
0.7	1.7	7487	3
0.6	4.6	2545	6e
1.7	3.1	9294	2
10.9	12	12046	9a
0	0.4	12035	1
0.6	7.5	7500	9a
0	1	6347	1
1.2	1.4	8406	6b
0	0.3	13649	2
34.4	34.75	7606	12e
7.15	10	11855	9a
12.5	15	12546	7e
3.4	3.6	11971	9a
8.4	9.3	7837	7e
0.9	1.3	14289	2
5.9	8.15	12558	6e
10.6	11.5	14410	9a
1.35	5.45	8799	6b
17.3	42	7081	9a
1.45	1.6	14854	7d12
28.1	29.7	8022	9a
2.5	2.75	8805	2
2.3	5	9247	6d2
8.8	10.1	13598	6a
2.1	3.9	9139	6c12
0	1.15	8091	2
1.6	2.1	8628	2
2	15	14273	7e
1.35	1.5	13302	3
6.8	10	2498	9a
3.6	11.1	9197	6d2
2.4	5	8695	6d2
4.45	5	11958	9a
0.5	2.3	13898	2
12.1	18.4	12213	6d
8.4	10	11849	9
2.2	4.7	8076	4a
15	21	10032	9a
18.1	18.4	11755	7c1
5.79	5.95	14443	9b
0	0.9	12240	2
1.2	1.6	9085	6c12
2.9	4	11958	9a
0.5	18	2981	9a
3.4	9.8	9352	6c2
9.6	16	9355	6d2
1.1	3.4	9259	6e2
41.7	46	8074	9a
0.5	1.1	284	6d1
23.4	24.1	14410	9e
0	0.4	8448	1
48	66	4375	8c
9.2	17	13592	7d1
22.4	24.4	14288	6b
2.3	3.1	13898	2
5.15	5.4	13966	4
3	13	8068	7c1
9.1	18	9344	6e2
0.8	4	7984	1-2
5.8	8.65	7705	7d1
2.2	4.1	13266	2
6	12	4380	7e
0	1	7909	2
4	6	4373	6e
17	20.7	13963	6
15.5	18.5	7934	6e2
0.85	2.8	8020	6b2
20	28	7639	7d
11.3	65	2697	9a
38	48	923	7d
4.2	6	8012	2
0	0.4	12095	2
68	72	13007	7d
55.7	62.2	14340	6d1
7.85	8.6	7521	2
0	0.2	13865	1
4.7	8.2	14456	7e
3	4.8	13695	7c1
0.4	0.6	2544	3
4.15	5.15	12353	6d2
0	50	7080	7e
10.25	30	7550	11d
1.3	3.3	8423	6e1
1.4	4.5	13450	6d1
9.2	15	8547	6e2
5.8	8	12008	4b
4.75	8.75	7992	6b2
1.55	3.2	2376	6a
2	2.3	8686	6b
0	16	7639	7d
4	4.6	11831	2
0.5	0.9	9580	1
0.7	0.85	14282	2
11.7	13.1	8029	7c2
22.9	35.6	8383	8e1
7.1	8.35	12401	9
3.3	25.5	14277	6e
13.3	35.1	9704	9a
0.75	2	8369	6b2
6.2	20	12172	9a
6.5	13.2	8838	6e2
14	40	7549	7d
3.5	4.25	2652	2
2.25	2.8	7914	4a
0	0.1	451	1-2
0.9	2.7	8578	3
0.05	0.45	13384	2a
8.5	12	1339	9a
0	0.2	9140	1
13.2	19.7	2370	6e2
7.9	12	9142	6d2
9.3	10	13255	9
4.45	6.5	2377	7d12
1.1	2.4	1877	4b
1.9	2.7	8843	6c2
3.9	4.4	8502	6c2
14	40.3	13967	6
36	37	13229	6e
2	2.9	12114	2
0.9	10.3	8059	6b
1.4	3.7	1804	4a
0.3	0.85	8391	3
20.55	48.6	10047	9a
2	5.2	14387	7e
9	32.4	8082	9a
0.4	1.6	11870	2
0.7	1.15	8476	3
0.15	0.65	8907	2
8.9	13.6	9126	6e2
28	80	7188	9c
0	1.9	1209	2a
0	0.5	7085	1
46	85.99	2711	9b
54.7	55.5	13968	7
8.8	10.2	7905	7d1
4	6.4	11945	9a
4.6	5.4	9295	6b
18.9	19.9	14291	7d
3.5	10	8828	7e12
7	10.75	14419	9a
0.25	1.9	9145	2
0.8	2.8	12006	3
0.9	1.9	12241	7d
0.6	1.2	13455	2
4.75	5.6	859	6d
8.6	18.7	7859	7e12
11.5	12.05	14410	9a
26.45	83.6	6794	9a
10	33.3	1278	7a
11	14	13666	9b
1	1.8	12187	4b
18.8	29.3	13314	7c1
1.2	4.3	1931	6a
8.4	9.5	14473	9e
0	0.4	9336	1
5	20	6191	7e
0.4	1.1	12177	2
3.8	5	269	9a
2.2	3.6	12344	6b2
22.5	24	7958	7c1
2.1	3.55	9074	6b12
12	15	8673	7d2
0.9	1.5	2685	2
1	1.8	7450	14-15
0	1.2	13152	6e
24.3	28.3	1936	7d
4.5	7.5	9039	6c
9.8	15	9651	9a
7.8	12.6	2424	7e2
2.75	3.05	13966	4
7.7	25.3	2311	9a
26	32	8197	7e
0	0.15	13398	2
2.5	3.25	12422	6b2
0	2	12117	2
0.9	32.5	9581	7d
0.1	0.5	279	1-2c
4.3	24.4	5559	6d2
4.6	10	13648	9a
0.45	0.75	9178	3
30	80	13550	9a
66	74	5807	9a
9.1	13.4	8074	9a
0	0.15	9163	2
11.2	15	13147	10d1
17.3	23.1	14265	6a
6.1	9.6	8920	6b
0.6	1.2	9358	3
3.1	4.8	7016	7d
3.7	6.6	1805	6d
0.3	0.9	8364	3
0	1.2	7117	6d12
0.9	4.7	13313	6e1
0	0.3	9236	2
0	0.3	7713	1-2
22.8	25.6	2188	12c1
0	0.3	14330	1
0	0.6	12360	1
1.9	4	8592	6d2
0	0.2	12123	2
0	0.5	7540	1
6	8	5809	7e
1.5	8.45	7773	7d12
20	28	8273	7a
22.6	24.6	2370	6d12
35.4	35.85	8074	9a
0	0.2	8909	1
3.5	4.4	8617	6d2
42	60	5806	9
5.7	9.2	13461	6d2
48.05	55	14251	14-15e,3
0.2	0.8	14370	2
1.2	2.4	8321	6a
0	0.3	7762	1
1.8	2.3	8732	6b2
6.5	14.5	12156	6d2
9.45	11.2	12422	6d12
3.8	7.6	13827	7e12
1.25	1.7	9068	6c12
23.5	23.85	14400	12e
4.9	11	8883	6e2
9.8	10.5	13789	9b
3.6	4.8	11916	6e12
11.1	12	9179	6e2
0.4	1.8	8944	3
0.2	1.3	9132	3
32	35.2	7897	12d1
2.3	31.7	12139	9a
0	0.73	1317	1
63.9	64.8	1933	9c
0	2.3	8521	2
8.75	12.5	7992	6d2
8	8.7	12045	7b
2.7	4.5	9756	9
0	0.7	7978	3
7.1	9.8	8933	6d12
6.6	12	7893	6d12
40	43.8	13229	6e
0	0.3	8839	1
1.5	2	9212	6b
24.85	27.8	8002	7d12
0	0.7	9616	1
0.1	0.4	12177	2
3	7.5	11962	9a
0.3	0.7	8957	2d
0.1	0.7	8879	3c2
2	4	4372	2b
2.8	4.4	8883	6c2
0.3	0.9	13635	3
5.8	12.5	13809	9
3.2	10.5	13792	3d2
5.2	16.2	1346	9a
28	34	5807	9
3.7	5	8645	7d1
10.4	11.5	13620	7d1
0.8	6.5	9563	7d
66	86	7215	12a
2.2	9.1	9621	7e
2.5	2.7	8648	6e1
10.05	15.15	14404	7e
114	115.8	7020	12b
12.3	13.8	13539	9a
56	60	9419	12b
0.8	1.6	2796	2
48	60	4260	7b
16.3	16.7	14468	12e
8.6	9	8626	7a
0.1	0.5	9147	2
6.7	8.4	2294	4b
10	12	487	7-12b
17.35	18.7	12549	9a
9.8	13.5	13787	9b
0.07	0.5	12028	2
8.15	10	13448	9a
4.1	6.8	12124	4a
8.3	14	9346	6e2
72	80	2212	9a
5.2	8.2	1813	9a
33	42	8191	7a
0	0.5	1876	1
1.7	5.5	2366	6c12
0	0.3	8844	1
20	25.2	7489	9a
0	4	13663	6e
6.9	8	13439	6d12
2.4	10	450	9a
0	0.3	9210	1
73.9	98.4	1929	9a
9.9	18.1	7871	7e12
0	1.2	2325	2
3.6	15.2	11936	9a
3.2	4.86	7713	1-2
48	52	6358	12a
10	24	8197	7e
0.1	1.35	2434	2
0.95	1.95	1330	2
3.5	4	8589	6d2
0	0.3	7795	1
6.9	8.5	13620	7e2
1	1.5	9436	9a
9.9	19.1	7882	7d12
2.8	8.9	8915	6b
0	0.6	8253	1
21.9	24.2	13605	7e1
0	0.4	8817	1
15.4	18	9723	7
0	0.5	8752	2
4	9	7601	9a
9.5	18.2	13733	9a
12.8	16.9	14472	12e
57	67	6665	7c1
21	25.1	12165	6c2
16.7	17.9	9583	14-15
44.9	47.5	14278	7e
0	6	7947	7d
2	5.5	13537	4a
21.2	30	2374	7c1
0.4	0.75	8431	3c
4.9	17	7844	7e12
1.9	2.5	9085	6a12
1.2	2.85	9056	6e
10.2	14.5	9209	7e2
0	0.3	8445	1
18	28	8224	9a
13.5	21	13787	9
2.1	3.2	9165	6d1
0.45	1	8479	3
15	18.8	2354	6e12
0	0.4	5558	2
50.5	61.1	8776	9a
17.9	24.6	12335	7d1
0	0.4	13536	1
0	0.35	11831	2
3.7	5.4	13126	6e
0	0.45	13356	1
13.3	16.9	8005	6e2
0.3	1.55	14334	3d
0	2.3	2336	2
0.9	2.1	8438	6e
0	0.5	13247	2
5	8	2538	9a
0	0.5	1572	1
0.3	0.75	11817	2
8.4	12	8366	7e2
0.7	1.9	13378	6d
0.6	2.9	13514	3d
0	0.4	11869	1
0	4.6	7030	2
21	27	728	7-12c
19.5	19.7	13134	8d
0	0.95	13532	1
0	0.5	2503	1
3.1	5.2	13404	7d
12.35	16.4	12101	6c1
15.1	20.75	12358	6d1
4.5	16.9	7531	11c
3.5	12	1717	9a
0	0.2	8563	1
0.1	5.7	13567	7e1
29	43	14253	6d12
40.5	44.8	13484	7c1
43.5	45.5	11849	9a
4.4	4.9	9107	6c2
0	0.3	9261	1
3.8	6.8	1277	6c
15.2	18.5	11980	6e2
2	4.2	9304	6c2
2	10	11806	7c1
3.8	4.4	8377	7e1
10	17.2	12298	6a
5.5	6.1	13270	2d
27	32	1912	6d
10.2	10.8	12128	5b2
0.4	1.7	2867	3
3.05	3.75	8032	6b
0.7	1.3	9052	3
6.95	7.3	2360	7e12
0	0.2	9077	2
3.2	5.2	12126	2
0.4	1.1	12144	2
44	52	6363	9a
9.5	15	8351	9a
7.35	14.9	13869	7d
4	4.5	12306	2
10.34	20.9	9768	9a
0	1.6	14324	2
11.8	13.8	13893	7d2
6.2	10.65	12170	6d2
0.3	2	11969	2
22.8	23.5	2355	7d12
0	0.3	8646	1
0	2.35	11996	2
1	6.2	12170	6a
0.6	2.1	8112	6e
0	1.2	12216	1
3.6	6.4	11971	9a
0.2	0.4	9123	2
0	2	5809	7d
21.3	28.2	7979	6e2
2.8	8.9	8841	6e2
36	38	6011	6b
11.15	20.95	14432	12e
12.5	17	11957	9a
4.15	6.4	9320	6c
29	60	13259	9a
0.5	1.3	280	6d1
0.3	1.4	8402	3
8.8	22	2331	9a
9	9.9	13778	7d12
3.6	5.3	14337	3d
3.5	5	12014	4a
0	0.6	13969	1
6.4	8.6	7923	6d2
0	0.1	9403	1
2.4	6	8835	6c2
0.7	1.05	1800	1
16.8	22.4	11740	9a
10.6	15	9641	9a
5.9	6.8	9338	6d2
6.6	8	12118	4b
0	3.1	12010	2
0	2	14359	7e
2.9	3.8	8649	7e1
9.5	11	9221	7e2
20	26	8186	7e
8.5	8.9	13404	7d
9.4	10.9	11974	9a
9.6	11	10653	9a
11.3	13.8	7032	8c1
10	30	4398	7e
3	10.5	14352	4-9e
41.4	54	13485	9
67	78	1933	9a
0.6	1.1	9136	6b
2.2	7.5	9329	6b2
0.5	3.4	7086	6a
5	7.8	9292	6d2
11.8	14.2	7975	6c2
0	1.2	1934	2
0	0.6	9291	2
4.5	6.6	8629	6d12
46	60	7624	12d
3	7	13261	6d
0.1	2.2	7802	1-2
54	68	8184	9b
2.8	2.9	13439	6d1
0	1	13880	2
3.3	3.5	2359	6c
0.2	0.9	9154	2
9.1	14.7	9363	6d2
12	19.6	8106	7d1
0	0.3	1898	1
14.5	17.5	13793	9a
6.4	7.2	11971	9a
2.9	5.5	13363	5d
2	4.95	8373	6c2
22	32	13289	9a
36.95	39	2339	9a
10.2	16.7	14325	6e2
2	3.2	1801	7d
3.9	6.1	1704	6d1
13	17.2	12242	9a
0	2	7821	2
12	14	2318	9a
0	0.9	2685	2
5.2	6.4	2442	7d2
8.45	13.2	2370	6c2
4	18	7951	7e
0	0.2	13844	1
47.2	52.9	7036	7c1
0.8	8.6	9335	6b
0	1.8	7832	2
1.9	3.6	8880	6c2
1.4	5.75	14382	7d
4.6	5.3	13420	2
1.2	1.9	8458	6c1
24.4	30	14288	6d
19.9	25.4	1545	6e2
2	3.4	8704	3
6.2	7.8	7833	6b
1.75	2	2293	3c
0.4	1	7616	3
6	12.7	11744	9a
14.35	20.8	14410	9a
0.3	0.9	8588	3
9.9	14.1	9342	6d2
12	15.1	13412	9a
48	52	1936	7d
12.3	12.9	13596	7e1
6.75	20.4	6980	9a
16	17.15	12542	9a
0.9	1.6	13680	3c
0	0.7	8600	2
0	0.7	9620	2
13	16	11962	9a
3.2	18	6786	9a
0.4	1.9	12095	2
0	0.55	11946	2b
8.5	11.1	9748	7d
1	3.6	13873	6c
0.9	1.9	9229	6c2
0.25	1	7970	2
1.7	2.2	8088	4a
1.7	2.5	7806	3
14.1	14.5	13266	2
75.8	81.5	12201	10d
0.95	8.65	8357	6d
0.75	2	8432	6b
1.1	1.6	13803	3d2
4	7.75	7777	7d
6.8	12	12185	9a
12	39	639	7e
4.75	6.9	13439	6
0	0.5	9719	1
1.6	2	11953	9a
95.5	96.8	1933	9a
0	0.2	11856	1
4	4.4	8380	7e1
50	54	13549	7a
11.9	30	12208	9a
2.15	5	8269	7d
24	35	2430	9
14	24	7228	9a
0	0.65	8319	1
1.1	3.8	9707	7b
1.1	6	11960	9a
0.5	0.7	8681	2
14	19	2702	7d
11.4	13.25	13963	6
0.2	0.7	6975	1-2
6.7	8	8346	7d
1	1.55	8345	6a
14.6	14.9	11832	7d1
10.3	12	13418	9a
7.2	9.1	11758	6d1
4.1	4.7	1543	3
8.2	22	13559	9c
0.3	0.6	13604	2d
13.2	14.3	7090	7d12
1.2	2.1	8508	6b
9.3	10	8024	6c2
3.4	4.2	7881	5b2
1.5	2.2	7940	3
0.4	1.7	9041	2
11.2	13	7997	6d2
3.1	30	13633	9a
0.3	1.5	12164	3
38	42.5	8744	14-15
1.4	5.6	9100	6b12
7.3	10	1211	6d1
0.3	1.2	9048	2
4	12	7794	7c
12.75	15.25	14265	6e
0	0.9	1340	1
0	0.3	8352	2
2.2	2.8	8514	6d
0.1	1.15	9092	2
3.6	5.8	13811	3d2
10.3	11.7	7721	3d
10	16	8024	6d2
29.7	31.2	7071	7c12
8.9	11.3	7032	8b
0	0.35	8371	1
66	70	11285	9a
1.2	1.6	14370	2
9.49	46.19	963	9a
1.2	2.7	13709	9a
8	14	2324	9b
14.9	18.7	11832	7d1
0	0.3	8111	1
0.2	0.9	8901	3
0.4	0.41	14349	2
0	3.5	13813	2
1.2	3	13719	9
0	1.1	9612	1
2.6	3.3	13970	5
0.5	1.2	7279	14-15
13	17	11968	9a
10	12	9633	9a
17.1	20	12049	9a
15.6	19.6	9173	7e12
3.8	5.6	23003	6e1
0.5	2.05	12160	6c12
0	6	13551	7d
0.9	2.1	8315	2
3.5	11.4	6352	6e2
11.35	12	11974	9a
12	19	7889	8e12
1.7	2.7	10650	4d
25	37.2	12130	6e12
0	0.25	13256	2
0.2	0.7	8808	2
19	23	13793	9a
3.3	4.8	14413	7e
14.5	19.7	13279	6d2
11.5	12	9069	8d2
2.6	5.8	14439	9c
1.2	1.8	13571	7c1
0.8	4	7788	7e
12	14	6169	7d
33	36	11928	9a
18.2	18.8	1935	6d
15.8	17.3	14397	9a
5.3	8.3	13681	6e2
7.5	8.8	7853	7c1
7.4	12	9405	6d2
0	1.85	6988	9a
80.1	81.9	9160	12a
0	0.2	12099	2
5.45	6.25	8091	2
1.8	3	9182	6b
1	1.4	9197	6b
1.4	2	9089	6a
6	12	6169	7e
7.8	15.6	9173	7e2
8	10	5809	7a
18.5	20	9050	7e2
2.7	11.7	8028	6e2
47.25	48.8	11849	9a
10.6	11.8	11819	7c
0.4	7.9	9150	6b
0.35	2.6	9029	6c
0.2	1.05	9559	2
0	1.5	1814	4b
2.5	4	8379	6e1
0	1.1	1333	1
23	23.4	14410	9b
2.8	3.2	2680	2
0	1.8	7921	2
28.5	34.6	14405	12b
3.2	3.6	10656	4e
0.25	2.7	7792	3
6.5	8	8417	6c
0	0.2	9306	1
9.3	10.3	12018	7b
6.3	8	12190	6c
4	9	7743	2
8.6	12.8	7923	6e2
8	16	9598	7a
2.6	3.6	9144	6c2
0.8	1.6	8632	6a1
5.4	8.8	13520	6d2
4	12	8188	7e
9.8	20.58	7962	7e
4.9	8.1	8880	6e2
0	4.9	7548	6a
0.9	2.8	13439	6d1
0.9	5.1	9121	6b
3	6	8890	6c
2	4	6365	7e
0.9	1.8	9155	6b
33	65.8	1906	9a
1.15	1.4	8483	3
9.1	12	9046	6e2
2.4	2.8	1095	7d
2	4	4260	7d
3.1	5.7	8922	6b
0	30.2	13784	2
0.85	2.45	12196	7d
13	13.4	13280	9a
0.95	1.4	12099	2
1	7.4	6985	6a
3	42	2054	9a
23.7	32.6	13478	6d12
0.3	0.5	11967	2
0.6	0.85	9074	6b
14.9	17.1	2973	9a
3.1	4	2330	4a
10	15.1	13833	6e2
0	4	7515	4-9a
0.7	1	13658	2
13.2	17.1	2335	9a
14	15.2	12147	7d12
1.3	2.6	13637	9a
8.8	10.5	8061	9a
4.9	6.9	13619	6e2
0	0.25	8821	2
0	1.2	7708	3
10.5	10.9	8061	9e12
9.9	13.7	1935	6b
4.8	10	14329	2
5.6	14	2430	9a
31.6	36.8	14392	12b
3.8	4.5	8511	6c2
16	20	6246	7d
1	1.85	9291	2
5.7	8.3	9346	6d2
3.5	5.9	8560	6e2
0.85	1.45	13589	6a
0	0.7	7695	1-2
9.4	13.1	2546	7a
8	14	7628	7a
0.9	2.4	11921	3a
0	0.1	9147	2
3.9	5.8	8794	7e
2	2.45	7041	3
0	0.1	8895	1
5.5	6.4	13881	6b
6.2	10	9166	7e2
11.5	36	14389	9a
4	8.4	14389	9a
0.65	3.1	13727	2c
0.85	2.55	2373	6b
40	46	9430	9a
30.2	32.5	13488	6d2
0	1.2	9345	2
1.05	3.4	2437	2
0	16	6357	7d
7.5	8.7	8254	7d
3.4	6	8887	6d
13.8	14.15	13539	9b
0.6	1.5	8342	6a
18	24	13285	9b
19.75	20	14400	12b
1.45	2.35	9320	6c
12	24	6627	9a
3.05	3.3	11995	6c2
2.55	8	11854	9a
0.55	3.1	11946	2
0	0.5	8004	1
2.1	4	7777	7d
0	3	13260	2
0.4	2.15	7521	2
19.4	22	8913	6d12
5.4	8.7	7721	3d
11	12.4	13554	9b
30.1	41.55	8110	9a
2.6	2.7	8665	6d1
0	1.2	8507	2
4.6	20	2374	7d2
0	0.5	8790	1
0	0.5	7771	1
0	0.1	8015	1
0	1	8259	2
1.1	4	1874	4a
1.7	7.7	7289	14-15
99.1	100	1933	9a
14.8	15	11849	9a
38	44	5538	7-12
0	0.3	7981	1
20.5	21.7	13153	7
0	2.3	721	2
9.1	12	9619	9a
0.8	1.2	9056	6a
0.5	4	922	6a
1.5	5.2	2685	2
14	14.5	13837	9b
20	36	4377	9a
0.05	1.2	9407	3
40	54	7640	12d
5	15.55	7524	11d
9.8	10	269	9b
15	15.7	11849	9a1
7.2	10.1	11971	9a
0	0.2	2692	1
0	0.5	11923	2
23.4	25.9	14268	9
4	5.3	9436	9a
0	6.75	6982	4a
5.4	9.8	8322	7e
0	0.3	9070	1
0.55	2.6	14454	1
4	26	11674	7e
2	3.3	8017	6e2
2	16	9414	7d
5.35	9.1	13874	7d
15	18.5	14271	7e
66	70	9419	12b
1	1.4	7829	1-2
54	56	11285	9c
28.75	35.1	7018	7a
0.8	2.1	8560	6b
22.7	31	8689	9a
5.6	6	13426	2
3.8	5.8	8926	2
5.6	13	7850	7e12
0.8	2.35	13740	2d
4.9	7.9	8525	6c2
2.7	4	2423	6e2
0	2	2510	6d
13.9	15	9300	9a
13.2	14.45	14465	9a
29	53	2446	9a
1.75	3.4	7817	5a
56	56.8	1933	9c
0	0.8	1337	1
6.2	7	13861	6b
32	57	6665	7d1
0	0.2	9297	2
9.6	11.6	9217	7e2
2.2	4.1	7910	4a
2.35	6.2	13860	2
1.2	7	9408	6b
0	0.4	9043	2
6.5	11.2	2377	7d12
0	0.3	13717	1
0.4	1.2	8818	2
5.4	6.8	11857	7d1
3.2	5.3	13669	9a
1	1.25	9068	6b12
17.2	18.2	12242	9d
12.3	12.7	13961	6
0.2	0.9	12182	2
0	0.4	14349	2a
1.8	4.5	14318	6d
9.5	12.5	13796	9a
5.5	6	2313	4a
2	7.6	8894	6d
0.35	1.2	13593	2
14.8	15	13535	9a
0	0.25	11972	2
6	22	7946	5a
0.8	2	7609	7e
42.8	54.3	2498	9a
1.2	2.7	8555	6e1
0.4	0.8	12155	2
88	96	737	9a
0.45	1.8	1348	4b
0	0.05	9406	1
7.1	10	11964	9a
6.3	16.6	12347	6d
42.2	50	14344	7d1
0.5	5	8256	7e
4.3	5	8680	6b
10.3	11.2	12018	7c
7.4	8.7	9359	6b
5.75	25.5	14381	9a
1.1	1.8	9355	6b
0.4	1.1	8657	3
0.1	0.4	14292	2b
1	1.35	13301	2d
10	12	13688	7c1
16.7	17.1	9108	7d12
5.5	8.9	11891	6c12
0	0.4	13503	2
0.1	2.5	2422	1-2
3.6	5.35	13873	6d
26.7	34.8	1321	9c
26.8	27.64	12554	14-15
50	51.2	1909	9a
0	0.3	9067	1
0	0.4	8509	1
6.5	10.2	9209	7d12
2.3	4	8583	6d2
13.7	14.5	13280	9a
37.7	42.35	7035	7c1
0	0.5	11926	2
0	0.3	8054	1
1.9	3	13746	7d1
23.15	25	13870	9a
16.8	17	14329	2c
74	78	13524	7c
0.65	1.6	8703	2
12.2	14.9	2976	4a
1	2	6664	6d1
1.8	3.8	8624	2
46.9	49.4	5557	11d1
9.3	9.6	8618	7c
30	44	14318	6d
0	0.6	8620	2
1.5	3.1	7827	6b
0.4	1.2	8685	2
2.1	2.45	8338	2
11.3	20	9103	6d2
2.6	7.1	11843	7d1
0	2	1275	1
18.5	50.3	11980	6e12
0	0.8	13562	2
0.5	1.2	11890	2
2.1	2.9	8508	6c2
1.8	4.1	9155	6e12
5.6	25	7619	7d
0	2	9414	7a
38.75	40	2364	9a
10.7	16.6	8574	7e12
4	12	13287	7c
0.2	0.7	11958	9a
6.4	8.7	9053	6c2
0	2	4260	7c
1	2.5	8648	6e1
0	0.5	2306	1
1	2.4	1095	7d
6.9	8.6	7858	6d2
0.15	0.65	7778	1
9.2	10	13242	9a
0	0.5	8255	1
10.75	11.4	13543	7c
2.6	3	13338	4-9a
3.1	9.8	13728	7e1
0.1	1.1	9404	2
39.2	41.8	12167	9a
19.6	20.65	7854	9a
15	21	10029	9a
6	8	10031	7d
6.9	8.8	13823	7c1
0	1	14411	2
0.8	1.3	8422	3
7.7	7.9	13659	7d1
9.3	11.4	13963	6
1.9	3.3	9229	6e12
11.2	14	8942	9a
0.15	1.8	7764	2
0	0.5	13646	2
6.6	15.8	9660	9a
7.4	8.15	13452	7d1
51.2	92	1213	9a
0.4	1.3	8510	2
0	12.4	11748	2
16.7	17.1	9113	7d12
8	11.5	8417	6d
4.5	8	13787	9b
5.8	6.1	8926	2
0	1.7	8608	1
5	9.8	9308	6e2
0	0.25	9145	2
6	8	13551	7b
14	24	7644	12a
7	13	7009	7e
14.2	16.5	13896	6d2
2.3	7.4	8450	6d2
0	2	12150	1
24.8	27.3	12161	7d1
5.1	26.3	1335	7d
1.9	2.1	13533	4c
3.5	10.6	13813	2
4.4	5.8	716	9a
0	0.2	9137	1
2.5	2.7	2422	1-2
0	0.1	8462	1-2
7.2	18.9	14291	7d
0	6	14367	1
3.1	6.3	13155	7d1
1.3	3.1	12044	2c
22	30	8746	7d1
2.1	6.7	7825	7d1
3.3	10.3	8017	6d2
4.2	5.1	8506	6c12
21.5	23	7902	7c1
2	4	8188	7d
0.3	1.2	13278	2d
0	0.6	14475	1
4	5.4	9074	6b12
2.15	2.4	11935	2
32.7	34	11878	7a
1.8	19	2309	9
0.3	7.1	8009	6b
1	1.45	9070	1
0.1	0.5	12186	2
0.25	3.2	12306	2
14	18	6169	7e
0.25	0.6	9250	3
1.4	5.3	7830	71
1.1	2.1	8715	6d1
3.8	4.85	7066	7b
4.2	4.8	2650	6d12
7.4	9.1	9046	6d2
5.3	6.5	14338	5e
4.5	6.5	8712	7e2
0.6	1	1872	1
4	6.4	8963	6d12
8.6	10	13688	7d1
2.5	10	8330	6c
3.5	4.4	7554	6d
22.9	26.35	7537	7d
0.2	0.55	7753	3
4.8	6	2650	6c1
20.75	27.2	12358	6d1
3.6	4.1	1878	7a
10	13.2	7089	6c2
14.4	15	8884	7d2
0	2	7503	2
0.85	1.75	14283	6a
4.9	6	9283	6c2
1.9	6.6	14322	6
8.9	16	9647	9a
0	0.1	9323	1
3.1	7.6	9251	6e2
0	0.3	13642	1
6.3	6.5	13983	6
2.1	3.1	11754	6e1
18.1	19.5	8014	7d2
16.2	22.5	2869	7d1
3.6	8.1	13504	6b
2.7	3.9	13835	6d2
14	20	13897	9a
0.6	1.8	9181	3c
1.3	3.9	8757	6b
0.5	0.65	13301	2
13.9	14.6	7924	7e2
5.4	6.35	13283	6d12
7.35	77	7038	9a
3.1	6.6	7810	7d1
16.55	21.5	7971	6d
7.1	13.5	11841	9a
2.8	3.5	12007	3
0.85	1.4	2447	2
30	40	4396	9a
46	47.5	9574	14-15
9.1	29.6	1575	6e2
6.4	9.3	2321	9a
24	26	8199	7a
32	48	8526	7e
14.55	23.9	9623	14-15
49.5	100.5	12242	9a
16.5	20	9436	9a
6.9	9.1	12012	9b
4	10.2	14325	6d12
0	2.1	7559	4-9b
4.55	4.7	13534	7c1
4.6	9.9	9062	6d
0	0.7	8488	3
0	2.8	8434	2
1.1	4.05	13446	6d
0.9	10.3	2227	9a
0	0.3	8931	1
1.8	3.6	13738	6d1
23.1	36.8	14265	6a
1.5	5.1	7761	7e1
0.4	1.2	14286	1
0	2	1001	6c
0.5	1	8661	3
4.8	6	7044	7c1
0	1.65	7647	2
0.8	1.1	8710	2
0.4	1.1	9706	3
0	1	14430	6e
10.8	11.4	12128	5d12
1.1	2.3	9172	6c12
2.1	4.7	12175	7c1
24.2	24.9	11747	7a
8	10	8809	6c2
12	14.5	9295	6d
0.4	0.6	8460	3
8.7	10	9627	9a
0	1.6	8556	2
1.15	2.15	11935	2
0.5	0.8	8539	3d
4.2	10.9	9743	7d12
5.1	24.5	12321	9a
11.5	20	7525	9a
0.2	0.5	8418	2
0.4	0.6	8552	2
0	0.25	9035	1
1.9	4.1	8933	6b
2.5	2.95	8605	6b2
4.8	10.3	2571	7c12
7.7	12	23004	7d12
7.4	7.8	13971	4
2.5	7.6	14332	7e1
0.7	8	9066	6b
66.5	115	2703	9a
5.3	6.4	13814	7d1
2.6	13	13755	9a
33.7	36	10062	9a
2	3	2034	9a
8	14	14376	7e
1.2	4.2	13434	6e
56.4	57	14319	7a
28	36	8530	12b
7.4	23	6985	6d
0	0.5	13826	2
4.35	6.3	444	9a
48.6	51	10048	12e
74.1	80	2213	9a
0.2	2.5	7288	14-15
2	8	2511	7d
2.6	3.1	8945	6d1
40.8	49.5	8776	9a
0.3	0.9	8851	3
4	5.85	13840	2
23.6	24	13879	9b
0.3	1.3	8353	6c1
1.7	2.6	7875	6d2
3.65	4.5	8387	6e12
19.6	26.5	6320	9a
0.9	2	8893	3
0.15	0.4	9163	2d
0	0.2	7984	1-2
13	13.5	13978	6
30.5	36	12132	9a
5.7	9	8265	6d
2.5	6	7807	7d12
10	15.2	8425	9a
1.8	2.4	10758	3c
0	0.4	8439	2
21.7	29	14258	7d12
8.5	11.8	13157	9b
2.8	6.5	12156	6d1
30	38	5538	7-12a
0	0.5	921	1
6.35	6.9	13283	6d12
0.1	0.85	8896	2
2.9	3.5	8545	9a
14.6	22.1	7908	9b
12	42	13505	9a
27.3	30.3	11931	7d1
1.55	4.75	12330	4a
21.7	22.1	13150	9a
0.2	0.7	13867	2
7.8	12.2	8859	6e2
0	0.1	13740	2
17.8	21.5	14268	9a
0	0.7	8683	2
90	98	7215	12a
14.1	18	9342	6e2
0	0.1	9353	1
0.3	12.3	8248	7e
6.1	10.6	13829	6d2
18	20	9718	9a
4.6	9.2	2338	6c
0	0.5	8660	1
40	64	738	7e
1.1	5.5	12198	6d
3.2	3.9	8708	6d1
0	1.15	12318	2
0.9	1.4	8595	6b2
12.8	15.3	11892	7d1
0.8	3.15	13400	6c12
8.6	10.6	8238	7a
1.8	2.4	8487	6c1
0.6	2.1	13891	2
21.6	23.3	7566	11a
0	1.6	13491	2
13.9	20.1	13887	9a
0	1.2	13362	2
3.25	5.75	12422	6b2
34	42	7106	9a
2	2.8	12120	2
60	64	8276	7a
0.7	2.55	12203	4
4.25	6.6	2653	4a
6.4	12	9074	6c2
6.8	9	2449	7c1
14	20	13440	9a
0	1.3	8912	2
0.4	1.2	9337	3
7.8	8.4	8013	6b
15.4	15.8	14397	9a
25.4	30.8	1545	6e12
86	90	7215	12d
4.5	9.25	13466	6d2
10.9	13.4	13504	6d12
38	48	4279	12c
13.8	16	8026	9a
1.45	4.45	9072	6b12
0	0.5	8603	1
1	3	13137	6d1
5.5	20.5	13605	7e12
0	0.5	2349	1
5.95	9.1	14443	9b
10.95	12	8048	9a
14.5	21	7997	6d2
0	0.08	9378	2
0.6	1.5	9184	3c
29.5	46	7624	12d
4.6	10.2	9030	7d
1.9	3.2	8672	6a
9.5	16	11950	9a
18	24	6169	7e
0	1.8	8624	2
20.8	25.8	7920	9b
0.4	1.1	14292	2a
29	30.8	7963	9a
7	25	13652	7e
0.9	3.2	8453	6d
0.8	7.15	12206	6a
9.2	10.6	13279	6c12
4.7	8.9	13314	7e1
6	12	6262	7d
0	0.4	9038	1
4.85	8.2	7066	7e
6.4	9.5	1878	7a
9.8	18	9044	6e2
3.6	6.3	12105	6b
10.5	34.4	1809	9a
3.9	4.45	11957	9a
1.6	1.85	13960	4
0.7	3	9191	6b
4.1	11	8925	6b2
0	0.4	8674	1
2.9	4.6	9176	6c2
49	67	6285	7c
12	12.2	9405	6e2
0.3	1	8647	3
4.6	13.6	1868	9a
0.4	9.5	8899	6b
28	49	6285	7e
0	2	13442	7e
9.5	12.5	8092	6d
0	0.1	9343	1
9.8	15	9130	6d2
1.4	3.5	6352	6d2
0	2	6361	7
70	75	9242	9c
0.65	1.6	9331	3
49	50.4	13228	7e
1.68	2.3	8911	6d
18.6	30.8	12348	7c1
0	2	8766	2
1.2	1.5	8565	3
26	46	13556	9a
0	0.3	8386	1
4.75	6.9	9148	6c2
22.4	27.9	8561	7c1
6	7.2	12133	2
0	0.4	9277	2
2	6	6010	4a
3.1	4	2797	6a
6.5	9.5	14327	2
20	28	8003	9a
0.2	1.2	8080	4b
3.9	4.9	7941	6b
0	1.5	13139	2
8.2	15.8	14288	6c
0	8	2226	9c
3.3	6.4	9342	6c2
8	30	7613	7e
1.6	10.5	13803	3d2
10.4	12.5	11854	9a
0	0.3	8833	1
16.6	18.6	12348	7d12
3.8	5.6	1331	4
56	62	13007	7b
11.1	11.3	9748	7b
7.3	10	1912	6d1
59	64	13653	11
5.4	5.6	12194	7e
2.8	6.5	1095	7d
11.7	12	9226	7d12
1.6	2.4	8827	6b
2.5	4.8	14329	2
25.7	31.1	6783	9b
0.3	1.1	8446	3
0.9	27.9	8562	8c1
0	0.4	9079	1
0.1	2.1	8769	3
4.5	5.6	12118	4a
12	15	12312	9a
8	10	12231	9a
0.5	2.2	1543	3
4.9	7.9	9142	6b
6	6.85	9629	7e
0.08	0.2	9378	2
0	1.7	717	1-2
16	24	11840	6b
0.35	0.9	8372	3
1	1.8	14448	1
6.4	7.8	8553	6c12
1.3	4.6	1870	4a
3.9	6	9278	6e2
1.1	4.75	9585	7c
0	0.25	8559	2
1	2	13880	2
0.4	2.6	1939	3c
2.7	9.6	8913	6b
0	7	7047	6a
21.5	22.2	14268	9a
6.4	8	854	11c
11	12	9221	7d2
1.05	2	9560	7d12
5.1	8.5	13157	9a
0	0.75	13772	2
2.4	4.2	9743	7d1
8	36.55	7584	9a
0.6	7.25	8252	7e1
0.2	1.1	9591	7d
13	17.5	8066	9a
15.2	16.6	13163	7b
0	0.5	13486	1
8	12	13295	7c
0.68	2.7	7667	2
3	8.4	13766	7d
14	17.6	8936	6d12
9.8	12.4	8933	6e2
30.2	40	13783	9a
0.3	0.75	12168	1
8	17.8	2226	9a
0	0.2	13804	2
10	14	11964	9a
28	32	12342	9a
18.1	21.5	13111	9
0.3	1.2	13434	6e
12	16.3	12046	9a
0.75	1.5	11817	2
1.1	2.1	9263	6b
2.3	17.3	7083	7c1
4.5	5.4	13283	6d12
0	0.4	8243	1-2
0.8	2	9303	3
22	25	13559	9d
24.5	25.35	13974	7
18.7	19.25	12549	9a
3.3	4.6	7814	6b2
7.4	10	2797	6a
71.7	76.4	2081	9d
8.55	9.6	13538	7a
40	56	7636	7e
9.35	11.45	13774	7d2
0	2	8526	7a
2.4	4	12160	6d1
0	0.4	12021	2
4	52	8195	7d1
16.3	17.2	12046	9a
1.4	2.8	12021	2
1	1.4	6352	6b2
1.7	3.8	2073	2
2.55	2.75	12544	1e
4	12	8529	9a
14	18	2318	9a
4	4.8	13110	6d
1.5	3.6	9220	6c1
0	84	13177	7e
6	10.4	9037	7d
11.8	13.5	13900	7d2
3.8	8.5	9704	9b
2	2.55	8466	6a
1.9	13.3	2665	7d
13.4	22.2	1931	6c12
4.6	6.4	8078	9a
3.4	8.5	7649	7c1
1.8	3.1	7922	4a
2.1	3	11962	9a
47.5	51	14279	12d
40.7	41.4	13489	7e1
1.9	2.3	12051	2c
2.7	3.2	11975	2
50	55	7547	9a
6.9	8.9	11966	9a
1.3	2	8465	2
12	16	8529	9e
0	0.3	12144	2
5.4	6.9	9295	6d2
46	48	2790	9b
0.8	1.8	8750	2
32	38	6357	7a
0	0.4	8468	1
0.3	0.9	8503	1-2c
7.8	8	9276	7d1
0.5	1.8	11927	6d12
2	4	13292	7a
21.3	23.85	14424	9a
58	60	9430	9b
14.5	15	9209	7e12
25.5	44.9	14278	7e
1.6	4.2	13575	7c1
0	0.25	7969	1
12.9	15	8872	7c1
3.6	7.2	11758	6b
25.85	34.75	8074	9a
0.5	0.9	8882	3
14.5	23.3	2019	6d2
13.2	18	8915	6d12
0	0.3	8727	1
68	84	8183	12d
21.5	22.9	8382	7d12
0	0.6	12126	2
1.4	1.6	8484	6b
4.6	8.9	7031	7d
5.6	9.3	9100	6c12
0	0.4	9087	1
11.2	18	13490	9a
2.2	3.5	1720	7c1
6	20	4283	7d
0.4	1.5	13582	3d
2.1	10	7339	6e
46.8	47.4	7959	12c
1.45	1.65	8487	6c1
0	0.4	8451	2
4.9	6.2	8429	6d2
0	0.68	7667	2
56.7	57.1	1902	10
0.6	1.6	9062	6c
6	22	6011	6d
13.1	16.7	2546	7c
16.5	20	13894	9a
0.4	1.1	9277	2
1.95	2.95	13669	9a
30.3	33	11928	9a
2	4	642	7-12b
5.3	9	14373	7b
1.2	1.8	12192	1
22.7	28	2542	9a
2	2.3	13428	2
0	0.3	8584	1
0.8	2.3	9247	6b
9.1	12	2318	9a
7	7.5	11819	7b
8.65	20	13805	9a
3.7	6.3	13386	7d12
12	13.4	12042	9a
7.95	8.4	14473	9b
4.8	6.8	12188	6a
2.85	13.3	8101	9a
1.6	2.7	8652	6a1
0.5	1.1	9605	3
40	45	8184	9a
9.7	11.1	2676	6d12
13.5	17	13978	6
2.25	2.6	14439	9b
0.9	2.55	11975	2
1.85	2.3	9081	6c2
10.5	14	9688	9a
0.2	0.65	8703	2
0.7	1.1	7974	1-2
42	46	14368	7e
1.5	2.1	448	1-2
0.5	5	11966	9a
1.9	3.4	9238	6b12
5.65	11.2	8845	6e2
1.8	2.6	13807	3d2
0	21.2	9772	2
3	15	731	6c
1.2	9.6	9767	2
11.8	14	13448	9a
9.6	13.9	9305	7e2
0.4	1	9016	2
9.9	21.6	2089	6c
22	28	4375	8b
13.1	13.8	8029	7c12
1.8	3	12179	6a
0.4	0.8	8718	3
19.2	22.6	7034	8c1
18.2	20.3	13835	6d12
0	0.3	13888	1
9	10.5	8414	6d
32	38	8188	7c
18.45	20	8003	9b
13.8	15.9	1925	6d
2	4	91	6a
0.2	0.6	8546	2
0	6	7715	7c
6.4	11.9	9320	6d2
4	10	12160	6d2
0	1.2	8777	1
0	0.7	12013	2
95.2	95.5	1933	9b
3.2	3.4	8673	7e1
2.4	4.9	8429	6e1
15.1	17	8799	6d
13	117.4	7006	9a
2.2	3	7886	5b2
35.5	39.6	1576	7d1
4	11	676	7e
0	0.3	8503	1-2
1.35	3.1	13392	7d12
0	0.3	9233	1
0.7	1.1	13736	2
6.3	8	12184	6b
1.7	2.1	9074	6c
0	0.4	12155	2
0	0.75	13876	2
0.8	1.6	12221	2
49.6	50.15	14319	7b
6.5	10	9326	7e2
0.6	3.2	8096	6c
45.3	47.8	11879	9a
0.4	0.75	8368	3
24	28	7228	9b
3.1	6	9263	6c2
46.2	50	13781	9a
1.5	66.5	2707	7b
6.4	8.2	8078	9a
7	21	7047	6e
0	0.2	8418	2
2.1	13.13	7557	9a
6.6	9	7548	6c
1	3.9	7057	6d1
1.2	1.7	13593	2
2.1	7.4	9046	6b
0.3	3.5	7713	1-2
3.6	5.4	12193	4a
6	7	14419	9a
1.9	9.7	8458	6b2
0	20.9	9770	2
19.8	23.7	7070	6d2
6	18	8765	9a
0.1	0.8	13740	2a
5	8.5	1339	9a
1.65	1.8	8487	6b
16	18	13376	9
30	51	14459	9
1.1	2.6	8665	6a1
0.25	1.5	9231	3
4	5.8	2423	6d2
0	0.5	7055	1
2.5	6.6	9086	7d12
39.6	42	1577	9a
3	4.2	2649	4a
0	0.2	12107	2
0	0.4	7520	1
4	11	13664	9b
5	6	13868	6b
9.8	11.7	9309	7e2
9.6	10.4	12546	7e
4.9	8	9256	7e2
22.55	26	12336	9a
0	0.75	7699	1
8.5	12	14358	4-9e
19.55	24	9097	7d2
1.3	1.7	8313	6c
0.4	2.1	12111	2
0.7	1.7	8958	3d
1.5	2.3	13621	9a
7.4	9.2	8960	7d2
0.4	3	12310	6e1
26	32	6357	7a
0	0.35	7677	1
0.5	1.7	8550	3
2.8	4.4	12121	4a
8.5	9.6	12545	6d
4	16	6365	7d
0	0.6	8577	2
0	1.5	2978	2
58.5	74.6	7936	12e1
20.3	26	9677	9a
0	0.2	6975	1-2
5.6	6.6	13249	4a
6	6.5	11876	4b
1.8	2.15	9437	2
16	23.6	13882	7d
0	0.9	11874	2a
0	1.2	9075	2
0	0.6	7774	1
23.7	27.4	7070	6d12
22	24	6259	9c
3.5	6.95	2360	7d1
0	8	7701	7d
0.2	0.8	13821	2
46	55.3	1922	13a
0.8	2	12343	2
0	0.2	9301	1
9.6	20	8615	9a
8.7	9.1	13851	7d12
0	0.85	8802	1
24	32	7896	9a
0.5	1.8	1353	4b
0	0.2	9011	1
24.7	37	8090	9a
1.1	2.4	13828	2
0	0.2	9565	2
0.4	0.7	8725	3c1
12	14.1	13683	9a
8	9.2	269	9a
45.4	64.4	1929	9a
0.4	1.7	2301	2
1.4	2.3	12234	4a
31.2	34.7	7067	9a
0.4	1.1	13674	1
26.5	32.2	2870	8d1
2	2.65	9212	6a
0	30.1	13786	2
0	1.8	2444	2
25.5	29.5	11906	6e
3.65	5.5	9209	7e1
78	88	738	7a
0.8	3.4	9352	6b
45.7	46	1922	13b
2.4	14	11932	9a
19.6	25	12130	6e2
0	2	9416	1
7.3	8.1	9723	7d
6.4	11.7	8963	6c1
3.5	5.8	12007	3
4.5	8.4	2019	6b1
0	0.3	9031	1
0.8	1.8	8841	6c2
0.8	1.6	8335	3
0	0.5	12296	1
14.1	14.8	13535	9a
4.45	8.5	12545	6e
3.7	4.65	13543	7c1
6.25	7.5	8245	7e1
12.45	19.5	6251	7d
20	28	2798	7c2
3.9	6	8757	6c2
42.3	81.3	1315	9a
0	0.3	9562	1
0	0.4	13768	1
1	1.6	7818	1-2
0.15	1	13661	2
16	25.5	12034	9a
7.5	17.6	1901	7c2
8.5	10.6	11819	7b
0	0.2	267	1
19	19.4	7883	12d1
0.35	1.3	7678	3
36	40	9429	7c
23.2	30.1	8113	7e1
0.5	1	7056	2
20	28	6665	7a
4.7	5.7	9014	6e2
1.5	13.1	13138	9a
2.5	3.7	11990	7d1
1.3	2.1	12029	6e1
0.3	1.1	9168	3c
1.05	2	1801	7d
60	74	5803	12d
0.9	4.2	8495	7d1
0	0.6	14390	1
42.9	44	9579	14-15
1.6	3.6	13811	3d2
1.75	2	13302	3
0	0.3	7766	1
0	0.2	9206	1
5	7	7449	14-15
8.8	14	9290	9a
1.3	3.8	8511	6b
5.5	11.4	8871	6d2
0.5	2.4	9608	2
26.8	31	11877	6e12
15.25	17.3	14265	6a
6.4	7.4	8545	9b
0.6	2	7852	2
0	6	8185	6c
6	10	13903	9a
10.5	19.1	8085	9a
0.8	1.68	8911	6b
41	43	8223	7c
35.2	36.2	6322	12e
0	1.15	11935	2
15.2	21	7574	7c
9.6	10.2	12133	2
18.4	21.7	12213	6e
3.8	4.4	716	9a
0	6	7943	7c
42.5	50	1332	9a
0	0.3	8881	1
0.4	3.75	13769	3
1.95	3.8	1330	2
13	15	8696	7e2
0.8	2	13409	7c
6	6.2	11871	7b
0	4.2	7573	3
0	80	7268	7a
29	29.9	1897	9d
0.3	1.5	8678	2
0	2.2	8075	1
9.8	12.7	9408	6e2
17.1	18.2	1935	6d
4.7	11.2	7997	6c12
8.2	21.8	12339	6d
3.8	8.4	8365	6e2
0	1	7829	1-2
0	0.7	8475	1
10	18	2315	9a
0.2	1.5	9207	3
0.1	0.4	9361	3
0	0.3	2540	2
4.8	20.2	11916	6e2
16	74	7129	9a
4.1	9.1	13773	6d12
2.35	4.15	9320	6d2
0.7	2.85	8601	6b2
12.5	14.5	13379	7c
22.75	24.85	8002	7d12
0	0.9	8496	2
74	86	5803	12a
2.15	2.75	14252	2
23	27	6983	9a
1.6	6	11871	7d1
5.1	9.2	8072	7d
4.3	10.4	8911	6d
0	2	7751	2
0.6	0.85	2447	2
0	0.3	12168	1
0	0.5	13828	2
0.7	8	2713	6a
3.3	3.9	11943	6d
0.45	0.75	2340	2
5.6	7.8	12009	9b
0.3	1	13843	3
4.1	5.5	13270	2
8.1	15.2	11980	6c2
17.25	20.8	13229	6e
8.2	12	8370	7d2
1.4	2.5	13154	2d
5.5	6.4	8811	6b2
0	2	12555	6e
33	48	728	7-12c
3.6	5.4	8471	6e2
32.1	35	1547	9a
29.3	32.5	13605	7c1
7.6	11.7	8473	6c2
4.1	4.45	2445	6b
1.4	11.4	12037	7c1
4.8	8	13692	9a
0	0.4	8724	1
10.5	14.25	7583	7c1
0	0.4	8454	1
30.8	31.7	12142	7e2
3.2	3.8	8376	6e1
26.5	35.2	6320	9b
5.7	12	8922	6d2
1.2	1.9	7117	6b2
3	18	6665	7d1
3	5	13868	6c
0.65	5.7	8908	6b
6	12	639	7e
6	10	6246	7e
0.7	2.1	13867	2
8.6	9.15	7521	2
9.8	14	9728	7c
4.8	6.6	7709	7d2
0.3	1.5	13626	3
32	46	7216	9a
2	4.2	8244	3
0.1	0.9	11940	6c
6.45	12.2	13300	7e2
6	7.1	11964	9a
0	0.3	13744	1
14.8	16	9335	6e2
1.8	9.6	9355	6c2
15.6	16.5	1935	6c
3	4	13891	2
2.15	6.35	12327	4
0.2	0.55	8543	3
12	12.3	13539	9b
0	0.2	9045	2
0	25	13547	7d
0.3	0.6	7852	2
67	68.4	6666	14-15
0.3	2.35	7738	1-2
0.6	6.4	8553	6b
34.5	41.8	1278	7
14	23.1	14322	6c
3	4	7887	6e2
8.1	10.9	13504	6c1
4	6	6261	4a
3.2	4.45	2376	6d12
3.7	13.7	12334	6d12
10.1	14.2	13500	6d12
19.8	20.8	7920	9c
8	17	2792	6b
21	25.5	14318	6d
6	20	13530	7e
9	9.7	9359	6b
3.05	4.2	9332	6c
1	2.6	7733	7d12
0	1.2	13132	1
6	7.7	2314	7c1
14.5	14.7	13280	9b
0.2	0.6	13820	3
0.4	0.9	9120	3
0.15	0.6	13513	2
17.5	18.2	14397	9a
5.3	5.8	9436	9a
1.8	2.8	8841	6d2
6	9.5	13797	2
6.2	20	12176	9a
0.2	0.9	7749	3
0	0.3	8457	1
6.75	18	7532	9b
2	3.3	8477	6d1
0.8	1.8	13414	6d1
11.8	13	13612	9a
0	0.95	1330	2
1.1	2	9322	3
1.3	1.8	8792	2
2	3.15	11970	6e
0.7	1.6	8628	2
1.9	4.3	13896	6a
0.45	2.7	13384	2c
0	0.6	11951	2
25.6	31.8	2188	12d1
0.3	0.9	9576	2
12.8	13.3	13300	7d1
2.5	3.6	14337	3c
23	31	12170	6c2
8	12	12181	9a
1.15	1.7	8477	6b
0	0.5	7744	1
0.1	1	9196	2
21.6	31.75	6998	7d
9.6	12.7	8920	6d2
1.1	2	12145	3
1.6	4.6	9062	6c
1.5	2.15	12326	2c
5.2	5.4	11831	2
5.8	17	716	9a
0	12.3	13794	3d2
1.1	3	13675	7d1
1.25	2.6	7118	6d12
0.2	0.7	9065	3
0.9	12	11938	9a
2.9	3.55	13352	7d
4.3	4.6	9294	2
2	4.4	13731	6b12
2	2.2	9625	7d12
0.65	2.3	8361	6b2
0	2	5646	7a
0	4.3	7599	2
17.3	17.5	14397	9a
0	0.7	13393	2a
2.6	3.2	8684	6e
13.55	15.7	7343	7d
0	0.55	11942	2
8	14	7653	7b
2.6	2.8	8676	6c1
0	0.4	8367	1
2.6	4.6	9029	6d
32	35.1	1211	6c
33.2	36.9	12300	9a
31	33.5	12170	6d2
1.2	2.5	8330	6b
13.5	13.8	9681	9b1
0.7	2.3	9254	3
0	6	8276	7c
0	0.9	8012	2a
0.6	1.2	9187	3
1.1	5.1	1334	6d
12	13	14468	12b
4.6	5	8665	6e2
3.8	16	1351	9a
0.1	1.3	12092	2
5.25	9	8241	7e1
17.3	28	12345	7d1
13	14.2	13381	9c
0.2	1.1	7800	1-2
3.35	8	8361	6e2
3.3	4.4	13970	5
1.4	3.7	1924	3
0	0.4	9705	1
7	7.8	8720	7d12
0	0.4	8459	1
41	50	1913	7d
35.1	39.4	7018	7c
0	6	7620	7e
24.2	29.3	13605	7d1
0.4	1.5	13597	2
0	0.3	9073	1
27.4	29.7	12137	6d12
0	0.25	9746	1
3.6	20	2658	9a
18	22	6665	7c1
35.7	39.2	12171	7d1
21	28.9	7998	7d2
0	0.6	7597	1
38	42	8188	7e
4	64	6084	7e
0	0.3	8396	1
0.9	2.1	9158	6c12
2.9	4.5	13439	6d1
13.4	13.7	13280	9a
1	2.2	13460	3
2	2.2	8658	6e1
0	0.45	11998	2
6	10.5	13401	7d2
0.9	1.65	14252	2
2.3	3.2	9014	6d12
12	13	13381	9b
0	4	7632	3
0.4	3	13765	3
4.3	8.1	7864	6e2
1.7	2.4	9041	2
9.3	15.9	6323	7e
0	0.2	9105	1
12.8	13.2	14465	9b
1.05	2.55	12543	2e
0	0.4	11929	2
5.7	7.1	1354	9a
1.8	3.2	2444	2
0	0.3	5884	1
1.7	1.9	13593	2
46	48	6359	9c
33.5	49	12242	9a
52	53.5	9161	9a1
6.7	15.2	9607	9a
0.9	5.1	8876	6b
1.45	3	4019	7d
4	15	10034	7d
0.15	0.7	14282	2
19	20	14273	7e
1.15	2.4	12319	3b
18.2	28	12242	9a
0.6	2.6	13969	1
1.6	2.5	8805	2
1	4	14430	6e
24.9	25.7	11747	7b
8.8	13.1	13521	7d
45.5	47.25	11849	9a
7	8	13543	7a
0	0.3	11967	2
0	0.15	7764	2
14.5	16.2	2868	6b
14.95	17.35	12553	7e
13.7	15.6	1935	6b
0	0.4	8656	1
0	4	13667	6e
13.5	16.7	9744	8e1
6	12	8276	7c
1.2	1.6	7065	5e
0	0.8	2328	1
1.55	7.1	14335	7e1
0.25	1.5	13282	2
36.8	45.2	14265	6e
3.6	4.6	13650	7c1
6.9	12	9295	6d2
0.15	0.4	10654	2
4.5	8.5	13554	9b
17.7	19.55	9096	6d2
1.2	7.6	8473	6b12
5.8	13	9436	9a
3.8	4.9	13619	6e12
3.4	41.4	7086	6d12
4	8	2524	7c
0	0.2	2073	2
2	3.2	14372	4a
16.9	18.45	8006	7d1
0	1.4	14382	7
3.9	10	13961	6
0.3	2.8	8848	6b
1.2	6.8	9359	6b
0.1	13	13631	9a
10.4	12.5	12546	7e
3.1	4.6	2374	7d12
3.6	4.6	12365	4a
0	0.4	13725	2
4.9	14.8	11740	9a
0	0.3	8842	1
22.5	27.5	7935	7d12
8.9	11.9	13314	7e1
7	7.8	11831	2
0.15	1.5	9758	2
3.1	8	12316	7d1
4.8	25	12091	9a
0	1.1	7801	1-2
25	25.15	14465	9e
10.9	11.3	9743	7d1
0.3	0.7	8023	1
2.9	9.8	13601	7c1
4.5	6	9018	6d2
6	18	9417	7a
2.8	3.5	8589	6c12
9.3	9.5	13966	4
8.5	9.9	7918	7c1
5.5	7.6	6787	9a
8.2	8.5	13404	7b
1.1	3.2	284	6d1
0	0.35	11949	2
10.5	26	13791	9a
0	0.6	11904	2
6.7	7.15	13361	8d
4	4.2	11964	9a
15.55	23.8	7524	11c
99	101.7	1281	10a
0	2.5	13126	6e
14.25	30	7581	9a
0	0.4	8710	2
50.15	56.4	14319	7b
8.8	10	13818	9a
0	90	14360	6c
1.6	2	8706	2
61	78	923	7d
22	44	7951	7e
14	18	8226	7d
0	0.2	8542	1
45.3	48	12086	12e
4.35	4.6	8545	9c
7.5	8.2	13816	6d2
14.8	16.8	11740	9e1
1.1	1.8	14318	6c
1.65	3.65	8387	6e1
7.5	8.6	14268	9a
2.9	5.5	12115	4a
0	0.4	8693	1
4.1	5.6	1716	7d1
0	2	8222	2
3.2	5.2	2442	7e1
3	6.7	2293	3d
9.45	13.1	13980	14-15
1.7	2.9	13601	7e1
0	0.65	13727	2
9.3	15	9117	6d2
0.3	2	8845	6b2
5.05	15	12317	9a
11.3	17	8094	9a
2.5	3.2	8735	6c2
46.5	49	13228	7e
22.5	24.05	14383	12b
5.2	10	9093	6c12
28	32	6011	6b
5	7.5	8815	6e2
0.4	0.8	9246	3
2	4	14375	2
12	20	8891	7e
3.6	6	12344	6d2
5.7	7.3	9136	6b
3.1	6.2	11754	6e1
28	34	7947	7d
0	2	2057	2
2.75	4.65	8751	7d1
38	41.4	8104	9a
39.6	40.2	1922	13b
2.3	8	12235	7c1
6	13.5	13742	7d12
5	14.1	9582	9d
9	10	13357	9e
10.95	11.1	14457	10e
46	52	8201	7e
0.25	3.9	9747	6d
4.75	15	12328	9a
0	5	6191	7a
0	0.8	2796	2
1.9	3.8	10027	4a
0	1.75	7816	3
1.4	2.3	8595	6d
2.1	3	13868	6d
4	16	7633	7a
6.6	14	14322	6d
5.3	19.3	2550	9a
11.9	12.2	8447	6c2
0.25	3.2	9036	6c
66.9	92	12019	12c
3.15	5.15	13401	7d12
0	0.2	8916	2
11.5	21	13789	9a
7.8	11.2	7979	6d2
0.5	0.9	13487	3
6.8	10	9367	6d2
0	1.7	14264	1
4	9.7	9155	6e2
0	0.4	13871	1
4	14.75	14397	9a
8.8	9	13365	8b
1	2.1	13845	7d1
0	0.3	8938	1
0	0.5	9608	2
5.7	8.4	9130	6e2
5.5	5.7	13983	6
4	5.5	2797	6d12
8.35	11.9	12210	6d
6.3	7.1	13155	7e12
40.4	42	13706	11d1
1.9	3.8	8637	7c1
0.7	1.2	9620	2
8	8.9	9126	6c12
0	7.11	14423	6e
6.2	7.4	8955	7d2
0	1.2	964	1
16.5	17.1	1935	6c
4.1	5.3	13808	6e1
19.3	41.5	2550	9a
2.8	4.2	8435	3d2
1.6	2	14324	2c
64	74	13653	11
8	8.8	13597	2
2	2.55	8682	6b
3.8	5.7	9136	6d2
6	14	2702	7b
0.1	0.5	451	1-2
1.6	15.1	12358	6d2
4.7	14	2654	9a
0.1	0.3	9157	2
0	2	2312	2
0	0.1	8638	1
0	0.1	9732	1
9.7	15	8458	6d2
14	15	8332	6d
0	0.3	11817	2
0	0.45	2340	2
5.8	25.5	14406	9a
0	0.6	7741	1-2
2	14	7937	7c
0	0.2	9154	2
8	18	5538	7-12d
0	0.4	8031	2
5.5	15.6	12199	7c
11.8	12.6	7714	7e
0	1.4	13402	2d
0	1.1	9327	2
6	8	7278	14-15
1.2	2.4	7904	2
0	0.3	8401	1
0	0.25	14466	1
0.35	1.7	2698	2
1.35	2.6	2435	4a
1.8	3.6	13571	7e1
0	0.3	13278	2
4.4	4.9	8883	6d2
8.2	9.9	2089	6a
12.7	20.9	8689	9b
15.7	21	7344	9a
58	63	6996	9c
3.9	7	12339	6d2
2.1	2.5	8315	2
0.3	0.6	8597	3
1.4	4.9	7718	4b
2.1	2.9	8715	6d12
2.2	7.5	7728	7d12
32	35.1	1912	6d
5.3	14	11991	9a
5.8	7	9674	9
0.5	2.7	9102	3c2
1.6	1.8	13495	2
0	0.05	13384	2
0.6	2.4	9241	6c1
2.25	17	12000	9a
2.5	4	2656	3
6.5	7	1095	7d
48	50	2304	12e
10.7	13	13280	9a
4.15	5.45	8091	2
4.3	8.85	11985	9a
3	5.5	6283	3e
20.5	22.5	6251	7d
0.4	1.4	12021	2
1.6	3.5	8403	6c
1.8	2.7	13715	7d1
2	6	9417	7b
1.5	5.1	1573	3
0	0.5	1920	1
3.7	7.6	9602	7d1
0.6	4.85	12361	6b
0	0.2	12350	1
1	1.35	13391	2a
0.4	7.8	9363	6b
6.35	13.1	7579	7e
11.4	15.4	12129	4a
0.1	0.7	13685	2
8.15	9.3	12557	9a
2.4	2.6	12315	3
8.35	30	12401	9
6.8	9.1	8077	7c1
0	0.1	2655	2
0.7	1.6	13895	2
35.2	48	13160	9b
0.4	1.8	9601	2
9.95	15.8	14446	9b
10.7	12	8791	6d
0.4	1.45	441	2
32	33.5	12242	9d
0.9	1.45	8487	6b
6.7	8	13432	9a
4	7.9	7502	9b
5.3	10	13912	9a
9	9.5	8354	7d
0	0.4	13776	2
2.4	2.45	8492	6e
0.4	2	8517	7e1
34	52	9161	9a
20.9	22.7	8689	9c
9.9	34.4	7610	9a
0.4	0.8	14276	3
29.1	35.5	9740	9a
1	1.2	13297	2d
3	11	13135	9a
13.5	14	13900	7d1
2.9	4.7	8508	6d12
18.8	19.5	1935	6d
12.4	14	9599	9a
12.2	14.2	13896	6d1
0.3	0.5	8882	3
1.2	1.5	9297	2
2	2.4	9204	3
20	24	642	7-12e
0.4	0.9	13312	3d
0.2	1.3	12044	2
4.6	7	7815	7d1
10.5	14.2	8021	7c12
5.9	12.2	8456	6c2
13.4	33.2	7942	7d1
2.8	3.1	9216	6e1
0	0.4	2544	3
8.5	9.85	8614	7a
18.6	22.2	12041	7d12
9.9	10.9	13778	7d12
16	20	7639	7b
0.5	4.7	2709	2
24	36	6191	7e
24.1	27.55	14410	9a
2.3	6	7494	9a
0.5	2	8604	2
0	0.1	12177	2
0	2	7655	7e
5.6	12	1711	9a
0	9	8261	6b
8	30	13551	7d
13	15	13961	6
2	4	13115	7c
5.5	7.8	8463	6d
0.55	1	1094	2
8.8	10	13246	9a
4	4.25	12238	4
62.2	64.8	14340	6c1
0	3	6283	3
0	4	13522	4b
14.3	19.4	8913	6d12
0	4	13110	6e
52	66	6358	12c
6	22	4374	7e1
0	0.55	1093	1
0	0.7	9777	1
18	22	2714	7d12
2	4.6	13420	2
7.15	9	13357	9a
14	20	7943	7d
11	19	2443	9a
18.5	21.6	1926	7d
3.9	6	9068	6c12
3	5	8260	6b
22.2	23.4	14268	9a
3.4	4.5	13520	6a
12.2	13.9	7912	7e12
17.8	30.3	7058	7d1
16.6	19.2	13160	9a
56.3	75.8	1327	9a
2.3	4.7	8325	6e2
2.4	2.6	12352	3c
42	44	8188	7d
0.4	0.9	8494	2
1.1	2.8	8914	2
12.2	14	13967	6
9.8	16	9021	9a
0.9	1.9	8592	6d2
1.15	2.1	7988	1-2
2.4	5.2	8866	6e12
0.3	1.9	14321	3
64	66	11285	9a
5.6	6.6	12118	4a
8.5	11.8	9241	6b
18	22	2324	9a
0.9	6.9	13822	4a
0	1.1	9341	2
0	0.5	2982	1
0.3	0.75	8834	3
1.8	2.9	8726	6b12
8.6	11	14268	9a
20.9	23.45	12157	7d1
6.3	11.6	13386	7d2
0.6	3.1	9251	6d12
1.2	1.8	12552	6e
0.5	1.2	8083	1
10	10.4	11832	7c1
7.05	8.1	14439	9c
2	4	8432	6d2
0.4	1.4	9274	3
16	20	2327	9b
2.5	7.5	8057	6c12
94	114	6355	9a
6	8	12250	7d
0.2	0.4	9115	2
16.4	20.4	12098	9a
6.8	7.4	7905	7d12
2.1	6	9267	6c2
1.9	3	8091	2
0.6	5.5	13605	7e1
2	3.05	8823	6b
0.9	7.4	8441	6b
3.2	4	1799	9a
0	0.2	9590	1
3.2	8	285	7c1
7.2	10	9615	9a
0	0.4	7988	1-2
36	38	6011	6c
29.6	35.5	1575	6e12
1.7	4.6	8609	6d12
0	0.2	13852	1
40.16	42.5	11849	9a
0.2	0.9	12123	2
0.15	1	13905	2d
0	0.2	12329	1
0	0.3	9047	1
0	0.3	8407	1
0	6	14421	7e
0	0.25	13281	1
10	12.8	9093	6c12
1.1	2.6	8676	6d1
0	0.9	13849	2
0.4	4.3	8499	6b
0	0.9	2675	2
15.65	30.4	2366	6d2
8.7	10.55	13439	6d12
0	0.1	13684	1
0	4	13005	4a
11.8	13	12004	6d1
8.7	9	9359	6c12
7	8.65	1095	7e
5	6.2	13597	2
9	20	8623	9a
3.2	8	11974	9a
0	0.4	8795	1
0	0.3	8650	1
5.1	20	9438	9a
31.75	32.64	2371	7c1
2	2.6	9723	7d
1.2	5.7	9346	6b
0.2	0.4	9193	2
1.3	4.9	13687	6d2
0	0.8	12220	1
6	8	642	7-12a
0.1	9.1	9344	6b
1.2	2.6	13455	2
1.9	11.9	12241	7d
0	2	9624	1-2
4.5	5.2	12306	2
0.2	1.3	10762	2
17.1	20	2335	9a
0.4	4.5	13555	6d
3.65	4.7	13397	7d12
0.9	6.2	12210	6b
1.2	2.9	9176	6c12
0.7	1.8	13847	7d
1.1	2.4	2333	2
4	10	4260	7d
37.3	39.7	13229	6e
7.8	12.1	7834	7d1
1.7	4.5	13133	7c1
4	8.2	8369	6e2
3.75	10.6	8032	6d
5.4	8.15	8317	7e2
4	10	12555	6e
0	0.7	1800	1
6.4	6.7	13814	7a
25.1	25.8	12165	6c12
1.25	2.6	13758	7d
25.1	33.2	12300	9a
1.05	1.25	13757	3
1.35	2.4	11932	9a
0	0.5	2088	1
0.35	4.25	8332	6b
20.8	23	14410	9b
27.3	31.3	12161	7d1
9.5	14	8801	6d
0	0.6	9183	1
0.3	1.45	4018	2
1.8	3.9	8793	3c
21	28.75	7574	7a
28	42	4375	8a
0	0.4	8590	1
8.4	10.2	2019	6c1
0.1	1	2353	2
23.1	34.2	14352	4-9a
0.3	1.2	8585	3
16.6	18.3	8574	7d12
2.7	3.7	13385	6d12
2.2	9.8	9044	6c12
11	13	14268	9a
0	2	14375	2
1.6	13	14271	7e
3.55	6.45	13299	6d12
3.9	8.2	13835	6d12
0	0.1	12209	1
3.6	6.5	8541	9a
0	0.3	7536	1
0.5	2.1	11986	6c
0	0.4	8685	2
8	15	10031	7e
3.2	3.8	2444	2
0	0.35	13593	2
0.8	1	12187	4c
10.1	10.75	11971	9a
0.3	0.8	9562	1
0	0.2	7809	1-2
2.1	2.4	449	4a
18.4	19.75	14400	12e
0.7	1.6	7768	3
0	1.5	13701	1
36.1	40.16	11849	9a
1.9	3.1	8586	6c12
0	0.3	13756	1
4.8	6	13673	9a
0.6	2.3	13643	7d1
18.1	18.65	14472	12
0.4	1.05	12543	2e
2.5	7	8419	6d
80.6	84.7	2021	7d
7.65	8.5	14468	12e
0.5	0.8	8000	1
2.9	7.8	8859	6d2
0.4	3.1	9325	6b2
8.7	9.65	14384	9a
0	20	14426	6e
5.75	9.45	12422	6c2
19.5	20	8011	9a
22	57	2691	9a
4	11	13666	9b
5.1	8.1	11980	6b
0	2.5	13790	3
0	0.4	8873	2
7.35	7.6	13397	7d2
0.2	0.5	8854	2
2.6	3	7118	6b2
6.25	7.8	8092	6d
0	0.75	13916	2
0	2	13528	4a
13.93	15.18	14443	9b
34	45.3	11878	7c1
0	0.1	8868	1
0.2	9	13112	2c
0	1.4	1924	3
1.3	6	280	6d1
17	25	8799	6d
0	19.5	13902	2
0	1	2701	2
0.35	3.7	858	4a
6.05	10.65	6251	7e
28	36	8274	9a
2.35	5.5	11997	6c
10	32	1211	6d2
0.65	2.8	2362	6d1
3.6	8	2326	4b
0	3	13885	1
1	1.5	8480	6b
5.15	7.2	8617	6d2
15.15	18.4	14401	9b
0.5	6.2	7514	4a
20	24	8188	7d
0.3	0.7	13482	3
1.6	2.8	7769	6e1
0	2	7937	7d
8.2	10.5	8078	9a
2.2	2.95	9625	7d12
0	9.2	13591	6d2
5	11.5	12152	9
17.3	23.1	14352	4-9a
0	1.4	8067	2
13	19	8191	7e
8	11	12116	9a
16	28	7937	7e
16.4	22	2360	7c1
0.35	0.65	9764	9a
1.1	2.2	7014	3
9	10	9752	9a
31.3	34.5	12158	9a
44.4	50	7549	7c1
0	2.8	14327	2
0	0.15	9339	1
24.25	30	13631	9c
0	1.6	13810	2
0	20	9429	7d
65.5	71.2	9161	9a
46	48	2304	12c
26.8	29.5	14268	9a
5	8.5	8613	6d2
4	6.95	14467	6a
0	4	7794	7e
0.4	1.6	13503	2
2.9	3.5	8726	6b2
0.2	1.55	12330	4c
0.75	8	9179	6b
3.6	8.2	13738	6c12
10	60	11807	9a
0	0.5	7513	2
0	1.1	13803	3d2
23.1	26	14323	7d
15.2	25	13458	9a
0	1.7	7750	2
1.7	10.5	14265	6e
0.25	0.6	14467	6b
14.9	15.2	13498	9a
0.5	2.85	8103	6c
13.5	21.1	2678	9a
0	0.2	8900	1
1.2	1.7	8819	3
1	2.2	7909	2
6	6.9	11966	9a
0.3	1.5	13623	3
64	70	5538	7-12b
0	0.3	13455	2a
21.8	22.55	12340	7c1
0.7	2.7	6975	1-2
0.4	3.05	8031	2
0	0.6	8095	2
0	6	14437	7e
4.7	10	11853	9a
19.8	22.8	2188	12d1
2.3	5.6	7618	6d
4	5.3	13915	7c1
0.3	0.6	9067	1
15.7	18.2	13835	6e2
2.4	3.55	8463	6a
14.3	15.8	7090	7d12
0	6	12471	6a
4.2	7.2	14291	7d
0.4	0.8	8694	3
3.9	8.5	9748	7d
11.5	12.7	11909	9a
3.6	5	1345	4a
0.25	0.45	8821	2
0.5	1.2	9720	3d
2	4	13442	7e
4.4	5.15	8617	6d1
7.5	8.5	14358	4-9e
2	2.4	8766	2
2	3.7	12334	6a
14.5	33	8388	7d12
1.5	9.2	13245	7c1
14.5	15.1	13266	2
20.9	25	9773	9a
7	12	5805	7e
3.4	6.4	8673	7d1
44.8	56.8	13484	7d1
4.35	6.5	13839	7d2
6	6.4	13422	9b
26	32	9417	7a
3	4.2	10763	4a
0.3	1.1	8408	3
0.7	2.7	12013	2
1.6	5.7	13825	7e1
0.6	0.9	9157	2
2.3	6.05	6250	4b
14	14.7	8246	9a
0.3	0.6	8472	2
10	11.1	2797	6e2
10	12	7888	7d12
1.4	2.2	2441	2
32.3	33.4	7528	12c
0.5	5	7745	2
0.45	1	8644	6a1
2	3.2	2351	4a
4.4	5.4	13732	7e1
1.2	7.1	9188	6b
0.6	6.1	8920	6c12
6.6	7.2	2653	4b
25.8	26.2	12556	7e
6	16	13548	4b
25	43.5	9673	9a
2.5	4.6	14257	6c
32	44	14376	7e
26.8	27.3	7972	7a
0	1	4450	1
21	26	2702	7c
32	36	9429	7a
22	30	13801	9a
1.6	1.9	13895	2
0	0.3	8247	1
31	32	12154	9a
15	22	7652	7c
2.1	4.2	9158	6d2
0	4	14433	9a
0.7	2.1	13483	6c
13.8	19.2	7033	7c1
1	3.2	2353	2
7.6	14.45	6787	9a
28	32	8188	7e
9.6	10.9	7493	7d1
13	15	14271	7c
2.3	7	8569	6e1
0	1.6	14270	1-2
0.2	2.1	7803	1-2
4.3	26.85	7600	9a
0	0.4	8337	1
0	0.4	8375	1
10.2	12	9030	7d
14	18.5	13666	9a
0.5	1.45	7507	3
2.7	3	1935	6c
9.6	10.05	14404	7e
15.5	19.8	7920	9a
18	26	9417	7a
5	6	269	9a
0	0.5	8537	1
3.5	10	7592	9a
0.2	0.55	9214	2
10	64	13232	9a
0	0.15	13661	2
0	0.2	8853	1
0.1	0.9	12210	6a
48.5	49.2	13968	7
2.8	8	9146	6e2
0.55	0.85	13588	2d
2	5.65	8845	6c2
0	4	7602	2a
0.5	0.8	7498	1
6	11.8	13892	6d2
12	16	6262	7c
15	16.8	14329	2b
1.5	3.1	8922	6c12
35.85	40.82	8074	9a
14.45	25	14465	9a
26	30	13793	9a
7.4	11.1	8441	6c2
2.1	2.8	2680	2
0	0.2	11977	2
10	14.5	13357	9a
30.2	40	7440	9a
0.3	1.5	9211	3
11.1	16.9	2677	7d1
55.5	57.3	13968	7
10.6	18.5	13812	9a
27.6	28.1	8025	7d12
5.3	6	13669	9a
40.9	46.2	14283	6e
0.7	2.3	11958	9a
0	0.6	9061	2
8	21	2433	9a
10.2	14.5	2019	6d1
0	2.1	7338	2
12.4	15	9153	7e12
0	0.8	9055	1
0.4	0.9	8591	3
4.45	11	2445	6d1
0.6	0.8	13399	3
13	29	13262	7d
23.3	24.6	2792	6b
3.4	3.7	13542	1d
1.6	5	8336	6b
2.1	4.1	13500	6a
13	24.25	13631	9c
32	34	6011	6b
44	46.4	14319	7d
0.25	0.6	9435	2
0	0.4	13581	1
0	4	2524	7d
33.4	35.2	7982	7e1
2	2.35	9090	7d
8.5	10	9704	9a
6	7.3	8601	6e2
1.5	3	8461	6d2
8.35	9.8	8797	6c
34.7	80.6	2019	6d12
7.8	8	13971	4
2	22	7948	7d
0.6	6	13163	7d1
10	12.4	8424	7c1
7.4	8.8	7905	7c1
4.8	5.3	14372	4a
0.75	3.5	13876	2
14.2	18	11820	9a
24.4	42.55	5561	7d
0.6	1.5	7040	2
0	0.3	7510	1
0.8	2.4	12155	2
46	46.6	8074	9a1
1.2	3.9	8502	6b
3.3	23.4	12303	7
30	42	7628	7b
20.65	21.3	7856	12c1
3.1	6.4	7923	6b
0.3	1.2	13711	3
0	5	7523	9a
13	25.5	12191	7
0	2	14862	1
0.3	0.7	10648	2a
1.3	1.6	8395	6b
1.2	1.7	8088	4c
19.5	20	13901	9a
14.5	17.8	14268	9a
0	2.2	7885	2
0.35	6.6	11948	9a
2.6	4.3	8099	4a
28	92.6	2794	9a
0	0.9	4084	1
0.25	0.45	11972	2
6	43	14436	9a
1	4.9	8398	6e1
0	0.2	7674	1
25	38.45	7538	9a
10.6	11.3	8235	9a1
10	12	9611	9a
1.9	7.1	12407	7d
1.6	1.8	13298	3
5	8	6217	7c1
57.1	63.5	1896	11a
4.5	7.8	13133	7c12
48.4	58.5	7936	12d1
2.3	3.1	8522	6d12
29.3	34	13779	9a
2	6	13529	7e
10	12	5809	7e
0	2	8188	7d
0	0.3	8505	2
0	0.3	23008	2
10.9	12	12316	7d12
0.15	0.9	13679	2
1	1.8	8109	4a
15.1	18	13265	9b
11.9	12	9217	7e2
0.1	2.1	7053	6e
10.3	12.2	7912	7e2
0	0.2	7803	1-2
4.9	46	2305	9a
9.2	12	8673	7e2
0.6	4.7	7997	6b12
0.05	0.4	13396	2
1.5	1.8	9297	2
0.8	4.8	1338	4b
0	0.2	9558	1
0	6	13530	7e
7.25	10.65	14435	11a
0.5	2.4	8838	6b2
0	0.2	8062	2
0	0.25	8755	1
0	0.15	10654	2
10	12	8226	7e
0	0.6	8800	1
76	96	9419	12a
14.6	15.4	8849	7d2
5.8	7.1	1935	6b
0	0.15	8906	1
5.6	7.7	23003	6d2
14	28	6285	7e
9.15	28.6	7986	6
4.3	10	8100	6d1
60	66	9419	12b
6	74	13296	7e
6.3	8	8713	9a
0.05	0.75	13240	2
0.2	0.8	7984	1-2
22	26.45	2714	7d1
0.1	5	7758	2
3.15	5.5	8871	6d12
4.5	26	7622	7d
22.6	31.2	7034	8b
1.2	3.5	13230	2
0.5	3.6	12105	6b
0.5	17.4	7541	7d12
52	55.5	1936	7c
23	48	14345	12d
0.3	1.9	8932	3
9.1	9.3	13966	4
2	2.2	8641	6e1
10	13.6	9704	9b
14.5	19.6	12156	6c2
11.2	13	11958	9a
34	44.6	12087	9a
1.1	4	9734	4a
6.4	9	7546	7c
0	2	8194	2
10	11.3	2341	6d2
11.8	14.2	11819	7c1
2	3.2	8707	3
4.3	4.7	1911	4b
56.2	56.7	1902	10
30	38	4280	9a
9.4	10	854	11b
1	2.3	8583	6c12
0.4	2.15	13777	6d
0	6	9244	7c
10	18	7614	7e
28.8	32.1	8699	7e1
0.95	1.55	2376	6b
0.8	1.55	14277	6
0	0.5	9170	2
3.8	5.3	2553	7e1
0.4	0.8	8710	2
0.2	0.7	9012	2
30	34.7	8746	7a
2.5	3	10762	2
2	12	7636	7e
1.45	5.8	14408	7d
0.85	1.95	13672	4a
3.8	5.1	9438	9b
6	22	7620	7a
16.5	38.5	14340	6e2
5.5	9.3	13896	6e1
1.1	3.8	13619	6e1
0	1.25	7118	6c1
7.8	12.1	8553	6e2
10.9	14.2	13816	6c1
0.2	0.8	8910	3
0	4	7698	7c
0.5	1.25	7704	3
6	32	8526	7e
27.4	29.7	7070	6d1
7.8	10.7	8573	6d12
0	0.7	8257	2
1.3	5.1	12324	6a
1.8	5.4	13414	6d1
2.5	7.5	13152	6e
0	0.4	13600	2
0	0.3	13481	1
0	2	13291	1
0	4	6246	7a
0	4	10033	2
0	0.2	7800	1-2
11.7	14.1	7722	7d1
4.2	12	9213	7e2
46.6	50.5	8074	9a
0	0.6	11978	2
1	3	8230	3
2.85	3.15	12347	6b
5	5.5	11966	9e
0	0.3	13358	1b
12	26	4306	N/A
4.7	6.2	12172	9b
24.8	35.75	13229	6e
11.4	16	6353	7c
4	4.9	1799	9d
23	26	13793	9a
0	0.7	7486	2
1.8	2.75	14449	6e
4.5	7.8	14318	6d
20.58	46.8	7960	9a
9.2	12	8106	7d1
2.6	5.5	8917	6c2
0.3	6	14343	6e1
3.8	4.9	8649	7d1
0.2	2.6	8916	2
14	18	2324	9a
0.45	1.35	8822	3
6	9.1	14343	6e12
0.35	0.8	9334	2
4	6	6169	7a
0.3	2	7766	1
0	2	8270	7a
27.8	29.2	7999	9a
17.7	19.8	12136	4b
3.1	6	8682	6d
0.7	1.1	9269	2
18.2	22.2	11849	9a
0	1.7	14351	1
2	3.3	2085	4-9a
0.4	1	5558	2
13.7	15	13435	9a
18	24	2430	9
10.65	16	12170	6c2
71.6	72.4	1326	10
0	0.2	9064	1
0.4	1.2	9084	3
23.3	34.7	2019	6e2
10.45	11.5	13229	6d
13.6	25.3	1868	9a
0	0.15	9239	1
21.7	26.2	12211	9a
25.3	25.85	8074	9a1
2.5	4.2	7765	3
24	28	8188	7d
8.7	10	9723	7d
0	0.9	8437	1
0.9	4.1	12123	2
1.3	6.4	9053	6b
58.6	60.5	1933	9c
12	14	8226	7e
19.7	21.2	9040	7e
5.4	7.25	14473	9b
1.6	8.8	13488	6d2
0.9	1.2	12183	4c
13.8	24.1	13890	9a
0.4	2.2	11988	2
0	0.2	2705	2
2	4.5	12146	6d1
12	15	9248	7e2
0	1.2	12192	1
2.55	3.1	2374	7d1
11.8	15	13156	10d1
30.5	46.6	7930	9a
3	7.2	7485	9a
12.2	12.8	13300	7c
27.6	31.2	7868	12
0	0.55	8745	1
1.1	8	9078	6b
0	0.3	8378	1
22.2	24.1	12041	7c12
0	0.4	12332	1
18.15	20	8474	7d2
5.2	5.9	8605	6d12
0.25	0.55	13587	3d
19.7	25	9054	7e2
0.5	1.85	13965	2
0	0.8	1718	2
10.1	10.85	8058	7d
0	0.7	9437	2
0	5	14358	4-9e
8.65	9.4	8358	7d
7	8.15	12222	6d
9	15.8	2363	7d1
0.4	0.7	8795	1
1	1.4	9235	6e1
14	18	2430	9a
0	0.4	9149	2
1.5	2.2	1874	4b
2	4	8662	6d1
4.4	6.3	8234	7e1
0.3	6.5	8414	6c1
10.4	17.2	11755	7c1
0.3	0.65	8360	3
12.6	13.7	13133	7c1
6.6	7.7	8629	6d12
0.6	3.2	11978	2
0.35	2.5	13761	3
9.6	11.1	13538	7c1
0.8	4	9738	4a
0	0.4	14857	1
2.4	2.5	8719	6a1
0	30	14461	7
0.4	1.3	10654	2
0.7	1	8267	3
49.5	50.5	8776	9b
0	8	13295	7e
10.4	12	9037	7d
0.8	6.4	7291	14-15
0	0.15	7991	1
4.6	11.3	8609	6e12
7.5	8.4	8057	6b
8.9	9.9	7870	6b1
14.05	16.3	14468	12e
3.5	9.8	9728	7d
2.85	6	8601	6d2
7.1	8.9	1935	6b
0.3	0.8	12205	3
1.45	2.25	441	2
0.15	0.85	7991	1
0	6.5	7957	6b2
1.8	6	8109	4a
13	17	13700	9a
0	0.15	13859	1
24	27.1	7956	9a
3	3.6	12193	4b
0.5	1.5	7827	6a
0	0.1	7757	1
0.2	0.75	10747	2
1.7	3	14352	4-9a
8.5	13	11976	9a
9.2	9.8	269	9a
42	54	13505	9b
1.2	3.7	9049	6b
9.7	12.5	9156	6e2
13.4	20.2	8074	9a
0.1	4.3	12133	2
18	32	7614	7a
12	15	1339	9a
17.2	18	12046	9a
1.8	2.6	10749	4a
1.9	2.5	8632	6d12
1	3.6	5559	6a
17.38	18.53	14443	9b
14	18.3	13664	9b
2.1	3	13891	2
6	8	269	9a
0	1.2	13230	2a
1.15	1.9	8091	2
0	0.8	11738	2
0.4	1.8	9045	2
0.7	2.95	8411	4a
18	20	13858	9a
83.5	86.4	9672	12d
3.2	4.5	2018	2
0	1	1323	1
41.4	45	7084	9a
15.4	17.1	12049	9a
0	0.55	2292	2
22.2	31.1	1931	6c12
2.2	2.6	2441	2
46	48	13556	9e
11	11.5	13801	9a
0.5	0.8	12003	2
4.5	9.6	8387	6c
15.7	17.65	11849	9a
12.3	14	8246	9a
8.95	10	8806	6c2
0.6	5.9	11905	5
8.35	12.1	12213	6c
0.3	0.8	9302	2
1.5	2.7	9759	4a
0.7	6.7	8024	6b12
2.6	0	10750	9a
13	18	2714	7d2
22.1	30.8	12141	6e1
5	8.8	2334	4
0	0.5	12003	2
34.8	49.8	1321	9a
0	0.5	7498	1
5.5	10.4	9034	7d
15	15.3	12542	9a12
8.5	9	13963	6
5	6.5	13378	6d
0.4	0.8	8667	3
14	15	9688	9a
0.3	7.7	8106	7d1
3.8	4.1	2445	6d
7.4	10	13454	9a
7.45	8	13342	9e
1.7	2.2	8738	6c2
1.2	2.65	13424	2
0.3	5	2541	7b
0	0.2	8481	1
0	0.8	7508	4b
2.75	12	14253	6d2
3.4	5	8767	7d1
39.5	50	12026	9a
52.2	53.5	11851	12
18.3	20.4	8575	8e12
0	2	7526	1
0	0.25	8554	1
6.4	10	8811	6c2
0.2	1.2	11753	3
4.9	7.5	8466	6d2
0.9	3.6	1345	4b
0.7	1.15	8489	6a
3.1	4.4	13579	7d1
4	5.4	8662	6d1
9.9	10.5	13738	6a
12.15	15.1	9589	14-15
0	4.1	13270	2
5.2	7.6	2686	6e2
34.7	38	8744	14-15
19	21	7966	6d
0	0.15	9057	2
0	0.2	7727	2
1.2	1.4	2441	2
15.7	16.9	11749	4a
1.5	80	11860	7d
35.9	40	13472	9a
0.15	10.6	9340	6b
5	19.1	8702	7e12
0.1	1.1	9321	2
9	9.7	9226	7e2
0.1	0.4	23005	2a
3.5	4	14397	9a
7.5	14	8382	7d2
3.3	5	8612	2
9	12	7542	9a
7.5	8	9663	9
0.18	1.15	9200	2
2.4	3.6	1877	4a
25.4	27.6	8025	7d12
0.35	0.6	9202	2
10.7	13.55	8789	6c
5.7	8	9014	6d2
42	52	11614	9a
1.8	3.4	8064	6e1
4.4	11	12119	9a
2	2.9	2659	2
1.6	3.6	13504	6a
0	0.6	9186	1
3.2	6.7	9610	7d
0	0.7	9281	2
5.8	7.4	13971	4
1.2	3.6	12093	4a
3.5	11.5	13564	7d12
81.9	82.6	9160	12a
0	0.4	14286	1
15	19	8673	7d12
0	10	4398	7e
11.6	12	13539	9b
2.8	3.5	9033	6c
0.5	4.2	12190	6e
6.2	10	8754	6c2
26.2	27.3	11931	7d12
15.1	17	1306	6e
68	72	7628	7a
10.55	12	13439	6e
4	6	13892	6d1
0	0.8	8070	1
1.35	1.8	9437	2
24	28	6011	6c
0.4	1.5	12173	2
0	2.5	14329	2
0	0.3	8086	1
1	2.4	8644	6e1
1.2	2.6	14287	3c
14.8	18.6	12040	6d2
20	61	12469	9a
0	0.9	7569	2
6.5	9.5	13984	12
21.5	24	14430	6e
5.1	8	10025	9a
0	0.2	9192	1
52.7	56.3	1327	9d
11	11.5	14389	9a
0.8	3.5	8001	6c12
0	0.95	8356	2
24	25	14431	7e
0.3	1.1	8805	2
0.7	2.6	8428	3
0	0.5	7552	2
9.2	14.8	1545	6e2
6.4	7.7	12052	7c
32.6	37.1	13479	7d12
0	4	6084	7d
1.7	7.4	8959	6c12
2.2	4.3	13584	7c1
0	0.4	13895	2
6	10.15	9068	6b12
0.41	0.65	14349	2
17.2	18.9	12299	7d
16.2	17.2	13502	9a
21.5	23.55	12354	7d2
0.45	2	11999	6c
28	32	8223	7d
0	0.05	13240	2
29.05	31.5	7535	9a
0.5	1.6	9111	2
1.7	4.1	12090	4a
0	0.3	7710	1
110	112	7020	12c
3.4	4	11831	2
1.25	2.45	8688	6b
15.5	17.1	12217	6c
64	66	5807	9a
2.75	5.3	14450	7e
0	0.3	13710	1
1.5	2	9436	9a
2	15	11983	9a
0.8	1.2	1573	3
8.7	12	12045	7c
0.55	3.3	11942	2
0.6	1.9	8923	2
8	12	8362	7e
7.6	11.9	9252	7e2
6.8	8.3	1277	6b
9	10	282	9a
20	45	7943	7a
9.8	14	8318	9a
2.4	3.5	8616	2
10.5	12.75	14265	6e
2	10	6361	7e
3.6	4.9	8880	6d2
4.2	15.2	7574	7e
2.7	4.6	10650	4d
6.2	10.3	8936	6d2
0.8	3.5	13563	6e1
4	22	9776	9a
1.8	2.3	8568	3
11.15	18	13863	7d
4	5	8633	7c1
1.8	3.8	1353	4a
0.8	2.1	1713	3
4.4	11.6	12097	6d12
0.25	0.8	12357	2
0	0.35	857	1
1.5	2	11818	3c
116.4	123.4	1283	12e
9.7	11.7	9226	7d12
40	44	6363	9d
1.3	2.2	8514	6a
4.7	5	8621	6b
20	24	6191	7a
29.8	31.9	7976	7d12
41	56.2	1897	9a
25.5	28.5	14405	12e
0.4	2.6	1356	4b
0	4	6995	7d
96.8	99.1	1933	9a
13.3	17	8101	9a
0.5	1.3	12030	3
0.4	1.2	13600	2
0.8	2.6	13337	2a
6.2	7	13597	2
39	45	639	7e
24	42	13285	9a
0.3	1.7	7981	1
31.4	35.9	13475	7d12
2.6	5	8815	6e1
4.2	4.35	13838	5
5	15	13908	9
22	34	7108	9a
52.4	53.6	12024	10d
0.2	0.6	8935	3
2.8	6.5	14327	2
9.2	9.6	7493	7b
9.1	10.1	13500	6d12
76	86	2700	9b
0.3	4.7	13889	6e
3.9	7.9	9139	6b
3.1	4	9294	2
2	6	5809	7c
2.2	3.8	13159	7d12
0	0.6	8923	2
52	66	8192	9a
5.3	8.2	13420	2
0.7	1.8	11831	2
15.4	20	7475	9a
1.8	4.1	1348	4a
1.6	3.1	2797	6d
3.9	7.3	8709	7e12
9.1	10.8	11759	7d1
9.2	10	9633	9a
0.6	0.95	9203	3
2.4	15.3	11934	9a
0	0.3	7820	1-2
3.15	6.3	12347	6c12
13.5	16	13787	9b
28.3	32	1936	7d
2.2	5.7	13461	6c2
8.4	12	2294	4b
28.9	32.3	7528	12b
6.4	11.5	11945	9a
19.6	38	8104	9a
1.5	1.9	9232	6c2
1.5	3.85	14377	9b
11.6	24	2436	9a
0.5	1.1	9106	2
0	8	13507	7c
8.1	16.2	14439	9a
3.1	4.6	9723	7d
3.3	4.8	8423	6d12
2.4	2.8	12156	6d1
27.2	29	12355	9a
10.3	18	13494	9a
79.5	95.2	1933	9a
2.3	6.1	12108	4a
5.1	16.45	6988	9a
12.3	14.6	13229	6d
18	30	5538	7-12e
0	0.2	13819	1
0.7	1.2	8555	6b
1.7	7	2302	4a
0	8	5538	7-12
1.7	5.3	8005	6c2
30	56	13007	7d
4.95	10	8373	6e2
12	29	14253	6e2
0.2	1.7	2073	2
0.3	1.4	8055	2
8.1	9.2	8551	6c12
0	0.3	13720	1
0	1	6663	2
1.2	2	8686	6b
4.8	7	8579	6d12
0	0.8	7007	1
2.7	4.3	1911	4a
0.5	1.1	9171	3
1.2	2.1	11754	6a
6.8	8.3	12141	6d12
6.7	9.3	8024	6c2
0.6	2.6	11842	6d1
0.1	0.8	9348	3
0.1	0.8	9737	3
10.7	12.6	8239	9a1
32.2	36.1	2865	9a
3.2	4	12306	2
0	0.4	12050	1
2.5	3.1	9018	6d1
0	0.3	8957	2
42	46	8197	7e
8.2	10.5	14452	9b
23.55	32	12349	9
0.8	1.2	8668	6a1
2.1	3.1	9263	6d12
3.5	8	8001	6b12
1.85	2	8662	6e1
0	0.4	8494	2
10	10.9	1802	9b
0.8	5.1	8071	6d
12.8	15	6214	9a
0	2	12120	2
21.6	31.4	13474	6d12
14.6	15.5	7924	7d12
0.06	1.45	9319	2
0.45	1.8	11972	2
20.5	21.9	13605	7d1
48	61	923	7d
0.8	4	7786	7
47.3	50.2	7522	12b
6.9	11.5	14339	4a
10.75	12.8	11971	9a
0	0.5	7506	2
60	66	9431	12b
0.9	3.3	8012	2b
24.7	27.9	7982	7d12
0	0.2	8807	1
3.1	4.6	12011	6d1
4.2	6	11964	9a
11.3	13.5	9743	7c1
0.3	1.1	8664	3
5.5	6.65	13363	5d
0.2	0.7	8427	2
1.9	2.5	8480	6d1
0	2.15	13426	2
5.45	15.1	8799	6c
0	0.1	9157	2
0	0.5	9580	1
10	13	13831	6e2
0	0.4	7543	1
33.8	37.1	7980	7d12
26	40	6359	9a
0	4	7755	2
9.5	12	9666	9a
2.1	3.6	8941	6c2
0	22	7726	7a
7.3	12	9136	6d2
0	3.7	7869	5b
0	0.1	11975	2
7	7.75	13861	6b
1.05	3.1	13633	9c
0	0.5	13437	2
4.3	6.8	13346	8a
9.3	13.8	2321	9a
0	0.45	9177	2
13.7	15.2	13163	7b
37.1	40.5	7977	9a
3.2	4.1	1715	6c12
1.2	9.5	965	7c
27.9	33.4	7982	7d1
31.1	36.7	14328	11e
8.3	10	1277	6c
24.9	26.6	8699	7e1
0	0.1	9347	1
1.1	4.75	9591	7c
12.5	35	13795	11d1
2.7	4	14325	6d2
16	30.5	14326	11d1
0.2	0.5	8000	1
12	22	5805	7e
20.4	25	8576	7c1
11.9	14	9252	7c1
0	0.05	7770	1-2
5.3	13.05	8005	6d2
0.5	4.3	7848	2
4.9	9.35	7718	4a
1.1	3.3	9342	6b
2.5	4.8	2499	2
17	23.3	2792	6b
4	8	13005	4b
0	1.7	9294	2
5.7	6	13825	7d12
11.1	18	9042	6e2
40	86	7092	9a
1.5	6	13797	2
0.3	1.8	14331	3c
1.5	2.9	8679	3
2.6	4.8	7934	6d12
4.3	25	11925	9a
0.4	0.9	8440	3
1.9	3.7	8927	3
0	2	11805	2
1.1	1.7	9074	6b12
1.05	7.2	9618	7e
25.2	30	12157	7c1
9.85	20	8611	9a
2.1	23.2	8113	7e
0.35	0.7	11831	2
0.5	1.1	1877	4c
0	0.5	14861	2
10.6	25.6	8032	6d
0.9	1.3	8792	2
3.1	4.5	9018	6e12
0	0.3	8850	1
0.3	1	9032	3
3.2	5.1	8096	6d1
36	46	2790	9a
7.8	9.1	9363	6c2
0	0.5	11890	2
0.3	1.4	2652	2
16	46	9596	9a
33.6	42.2	14344	7c12
1.3	1.5	8865	2
6.1	9.2	1544	4a
0.6	3.5	8723	6c1
10.3	15	8059	6b
2.1	17.85	1806	9a
0	3.5	7577	2
4	12	13116	9a
3.6	5.4	10656	4a
0.4	1.15	7988	1-2
5.4	7.5	13492	6d2
17.8	18.3	7872	9a
2.9	16	13800	2
10.1	12.7	8561	7d12
54	74	13523	5e
2.6	8.7	13850	6d2
0	0.5	8083	1
2	4.5	13360	7
12.9	15	8525	6e2
19.2	21.6	7572	10d1
4.7	7.35	13397	7d2
5.4	7	11831	2
0	0.35	9765	1
18.3	20.3	7873	14-15
0	2.2	2319	2
4	24	922	6b
0.3	0.7	13658	2
2.4	3.3	8487	6d1
0.6	4	14467	6a
0	0.35	7707	1
0.9	2.2	2676	6a
1.6	1.75	9225	6d1
7.9	10	8771	7e2
7.5	12	13152	6e
6.1	6.8	8926	2
9.2	15	8551	6e2
0.4	1.3	1699	4c
2.9	3.8	8642	7c1
0.4	0.7	8873	2
0	0.1	2441	2
1.4	3.1	2448	6e1
15.8	20	7087	9b
5.5	6	13538	7c1
0	0.4	8943	1
1.8	3	8729	6c2
9.5	30	1875	9a
0	0.5	9101	2
12.3	16	9349	6d2
0	12	4306	N/Ad
6.7	7.5	13814	7d1
0.8	1.6	8735	6c1
14.5	14.8	11849	9a1
41.8	43.1	1278	7c
0	3	14266	3
0	0.4	8666	1
8.8	14.9	2187	9a
33	36.4	8385	9a
3.7	7.2	9049	6c2
4.55	13	13750	9a
14.75	15.4	14397	9b
25.6	66	8069	9a
4.1	7.9	8770	6e2
10.2	12.2	2976	4b
20	21	13973	6
1.2	4.8	7709	7d1
0.8	1.6	8719	6b
2	6	4380	7e
14.2	16.2	8018	9a
0	0.8	7787	2
4.1	12.35	12101	6d12
12	14	14358	4-9
18.7	21	11833	9a
1.1	2.2	2322	2
49	49.5	12242	9d
4.7	5.6	13534	7b
10.25	10.95	13531	9a
11.5	12	11945	9a
20	50	13549	7e
0.65	1.3	12323	1
3.1	5	12045	7c
5.4	15	9639	9a
0	2.85	12347	6a
6	10.25	7555	9a
0	0.3	8596	1
11	26.8	11877	6e2
22	28	23039	7d
0.5	4.4	23030	6c
10	11.2	20840	9ad
0.4	0.8	3063	3d
0.48	4.55	23052	6a
0	6	23039	7d
0	0.14	23055	2
1	6	23041	7d1
1.55	1.85	23011	6a
15.7	16.1	20840	9ac
39	53	15605	12e
15	39	15606	9a
19.3	40.1	20840	9ab
12.5	14.6	20840	9ab
4.2	4.7	3072	7a
0.15	2.13	23050	6a2
43.6	44.8	9781	12c
1	9.2	23028	7ac
0.4	2.3	23024	6d
1.1	1.8	9796	7d
0.7	1.1	23057	2
3.9	4.2	3072	7c1
6	11.9	9796	7c
3.35	3.8	23011	6d
0.8	1.3	23056	6a
0.2	0.4	23023	1d
1.85	3.35	23011	6c
0	1.1	9783	1
2.13	3	23050	6d1
4.4	7.9	23030	6d
0	0.4	3070	1
40.1	41	20839	12e
53	71	15605	12a
0.5	1.2	23011	6a
14	30.3	20866	9ab
30.3	34.5	20865	12d
14.6	15.3	20840	9ab
1	1.65	3068	6c1
6	12	23039	7bd
0.45	2.21	23048	6ac
0.4	1	23027	1c
0	0.8	23042	2
1.3	5.3	23056	6e1
16.1	19.3	20840	9ac
9.2	33.1	20861	9ac
6.2	9.7	9786	9ac
0	1	23040	1
1.6	3.8	3065	7d1
0	0.5	23029	1c
11.2	12.5	20840	9ac
4.55	9	23052	6d1
0.4	0.9	3071	3
1.2	1.55	23011	6b
0.08	0.7	23057	2
3.3	3.9	3072	7d1
34	36	11485	9ab
0	0.4	3066	1
2.8	5.7	23044	6a
0	1.1	9795	1
0.4	1	3067	3
3.8	4.9	3065	7c1
7.9	8.6	20840	9ab
0.9	3	3072	7b1
43.3	44	9785	12e
0.8	1.6	3064	6c1
46	47.9	9793	11d
1.3	6.2	9788	7d
1.65	3.5	3069	7d1
0	0.4	3062	1
1.1	5.3	23058	6a
0.8	2.8	23043	3
16	36	23038	7d1
0.6	16	23038	7c1
3.2	11.9	9784	7d
1.8	6	9796	7d
3.5	5	3069	7c1
6	10	23041	7c1
28	34	11485	9a
0	5	2718	7-12a
5	25	2718	7-12c
0	15	23046	7d
1.1	3.2	9784	7c
0.5	0.8	23055	2
0.14	0.5	23055	2
2.21	3	23048	6d1
10	28	23015	10a
0	0.08	23057	2
8.6	10	20840	9ac
0	1.3	9787	1
4.7	4.9	3072	7d1
5.7	20	23045	7d1
0	0.15	23049	1
11.9	46	9794	9a
15.3	15.7	20840	9bc
36	38	11485	9a
4	14	20866	9ad
3	3.3	3072	7c1
0	0.45	23047	1
11.9	43.6	9782	9a
0	0.48	23051	1
36	43.8	23038	7c1
9.7	43.3	9786	9a
2.3	4	23025	7ae
12	22	23039	7ad
0	10	23014	7d
11.8	13.1	23140	9ba2
1.9	2.3	23143	2e
23.2	25.6	23140	9ac
35.7	36	23141	11a1
33	35	23147	11e
36	37.6	23141	11ab
33.5	35.7	23141	11be
37.6	38.4	23141	11b
27.9	28.8	23140	9ae
0.5	1.2	23143	2e
15.3	17.2	23140	9ac
3.5	11	23139	7e
31.5	33.5	23141	11ba
31.5	33	23146	9ab
23.4	24.7	23144	6ba
17.2	18	23140	9ba
1.2	1.4	23143	2
1.4	1.9	23143	2e
22.8	23.2	23140	9ba
0	3.5	23138	1
11	11.8	23140	9a
26.7	30	23145	7e
14.2	15.3	23140	9ba
38.4	43.7	23141	11e
28.8	29	23140	9ac
25.3	26.7	23145	7a
18	21	23140	9ac
21	22.8	23140	9ae
22.5	23.4	23143	2e
2.3	3.9	23143	2e
25.6	27.4	23140	9ba
29	31.5	23141	11ab
13.1	14.2	23140	9be
35	35.5	23147	11ab
30	31	23146	9ba
4.2	22.5	23143	2e
24.7	25.3	23144	6be
27.4	27.9	23140	9ab
31	31.5	23146	9a
3.9	4.2	23143	2e
0	0.5	23142	1
3.4	4.3	23228	2e
16.4	18.2	23228	2eb
23.2	29.8	23231	9ab
1.4	2.1	23228	2eb
5.3	7.4	23228	2e
15.8	16.4	23228	2e
0.1	1.4	23228	2e
32.1	36.8	23231	9ae
20.2	20.9	23228	2e
29.8	32.1	23231	9ad
18.7	20.2	23228	2e
11.8	14	23228	2e
22.2	23.2	23230	7be1
11.5	11.8	23228	2e
18.2	18.7	23228	2
2.8	3.4	23228	2e
7.4	11.5	23228	2e
36.8	37.7	23232	12e
2.1	2.8	23228	2e
20.9	22.2	23229	6ab
4.3	5.3	23228	2e
0	0.1	23228	2
14	15.8	23228	2eb
25.6	27.8	23395	12bd1
17.2	17.7	23393	9a1
0	2.5	23383	1
27.6	29.3	23381	9a
29.3	30.4	23381	9ba
0	1	23378	1
12	13	23391	2b
2.5	5.5	23384	2e
30	30.7	23389	14-15,3
1	2.1	23379	2e
22.4	22.7	23387	9b
23.8	25.6	23395	12be
27.2	27.6	23381	9ba
30.7	31.2	23389	14-15,3
9	10.2	23384	2ea
27.8	31	23396	14-15
31.4	33	23382	14-15e
30.4	31.4	23381	9ba
13	15	23391	2b
2.6	4.5	23379	2e
25.4	28.8	23387	9ba
22	22.7	23395	12e1
19.4	20	23394	11ba
1.2	2.2	23391	2
0	1.2	23390	1
21.5	22	23395	12cb1
2.1	10.1	23391	2e
24.4	25.4	23387	9eb
20	25.3	23380	6cb
18.1	18.5	23386	7e1
18.5	22.4	23387	9a
17.7	18.2	23394	11be
4.5	6.8	23379	2b
22.7	24.4	23387	9a
20	20.5	23394	11ab
6.8	16.8	23379	2a
23	23.8	23395	12b
20.5	21.5	23394	11eb
10.1	10.2	23391	2
16.8	18	23379	2b
25.3	27.2	23380	6be
5.5	9	23384	2e
10.2	11.1	23385	6bc
22.7	23	23395	12ba
18.7	19.4	23394	11ab
15	17.2	23392	7bc1
2.1	2.6	23379	2e
28.8	30	23388	6be
18	20	23379	2b
18.2	18.7	23394	11ba
11.7	18.1	23385	6bc
10.2	12	23391	2b
11.1	11.7	23385	6ba
0.4	0.8	23399	4ab
23.7	25.8	23418	6ab
14.5	14.7	23399	4ae
31.3	31.6	23412	9ae
19.9	21.8	23412	9ab
8	10.8	23409	2ab
43.1	44	23413	11e1
5.8	7.2	23399	4ba
27.7	29	23404	11d
19.1	21	23399	4ba
19.3	19.9	23412	9a1
20.7	22.8	23418	6ae
16	16.3	23399	4b
13.2	13.4	23410	6ab
49.3	49.7	23414	14-15
9.3	11.2	23399	4be
13.4	15	23410	6ba
49	49.3	23414	14-15
44.8	45.8	23413	11ab
0.8	1.2	23399	4
16.7	17.2	23417	2a1
21.8	22.1	23412	9eb
25.8	26.5	23418	6eb1
46.1	57.2	23404	11b
44	44.8	23413	11be
35.8	36.2	23413	11eb12
0	0.4	23398	1eb
14	14.5	23399	4ab
31.6	32.6	23412	9ab
15	15.4	23411	7be12
0.6	1.8	23409	2e
41	41.3	23413	11e1
11.7	14	23399	4b
38.8	40.5	23413	11bc
42.8	43.1	23413	11ac2
33	35.8	23413	11ab
16.2	16.7	23417	2ae
39.8	46.1	23404	11b
18.7	19.3	23411	7e1
26.5	32.9	23418	6ab
10.8	11.2	23409	2ab
4.2	4.8	23409	2e1
1.7	2.1	23399	4a
32.6	33	23413	11ae
2.1	2.3	23399	4bc
32.9	34	23418	6be
18	19.1	23399	4b
11.2	11.7	23399	4a
2.3	5.8	23399	4bc
42.5	42.8	23413	11eb2
22.1	24.1	23412	9ab
16.7	18.7	23411	7ba
40.5	41	23413	11e1
1.2	1.7	23399	4be
24.1	31.3	23412	9ab
34.2	35.5	23419	12be
12.5	13.2	23409	2bc
4.8	8	23409	2a1
22.8	23.7	23418	6eb
7.2	9.3	23399	4ab
37.7	38.8	23413	11be1
11.2	12.5	23409	2ab
16.3	17.6	23399	4ab
25.4	27.7	23403	9a
0	16.2	23417	2e
14.7	15.3	23399	4ba
18.6	19	23417	2a1
1.8	4.2	23409	2bd
29	39.8	23404	11e
47.5	49	23414	14-15
21	21.3	23402	7e
19.5	20.7	23418	6ab
41.3	42.5	23413	11ac
47.5	48.5	23414	14-15
21.3	25.4	23402	7e
17.6	18	23399	4ab
45.8	47.5	23413	11be1
15.4	16.7	23411	7cb
17.2	18.6	23417	2ab
36.2	37.7	23413	11eb
0	0.6	23408	1
15.3	16	23399	4ba
19	19.5	23418	6bd
34	34.2	23419	12
1.3	2.1	23426	3ed
4.7	6	23432	6ec
1.2	1.6	23431	2a
9	15.7	23428	6ec
0	0.1	23431	2
15.7	21	23428	6e
13.7	13.9	23433	7ab
59.8	60.2	23430	14-15
21.8	25.8	23428	6e
21	21.8	23428	6
57.8	59.8	23429	7e
3	6	23428	6e
9.4	11.2	23433	7cb
60.2	120	23430	14-15
0.8	1	23431	2a
32.2	34	23428	6ec
57.2	57.8	23429	7e
12.2	12.6	23433	7a
18.7	19.6	23433	7ec
0.1	0.8	23431	2a2
12.6	13.7	23433	7cb
56.2	57.2	23429	7ea
6	9	23428	6ea
34	36.4	23428	6ee
6	6.9	23432	6d
30.1	32.2	23428	6eb
11.7	12	23433	7a
54.7	56.2	23429	7e
2.1	3	23427	4e
11.2	11.7	23433	7a
36.4	54.7	23429	7e
6.9	7.4	23432	6ec
19.6	20	23433	7cb
4.1	4.7	23432	6cb
12	12.2	23433	7b
7.4	9.4	23432	6c
0	1.3	23425	1
1.6	4.1	23432	6c1
25.8	30.1	23428	6e
20	21.75	23459	6c
2.18	2.53	23459	6a
1.6	1.83	23459	6d
10	11	23459	6d
16	19	23459	6d
14.8	15.3	23459	6a
24.9	25.3	23459	6c
19	20	23459	6d
7.9	10	23459	6d
7.6	7.9	23459	6
4.2	7.6	23459	6c
1	1.6	23459	6c
42	42.4	23459	6c
25.3	33	23459	6c
21.75	23.5	23459	6c
23.5	24.9	23459	6d
0	0.25	23458	1
11.3	14	23459	6d
1.83	2.18	23459	6c
42.4	46.6	23459	6d
37.55	38	23459	6d
0.25	1	23458	1
14	14.8	23459	6d
15.6	15.7	23459	6a
33	37.55	23459	6c
15.7	16	23459	6d
2.53	4.2	23459	6
15.3	15.6	23459	6d
46.6	52.5	23460	7d
11	11.3	23459	6c
38	42	23459	6d
9.8	12.5	23465	6b
16.2	19.7	23467	6ae
0.1	0.3	23467	6b
4.5	5.8	23469	6a
10.7	11.1	23469	6a
5.8	6	23469	6b
6	6.8	23469	6b
7.2	9.8	23471	6a
6.8	7	23467	6ec
13.2	14	23469	6bc
3	5.2	23471	6a
10.2	13.8	23471	6a
13.8	15	23471	6bc
0.3	0.6	23467	6a
9.3	10	23469	6a
6.8	7	23469	6bc
1.6	3	23465	6a
3.4	7	23465	6b
1.5	3	23471	6a
0.2	0.6	23471	6c
10	10.7	23469	6a
8	8.5	23469	6a
6.5	6.8	23467	6b
11.1	11.3	23469	6e
0	0.2	23462	1
13.8	16.2	23467	6a
12.5	13.2	23465	6a
0	2.1	23468	2
14.5	15	23465	6e
4.2	5.5	23467	6a
0.1	0.2	23471	6a
0	0.1	23470	2
3.8	4.5	23469	6c
7	8	23469	6a
5.2	7.2	23471	6b
8.5	9.3	23469	6a
12.1	13.2	23469	6e
3.1	3.8	23469	6a
7	13.8	23467	6a
13.2	14	23465	6b
3	3.1	23469	6c
0.6	4.2	23467	6bc
11.3	12.1	23469	6bc
0.2	0.6	23463	2
7	7.5	23465	6b
0	0.1	23466	2
2.1	3	23469	6b
15.2	16	23465	6e
9.8	10.2	23471	6b
0.6	1.6	23464	3c
0.7	1.5	23471	6a
3	3.4	23465	6a
15	15.2	23465	6e
19.7	20	23467	6b
8.8	9.8	23465	6a
0.6	0.7	23471	6a
5.5	6.5	23467	6a
14	14.5	23465	6bc
7.5	8.8	23465	6a
12	20	15512	14-15e
1.04	2.85	23544	5a
118	138	18214	14-15b
2.9	6.4	23009	4ab
2	3	23540	6e12
2.9	7.5	23548	4ab
0	1.2	23547	2
0.3	1.4	23008	2a
0.6	2	23540	6e1
192	206	15512	14-15b
2.3	2.9	23008	2ca
0	1	23543	2a
10.9	16	21380	14-15e
0	0.3	23538	1
206	260	15512	14-15b
16	52	18214	14-15e
1.2	2.2	23547	2c
8	12	15512	14-15e
1.4	2.3	23008	2ec
8	16	18214	14-15e
52	72	18214	14-15e
72	118	18214	14-15e
0.3	0.6	23539	3d
7.5	10.2	21378	12d
74	120	15512	14-15b
3.3	5	23544	5d
180	200	18214	14-15b
6.4	6.9	21380	14-15e,3
0	6	23541	7e
138	180	18214	14-15e
200	260	18214	14-15b
0	8	23542	2a
2.85	3.3	23544	5e
6	8	23541	7e
120	192	15512	14-15eb
6.9	10.9	21380	14-15e
20	74	15512	14-15e
2.2	2.9	23548	4b
14.7	20	23336	7b
24	27	9543	7ac
1	3.8	9792	7de
0	0.9	1390	2
30.9	51.5	9543	7de1
51.8	53.2	10010	12e
0.4	0.9	976	1
0	5	6970	6d
27	29.5	9543	7ac
49	49.5	9716	12ac
18.9	46.9	9790	9a
2	4	6952	7b
8	28	6968	9a
29.5	30.9	9543	7a
9	11.1	23336	7e
69	70.5	9545	12d1
3	11.5	10128	7c1
0	0.3	915	1
14.9	16.6	23321	7cd
0.7	1.3	23319	1
76	77	11888	9c
0.7	1.5	9537	3
0	1	502	1
26.9	47.5	10011	9a
11.5	12	10129	8a
0.75	2.35	23401	6d1
15	37	7000	7d
44	49.5	9703	6d
0.9	2.3	23247	7c1
1.6	2.95	934	1
1	15	7000	7cd
52	53.5	504	9ac
40	43	9715	9ab
9.15	45.5	931	9a
0	0.4	976	1
0	0.3	9791	1
2.9	3.5	1294	8b1
60	71	6971	9ad
0	0.5	9711	1
37	53	9534	9a
16.5	18.9	9792	7e
7.9	11.1	23321	7cd
1	4	6966	3c
32	36	503	7c
0.4	0.8	1383	2
18	24	9714	7ac
17.7	20	959	9a
0	0.4	1382	1
18.5	21	9543	7c
0.4	1.05	929	1
0	0.3	1295	1
0.5	3.5	10132	7c1
0	0.4	960	1
49.5	57	9699	6a
16.6	34.6	10017	9a12
0.35	0.9	1386	2
0	1	6965	2
0.3	8	9542	3d
0	0.3	10127	2
0.3	2.9	1293	7c1
0.9	13	977	7d
2.95	9.15	935	7c
12.2	14.7	23336	7e
9.4	11	9792	7d
14	21	9538	3
14.4	18	913	9a
0	0.15	9702	1
55.5	62.3	9544	9a
43	45	9715	9ab
41.2	42	9540	9c
6.5	10	9699	6bc
45.1	46.3	10017	9c2
10.8	14	9538	3
8	9	9533	3d
8.9	9.4	23406	8ab1
46.9	50.2	9790	9de
45	82	7003	9a
48.3	49.8	10011	9a
8	16	9543	7ac
21	23.5	9543	7a
0	0.3	1292	1
10	10.8	9538	3
1	8	9533	3e
19.45	22.2	9534	9a
37	41	7001	8bc
11.1	12.2	23336	7d
22.2	29.3	9534	9a
4	8	6967	7d
0	0.7	9537	3
59	60	9703	6e
22	32	503	7a
45	49	9715	9ab
63	64.7	9535	11d1
18.7	19.45	9533	3d
0	0.3	10125	1
16	18.5	9543	7ac
2.35	3.8	23405	7d1
36	40	6992	7d
24	40	9715	9ab
20	25.1	10011	9a
49.5	59	9703	6ab
53	60	9534	9ac
13.6	16.5	9792	7de
0	0.2	23420	2
62.3	63	9545	12d1
36	41	504	9a
36	37	9534	9a
0.3	12	10126	7c1
9.4	12.6	23407	7d1
50.2	51.1	9789	12e
36.2	45.1	10017	9a12
8.2	8.4	10133	8c1
64.7	67.5	9536	12d1
12	61	2864	7d
0.2	0.5	10131	3
9	18.7	9533	3d
1	22	503	7bc
6	7.05	23405	7bc1
0	0.3	9532	1
0	0.4	929	1
0	1	11885	1
0.15	6.5	9699	6e
0	0.4	934	1
48.4	51	10016	12d
25.5	49.5	9699	6bd
47	47.3	10017	9b
0.8	14.4	917	7c
61	80	2860	9a
4.3	18	9714	7ac
0	0.2	23245	1
47.3	48.4	10017	9a2
63	69	9545	12d1
0	0.75	23400	2
5	60	6971	9a
0	0.1	1388	2
10	25.5	9699	6a
0	0.2	10130	1
2	7.9	23321	7d12
0.3	0.8	915	1
0.3	2	10127	2
60	63	9534	9ab
0	0.15	9698	1
62	101	9700	9a
55	55.5	9544	9c
0	0.35	1385	1
21	32	9539	7c1
46.7	47	10017	9c2
1.3	2	23321	7de
39	39.4	9540	9c
0	0.2	23335	1
3.5	6	10132	7ac
0.7	9	23336	7d
11	12	9792	7de
1.75	4.3	9713	6c
57	62	9699	6bd
0.3	3.4	1296	7c1
23.5	24	9543	7e
45.5	49	931	9c
29.3	35.3	9534	9a
1.05	13	930	7c
0.5	1.75	9712	2
4	70	11886	6d
32	39	9540	9a
41	42	504	9ac
6	8.2	10132	7c1
0.15	5	9703	6e
11.1	13.8	23321	7c
3.8	9.4	9792	7d
7.05	8.9	23405	7d1
13	18	928	9a
2	36	6992	7d
1.6	17.7	961	7c
0	0.3	9541	1
12.6	15	23407	7b1
5	25	9703	6a
0.2	2.1	23420	2
35.3	36	9534	9c
46.3	46.7	10017	9b2
46.2	57	23457	11d1
42	52	504	9a
4	12	2863	6d
0.4	1.6	934	1
71	72	6971	9b
0.2	0.9	23246	3c
77	80	11888	9ab
13.8	14.9	23321	7a
49.8	51.8	10011	9d
47.5	48.3	10011	9b
0	0.4	23319	1
1.5	10	9538	3
0	1	6999	1
51.5	55	9544	9a
42	46	9540	9a
25	44	9703	6bd
2	3	10127	2
2.1	10	23421	7d1
0.3	1	9791	1
0.3	1	9532	1
70	76	11887	7ac
59.5	60	505	11d
0	4	2862	3
0	2	6991	3
0	2	6951	1
53.5	59.5	504	9a
34.6	36.2	10017	9b
0.1	0.5	1388	2
0.4	1.6	960	1
12	13.6	9792	7b
0.4	0.7	23319	1
3.8	6	23405	7d1
39.4	41.2	9540	9a
40	81	6993	9a
0.2	0.7	23335	1
46	46.2	9540	9c
1	4	11886	6bc
25.1	26.9	10011	9c
41	45	7002	7cd
3.5	5	23652	6d12
0.05	0.8	23516	1-2
1.3	1.8	4616	6b
1.7	3.7	23249	6bc
22.1	22.6	23240	7b
6.8	7.1	23244	7ac
1.5	2.2	23641	7c
12	12.6	23242	7c
15.4	20	23250	7de
3.7	5.6	23249	6cd
7.1	7.5	23244	7d
0	0.35	23659	2
13.3	15	23244	7b
3.7	3.8	23553	8b1
1.6	7.7	23504	7d1
51.7	54	10018	12d
5.3	6.5	23244	7c
8.25	9.45	23666	6bc12
0.07	0.5	23524	1-2
8	10	23668	6bc12
3.8	5.3	23554	7e12
0	0.4	23630	1
1.45	8.25	23666	6de2
1.3	2.6	23522	6d1,3
18	19	23227	7d
0.8	1.9	23529	7d1
0.3	6	23483	6d
8.4	11.4	15356	9a
1.1	2.1	23664	6d1
18	19	23234	7c
10	10.8	23629	6c
0.95	1.8	23536	3
10	18	17084	9a
2.2	5.4	23632	7c
5.5	10	23652	6e2
0	0.3	23653	2
6.5	6.8	23244	7c
0.4	1.3	4615	3
0	0.35	8773	1
0	0.08	23520	1-2
7.7	15.4	23250	7d
0	0.6	23639	1
4.9	5.5	23226	6c
11.25	12	23237	7c1
0	0.05	23535	2
0	0.3	23498	2
8.3	12.2	23244	7a
0.8	1.45	23666	6e12
38	39.4	9568	9a
1.6	3.6	23507	7d1
0.9	1.65	7119	6c1
1.8	8	9572	7c
1.4	4	23668	6d12
2.6	4	23523	7d1
32	42	17083	12c
0	0.3	23486	1
13.8	16.2	23237	7c
13.4	38	9568	9a
6	12	23483	6bc
1.7	7.3	23479	9a
7.9	8.3	23244	7c
10.8	12	23629	6c
0.3	16	23481	7-12
1.1	2.6	23672	6d1
0.6	1.1	23664	6d1
0.45	2.1	23656	6d1
12	13.8	23237	7c
5.8	8	4616	6e2
16.5	24.6	16943	9c
0.1	0.6	23502	2
14.8	17.4	23226	6b
0	0.4	23528	2
0.4	0.8	23528	2
7.1	8	23673	7c1
0	0.2	3395	2
1.65	3	7119	6d12
0.05	0.6	23512	1-2
1.85	2.5	23652	6a
0	0.4	23484	1
0.65	1.5	23634	2
0	0.65	23642	1
1.9	4	23527	7d1
2	3.5	23551	6a1
4	4.7	23500	4a
1.8	3	23493	6b
20	22.1	23240	7d
0.35	0.6	23508	2
0	0.1	2492	2
7.8	9.8	23242	7c
7.05	8.6	2491	9b
2.9	3.3	23236	6c
24.6	26.8	16943	9b
0.4	1.1	23532	2
5.1	7.1	23672	6d12
0.3	1.1	23505	2
3.7	8	23488	6d2
2	7.05	2491	9ac
7.5	7.9	23244	7c
42	50	2786	12de
22.6	28	23240	7d
0.4	1	23484	1
28	32	17083	12d
4.7	5	23501	6d
0	0.16	2450	2
0.6	1.7	23646	7ac
0	42	2788	7cd
4	8	23668	6de2
0	0.9	23667	2
20	47.2	10019	9a
1.8	2.7	4616	6a
0	0.1	23502	2
1.5	3	23239	6c
0.3	1.7	23478	6b
0	8	23474	12d
0.15	0.4	23657	2
2	2.4	23497	6b
8	13.4	9572	7d
2.6	5.1	23672	6c1
0.1	0.8	2492	2
0.65	1.3	23658	6d12
14.3	19.2	16963	9c
5.8	9.05	23628	2c
9.05	9.4	23629	6c
0.4	1	23485	1
3	3.8	23511	7c1
3	4.05	7119	6b2
0.6	1.6	23503	3d
0.9	1.9	23526	6d1,3
16.2	17.2	23237	7c
0.55	1.3	23521	3d
0	1.2	23243	1
0.4	0.65	23657	2
5.4	5.8	23632	7c
0.1	0.15	23495	2
12.4	14.7	23233	6b
0.2	2	23550	3
2.7	12.4	23233	6a
0.4	2.2	23631	2
12.7	13.3	23244	7a
0.3	2.8	23654	6d1
0.4	1.8	23492	3c
10.5	10.75	23239	6b
2.2	2.6	23641	7a
4	52	23476	7de
0	0.07	23524	1-2
3.5	3.7	23552	7d12
1.2	5.3	23244	7c
1.1	1.6	23506	3d
2.4	2.9	23236	6c
0	0.4	23532	2
0	0.05	23512	1-2
1.5	4	23226	6ac
0.2	1.8	9571	3d
0.4	0.65	23661	2
9.8	12	23242	7c
1.2	3.4	23488	6a
0	0.4	4614	1
0.77	5.48	2451	6d1
1.6	8	3396	7d1,3
11.4	16	15356	9a
0.65	1.5	23643	2
18	24	17084	9e
0	0.4	23663	2
0.1	0.4	23491	2
0	0.3	23480	1
1.1	5.8	23628	2c
39.4	41	9568	9a
0.6	1.5	23509	3d
0	0.3	23670	1
0	0.65	23633	1
1.7	2	2493	7a12
10.75	14	23239	6a
19.4	20	23240	7c
14.7	18	23233	6b
8.6	21.3	2491	9a
1	3.2	16963	9a
5.48	9.1	2451	6bc
0.08	0.55	23520	1-2
0	0.3	23477	1
1.2	2.2	23662	6d1
0.6	1.5	23640	2
0	1.2	23241	1
0	10	23472	6d
0	0.05	23516	1-2
47.2	51.7	10019	9ac
9.1	10.5	2451	6bc1
0.5	0.8	23666	6d1
3	10.5	23239	6a
18.6	19.4	23237	7a
3.3	4	23500	4b
0.6	1.1	23513	3d
17.4	18	23227	7bc
0.7	1.7	2492	2
7.4	7.8	23242	7a
0	0.4	23661	2
0	0.3	23505	2
17.2	18.6	23237	7c
1.3	3.3	23499	3d
5.8	7.6	23632	7a
52	74	16987	9a
5.3	5.5	23554	7d1
1.1	2	23518	6d1,3
3.75	11.25	23236	6c
0.6	1.5	23637	2
7.6	8.4	15356	9a
0	0.6	23645	1
8	10.2	23488	6c2
0.5	0.9	23525	3d
16	17.8	15356	9a
1.1	2.3	23660	6d1
15	19.2	23244	7c
3.7	3.9	23515	7c1
0.3	1.3	23498	2
2.8	3.9	23519	7c1
2.2	2.6	23635	7ac
0	1.1	23627	1
0.4	1.7	23248	1
0	0.5	23665	3
3.4	3.7	23488	6d1
4.9	7.4	23242	7c
6.1	14.3	16963	9a
1.5	2.6	23638	7c
0.8	0.95	23536	3
1.1	2.3	23533	7d1
1.3	2.5	23658	6d1
24.9	26.3	16962	12e
0	0.4	23248	1
1	16.5	16943	9a
1.5	2.3	23510	6d1,3
0	0.1	23490	1
1.1	2.1	23514	6d1,3
0.3	1.2	23487	3
1.1	2.4	23236	6c
1.4	2.7	23233	6c
0	1.1	23235	1
0	0.2	23549	1
4.4	5.8	4616	6e12
17.8	18.4	15356	9a
14	14.6	23242	7d
6	12	23226	6ab
0.65	1.2	23662	6d1
0	4	23475	6d
24	28	17084	9a
0.35	1.1	23660	6d12
2.7	4.4	4616	6b
1.5	2.2	23635	7c
19.2	19.8	23244	7d
18.4	20	15356	9a
14	19.4	23239	6b
12.6	14	23242	7c
0.16	0.77	2450	2,3
0	0.4	23485	1
2.3	3	23511	7d1
1.2	4.9	23242	7c
20	22	23234	7d1
0	0.3	23482	1
0.15	2	23496	3b
3	3.1	23493	6e
0	0.35	23508	2
0	0.1	23494	1
0	0.2	9570	1
0.9	1.4	23668	6e12
0	1.85	23651	2
12	12.7	23226	6b
19	20	23234	7c
0.05	0.8	23535	2
1.5	2.6	23644	7a
0.4	0.6	23663	2
0	1.5	23225	1
10.2	14.5	23489	7d1
0.8	1.1	23517	3c
0	1.5	23238	1
9.4	10	23629	6ac
0	0.6	23636	1
12.2	12.7	23244	7c
2.1	3.7	23515	7d1
0	0.45	23655	2
0.3	1.1	23671	3
5.5	6	23226	6ab
5	5.5	23652	6d2
19.4	20	23237	7a
3.2	6.1	16963	9c
0.35	0.55	8774	3
19.2	24.9	16963	9b
3.3	3.75	23236	6c
2.5	3.5	23652	6d1
10	10.7	23669	7c2
12.7	14.8	23226	6b
0	0.15	23657	2
0.2	1.6	3395	2
5.5	7.7	23249	6d
26.8	30	16943	9a
2	2.8	23519	7d1
4	4.9	23226	6a
49.8	50.3	10021	9cd
40.7	44.5	10013	9c2
1.1	1.4	23713	2
0	0.4	23698	1
2	6	23647	7d
1.3	7.6	13268	2
7.3	8	23704	7d1
9.2	12	23727	7c1
14	36	15233	9a
4.9	11.5	23718	8d1
2.3	8	23714	7c1
7.1	8	23712	8a
22	28	23647	7c
17.1	17.5	10015	7d2
0	0.3	23817	1
0	2	23648	2
11.5	13.2	23719	7c1
4	4.9	23808	7e2
34	58	15539	9ad
0	0.2	23749	2
1.9	4.7	23790	7c
1.2	1.9	23789	2
14.9	17.1	10015	7de
2.6	5	23707	7c1
0	0.6	13268	2
6	22	23647	7c
78	86	10035	12d
0.3	1.3	926	1
50.3	52	10020	12e1
0.5	1.3	23710	2
2	4	4672	7b
50	52	3392	9a
33.3	34.4	10013	9b2
0	0.3	926	1
0.3	1.1	23724	3
0	0.2	23765	2
0	1.1	23692	2
0	10	23053	7ac
4	5	23818	7d1
88	98	10035	12a
18	50	15318	9a
9.5	11.2	23736	7d2
1.2	13.05	941	7d
0	2	4671	2
0.6	1.2	23729	7d,3
86	88	10035	12d
34	38	23647	7ac
2	6	23649	6d
0.9	2.2	23700	3
0	0.04	23745	1
1.1	1.8	23725	7d,3
52	58	3392	9ad
0.4	1.1	23716	3
3.2	8.4	23701	6e2
0.8	1.3	23735	6e1
2.5	5.5	23693	7d1
1.1	1.6	23811	6a1
5.5	6.5	23697	7c1
1.3	11.6	927	7c
8	26	10036	9a
0.4	1.9	23799	3c
0	0.2	23741	1
3.9	12	23740	7c1
6.2	14.9	10015	7cd2
0.3	1.7	23818	7d1,3
0	0.5	10014	1
49.2	49.5	10021	9cd
17.8	33.3	10013	9a1
4	8	4672	7a
0.5	2.9	23708	2
13.4	14.8	23790	7c
1.1	2.1	23717	7d,3
11.5	13	23732	8c1
8.9	11.5	23731	7c1
4.5	12	23744	7c1
2.6	4.5	23744	7d,3
0.4	0.9	23771	3c
0	0.3	23809	1
8.9	14.7	23748	7d12
0.3	0.7	23745	1
4.1	7.1	23711	7c1
0	0.4	23798	1
1.7	4	23818	7d1
1.2	4.5	23729	7d1
66	70	10035	12e
38	44	10036	9a
0.3	1.1	23810	3c
48	50	3392	9a
0	2	23650	6d
15	16	957	7d
10	34	23053	7e
1	1.35	23807	5a
2	6	3394	7d
2.8	3.9	23740	7d1
5.8	7.5	23722	7d12
1	3.6	23804	7d1
0.04	0.3	23745	1
2	6	23650	6a
0.4	1.2	23788	1
1.9	2.6	23743	6c1
0.8	1.8	23750	7d1
0	0.5	23710	2
4.1	4.3	23801	7d1
0	0.4	23694	2
44	46	3392	9ac
0	2	23647	7a
26	38	10036	9b
2.2	3.2	23701	6e12
0	0.1	23737	1
58	60	3392	9a
0	0.6	23728	1
3.3	4.1	23800	4a
1.3	4.1	23710	2
0	0.2	23733	1
2.3	3.5	23812	7d1
6	14	15233	9a
6.6	13.4	23790	7c
1.6	2.6	23706	6d1
0.2	0.7	23741	1
1.7	8.9	23748	7d1
0	0.8	23702	2
2.9	4	23709	6d1
0	6	23751	6e
0.6	1	23804	7d1,3
1	2.3	23767	7c1
40	44	3392	9bc
48	66	10036	9a
0.5	1	23806	3d
1.4	2.3	23713	2
16	16.7	957	7b
0	0.4	23770	1
19.2	49.2	10021	9a
0.3	0.6	23803	3d
17.5	17.8	10015	7d2
0.2	1	23766	3c
34.4	39.1	10013	9a1
16.7	18.2	957	7d
1	5	23793	7d1
7.6	9.5	23736	7d12
6	8	23650	6ab
46	48	3392	9b
0	0.4	23713	2
1.2	1.9	23743	6e1
2	6.2	10015	7d12
3	4	23808	7d2
7.6	12	13267	9a
49.5	49.8	10021	9a
0	0.8	23720	2
0.3	1.4	23795	3d
4.7	6.6	23790	7de
3.6	5.4	23804	7d1
11.6	16	924	9a
0.5	1	23793	7d1,3
8.4	9.4	23701	6c2
0	0.5	23805	1
44	48	10036	9b
0.4	0.9	23699	2
2.3	2.9	23797	7d1
6.95	8.9	23730	8c1
0	0.3	23802	1
1.1	2.5	23693	7d,3
2.9	4.5	23797	7d1
4.5	6.95	23729	7c1
2.5	7.6	23736	7d1
1.1	1.7	23747	6e1
6	34	3394	7e
0	0.2	940	1
0	2	3394	7d
14.8	19.2	23790	7bc
0.4	1.1	23713	2
1.5	4.7	23695	7d1
28	34	23647	7c
1.8	7.1	23725	7d1
0	0.55	955	1
0.7	1.2	23742	3
3.1	5.8	23722	7d1
6	8	23649	6e
1.4	2.3	23796	6a
0.55	1.05	955	1
13.05	20	941	7c
0.2	1.2	940	1
1.9	3.3	23800	4b
0	0.4	23705	2
3.1	3.2	23769	7c1
0	0.3	23794	1
12.9	15	957	7bc
0.8	3.1	23721	6e1
0.2	0.8	23734	3
2.3	3.1	23768	8c1
1.05	12.9	957	7c
0.5	2	10015	7d1
1.6	2.3	23812	7d1,3
0.9	2.3	23772	7c1
0.4	1.5	23694	2
0	0.4	23715	1
70	78	10035	12d
11.2	14	23736	7c1
0.8	7.3	23703	6d1
2.1	3	23808	7d12
0	0.5	23792	1
1.35	2.1	23808	7d1
7.1	9.2	23726	8c1
0.4	1.6	23705	2
0.5	0.9	23738	3
0.9	2.8	23739	6e1
4.7	5.5	23696	8d1
0	0.5	23708	2
2.1	4.9	23717	7d1
34	38	3394	7be
0.1	0.5	23737	1
18.2	20	952	9a
0.2	1.8	23750	7d,3
39.1	40	10013	9cd2
8	18	23649	6c
44.5	48	10012	12e1
0.7	1.1	23746	3
38	40	3392	9ac
40	40.7	10013	9bc2
0	0.4	23788	1
1.3	2.5	23736	7d,3
7.5	12	23722	7c1
0	0.3	23723	1
0.6	1.3	13268	2
11.7	13.5	23755	7b
14.3	15	23755	7b
18.9	23.6	23755	7
17.3	18	23755	7bc
5.6	11.7	23755	7c1
16.5	17.3	23755	7bc1
18	18.9	23755	7c
15.5	16.5	23755	7c
15	15.5	23755	7c
13.5	14.3	23755	7b
0	0.1	23844	1
4.2	7	23830	7c1
0.7	2.7	23861	6d
0.3	0.7	23865	1
1.1	4.2	23830	7d1
0	8.1	23834	6e2
0	0.4	23824	1
0	0.25	23854	5b
10.4	15	23853	6b
9.65	18.2	23852	6b
6	8.5	23861	6e
0.9	2.4	23846	6e1
13.55	25.2	23855	6be
0.7	8.4	23866	6c
1.1	8	23851	7d1
6.5	13.55	23855	6d12
0	11.7	23835	6e2
2.4	6	23827	7d1
5.3	9.65	23852	6d12
5.2	7.6	23864	7e
0.1	0.5	23849	2
0	5.4	23853	6e2
0.5	1.1	23850	6e1
7.6	8	23864	7e
0.25	6.5	23855	6e2
0	0.2	23841	1
0.2	1.6	23842	2
0	0.1	23848	1
0	0.3	23865	1
8.4	10.2	23866	6ac
0.1	0.8	23845	2
2.7	6	23861	6ac
0.4	1.4	23825	3
9.1	29.4	11438	9ab
8.5	23.7	20863	9ac
1.6	3.2	23843	7d1
3.2	8	23843	7d1
25.3	26	23852	6d12
1.4	2	23826	6a
0	0.4	23828	2
0.2	0.7	23860	1
18.2	25.3	23852	6e2
0.9	5.2	23863	6e
2.4	8	23847	7d1
0	0.9	23862	1
5.4	10.4	23853	6d12
8	9.1	23864	7d
0	5.3	23852	6e2
2	2.4	23826	6e12
0	0.2	23860	1
0.4	1.1	23829	3
0	67	24100	6-11
0.5	4.2	24225	7d
27.8	29.5	24227	12d
4.2	8.6	24226	9ab
11.1	24.6	24226	9ab
29.5	30	24228	14-15b
9	11.1	24226	9ab
24.6	27.8	24226	9ab
8.6	9	24226	9ab
0	0.5	24224	1
1.1	1.7	24154	7d1
0	0.4	24152	1
1.5	1.7	24239	7d,3
0.6	1.8	24176	3d
1.7	2.2	24239	7d1
2.3	2.6	24174	7d1
0	0.3	24166	1
0.3	1.5	24156	3d
0	0.6	24175	1
2.2	2.4	24177	7d1
0.4	1.1	24153	3d
0.2	1.5	24173	3d
1.5	2.3	24174	7d2
0.3	1.9	24167	3d
0	0.2	24172	1
2.2	2.5	24168	7d1
0	0.3	24155	1
6	11.5	24144	7d
0	0.7	24157	2d
2.7	4	24151	7c
34.5	35	24149	11d
17.4	19.7	24145	11
21.3	22.6	24145	11d
13.8	14.5	24145	11bc
8.3	12	24081	12c
23.2	25.9	24145	11d
2	2.7	24162	7d1
29	30	24145	11c
17.2	17.4	24145	11b
1.2	1.7	24159	7d12
1.6	3.3	24078	7c
11.5	12.5	24145	11d
13	13.4	24145	11d
0.4	1.4	24143	3d
9	10	24151	7c
15.6	16.5	24145	11d
0	0.8	24150	2ab
0.2	1.6	24077	1
0	0.3	24160	1
12	15	24081	12c
2	3	24148	7d
5	9	24148	7d
14.8	15.2	24145	11d
8	9	24151	7c
1.4	3	24144	7c
0.3	1.4	24161	3d
4	5.5	24151	7a
3.3	3.7	24078	7d
20.4	20.7	24145	11c
7.6	7.8	24080	11b
25.9	28.5	24145	11c
0	1	24146	1
5.5	8	24151	7c
22.6	23.2	24145	11
32	33	24145	11d
1.7	2.2	24159	7d1
9	11.6	24149	11d
7.8	8	24080	11bc
11.6	13	24149	11bc
0	0.4	24142	2ac
33	34.7	24145	11c
0.7	1.2	24158	3d
1.4	2	24162	7d2,3
3.8	6	24144	7c
3	3.8	24144	7d
34.7	35	24145	11d
17	34.5	24149	11c
30	31.2	24145	11bc
3	5	24148	7c
16.5	17.2	24145	11c
19.7	20.4	24145	11d
31.2	32	24145	11ce
28.5	29	24145	11bc
1	1.3	24147	3d
8	8.3	24081	12c
13	17	24149	11d
0.8	2.7	24150	2d
3.7	7.6	24079	9a
0	0.2	24077	1
15.2	15.6	24145	11c
12.5	13	24145	11c
13.4	13.8	24145	11c
14.5	14.8	24145	11c
20.7	21.3	24145	11b
1.3	2	24147	3d
6.4	8	23941	7d2
0.3	0.9	23936	3
0	0.3	23935	1
0	0.3	13316	1
0.3	1.3	13317	3
1.3	4	13318	6e1
4.9	6.4	23941	7d12
2.2	2.5	23944	6c
9.6	10	23945	7d2
0	0.4	23942	1
4	5.1	13335	7d1
0.8	1.7	23939	3
2.5	4.9	23944	6e1
1.7	3.8	23940	6e1
5.1	12	13315	9a
0	0.8	23938	1
0.9	6	23937	7c1
0.4	2.2	23943	2
4.9	9.6	23944	6e2
3.8	4.9	23940	6e12
6	14	18325	9a
0	0.3	23986	2
5.7	6.5	24001	7d12
4.6	6.7	24007	7d1
0	4	7076	6d
0	0.1	24008	2
6.3	7.8	23982	6d2
0	0.25	4820	1-2
0.9	1.3	23994	7d,3
0	0.1	23957	2
0.25	0.7	4820	1-2
1.65	8.1	13172	2
0.15	0.4	23995	2
0	0.6	23981	2
1.2	16.7	23956	7c1
4.8	5.7	23979	6d2
6.7	7.9	24007	7e12
6.5	9	24001	7d2
30	47	13196	6e
1.45	2.75	8748	7c1
2	2.5	23982	6d1
47	62	13195	9a
0.5	6	24009	3
0.7	1.45	8747	2
0.25	3.3	23984	2
6	7.6	23994	7d12
0.6	2	23982	6d1
20.3	24.8	23985	7c1
5.2	6.5	23984	2
0.3	0.5	23986	2
0.4	1.4	23996	6d,3
8.7	21.3	13171	9a
12.5	20	23958	7ac
0.1	0.4	24005	1
0	1.65	13172	2a
2.75	5.42	8748	7c1
86	99	7077	12d
1.3	10	23988	7d1
2.5	6.1	23997	7d1
4.9	8.2	4822	6a
0	0.05	23955	2
0.1	0.5	24008	2
1.7	4.9	4822	6b
4.05	4.8	23979	6d2
8.2	9	4822	6d12
0	0.3	23959	2
0	0.25	23984	2
16.7	20	21406	9a
8	26	7076	6d
5.42	20	8748	7d12
0.1	1.1	23957	2
6.8	7.2	23979	6d2
0	0.7	8747	2
0.8	4	23960	6a
0.3	0.5	23992	2
0	0.3	23998	2
22	28.8	13170	11a
1.3	6	23994	7d1
0	0.1	24005	1
7.2	8	23980	7c1
28.8	29.8	13170	11d1
1.9	2.5	23979	6bc
6.7	10.2	24007	7d1
0.5	0.9	23993	3
3.3	5.2	23984	2
10.2	15	24007	7c1
3.6	6.3	23982	6e2
0.4	4.6	24006	6e1
21.3	22	13173	10d1
0.7	1.7	4821	3d
0.3	2.35	23999	3
0.35	0.9	23978	2
6	30	13196	6d
10.4	12	24001	7d1
46	86	7074	9a
5.7	6.8	23979	6d2
26	46	7076	6e
1.1	12.5	23958	7c1
0	0.3	23992	2
2.5	4.05	23979	6e
2.35	3.1	24000	6d1
10.3	12	23983	8ab1
8.1	8.7	13172	2
4	8	7076	6e
7.8	10.3	23983	8ab1
0.05	1.2	23955	2
0.3	0.8	23959	2
0	0.15	23995	2
6.1	12	23997	7d12
6.5	20.3	23984	2
0.5	1.3	23987	3
2.5	3.6	23982	6d1
0.9	1.9	23979	6d1
0	6	13196	6c
9	10.4	24001	7d12
24.8	30	17955	9a
0	0.35	23978	2
1.4	2.5	23996	6d1
3.1	5.7	24001	7d1
7.6	9.2	23994	7d1
9.2	12	23994	7d12
1.8	3.6	24186	2
0.9	1.6	24065	7d,3
2	3	24070	2
0	0.3	24186	2
4.7	10	24183	7d2
4.1	5.8	24105	2
4	4.7	24050	7c1
22	25	13120	9a
18	22	13120	9a
0.5	1.8	24055	3
3	7.1	24071	7d12
21.3	25	13106	9a
1.1	8	24053	6b1
2.1	2.4	24068	6c1
0	0.15	13107	2
0.3	1.1	24052	3
0.4	7.4	13103	2
0.9	3.1	24181	7d1
0	0.3	24042	1
21.8	24	13102	9a
1	2	24047	7d1,3
0.15	0.6	24104	3
16.3	19.1	13107	2c
0.3	0.5	24190	3
0.3	1.1	24039	4b
0	0.1	24066	2
0	0.9	24180	1
4.2	5.3	24047	7c1
8.1	15.1	13107	2c
1.1	1.6	24062	7d,3
16	20.1	13103	2
0.1	1.1	24061	2
20.1	21.5	13102	9a
11.7	17.5	13123	2
1.1	3.3	24039	4a
2.4	4	24050	7d1
0	0.2	24048	1
8.1	16	13103	2
0.9	2	24070	2
0	0.15	24103	1
0	0.1	24063	1
7.1	10	24071	7c1
1	2.5	24191	7d,3
0.2	1	24046	3d
0.1	0.4	24066	2
1	2.4	24050	7d1,3
1.6	12	24062	7d1
0.1	1.1	24182	1
7.4	8.1	13103	2
0	0.3	24038	1
0	0.4	24057	1
15.1	16.3	13107	2c
21.5	21.8	13102	9a
0.2	1	24049	3d
0.3	1.15	24186	2
0.4	1.9	24058	3
1.9	5.5	24059	7e1,3
1.15	1.8	24186	2
24	25	13102	9a
0.1	0.9	24064	3
0.1	0.25	13103	2
2	4.2	24047	7d1
0	0.2	24045	1
0	0.3	24051	1
0	0.3	24189	1
2.1	6	13107	2b
0.4	1.4	24067	3
0	0.1	24061	2
1.8	8	24056	6b1
0.3	2.8	24043	4c
1.6	12	24065	7d1
0	0.5	24054	1
2.1	4.1	24105	2
5.8	12	24106	7c1
0.6	2.1	24105	2
3.1	6	24181	7d2
4.7	6.4	24187	6e1
0	0.7	24044	1
0	0.3	13123	2
5.5	9	24060	8b1
0.5	1	24190	3
6	8.1	13107	2c
2.4	10	24069	7d1
6.4	7	24188	7d1
0.3	11.7	13123	2
0.25	0.4	13103	2
0.15	2.1	13107	2c
1.1	4.7	24183	7d1
17.5	18	13123	2
0	0.1	24182	1
3.6	4.7	24186	2
0	0.9	24070	2
0.7	2	24044	1
0	0.1	13103	2
2.5	10	24191	7d1
19.1	21.3	13106	9b
1.4	2.1	24068	6d1
2.8	3.3	24043	4a
3.2	4	24308	7d
0.1	0.4	24209	2
0.2	2	24271	2
0.1	0.7	24213	2
1.8	2.8	24203	6c12
0.55	1	24257	6a
0.3	3.4	24196	6d1
2	2.8	24272	7c
0	0.5	24260	1
0.3	0.6	24304	3d
12	14	24279	7d12
3.4	4.4	24201	7d1
0	0.5	24200	1
0.3	1.2	24199	7d,3
6	6.56	24257	6ad12
3.4	4.4	24197	7d1
1.7	3.4	24201	7d12
5.7	8	24211	7d1
0	0.4	24291	1
0.25	0.55	24310	2
11.8	20	24277	7d12
4.2	20	24216	7d1
0	0.8	24263	2
0	0.15	24278	1
5	10	24269	8ab
3.2	4.3	24305	7d
1.65	2.2	24308	7b
0.25	3.55	24313	7d
0.7	1	24214	3
14	20.5	24279	7d12
1	2	24279	7c1
0.3	1.8	24203	6d1
1.8	3.2	24305	7c
0	0.1	24208	1
2.2	3.2	24308	7c
3.6	4.4	24199	7d1
4	8	24279	7d12
0	0.25	24309	1
0	0.4	24266	2
1.9	2.4	24275	7c,3
0	0.2	24270	1
0.15	1	24279	7d12
8	12	24279	7d2
0	0.3	24195	1
4	5.5	24222	7c1
0.3	0.8	24219	3c
0	0.3	24303	1
10	11.8	24277	7c12
0.4	6.2	24299	7c
4.7	5.7	24210	6a
0.8	3.5	24220	7c1
0	0.2	24273	1
0.5	1.4	24261	3d
1.2	3.6	24199	7d12
2	4	24279	7c12
6.56	9	24257	6d1
3.57	6	24257	6ac
0	0.4	24298	1
5	10	24265	8a
0	0.1	24212	1
0.3	1	24307	3d
1.5	1.8	24305	7c
0.8	5	24264	7c1
2.4	2.7	24275	7c
0	0.3	24198	1
1	1.65	24308	7d
3.6	5	24268	7c1
0.19	0.55	24256	1
0.4	3.6	24267	3
6.48	10	15534	9ab
0.55	3.5	24311	7d
0.6	1.5	24305	7d
0	0.19	24256	1
1.4	6.48	24262	7c
5.5	6.2	24223	8ab
0	0.3	24306	1
3.5	4	24221	8ab
0	0.3	24202	1
0.5	1.7	24201	7d,3
2.8	4.4	24204	7d1
0	0.3	24218	1
1	3.57	24257	6ac
0	0.25	24312	1
5.2	7.8	24277	7d12
7.8	10	24277	7c1
0.2	1.9	24274	2
0.8	5.6	24296	7c
0	0.15	24276	1
0.4	0.8	24292	2
0.4	4.7	24209	2
1	4.2	24215	6a
0.15	5.2	24277	7c1
0.4	1.4	8761	3b
1.4	4	8762	6b
0.3	0.7	24337	3
0	0.25	8763	2
0	0.9	24330	2
0.1	0.4	8760	2
0	0.3	24332	1
0.9	3.75	24331	7d1
0.25	0.4	24340	3
1.5	4.9	24324	7c
0.4	4.1	24318	7d
0	0.85	24328	2
0	0.3	24336	1
3.85	9.5	24331	7c1
1.25	1.65	8763	2
1.65	2.45	8763	2
0.2	1.3	24326	3
0.2	0.7	24320	3
0.7	4	24338	7d
2.9	4	8759	6c
0.2	1.5	24323	3d
3.75	3.85	24331	7b12
0	0.2	24322	1
0.25	3.9	24315	7d
0.25	1.25	8763	2
1.3	4.8	24327	7c
0	0.2	24316	1
0.7	5	24321	7c
0.85	2.2	24329	7d1
0.7	1.5	8758	2
0.3	0.55	24333	2
0.2	0.4	24317	2
0	0.2	24325	1
0	0.25	24314	1
0	0.7	8758	2
1.5	2.9	8759	6b
2.45	5	8764	6b
0	0.25	24339	1
2.2	7.8	24329	7c1
0.55	1.5	24334	6d
0.4	4	24341	7d
0	0.1	8760	2
1.5	3.55	24335	7d
0	0.2	24319	1
0	0.3	24381	1
0.9	1.6	24390	7e2,3
0.9	4	11604	9a
1.3	1.45	24378	4a
0	0.3	24412	7d1
3	3.4	24380	7e2
0	0.1	24407	2
0.3	1.3	24377	3
0.7	1.3	24370	6c12
4.7	5.8	11603	11c1
4.9	6.5	15390	11d1
1.1	3.7	15397	11c1
3	4.5	10059	11c1
0	0.9	24414	7d1
3.2	3.4	24390	7e1
0.08	0.4	24403	2
0	0.3	24416	1
0.7	1.7	24372	3c
0	0.4	24388	1
1	1.8	24387	7d,3
0.3	1	24382	2
2.2	4	15293	11c1
1.2	4.4	24404	6d1
1.3	3	24370	6c12
1.9	2.6	24408	6d12
0	0.7	24371	1
2.7	5.1	11601	9a
0.3	0.6	24407	2
3	3.6	24348	6e2
0.5	5.8	24364	7d1
1.8	8	24387	7d1
1.8	8	24385	7d1
0.2	0.5	24386	1
0.3	2.7	11601	9ac
0.8	1.1	15398	9a
0	0.6	24347	1
0	0.8	24413	7d1
0.5	1.1	24410	2
0.4	0.7	24369	3
4.4	6.2	24404	6e12
4.5	6.3	15392	11c1
1.6	3.2	24390	7e1
2.5	3	10060	9a
4.3	4.5	15393	9a
1	2.5	24418	7d12
1.1	3	24411	6a
0.4	1.2	24403	2
0	0.3	24376	1
2.6	5.5	15402	11c1
0	0.2	24386	1
0.2	1.1	24384	1
0	0.9	24415	7d,3
0.4	0.9	24389	3
0	0.5	24363	1
2.7	4.3	24415	7d1
0.6	1.1	24407	2
0	0.05	24410	2
2.7	4.7	24417	7d1
0.9	3	24348	6bc
0.6	0.9	24347	1
3	5.2	24411	6e1
0.2	0.4	24368	2
2	2.3	24383	6a1
1.9	2.6	15403	9ac
2.6	5.3	24409	7e12
1.1	1.8	24385	7d,3
0	1.9	15403	9a
1.6	2.7	24417	7d12
0.5	1	24386	1
0	2.2	24419	7d1
0	0.2	24367	1
4	4.7	11604	9ac
0	0.08	24403	2
0	0.2	24384	1
1	2	24383	6a1,3
0	1	24418	7d1
0.05	0.5	24410	2
1.1	1.9	24408	6a
0.9	2.7	24415	7d12
0.3	1.6	24417	7d,3
4.7	4.9	15391	9a
1.45	3	24379	6e1
6.2	14	24404	6e2
5.1	5.9	11600	11c1
0.1	0.3	24407	2
2.7	3.5	3476	3d
0	0.8	24494	3c
3.3	6	24513	7d1
4	7.1	24489	6d12
0.6	12.5	987	7d
7.1	10	4777	6e12
11	11.9	1008	7c
3	5	4774	6e2
3.2	3.6	24487	6e2
0.15	2.5	4773	2c
0	0.1	24544	1
5.9	12	850	7c1
1.4	1.8	24525	7c,3
0.25	0.7	981	1
0	0.4	24441	1
6.3	9.8	993	7ac
6	6.3	6815	4ac
0	0.3	3474	1
0	0.5	24480	5d2
0.5	3.2	6815	4ab
3.5	8	3477	7e1
9.8	12.2	993	7d
1	4.1	24493	7c1
5.5	6	6815	4c
0.8	2	24504	8d2
0.7	1.6	24543	7c,3
0.2	0.4	24539	3
1	1.9	24508	7d,3
12	12.2	973	7d
1.4	3.3	24431	4ac
8.9	10	15370	9a
1.6	4.2	24543	7c1
8.2	8.9	15370	9b
1.1	3.3	24511	7d1
0	1.5	24490	3c
0.4	1.6	7098	3c
2	3.1	24435	7d,3
0	0.2	24509	1
0.4	10.2	24485	6b2
0	0.3	24502	1
5.9	7.1	4776	2c
0	1	24529	1
0.95	2.5	24514	2
1.3	1.4	24430	2
0	0.3	1007	1
0	0.2	24428	2
0	0.5	3472	1
16.2	17.1	24483	6d2
0.35	0.8	970	1
0.15	0.95	24514	2
0.3	0.95	1007	1
0	0.25	24497	1
0	0.15	24514	2
1.1	6.9	896	6d1
0.7	4	24489	6d2
0	0.65	370	2
0.6	1.6	24487	6d2
3.1	5.9	850	7d1
6.9	12	892	9a
0.8	3.1	24495	7c1
8	10.5	24489	6d2
0	0.1	24512	2
10.2	10.8	24485	6d2
5.2	10.5	24481	6d12
0.7	1.2	24443	7d1,3
0.8	2	24434	2
0.25	0.7	24542	3
0.4	0.7	24442	3c
1.6	2.2	7099	7d1,3
0.2	0.6	24510	3
10	11	973	7
0	0.4	991	1
2	3.3	24505	7c1
0	0.4	7097	1
0	0.2	24506	1
0.2	1.3	24430	2
0.2	0.6	4171	3
1.1	3.1	849	6d,3
0.7	9	982	7d
3.3	4.7	24431	4d
0.4	1.7	24445	3c
3.1	44.5	24435	7d1
1.1	5.4	3473	7e1
0	0.2	24538	1
0.3	2.7	3475	2
0	0.2	4170	1
1.15	2.85	372	7d1
0.2	0.4	24428	2
0	0.05	893	1
3.6	11.6	24487	6b2
1.5	4	24491	7c1
0	0.6	24496	1
2.5	3.05	24515	7d1
0	0.5	6814	2
0.7	2.9	24546	5d1
1.8	2.3	24500	8c2
7.1	8	24489	6e2
0	0.25	985	1
11	12	973	7d
1.6	3.2	24531	7c,3
0.9	6.3	993	7d
1.4	3.5	24528	7c1
0.4	1.8	24540	7c,3
0.05	0.6	893	1
1.2	3.6	24443	7d1
5	8.35	4774	6e12
0	0.4	24444	1
1.1	1.8	24499	7c1
0.25	0.6	985	1
5	5.5	6815	4c
0.8	1.4	24527	6d12
0.5	1.1	3472	1
1.2	2.7	3478	2
3.05	6	24515	7d12
1.8	4.2	24525	7c1
2.85	6.2	372	7c1
1	1.6	24530	2
2	3.2	24487	6c2
0.25	1.1	24498	3
0.95	10	1008	7c
5.2	10	24431	4b
10.8	15.8	24485	6e2
0	1	24492	3c
0.6	1.2	3478	2
0	0.2	24430	2
0	0.7	24482	5d2
17.1	20.4	24483	6e2
0.2	1	24507	3
0	0.6	24486	5b2
2.5	3	4773	2c
1.8	4.45	24540	7c1
0	0.25	981	1
10	11	1008	7
0	0.15	4772	1
4.7	5.2	24431	4c
0.5	10	973	7d
0	0.7	24488	5b2
7	8.2	24429	4b
0	0.35	972	1
3.2	3.7	6815	4ac
10.5	15.5	24489	6bc2
0.9	1.4	24524	6d12
5.5	5.6	24447	7d12
3.7	4.7	6815	4c
2.9	3.8	24547	4a
0.35	0.5	972	1
1.9	4.4	24537	7c1
0.2	0.5	24536	3
2.3	3.7	24501	7c1
11.6	15.2	24487	6e2
0	0.35	970	1
0.6	1.5	4172	7c,3
12.5	19.9	24481	6c2
1.7	5.5	24446	6c2
0.4	7	24429	4c
0	0.2	24535	1
1.9	4.3	24508	7d1
0.65	1.15	371	3
5	11.2	24483	6d12
11.2	16.2	24483	6c2
6.2	10	373	9a
0	0.3	4775	1
3.2	4.4	24531	7c1
0.55	3.3	24512	2
0.6	1.1	24511	7d,3
0	0.15	848	1
1.6	2	24487	6e2
0.8	9.2	971	7d
0.6	1.1	893	1
0.4	0.9	991	1
0	0.4	24484	5b2
2.7	5.3	3479	7e1
0.15	1.1	848	1
0.5	1.9	24537	7c,3
0.3	0.8	24503	3
10.5	12.5	24481	6d2
4	5.9	4776	2c
0.1	0.55	24512	2
0.7	5	24483	6d2
1.5	4.4	4172	7c1
0.5	5.2	24481	6d2
0	0.8	24526	1
19.9	20.6	24481	6e2
0.1	0.7	24545	2
0	0.9	24523	1
0	0.8	24433	1
2.2	4	7099	7d1
0	0.25	24541	1
0.3	4	4776	2c
4.7	5	6815	4bc
0.2	0.6	249	1
1.7	5.5	24567	7d12
2.5	4	1753	7d1
0	0.1	8780	1
0	0.4	24560	1
6	6.25	8782	6
5.5	15	24567	7d2
4.4	6	8784	6d2
1.1	2.6	3950	7d1
0.3	0.8	24579	3
0.8	2.35	8784	6b
1.2	5	24563	7d12
0.3	0.6	1742	2
0.5	2.7	568	2
0	0.2	249	1
0.2	6.4	291	6d1
8.5	10	1731	7d2,3
5	15	24571	7d2
0	0.4	1728	1
0.4	6	8782	6b
0.2	1.6	1378	1-2
5.5	8	24555	7d2
6.4	7.2	292	7d1
0.2	1.1	3949	1-2
10	20.2	1731	7d1
2.8	3.2	1376	1-2
0.8	2.5	1749	6e1
0.3	0.5	24553	3c
3	11	252	8ab
2.35	3.2	8784	6b
1.1	3.6	24574	7d1
0.2	0.6	24569	3c
0	0.2	1376	1-2
1.55	1.8	235	7c1
0.1	0.4	8781	2
0.6	1	1743	6e,3
0	0.2	24575	1
0.1	0.5	568	2
0	0.3	24552	1
0	0.65	8785	2
0	0.4	24564	1
0.08	0.2	3949	1-2
0.2	1.1	24573	2
0.4	1.45	1729	2
1.6	2	1378	1-2
0.5	1.3	24554	6d1
1	2	24558	6d1
2	6	24559	7d12
1.65	3.8	24577	7b
3.6	4.35	24574	7d1
0	0.3	24578	1
0.4	0.8	1748	2
0.4	0.8	24565	3c
0	0.4	1751	2
6	14	236	7c
1.6	2.3	1376	1-2
1.3	5.5	24555	7d12
0	0.4	24556	1
0.5	1.65	24577	7c1
0.7	1.2	24562	6d1
1.8	2.6	234	8ab
2	5	24571	7d12
0.2	0.5	24576	2
0.3	1.55	233	1
1	3.2	1743	6e1
0.4	1	24557	3c
0	0.5	24548	1
2.6	3	234	8b
0	0.4	1748	2
2	4	24551	7d12
3.2	4	1744	7d1
1.5	2.5	1752	6e1
0	0.2	1378	1-2
2.3	2.8	1376	1-2
0.6	1.6	250	3c
0.8	3.3	24580	7d1
1	2	24550	6d1
1.6	3	251	7c1
2.5	4	1750	7d1
0.3	3.2	566	2
0	0.8	8783	2
5.6	6	8786	6b
0	0.2	290	1
4	15	24551	7d2
0.4	1.1	1751	2
14	20	237	9a
0	0.2	24572	1
1.1	1.5	1752	6e,3
0	0.2	24568	1
2.6	7.1	3950	7c1
3.2	4.4	8784	6b
0.2	1.6	1376	1-2
0.65	5.6	8786	6b
0	0.1	567	1
6	15	24559	7d2
0	0.3	565	1
3.8	4.2	24577	7d1
1.45	2.4	1730	6e1
0	0.3	233	1
0.5	1	24549	3
0.6	2	24570	6d1
11	16	253	7c1
0	0.3	1742	2
0	0.08	3949	1-2
0.8	1.7	24566	6d1
2.4	8.5	1731	7d1
3	6	234	8ab
5	15	24563	7d2
0.4	0.7	24561	3c
6	24	368	7d
38	43	376	9bc
24	36	369	9a
0	2	367	1
36	38	376	9b
25	28	23909	14-15e
5	7	23907	7c
34	47	366	9b
0	1	374	1
47	56	366	9a
43	60	376	9b
2	6	368	7e
13	34	366	9a
13	36	376	9a
7	10	23908	9a
0	2	23906	2ac
1	6	365	7e
13	15	23908	9a
60	64	376	9c
36	54	369	9b
0	1	364	1
14	25	1080	9a
0.7	1.4	1078	2
1	7	375	7e
10	13	23908	9a
1.4	14	1079	7cd
2	5	23907	7c
7	13	375	7d
6	13	365	7d
0	0.7	24603	1
15	25	23908	9a
0.3	2.2	1792	4b
0	0.3	14859	1
6.8	7.9	1359	9a
4.8	6.8	1359	9a
7.9	11.9	1359	9b
11.9	27	1359	9a
2.2	3.8	1792	4b
3.8	4.8	1792	4a
6.2	10	24709	7cd1
0.5	1.4	24653	2
0	0.05	1470	1-2
5.2	6	1092	7d
1.6	2.6	24676	2
0.1	0.4	24639	2
3	4	24637	2
0.15	0.6	24698	3
4.1	6.6	24678	6e1
0	0.05	24662	1
0	0.05	24673	1
1.3	4	1472	7d1
0.1	2	24641	2
18.4	19.5	24606	7c1
0.05	1.3	24663	3
5	6.1	24639	2
6.6	8.6	24679	7d1
0.6	1.2	24674	3
0.3	18	12696	2
11.6	13.4	24644	9a
0	3	24637	2
3.55	6	24666	7d1
3.6	5.3	24708	2
17.1	18.1	24649	2
0.15	0.6	1476	1-2
6.1	8	24640	9a
0	0.1	24653	2
1.7	6	24661	7d1
1.8	11	24643	2
3.1	3.6	24708	2
5.3	6.2	24708	2
0.12	0.8	24676	2
0	6.2	11735	2
0.6	2.1	24654	2
0	2.3	1089	2
4.6	8	24638	9a
11	11.6	24643	2
2.8	9	24669	7e1
0	0.05	24654	2
4	4.6	24637	2
0.2	0.8	1463	1-2
0.4	0.8	1449	1
2.6	4.1	24677	3
0.4	5	24639	2
38.5	41.5	12698	12d
0	0.15	24697	1
2.3	3.75	1091	6c
0.05	1.5	24708	2
0.8	3	24658	4ab
0	0.12	24676	2
1.1	1.7	24660	3
0	0.1	24667	1-2
8.6	11	24679	7ac
18	20.5	12697	9c
0	0.1	24643	2
1.2	2.7	24675	7d,3
2.8	4.3	1451	7d1
0	0.4	1449	1
3.75	5.2	1091	6de
2.5	12	24700	7c1
0.15	1.1	24660	3
17.5	18.4	24605	8c1
3.8	9	24672	7e1
0.1	0.5	24653	2
2.2	2.8	1450	3
0	0.8	24657	2
2.7	8.6	24675	7d1
1.3	2.1	24664	7d,3
0.8	1.5	1450	3
0	0.3	12695	1
0.1	0.7	24667	1-2
0.8	1.2	1463	1-2
0.9	2.5	24671	3
2	6.6	24641	2
7.4	9.5	24642	9a
6.2	10.9	11735	2
0	0.2	1463	1-2
0.7	3	24656	4ab
0.05	0.6	1470	1-2
1.4	2.1	24653	2
0.1	0.9	24670	1-2
0.6	1.3	1471	6d1
8.6	10	24675	7ac
11.5	17.5	1465	7c1
0.8	1.6	24676	2
10.2	17.1	24649	2
0	0.1	24670	1-2
2.5	3.8	24672	7c1
1.7	4.2	1478	7d1
1.5	2.4	24708	2
0	8.7	24649	2
2.1	2.9	24664	7d1
0	0.05	24707	1
0.6	1.1	1476	1-2
0.7	1.2	24668	3
2.2	11.5	1465	7d1
1.5	2.2	1450	3
0	0.15	24659	1
0	0.15	1476	1-2
0	0.7	24655	2
0	0.1	24639	2
0.1	1.8	24643	2
17.6	22	11736	9a
0.6	2.5	24699	6e1
18.1	22	24650	9a
0.05	0.6	24674	3
0	0.1	24641	2
1.1	1.7	1477	6d1
2.4	3.1	24708	2
20.5	38.5	12697	9a
1.2	2.8	24669	7c1
6.6	7.4	24641	2
8.7	10.2	24649	2
1.2	2.2	1464	6d1
0.05	0.6	24654	2
10.9	17.6	11735	2
2.9	3.55	24665	8c1
19.5	20	1466	9a
52	56	24721	14-15b,3
56	200	24721	14-15e
20	52	24720	9a
8	10	24719	7e
4	8	24719	7e
10	18	24719	7a
18	20	24719	7b
0	4	24719	7d
1.6	5.4	14261	6a
3.6	7.3	2690	7e12
0.5	3.6	2689	2
23.6	31.75	14259	12e
23.5	23.6	14263	9a
1	1.6	14261	6a
0	0.5	2689	2
0	1	14260	1
7.3	16	2688	9a
5.4	23.5	14262	7e
5.3	9.5	165	7d1
0	0.4	1012	1
9.2	10	1065	7bc
0.05	0.5	1064	2
0.5	5.6	1065	7c
0.6	5.3	163	6d1
0.2	0.6	164	3
7	7.5	1065	7bc
0.4	1.5	1013	2
5.6	7	1065	7c
7.5	8.8	1065	7c
0	0.05	1064	2
0	2.5	24713	5e2
0	0.2	159	1
9.5	10	166	9a
1.5	10.4	1014	7c
8.8	9.2	1065	7c
2.5	6	24714	6e2
0	0.4	24365	1
0.4	1	24365	1
1.6	8.9	24362	7d1
1	7.8	24366	7d1
0	0.8	24361	1
8.9	9.6	15463	9a
0.8	1.6	24361	1
0	0.3	24424	3
0.3	2.2	24425	4a
2.2	10.8	10057	9a
0	0.2	24850	1
0.1	0.6	24834	3c
7	10.25	24796	7d1
0.7	1	24805	3c2
1.1	2	24839	7c1
0.7	1.5	24846	7d1,3
3.75	4.6	24854	8b
0	0.2	24844	1
0	0.25	24804	2
4	5.6	24799	6d12
0.2	0.8	24795	1
2.3	3.75	24853	7c1
0.3	1.1	24857	1
5.6	14	24794	7d12
0	0.2	24829	1
1	1.85	24814	7d1,3
0	0.2	24815	2
0.5	0.7	24822	1
0	0.3	24801	2
2.3	3.7	24828	7d1
1.3	4	24799	6d1
1	1.5	24802	6d,3
0.5	1	24813	3c
0.8	5	24796	7d1
2	3.1	24824	7d,3
0.1	0.8	24837	3c
0.3	1.3	24798	2
0	0.3	24822	1
0.2	0.5	24812	2
0.8	1.5	24849	7d1,3
5	7	24796	7d12
0.6	2.3	24852	3c
2.8	3.5	24810	7e1
0	0.3	24797	1
0	0.2	24825	1
1.2	1.4	24827	6a
0.3	0.6	24851	1
0.2	0.7	24845	3c
0.3	1	24801	2
1	6	24816	7d1
0.3	0.9	24808	2
0.4	0.8	24831	3c
1.85	6	24814	7d1
0	0.3	24857	1
0.4	1.2	24826	2
2.9	5.6	24794	7d1
0.3	0.5	24822	1
3	3.5	24803	7e1
0	0.15	24791	1
0.2	0.3	24841	2
0.15	1.7	24792	2
3.1	3.8	24824	7d1
0	0.2	24847	1
1.8	2.8	24809	6d1
1.5	3.4	24846	7d1
0.2	0.4	24825	1
1.7	2.9	24793	6d1
0	0.1	24833	1
0.25	0.7	24804	2
0	0.3	24808	2
0.2	0.4	24830	2
2.9	3.5	24807	7e1
14	18	24794	7d1
0.6	3.5	24835	7c1
0.3	0.8	24842	3c
2	2.9	24806	6d1
0.9	1.8	24809	6d,3
0.8	3.5	24832	7c1
0	0.3	24851	1
0.8	1.5	24856	7d1,3
11.5	15	24796	7d1
1.5	3	24802	6d1
1.1	5.1	24858	7c1
0.2	0.8	24855	3c
1	2	24806	6d,3
1.5	3.5	24849	7d1
1.4	2.3	24828	7d,3
0	0.2	24811	1
0.7	2	24823	6a
10.25	11.5	24796	7d12
0	0.2	24795	1
0.8	1	24843	7c1
0	0.2	24840	1
0.2	0.8	24848	2
0	0.1	24836	1
5.6	10	24800	7d12
0.2	1	24816	7d1,3
0.8	1.1	24838	6b12
1.5	3.5	24856	7d1
0.3	0.6	24919	2
0.3	0.7	24870	1
0	0.5	25150	2
11.4	11.8	8288	9a
9.5	12.5	8282	9a
3.8	5.3	8293	7d1
1.3	1.8	24878	7d1
0	0.3	24879	1
0.8	1.4	24875	7d1,3
0	0.3	24889	1
0	0.3	24910	1
0.7	1.2	24888	7d12,3
0	0.1	8280	1
0	0.25	24876	1
0.6	3	24884	7d1
0	0.15	23454	2
0.2	0.4	24891	1
12.7	13.4	8282	9a
0.1	0.35	8280	1
13.6	15	8283	12d1
0.6	1	24818	2
0.3	0.7	24887	1
0.4	0.9	24892	3c
10.3	10.6	8295	12d1
0.3	0.7	24881	1
0.6	3.8	8293	7d,3
0	0.3	24881	1
0.2	0.6	24818	2
2	2.9	24912	7c1
1.7	3.5	24861	4a
0	0.3	24885	1
0	0.2	24817	2
0.9	2.1	25152	3c
1.9	2.7	8287	7c,3
0	0.4	24873	1
0.3	0.6	8292	3d
0.5	0.3	24868	3c
0	1	24914	1
0.3	0.6	24885	1
3.3	3.7	24821	7d1
0.8	2	24912	7c,3
0.3	0.7	24879	1
11	24	9009	7d
0.4	0.8	24877	3c
0	0.3	24883	1
1.4	2	24897	7c1,3
0	0.1	23422	2
0.1	0.5	23423	3c
0.8	1.3	24869	7d1,3
0.6	2.5	24886	7d1
0	0.25	24859	1
1	1.3	24872	7d1,3
0.3	0.8	24911	3c
0.25	1.7	24860	3c
2	2.8	24897	7c1
2	4	24880	7d1
2	3	9007	4a
0.1	1.4	24896	3c
2.7	3.2	8287	7de1
1.4	4.2	24890	7d1
0.6	1.9	8286	3d
6.5	9.5	8282	9a
0.7	2	24880	7d12,3
5.3	10.3	8294	9a
0.9	1.4	24890	7d12,3
2.4	3.5	24894	7c1
0	0.1	24895	1
0.15	0.4	23455	3c
2.5	2.9	24916	7c1
0.3	0.6	8285	1
1	1.6	24818	2
0.35	0.5	8281	7d1
0	0.3	24870	1
0.1	0.3	8291	1
0.5	0.9	25151	1
1.1	4.2	24882	7d1
11.8	12.3	8289	12d1
2.1	3.3	24820	6a
0.7	1	24871	3c
0.3	0.9	24889	1
2.1	2.6	25153	4a
0	0.3	8285	1
1.5	2.5	24916	7c,3
1	1.5	24915	3c
1.2	4.1	24888	7d1
0.7	1.1	24882	7d12,3
0.4	1.3	23456	7d1
13.4	13.6	8282	9b
0	2	9006	3c
0.3	0.5	24867	1
1.3	2.5	24872	7d1
0.4	0.8	24874	3c
0	0.3	24918	1
0	0.3	24887	1
3	11	9008	6de
3.2	9.5	8288	9a
0	0.2	24891	1
12.5	12.7	8282	9b
0.3	0.6	24883	1
1.4	2.3	24875	7d1
9.5	11.4	8288	9a
0.9	2.4	24893	6b
0.5	6.5	8282	9ac
0.5	2.1	23424	7d1
0	0.1	8291	1
0.8	1.3	24878	7d1,3
0	0.3	24867	1
1.6	2.1	24819	3d2
1.3	2.1	24869	7d1
0.25	0.4	24876	1
3.9	4.7	10144	7ac
1.8	4.1	24900	6c12
13	13.5	25209	8a
0	0.05	10402	2
0.6	2.9	10356	4a
4.1	4.2	24901	7c2
1.8	3.9	10144	7c1
0	0.05	10405	2
0.2	0.4	9984	2
0	0.2	24898	1
3.2	5.3	10151	6c12
0.8	1.5	10286	2
4.2	4.4	24901	7c1
4.2	5.8	25226	8c1
0.07	0.45	10000	2
0	0.4	24952	1
0.8	4.5	10140	7c1
3.8	5	9832	6e1
4.4	7	25156	6e2
0.2	0.7	10359	3
0.2	0.6	24956	1
9.6	10.2	10144	7ac
3.2	4.1	10136	3
1.2	2.3	9826	3c
3.3	4.3	10366	7d1
0	0.3	24946	1
2.1	3.8	9831	4a
0.3	0.8	10139	3
4.5	6	9836	6e1
0.9	2.5	9834	3c
0.9	2.1	9830	3c
1.8	2.2	24955	8c2
6.6	9.4	10001	7d1
0	0.2	10358	1
0.05	0.6	10405	2
4.1	4.8	10137	7d,3
0	0.2	24943	1
1.6	4.2	10276	7c1
1.1	2.6	10365	4c
18	26	9499	9ab
0.13	0.8	10286	2
0.2	0.8	10080	1
0.1	1.2	9825	2
1	2.5	10001	7d1
6	10	9985	7d2
0.7	1.4	10360	7d1
0.4	4	9985	7d1
4.3	6	10366	7c1
1.4	1.8	10143	6d1
0	0.4	10428	1
0	0.3	10138	1
0.45	1	10000	2
10.2	10.5	10144	7c1
13.5	15	25210	7d1
4.8	6	10137	7d1
12	13	9985	7d1
4	6	9985	7d12
0.3	0.8	24946	1
2.1	3.2	10151	6d12
7.55	8	10409	9a
2.6	3.3	24958	7d1
0.4	1.2	24953	3c
5.8	10	25227	7c1
1.5	4.2	10287	7d1
1.4	11.3	10268	7c1
0.5	1.5	10086	6c1
0.45	1.25	10402	2
0	0.4	25155	1
0	0.2	10149	2
9.5	10.2	25218	7c1
2.3	4.7	9827	4a
0.07	0.8	10266	2
1.2	1.8	24954	7d12
0.4	2.65	10429	6a
0	0.9	9833	1
4.7	5.5	10144	7c1
1.4	2	24948	6d12
3.9	8	10404	9a
26	34	9499	9ae
0.6	1.75	10405	2
0.6	1.7	24957	6c12
0.4	3.5	25156	6e1
2.8	4.2	10083	7c1
0.2	2.1	10150	3
1.6	3.6	24945	7d1
2.5	4.5	9835	4a
4.7	5.9	9828	6e1
0	0.07	9999	1
1.7	2.6	24958	7d12
5.3	7.6	10152	7d12
2.9	6	10357	6e12
1.5	4.5	10087	7c1
2.65	4	10430	7d1
0	0.3	10141	1
0.07	0.6	10274	2
8.6	8.9	25217	8d1
0	4	9498	7c
10	16	9498	7d
2.6	7.55	10408	7c1
7.6	8.6	10152	7d1
44	50	9499	9be
9.6	12	25216	7ac
0	0.2	10085	1
2.5	6.6	10001	7cd1
0	0.07	10274	2
4.2	10	10276	7c1
2.8	3.1	24950	8c12
4.5	12	10140	7ac
0	0.9	10363	1
4	16	10430	7d12
0.8	1.4	24947	3c
0.3	1.2	10102	7d1,3
0	0.9	9829	1
0	0.3	10101	1
8.9	9.5	25218	7d1
0.6	1.6	10275	3
8.2	9.6	25215	8a
0.05	0.45	10402	2
0	0.05	10134	1
0	0.2	10080	1
3.5	4.4	25156	6e12
6	8.2	10137	7c1
2.6	3.3	10365	4b
0	0.1	9824	1
1.75	3.9	10403	7c1
3.1	4	24951	7cd1
0.2	0.5	10085	1
9.4	10	10002	9a
0.05	3.2	10135	2
0.8	2.8	10082	6c1
10	12	9985	7d12
5.5	8.5	10144	7ac
0.3	1.4	10142	3
0.2	1.6	24944	2
0.9	1.1	10364	3d
0	0.2	24956	1
1.25	1.75	10402	2
0	0.2	9984	2
0	0.13	10286	2
8.5	9.6	10144	7c1
4	10	9498	7c
1.4	6	10360	7c1
1.75	2.6	10407	3c
2	2.8	24949	7d12
0	0.6	10355	1
1.2	3	10102	7d1
0	0.07	10266	2
16	18	9498	7e
0.2	1.8	24899	3c
0.8	1.4	10267	3
34	44	9499	9a
4	4.4	13389	6d
4.4	8.85	13390	7d
13	15	9691	9a
8.85	13	9691	9a
21.7	84	11866	9b
1.8	3.5	11865	7d
18.5	20	11865	7ae
6.8	10	11865	7c
12.4	18.5	11865	7bd
84	87.6	11867	12a
0	0.4	11864	1
3.5	5	11865	7c
0.4	1.8	11865	7d
5	6.8	11865	7ac
10	12.4	11865	7bc
20	21.7	11865	7e
0.9	4	25244	6d1
4.2	5.7	11373	6d1
3.3	4	10783	12c1
8.8	10	25252	7c1
12.4	15	11355	9a
0.4	1.3	10771	3c
6	6.7	25230	8a
8	12	23895	7ac
65	69	23897	14-15e,3
2.3	7.6	11335	7c1
2.2	3.8	25267	6d1
39	51	10448	9a
0.6	4	25248	7ac1
45	57	23895	7ad
6	7.3	25232	8a
2.8	3.5	10775	3d12
5.45	9.8	10579	7d1
0.3	0.6	11373	6d12
0.35	2.8	10775	3c
0.3	1	10458	3c
10.1	11	25260	7d12
0.2	0.65	25234	1
0.65	4	25246	7ac1
4.5	5.8	25253	8a
0.9	2.3	11370	6d1
0	1	23894	1
0.5	1.8	10779	3d2
8.25	10.4	25256	7c1
0	0.3	25245	1
6.5	7.5	10733	7d
0	0.2	11352	1
0	0.3	25262	1
1	2	10459	7c1,3
0.7	4	25242	6d1
0.3	1.35	10781	3c
0.35	0.7	25267	6d12
19	30	23895	7ac
7	9	10447	7e
7.5	15	10464	9a
54	57	9442	11e
0.4	1.55	10578	3c
11	13	10447	7c
10.4	12.4	11355	9ac
2.4	4.2	11373	6d1
0.9	6.8	11354	7c1
0	0.2	25235	1
0	0.2	25234	1
23	39	10448	9a
4.2	4.4	25268	7d1
3.2	4	10773	12c1
0.2	0.9	11353	2
0	0.5	10778	1
1.5	2.5	10463	7c1,3
0	0.3	11372	1
0.6	2.1	25265	6d1
0.3	1.5	10462	3c
12	19	23895	7d
6.8	8.25	25255	8c1
9.5	11	11377	7d1
13.5	15.35	11377	7d1
0	0.7	24163	2
0.4	7	11376	6d1
1.6	2	24084	6d
2.8	4.1	10785	3c
0	0.15	10732	1
5	7	10446	1-2
51	54	9442	11ac
5.8	6.8	25254	7c1
0.4	2.8	10785	3c
1.55	1.8	10578	3c
6.8	10	11339	9ac
9	10.1	25259	6d12
9.8	12	25236	9a1
57	59.4	10449	12cd
0	0.4	25264	1
1.3	3.2	10772	7d12
1.1	2.3	11334	3c
0	0.3	25247	1
0.4	0.6	25265	6d12
3.5	4.8	10779	3d2
6	26	9441	9ac
0	0.9	10367	1
3	5	10446	1-2
0	1.3	24082	2c
0.3	0.6	25249	1
2.5	3.7	25263	6d1
2	3	24084	6c
7.6	8.8	25251	8a
0	0.4	10577	1
0	0.3	25249	1
0	1	9439	1
2.2	2.5	24165	7d1
0.3	0.65	25245	1
4.7	5.1	11370	6d1
0	0.4	25241	1
2.1	5.1	10369	4b
5.7	6.3	11374	7d1
0.35	0.9	11370	6d12
0.4	0.55	25235	1
4.6	6	25230	8c1
0	0.4	25243	1
1	6	9440	7c
0.7	2.2	24164	3d
0	0.3	10457	1
0	0.4	11375	1
1.1	2.1	10369	4c
0.13	0.65	10283	2
0.1	1.5	24170	3d
0	0.3	10780	1
13.2	14	25260	7d12
13	21	25239	8a
2.1	3.8	25265	6d1
7.3	7.5	25233	7c1
14	15.35	25260	7d1
0.3	0.7	25263	6d12
0.2	0.4	25235	1
0.6	3.8	25250	6d1
2	4.6	10459	7c1
21	23	25240	7c
0	0.4	10770	1
30	45	23895	7d
1.8	5.45	10579	7c1
7.5	8.4	10733	7d
1.2	3.5	10284	3
1	8	23895	7d
0.6	2.4	11373	6d1
47	51	9441	9ad
0	0.1	24169	1
0	0.4	10784	1
0	0.3	10461	1
1.35	3.3	10782	7d12
7.5	11.5	10460	9a
0.25	3.5	10733	7c
6.8	9	11371	7d12
1.3	1.6	24083	3c
11	13.2	25260	7d1
0	0.4	11336	1
3.5	5	10775	3d2
6.3	8.6	11374	7d12
0	0.2	11332	1
11	13.5	11377	7d12
4.1	5.3	10786	12c2,3
3.5	6	10285	7c1
0.2	1.1	11333	2
2.3	3.4	11370	6d1
0.3	0.6	25247	1
0.4	0.9	25243	1
0.65	1.2	10283	2
0	0.35	11369	1
0	3	10446	1-2
4.9	6.5	10733	7d
1.5	2.6	24171	7d1
26	30	9441	9ab
2.5	6	10463	7c1
0.9	1.1	10368	3d
1.4	4.5	11338	7c1
9	11	10447	7c
0.4	0.7	25241	1
0	0.35	25266	1
8.6	15.45	25261	8a1
8.9	10	10734	9a
3.5	4.9	10733	7ac
6.7	7.5	25231	7c1
10	10.86	10734	9a
0.7	2.2	25267	6d1
8.4	8.9	10733	7ac
0	0.35	10774	1
1.8	3.5	10779	3d12
0.15	0.25	10732	1
51	57	10448	9a
3.8	4.2	25267	6d1
7	9.5	11376	6d12
0.7	2.5	25263	6d1
0	0.13	10283	2
30	47	9441	9ac
3.4	4.7	11370	6d1
5.1	6.8	11370	6d12
0.4	1.4	11337	3c
5.1	6	10370	7c1
69	71	23897	14-15e
57	65	23896	9ab
0	0.1	10003	1
8.5	10	10006	9a
2	4	10005	7d1
0.1	0.55	10004	2
4	8.1	10005	7cd1
1.35	2	10004	2
0.55	1.35	10004	2
8.1	8.5	10005	7c2
48.5	49	24075	9ab
0	1.2	24072	2
14	15	24075	9ab
48	48.5	24075	9ab
6	11	24074	7ac
23	25	24075	9ab
18	19	24075	9ab
19	23	24075	9ab1
25	30	24075	9ab
11	14	24075	9ab
15	16	24075	9ab
1.2	6	24073	6ac
30	48	24075	9ab
17	18	24075	9ab
16	17	24075	9ab1
62	63	385	11de
43	56	384	9a
0	0.7	382	1
0.7	29	383	7c
56	62	384	9b
29	43	384	9ab
58.7	70.8	26240	12c1
0.5	1.5	26234	2d
4.4	32.1	26235	7e2
2	4.4	26235	7e12
49.75	58.7	26239	11d12
32.1	38.5	26236	8b
38.5	44	26237	7e12
44	49.75	26238	10c
0	0.5	26233	1
2.2	3.4	26261	4ab
0.4	1.1	26260	2ac
13.2	15	26262	6e2
3.4	4	26262	6d
4	13.2	26262	6d12
1.1	1.6	26260	2cb
0	0.4	26260	2a
1.6	2.2	26261	4b
1.1	1.4	26258	2d
0	1.1	26258	2a
0	0.05	26992	1
0	0.2	26973	1
0.2	0.4	26350	3cb
0.05	2.3	26993	2
2.3	12	26972	6e
4.5	5	26979	6d
0.6	5.7	27005	6e
0.8	3.2	26990	2
0.4	11.8	27007	6e
0	0.4	27006	1
0	0.3	26964	1c
0.8	1.3	26352	7d,3
0.3	4.5	26965	4a
0	0.05	27001	1
4.5	7	26966	6e1
2	2.5	26969	6a
0.5	0.8	26989	1
0.6	0.8	26968	2
4.5	5	27003	6e
0.8	1	26985	2
0	0.3	26970	1-2
3.4	5	26994	6e
0.3	1.2	26977	2
2.5	5	26969	6d
0	0.6	27004	1
0	0.3	26976	1
1.2	11	26975	6e
3.2	5	26991	6e
0.8	2	26968	2d
2.1	12	26983	6e
0.05	0.5	26988	2
0	4.5	26979	6a
0.05	3	27002	2
0	0.05	26984	1
1.3	4.4	26352	7d1
0.05	0.8	26985	2
3.6	5	26980	6d
0	0.03	26981	1
2.3	3.4	26994	6a
0.2	1.2	26974	2
3	4.5	27003	6a
0	3.6	26980	6a
0.03	1	26982	2
1	2.3	26986	6a
0.4	0.8	26351	2
0.3	2.3	26971	2
0	0.6	26967	1
1	2.1	26983	6a
2.3	10	26986	6e
0	0.2	26349	1cb
0	0.05	26987	1
1.2	17.5	26978	6e
0.5	0.9	27008	1
4.9	6.6	27017	6c
6	6.5	27025	6b1
0	0.3	27020	1
4.65	6.7	27011	6c
3.8	7	27009	6d
3.8	4	27022	6c12
0	0.8	27028	1
2.8	4.1	27011	6ab
0.85	2.25	27015	6a
3.35	4.25	27019	6bc
0	0.5	27016	1
0.3	0.6	27021	3c
2	2.85	27019	6a
4.25	7	27019	6c
0.9	1.55	27009	6a
0	0.4	27023	1
0	0.4	27012	1
4.5	6.3	27015	6c
0.4	0.7	27010	1
0.8	1.7	27029	6b12
2.25	4.5	27015	6b
0.4	0.6	27024	3c
4.1	4.2	27011	6c
2.2	6	27025	6a1
0	0.6	27018	1
4.95	6.25	27013	6c
2.6	3	27022	6a1
3	3.8	27022	6b1
0.5	0.25	27016	1
2.9	4.1	27027	6b
0.5	2.9	27027	6a
0.4	0.9	27012	1
1.4	3.9	27017	6ab
0.9	1.75	27013	6a
2.85	3.35	27019	6b
0.6	2.2	27025	6a1
0	0.5	27008	1
0	0.4	27010	1
1.2	2	27019	6b
4.1	5	27027	6bc
3.9	4.9	27017	6b
0.6	2.6	27022	6a1
0	0.5	27026	1
2.35	3.8	27009	6a
1.55	1.9	27009	6ab
0.6	1.2	27018	1
0.75	1.4	27017	6a
0.5	0.85	27014	1
3	4.95	27013	6a
0	0.5	27014	1
1.7	4.4	27029	6a12
1.75	3	27013	6ab
2.6	2.8	27011	6b
1.9	2.35	27009	6d
4.4	4.7	27029	6d2
4.2	4.65	27011	6b
0.7	2.6	27011	6a
0	0.25	1066	1
0.9	1	1068	3c
1	3.8	1069	6c
14.7	25	1072	9a
11.1	14.7	24602	7cd
9.1	11.1	24601	8d
0.25	0.9	1067	2
3.8	9.1	1070	7cd
4.6	6	11895	6ab
37	40	4307	12c
0	4	9427	7d
0	0.3	24703	1
11.1	12	1656	4b
84	98	24238	7d
13.75	20.2	24928	9a
4.4	7	25159	6e2
0.06	0.6	24633	2
9	11	6477	8d1
5.5	6	25211	8b2
7.2	17.75	6447	7c1
0	0.3	6433	7
0.2	0.7	6463	1-2
0	0.06	24633	2
32	40	15847	9a
12	13	11882	6c
0	0.3	1608	1
0.2	0.9	255	1
92.75	98.5	11884	12d
0.2	0.4	24684	3
0	6	24253	7ae
5.35	6	9317	6bc2
59.7	63	9529	9c
7.6	49	11895	6cd
14	16	24238	7d
84	87.6	11897	9bc
8	45	1637	9ab
0.5	8	1636	7c
16	20	24905	7ae
2.6	4.3	24927	7c1
0	0.8	25157	1
6	40	9493	7ac
57.8	59.1	25160	11b
6	7	9551	3c
0.75	1.5	11881	1
33.4	34.7	9552	9a
4	6	24934	7ac
60	66	9423	12b
26	28	6620	9b
9.3	9.8	24928	9ac
0	1.2	9855	2
0	0.3	9986	1
2.8	3.8	10730	6d
1.55	1.8	26263	2c
18	26	9421	7ae
14.1	14.5	6479	9a
7.8	18	9552	9a
34.7	35.3	9552	9c
0	0.1	9316	2
0.4	6.3	6444	7c1
20.5	29.2	24648	11a
4.9	5.95	6468	8d1
0.6	11	24634	7d1
20	26	24906	9a
22	24	6619	7ac
3	5	9551	3d
14.5	16	6479	9a
0	4	24940	7c
0.1	0.35	9316	2
1.8	2.3	26264	4bc
3.9	7.1	13469	6d12
0.2	1.2	24925	2
0.55	2	6474	3c
10	37	4308	9a
17.75	20	6445	9a
2.6	6	24904	7c1
13.8	16	13471	7d12
2.7	4	24689	7e1
43.3	47	9552	9a
83.6	84	11897	9c
30	46	24940	7e
0.35	0.6	10729	1
3.8	4.4	10730	6d
0	0.25	1606	1
4	10	24905	7e
0	0.5	9807	1
9.95	12.4	25237	8ac
12.5	13.6	24682	7d2
1.5	2.5	6466	6c1,3
88.5	89	24626	9c
4	6	6617	7ab
6	7.5	25223	8c1
12	34	11362	7ae
67.5	69	7483	12d
4.2	6.3	26265	6d2
10.5	11.65	10730	6d
20	30	24254	9a
0	3.5	12578	1
57.35	58	9529	9c
2.75	3.25	11365	6d1
0.6	2.8	10730	6d
15	15.5	6472	9a
5	5.5	9551	3d
0	0.07	10271	2
3.5	4.5	6498	6c12
0	0.2	6463	1-2
1.5	1.9	24932	7c1
16	42	24238	7d
48	67.5	7482	9a
0.6	1.4	6498	6e1
1.3	1.9	8535	7c1
46	58	13191	12bc
2.3	5.5	9856	4a
6.4	11.6	6470	8d1
11.4	16	263	7c1
2.3	34.6	9529	9a
1.6	2.1	24681	6c2
0	2	23013	7ab
4	12	9487	7e
68	84	24238	7c
0.35	1.5	9316	2
0.3	1.2	24710	1-2cb
3.4	3.7	25223	8c1
8.8	10	261	7c1
3.65	5	9317	6bc2
0.1	1.6	24680	2
1.9	17.4	24933	9a
29.2	30	24648	11d1
5.95	6.4	6469	7d1
8.05	8.8	260	8b
2.2	3.5	8536	9b
1.9	2.2	8536	9a
9.4	11.1	1656	4a
28	66	24936	12e
8.9	9	9547	3a
0	2	9491	1
46	62	24940	7e
1.2	3.2	10279	7c12
12.4	14.1	25237	8b
98	120	7162	9ab
15.5	21	6452	9a
0	1	7479	1
3.5	5.2	25219	8c1
0.4	1.9	24645	2
4.5	39	7480	6d
62	64	6617	7be
6.2	7.3	9026	6c12
0	0.04	6443	1-2
4.1	6	10354	6e12
1	4	7480	6c
2.5	4.9	6467	7c1
39	48	7481	7d
0.7	3.9	13468	3d
6.9	7.6	8536	9a
0.8	1.5	24931	1
0	2	735	7c
65.1	67.7	9552	9a
13	22.5	11882	6b
2	4	735	7d
0	0.9	1655	1
1.5	7	11882	6b
6.1	8.35	10685	7c1
6.6	10	25212	7d2
36	37	9529	9b
62	66	24940	7e
1.9	2.7	24645	2
0	0.2	10713	1
1.4	2.1	6498	6c1
0.05	0.7	9988	2
88	88.5	24626	9a
2.7	8.9	24645	2
76	86	732	12c
5.2	10	25220	7c1
2.2	2.7	24685	6e12
5	5.35	9317	6b
6	12	24934	7d
0.3	0.6	24704	3
13.7	14	1656	4d
4.3	9.3	24928	9a
6.35	8.7	6456	7c1
8	10	4310	7d
12	32	23013	7c
20	28	24935	9ab
9	19.5	9547	3c
2	10	9821	7e
36.8	37.3	9548	9c
0	0.2	9546	1
4	26	24922	7d
22.5	79	24623	7d
0.25	0.8	24930	2
1.2	1.5	1725	6e1
4	12	24689	7c1
0.3	15.3	6433	7d
32	58	24907	7-12ae
62.5	64.9	9552	9a
0	0.2	10682	1
0.7	0.9	9025	2
0.4	0.65	10683	4a
6	32	1610	7-12d
11	15.45	11368	8a1
32	44	735	7c
0.8	2	9551	3c
12.5	13	25212	7d1
0.9	2.1	10352	5d
12	20	24935	9a
0.2	0.35	10729	1
0	0.5	26263	2a
0	0.2	1724	2
18	20	24254	9ac
2.7	3.8	9026	6a2
46	56	9423	12c
10	12.5	25212	7d12
87.6	90	11897	9ab
2.4	3.5	10273	7d1
6	8	6617	7ae
40	62	4307	12ca
0	0.2	10288	1
56	68	24238	7c
35.3	41.5	9552	9a
21	31.7	9552	9a
0.6	1.1	24705	6a
5.5	6	9026	6d12
79	80	24626	9a
2	2.3	9551	3d
50	52	12581	11e
9.6	16	6458	7c1
0.4	2.2	24685	6a
0	0.3	24902	1
9.8	10.1	24651	2
6.3	7.2	6446	8c1
23.5	24	24636	10d1
32	33.4	9552	9b
8.9	9.2	24645	2
0	0.3	12609	1
6	7.6	11895	6ab
89	89.5	24626	9a
8.3	9	9857	6e
36	54	9487	7e
26	32	9421	7ae
6.1	7.1	1658	4ab
0	4	24905	7bc
0.2	0.55	6473	1-2
6.5	8	9854	6e
0	0.05	9988	2
1.5	3.65	9317	6b
10	16	24905	7ae
4.2	6.3	26265	6ce1
20.2	20.5	24647	10c
2	4	6617	7c
7.1	9	1659	7e
26	28	24907	7-12e
6	27	9797	7e
5	5.5	25211	8c12
0	2	9420	1
76.5	79.6	11896	7c
62.7	65	25160	11b
12.7	13	25213	8a
3.5	4.3	1658	4b
3	4	24711	6b
7.5	13.1	25224	7c1
0	0.4	24645	2
6.3	15	25229	7d1
0.2	0.4	10682	1
2.5	4.4	25159	6e1
0	0.2	10729	1
0	0.1	6448	1-2
0.3	4.5	12610	6d
0.07	0.55	10271	2
3.5	4.4	8536	9ac
1.5	9.5	1726	7d12
44	64	735	7c
0	0.5	1635	1
11.6	14.3	6471	7c1
0.7	1.65	9988	2
12.5	14.45	10731	7ac
7.1	13.8	13471	7c1
0	4	24934	7d
5.5	6	9551	3bc
7	7.6	9551	3b
0	2	9820	2
4	9.4	1656	4ac
4.5	6	25222	7c1
4	12	11362	7ae
6	8.5	25258	7d1
0.2	1.2	10278	2
120	126	7162	9b
12	22	6619	7ae
2.1	2.5	10352	5e
63.6	65.35	9530	11d1
32	46	9422	9ab
1.3	4	6454	7d1,3
0.04	0.4	6443	1-2
3.1	4.1	10353	4a
6.3	7.8	26265	6d1
10	16	9425	7ae
80	88	24626	9d
47	58.3	9552	9a
10.5	12.5	24682	7e2
0	0.3	8533	1
16	30	9425	7e
37.3	48	9548	9a
17.4	20.2	24646	9b
0.9	2.1	256	7c1
0	0.2	9024	1
31.7	32	9552	9c
0.1	1.3	6453	1-2
2.1	10.5	24681	6e2
48	49.8	9548	9a
0	1.1	1657	1
0	4	24938	7c
6	12	9989	7d2
66	70	9423	12be
0.7	1.3	8535	7c1
6	12	6619	7e
7.3	20	9027	7d2
34.6	36	9529	9c
0	0.9	10351	1
64.9	65.1	9552	9c
7	12	10716	7d12
20.55	21	10717	9ac
4.8	8	10730	6d
0.65	2	10684	6d1,3
0	4	11362	7c
2	6	9492	2
2	6	1613	7-12ab
11	23.5	24635	9a
55.45	56.6	9529	9b
89.5	92.75	24626	9c
6	18	9421	7ae
0	2.9	24651	2
16	28	13464	9a
3.6	9	6476	7c1
61.1	62.5	9552	9b
4.5	35.85	12611	7d
67.7	69.5	9553	11d
0	2	11894	2
56.6	57.35	9529	9a
4.4	6	8536	9a
49.8	57.8	25160	11d1
0.2	1.05	10714	2
64	96	6617	7ae
0.9	1.35	9025	2
12	16.7	10716	7c1
34	68	11362	7be
59.6	61.1	9552	9a
3.7	6	25223	8c1
0.8	1.5	25157	1
1.2	2.3	9856	4b
0.25	7.2	1606	1
1.8	2.3	9528	3d
0.2	0.7	9025	2
1.5	2	9853	4b
63	63.6	9529	9a
1.65	5	9989	7d1
7	12	11882	6d
0	0.2	24683	1
70	76	9423	12e
4.8	6.3	25228	8c1
7.8	13.1	26265	6d12
23.8	24.85	10718	12c1
3.2	4.5	25221	8c12
21	23.8	10717	9a
40	46	9494	9a
0	4	24238	7e
45.9	63.5	12614	12d
9.5	18	1727	8a
9.2	17.4	24646	9a
58	76	13191	12ac
8.35	8.85	25237	8a
11.9	12.5	10731	7ac
11.1	13.75	24928	9ac
17	36	9809	9a
13.6	15	24682	7c1
0.3	1.5	24903	2
0	2	6616	1-2
4	4.5	7480	6c
10.1	15	24652	9a
0	6	9425	7e
0	0.3	24710	1-2d
90	92	24621	12ac
22	36	9487	7ae
53.5	55.45	9529	9c
0	8	4310	7e
59.1	61	25160	11b
0	6	9797	7c
4	7.45	24711	6a
1.1	3.5	1658	4a
0.9	1.5	1656	4b
0	0.2	10280	1
5.7	6.35	6455	8c1
0.3	0.6	11364	1
4	6	735	7c
28	32	24907	7-12e
1	1.8	9528	3e
0	8	13194	7c
0.7	1.5	6465	3
1.35	2.7	9026	6b2
1.5	4	1656	4a
1.7	12	24706	7c1
0	0.2	6473	1-2
0.95	1.3	11365	6d1
8.5	11	25258	7d1
2.3	3	9551	3d
4	14	24238	7c
0.15	0.6	6497	1-2
2	6	9421	7be
0	0.1	24680	2
10	18	24909	8a
1.8	3	24711	6a
0	0.6	9852	2
1.4	1.55	26263	2d
6	10	9425	7e
10	10.5	10730	6d
15.5	16	6472	9a
6	6.2	9026	6b2
2.3	4.2	26264	4a
37	53.5	9529	9a
8	16	6617	7e
2.1	3.5	6498	6b
1.2	3.4	10282	7d1
13.1	16	25225	8c1
6	18	24253	7e
4.3	6.1	1658	4a
3.8	5.5	9026	6b2
29.7	36.8	9548	9a
7.6	8	8536	9bc
2.9	9.8	24651	2
12	12.7	9989	7d1
8.95	9.95	25237	8c
6	6.6	25211	8c12
12	32	735	7c
11	14.1	6478	7c1
18	21	9552	9a
0	2	1612	1
35.85	45.9	12612	9a
16.7	20.55	10717	9b
65.35	67.3	9531	12c
0.8	1.2	1725	6e,3
58.3	59.6	9552	9c
10	15.5	6451	7c1
76	86	9423	12ae
4	5.7	6454	7d1,3
6	6.9	8536	9c
12	22	9487	7e
0.55	2.4	10272	3
2	4	9487	7c
0.3	0.7	8534	3d
8.85	8.95	25237	8c
6	10	9317	6d2
0.1	0.5	6448	1-2
19.5	29.7	9548	9a
0	2	24604	1
3.5	38	12579	7c
16	30	24940	7d
4.5	8.6	6499	7c1
49	76.5	11896	7ac
64	68	733	9a
0	0.1	6453	1-2
0	0.2	10277	1
0.1	0.5	9527	2
1.05	1.4	26263	2c
0.6	0.95	11365	6d1
9	10	6450	8c1
48	50	12580	9a
9.8	11.1	24928	9a
17.4	18	24933	9ac
2.2	2.5	25158	3
15.3	30.3	6434	9a
42	54	24238	7c
2	10	23013	7b
10	12	23013	7c
61	62	25160	11b
7.55	8.05	258	7c
3.75	4.9	25257	8a1
1.2	2.6	24926	1
24	26	6620	9ab
56	60	9423	12be
2	6	1610	7-12a
0.2	1.2	10281	2
3.8	7	10716	7d1
8	46	13192	9a
40	48	15847	9b
38	48	12580	9b
0	0.2	255	1
8	8.6	10730	6d
0.3	5	9987	7d1
14.1	17.2	25238	7c1
0.3	5.4	1608	1
6	11	24904	7c1
14.45	15.33	10731	7c
30.3	34	6435	11d
0	0.3	11364	1
1.3	2.75	11365	6a
14.3	15	6472	9a
8.7	9.6	6457	8c1
2	3.6	6475	6c1,3
1.05	3.8	10715	6d1
4.9	6	25258	7d
1.5	2.6	24904	7c1
12	13.7	1656	4ab
0	4	24921	1
13.1	15	26265	6e2
3.2	4.6	11895	6ab
4	16	24940	7c
0.2	0.8	9550	2
0	2	9487	7d
5.5	8.3	9856	4b
1.2	1.8	24711	6b
2.5	3.1	10353	4b
0.5	9	6449	7c1
10	11.4	262	8ab
11.65	11.9	10731	7c
0.2	0.8	1724	2
16	18	6617	7ae
7.6	7.8	9551	3c
0	0.75	11881	1
7.45	23	24711	6bc
27	37	9797	7d
0.6	1.5	9852	2
2	3.8	9853	4a
13	20	25214	7d1
4.4	4.8	10730	6c
8.6	10	10730	6d
54	56	24238	7c
68	76	733	9b
2.1	7.55	257	8a
0	0.1	9527	2
58	59.7	9529	9a
28	54	6621	12ab
5	6	9989	7d12
79.6	83.6	11897	9bc
2	3.2	11895	6ab
0.5	17	9808	7cd
0	0.2	9549	1
41.5	43.3	9552	9c
6	12	735	7d
1.2	4.8	10290	7d1
8.6	17.8	6500	9a
0.4	1.05	26263	2ce
0	10	24909	8b
0.5	1	9527	2
0.2	1.2	10289	2
1.1	1.7	24705	6e1
0.2	8.9	9547	3d
18	62	6617	7e
3.8	6.5	9853	4c
69.5	70	9553	11b
3.25	3.75	11366	7d12
0	0.25	24929	1
62	62.7	25160	11b
2	6.1	10684	6d1
0	0.15	6497	1-2
32	34	15847	9b
6	14	1613	7-12d
0	6	6619	7d
58	66	24907	7-12ad
0	0.2	24924	1
1.5	2.2	25157	1
5.8	6.2	23969	7c1
68	74	11470	11bc
34	48	13221	7d
0	1.4	4729	6b
16	34	13221	7bd
4	22	3074	7-12ac
0	2	4977	2
2	4	13510	7e
13.2	15.9	23839	8e12
18	56	7589	9a
4.1	6.7	24421	5c1
46	68	7206	9ab
0.3	1.4	24440	6b
0.6	1.1	9381	3
0	8	23977	7e
19	51	24437	7e
0	0.15	9312	2
3.1	13.2	23953	7d2
26	60	18589	9ab
0	1	112	1
0.3	1.8	24193	1
2.8	19.4	4709	4b
0	1.1	24467	2
0	2	24345	3
4.95	5.8	23969	7c1
0.95	2.4	23968	3d
52	126	7202	12c
3	6.5	23871	4a
0.2	1.1	5896	3
18	22	11572	9b
24	26	18589	9b
14	20	11624	9a
58	64	11470	11b
43	73	517	7a
38	52	8211	9ab
3.1	7.5	24398	7e1
5.8	6.3	24393	7e12
0.4	1	24258	1
60	120	24460	9ae
52	54	142	12be
4	6	8215	7d
0.05	2.6	4730	2
0.8	19.2	433	2d
0	10	24455	2
18.8	22	4700	4a
0	0.65	24280	1
48	52	837	10c
36	44	5851	7c
10	30	13510	7d
1.6	2	918	6e
0	0.8	24012	2
10	12	23017	7bc
1.4	13.8	18376	9a
0	47	14362	7d
0	0.2	7561	1
2	14	24192	7c
36	42	23031	7c
14	20	24192	7c
8	20	11558	9ab
34	52	24432	7ac
0	10	23819	7e
26	50	8205	9a
0	0.7	4699	2
3.9	5.6	9377	7e12
50	58	8204	12c
7.1	8.5	24463	6d
6.2	8	24356	7d1
0.3	1	24473	3
0.2	0.4	24590	3
1.4	2.1	9382	6b
30	70	20896	9a
11.9	15	10050	9ac
6	20	2742	7e
6.3	10.5	4698	4a
0.9	1.9	9372	6b
58	60	4914	7d
18	20	5900	7c1
0	0.15	24516	1
19.8	21.2	4712	4b
4.95	5.3	24519	8ad
42	46	24232	7e
14	22	11570	9b
2.1	3.7	24584	7e12
2	15	8305	7c
6	14	23020	7c
2.8	5.4	24392	6b2
3	52	7945	7d
0	0.05	4730	2
1.4	3.1	24423	5b
6.5	9.2	23871	4b
6.4	8	24440	6b
2.3	3.1	24397	3
0	8	24217	7d
0	4	24344	7d
6.5	7.1	24463	6bc
23.9	30	13165	11d1
107	113	519	7cd
0	4	2744	7-12e
1.6	6.65	24282	6c12
66	92	4975	12e
0	4	24448	1
0	13	23971	7d
16.2	17	7436	9a
6	18	23822	7d
0	6	2742	7e
68	78	7110	12b
10.5	15	4698	4b
8	10	23977	7e
0.15	1.45	9310	2
1.8	2.5	24440	6b
5.4	5.5	23966	7c1
20	40	13008	9a
70	76	20896	9b
18.2	22.5	4698	4b
0	4	13221	7c
8.3	9	24259	6c12
8.8	20	24600	7c1
10	24	23034	7d
0	18	24027	7d
20	28	24192	7c
0.15	0.5	24420	1
2.7	3	24427	4ac
0	6	23017	7b
34	48	24030	7c
4.2	5	9388	6c
0.6	6	9399	6b
8.1	9.9	24400	7e1
6	10	8208	7bc
3.4	4.9	24466	6bc
42.5	60	24460	9ad
12	18	11621	9a
14.8	15.5	24375	7c1
5.7	9.4	23934	8d1
0	0.35	23967	1
0.2	0.7	24462	2
10	12	8208	7bc
12	14	141	11ae
0	5	7645	7e
0.4	2.1	24597	6e1
0	0.1	4740	1-2
9.3	10.2	24179	7d1
5.7	6	9388	6e2
0	2	8300	7
9.5	12.4	4700	4b
0.5	4.2	9388	6b
50	54	13236	9a
15.7	17	244	9a
0.35	0.95	23968	3d
2	4	4193	7e
2.7	3.7	9382	6d12
0.5	2.6	4712	4b
18	22	23031	7c
8.2	9.9	5898	7e12
62	64	10424	9b
0.15	0.7	24582	3
0.3	1.3	24285	3d
0.6	1.9	24003	2
18	40	23012	7ab
40	50	24242	7e
0	18	24029	7d
0	0.3	24349	2
2.7	3.9	24359	4a
10.6	11.2	24401	8c2
8.8	9.5	24586	7d12
6	10	23017	7bc
42	44	24343	7e
50	60	8217	12c
15.1	16.5	13169	10d1
6.35	12.5	24375	7c1
3.1	4.6	24471	6d1
0	2	24244	7d
18	28	24343	7d
20.8	22.3	24395	7c1
0.9	3.4	13307	6e1
4	6	8208	7ae
64	68	11470	11ac
8	24	23976	7c
0.5	1.2	24017	2
0	0.3	24439	1
11	13	4688	4b
26	30	24029	7a
0	2	24396	2
1.3	3.8	24406	6e12
0.6	1.6	916	3a
66	74	13221	7e
4	8	760	7e
0	20	24028	7e
26	50	23822	7bc
0	26	2785	7-12e
24	40	24242	7d
10	50	11551	9ab
0.5	6.3	23868	6d
12.4	18.8	4700	4b
0	2	23925	7e
0	0.2	12454	1
51	61	2216	9b
34	54	7954	7e
2	8	140	7d
0.7	3	24463	6ab
0	0.45	23964	1
0	2	23973	2
2	10	24251	7e
0.3	0.6	465	1-2
0	0.8	431	1
0.8	3.5	27031	6a12
17.5	23	8305	7c
54	58	11470	11b
30	46	24029	7c
0	1.4	24422	1
0.8	1.9	4686	2
2.5	11	4693	4b
3.3	8.2	5898	7e2
32	36	5851	7bc
42	46	538	7e
0.08	0.25	9380	2
12	14	836	9a
8.4	10.7	24283	7c2
54	57	7955	9a
34	62	10424	9ab
24	34	24252	7d
1.9	3.4	24466	6c
33	39	16340	9a
2.9	11.6	918	6e
4	6	3076	7-12ab
8.8	9.1	8741	6d2
50	54	11551	9ad
0.6	2.1	24373	2
18.3	19	24394	8e1
0.25	0.7	438	1
100	107	518	9a
1.45	4.15	9311	6b
0.16	0.5	24405	2
6	18	23821	7d
4	14	4193	7e
15.2	25	24594	7c1
22	34	7954	7a
7.8	12.2	4734	6b
8.15	9	12455	6c12
20	22	141	11e
4	6	24344	7d
5	20	24207	7d1
0.3	1	6821	2
0.7	4	439	9a
0.2	1.8	24023	2a
8.8	12	23930	7c1
1.2	3.8	23929	6e1
0.15	1.4	9312	2
80	84	13235	12b
6.1	6.6	6822	4b
0.25	0.6	9380	2
10	12	141	11a
4	12	23397	7ae
32	34	23473	7ab
16	17.3	23871	4b
2.4	4.8	24004	6d1
47	51	23033	7ac
56	68	7210	9ab
4.3	6	24468	6a
3.5	3.8	27031	6d2
8	54	4914	7d
5.4	8	24472	7e12
0	2	834	2
4.9	5.2	24466	6d
0	0.4	23923	2
5.4	7.6	24423	5b
26	40	837	10d
15	17.5	8305	7b
8	18	3857	7d
4.4	7.8	4734	6b
0.3	3.3	24041	4a
6	8	24248	7c
28	34	11581	9ac
64	82	13508	9ab
7.6	10	24423	5c12
0	6	23018	7d
0	2	11847	1
0	2	23822	7e
0.5	2.8	4709	4b
0	6	8219	7e
8	32	3076	7-12ac
14	26	23473	7a
44	70	5851	7e
0	0.13	24258	1
0	4	23397	7c
1.3	5.3	24287	6c
2	10	23925	7d
0	2	24248	7c
2.6	6.3	4737	6b
0.6	2.3	466	4-9ab
4	27	3701	7d
0.2	0.6	24477	3
0.65	1.45	24518	7d,3
0.6	15.1	13166	9a
60	68	746	9a
20	22	836	9a
8	14	7631	7a
8.2	10	9289	6c2
3.35	5.35	9313	6bc2
9.9	11.9	5898	7e2
0	4	24458	1c,3
1.4	3.9	9376	6e1
0.5	0.8	27033	1
6	14	23035	7d
0	6	23823	7c
2	4	537	4a
0.7	1	24427	4bc
10	28	2737	7c
62	70	4912	12e
13.1	20	24588	7c1
3.2	7.3	24427	4bc
0	0.2	8739	1
0	6	23036	7e
0	0.1	9391	1
0	0.3	5892	1
6.1	7.4	24475	7e12
72	96	24037	7c
0	2	24240	1
1.4	3.35	9313	6b
3.7	8	9382	6d2
4	6	24252	7be
18	26	23822	7c
1.2	4.7	24018	6e1
10.4	18.1	24015	8e12
11.5	16.3	13276	8e1
0	0.5	4711	1
14.5	15.3	23969	7c1
26	32	23473	7ac
15.5	25	24375	7c1
16.9	20	23840	7c1
2	6	23822	7e
8	18	11572	9ab
1	2.7	24359	4b
0	0.2	13167	2
16	24	18589	9a
62	64	21188	12b
38	40	11468	9bc
4	60	748	7e
18	50	4981	7d
2.1	2.7	24598	7e12
6	14	11570	9ab
0.5	1.2	23870	2
18.1	20.2	24015	8e2
6.6	8.4	6822	4ab
0	6	23035	7c
9	17	24436	6c
0.4	1.3	9401	2
34	36	23473	7e
16	44	16234	9ab
2	10	23927	7d
74	78	13221	7ac
7.5	18	24459	7e
2	8	24244	7d
2	16	24346	7d
0	4	3076	7-12ab
0.7	1.3	27036	6b1
4	14	24453	7c
14	16	23020	7ab
6.15	8	9311	6d2
2.4	3.6	23948	6e12
18	26	23821	7d
0.3	1.7	24470	3
1.8	3.6	23966	7c1
2	18.9	4715	4b
6.65	8.4	24282	6c2
62	63	115	11de
12	16	23036	7bc
5.9	6	6822	4e
4	8	3856	4ac
10	12	24251	7b
16.6	19.1	4693	4b
15.9	16.9	23840	7d1
5	15	7645	7e
4	14	23031	7c
6	6.9	24194	6c
20.5	23	13305	9a
0.2	0.6	24357	2
0	0.2	9287	1
3.9	5.5	4690	4b
1.7	2.4	23948	6c
0	0.15	9310	2
0	8	7591	7e
6	18	24032	7d
10.7	14	18326	9a
18	106	23021	5d
1.1	1.4	9382	6b
26	40	21189	9b
12.1	13.1	24587	8c1
10	11.45	23969	7d1
6.9	13	24194	6b
1.8	2.25	24023	2b
3.2	5.2	23963	7c1
28	32	7631	7e
1.45	3.3	24518	7c12
19.1	21	4693	4b
3.1	4.4	9372	6e12
0	0.4	9400	1
0	0.2	4683	1
12	14	23974	7c
16	18	141	11e
13.8	15	23924	11d
6.7	8.5	24421	5b
2.3	8.2	9289	6b
1	8.3	24259	6a
0	0.4	23931	1
4.3	5.4	23966	7d1
8	10	13510	7e
0.6	6.2	9393	6b
68	90	142	12be
0	0.3	465	1-2
2	4	23032	7bc
0.1	0.9	9395	3
2	8	23537	7ac
0.9	4.7	23933	7c1
11.85	14	918	6c
2	6	24248	7bc
10	24	24456	7a
3	6.5	24463	6bc
0	6	7954	7e
4	22	8219	7e
3	4.2	239	8ab
4	6	24242	7e
12	16	23012	7ab
4	6	23020	7d
0	4	24234	7d
7	9	4688	4b
26	44	23821	7b
2	2.5	4692	3e
90	150	7110	12bc
24	26	11423	9b
0.3	2.3	24178	2
0	0.3	24284	1
14	38	11468	9a
22	26	836	9a
4	68	23764	6a
2.4	16.2	7839	7cd
18	18.2	4698	4b
95	120	2217	12d
4.8	5.8	24004	6d12
0	0.2	24461	1
8	18	7591	7e
0.2	0.7	238	1
10	12	23791	12ad
0.4	0.9	23932	3
49	51	700	12d
0.2	2.6	7561	1
14	18	23031	7e
5	7.75	12455	6ac
24	32	5851	7d
68	76	746	9b
1.4	2.1	24184	2
7.6	7.8	23963	7c1
2.5	6.4	24440	6bc
4	6	23033	7bc
2	5.4	23991	7d1
2.4	4.6	23969	7c1
6	20	4978	7d
0.15	0.9	13306	1
0	4	24438	7bc
2	26	24026	7d
48	49	701	9ad
0	0.1	24010	2
0	2	23927	7e
0	0.5	23870	2
36	38	4193	7e
0	2	13510	7c
0	2	24031	6a
1.4	12	4729	6b
28	62	16379	9ab
0	8	4914	7c
4	5	12455	6a
12	14	24451	7c
0.4	0.65	24517	2
0	0.25	438	1
4	6	23791	12ad
32	42	17153	9ab
0	10	24250	7e
0	4	23791	12d
2	4	23974	7e
0	4	482	7-12ad
0.4	1.3	24608	3c
0	2	24454	7ac
0	0.1	9394	1
0.5	2	4715	4b
4	6	2744	7-12ac
41	49	23971	7c
20	64	4978	7c
48	50	23031	7b
26	36	11488	9a
0	6	23752	7c
0	4	3855	3
2	4	24454	7d
0	4	3074	7-12ac
0	2	140	7c
19	19.9	24394	8a
24	52	142	12e
3.3	4.95	24518	7c12
6.3	11.5	13275	7d1
0.1	0.6	9392	2
44	56	13508	9b
0.3	1.2	23989	2
14.6	16.7	24393	7d1
31	50	3698	9ab
30	54	11471	9a
0	8	24229	5ab
0.45	1.2	23965	3c
3.7	8.8	24585	8e12
30	32	23031	7b
1	4	12455	6a
6	8	3076	7-12ac
13	15	24194	6c
4	8	24247	7d
16	22	23970	7d
0	0.3	24426	2
0	0.15	24357	2
68	72	21188	12b
24	30	23976	7c
9.2	16	23871	4b
22.3	30	15413	9a
78	90	7110	12d
8	30	24230	7c
0	10	13010	7e
1	2.7	24427	4c
3	3.2	24427	4c
12	18	23017	7b
7.6	8.2	24427	4ab
1.6	1.75	23962	3c
7.35	15.5	23966	7d1
2	4	8215	7d
4	34	24454	7e
0	8	23970	7c
4	7.5	24459	7e
18.9	21.3	4715	4b
43	56	114	9a
0.7	2.1	24583	6e1
0	2	8214	2
2.7	8.8	24599	8e12
30	38	13510	7d
10.2	12	23991	7d12
4	8	23974	7d
0.7	2	239	8ac
2	4	23019	7d
6	8	7631	7e
0	4	2773	7bd
5.6	15	9377	7e2
3	33	24035	7d
0	0.2	24589	1
54	58	142	12ae
6.4	7.6	23963	7d1
8	18	24244	7e
0	0.6	914	1
38	42	13508	9b
22	24	23031	7c
1.3	4.8	27036	6a1
14	16	24251	7e
5	15	2727	7e
54	58	20021	12c
16	24	24234	7c
3.2	6.2	24354	4a
2	6	4978	7d
4	8	13221	7
0	0.4	24205	2
0	0.4	24391	1
3	8.4	5894	7e2
2	8	23926	7c
36	50	13238	7ac
9.1	10.2	23991	7d2
0	0.3	24040	1
0	0.8	27030	1
60	62	4914	7e
0.4	2.8	24392	6c12
9.1	9.8	13309	7d1
8	8.2	9396	6d2
1.75	3.2	23963	7c1
6.3	7.1	24393	7e1
0	0.5	4708	1
8	12	24438	7d
50	88	11580	12b
62	76	13236	9a
0	0.8	4686	2
4	6	24032	7e
1.7	3.1	24471	6a
0	6	23821	7e
28	86	11844	12d
14	30	5581	7e
0	8	23473	7e
4.6	4.95	23969	7c1
0	0.2	24022	1
1.8	6	24194	6b
16	18	15038	9b
18	22	24438	7a
32.5	42.5	24460	9ad
4.7	5.7	23934	8a
54	76	24028	7c
36	38	20159	9ac
0	2	24246	7e
8	16	23537	7c
42	44	23031	7b
1.2	1.8	23966	7c1
6.3	19.4	20818	9ac
0.2	1.85	8740	3c
5.2	5.6	23963	7c1
16	32	23020	7d
0.35	6.1	24011	3
2	4	23031	7e
0	0.2	24476	1
29	43	114	9ab
0.3	1.5	4690	4b
0.4	1.4	23923	2
1.8	2.4	7839	7d,3
48	50	13221	7bd
80	94	21138	9a
3.6	5.9	6822	4b
4.3	4.8	24184	2
8	10	24472	7d1
0	0.3	23989	2
19.4	44	20818	9a
4	12	835	8b
8	12	23974	7c
0	0.5	4714	1
1.2	4.9	4694	2
18	20	141	11a
46	58	24233	9ab
24	28	3158	9a
0.35	0.75	12454	1
14	28	7631	7c
10	11	4688	4b
30	36	23034	7e
5.5	5.75	23966	7d1
2	18	11848	7c
16	28	2744	7-12e
72	92	21188	12e
16	24	24449	7e
9.6	10.75	24521	8a
0	6	23034	7ac
0	2	23031	7ac
0	2	24452	1
12	14	24438	7a
1	4	3701	7ab
11.7	14.5	23969	7d1
5	8.8	8741	6c2
0	2	23020	7d
28	32	24236	7d
0.8	4.2	27034	6ab
6	28	8215	7c
12	16	23925	7d
5.5	8	4685	4a
14	18	24438	7c
0	62	24033	7d
0.7	1.7	23947	4a
0	2	24192	7c
15	16	24194	6d
19.1	30	24021	7c1
0	6	23012	7d
32	42	701	9ab
0	0.5	27032	1
4.2	6	241	7c1
32	62	7631	7d
88	96	11580	12ab
14	16	141	11ab
30	36	13238	7d
0	0.16	24405	2
0	0.15	13306	1
28	34	24245	9a
4.4	15	9373	7e2
9.8	20.5	13309	7c1
0.9	1.3	23962	3c
17.2	18	5899	8d1
10	12	23927	7e
14	36	4193	7e
0.5	4.1	24421	5b
0.2	0.9	23962	3c
64	68	21188	12e
4.4	6.1	24592	7e12
10	28	11581	9ab
6.1	9.1	13308	8e12
50	52	23031	7d
0	14	24432	7c
0	2	4193	7e
0	0.4	24184	2
6	16	23033	7ab
0	2	2738	3
0.7	1.5	4699	2
0	29	24036	4a
2.1	2.7	24374	3c
4.9	6.3	4696	3e
8	16	23970	7c
0	0.4	23928	1
0.4	1.2	23929	6e,3
42	54	5581	7e
0	0.5	23867	1
11.45	11.7	23969	7d1
50	62	21116	9ab
4.8	6	24185	6c12
18	22	24244	7d
40	84	11305	9b
34	50	8217	12e
12	16	13221	7d
16	48	23035	7ac
54	62	13236	9a
8	12	13221	7d
0.2	3	4684	2
4.6	5.4	24471	6b
7.8	10	23963	7d1
4	7	590	7d
2	3	239	8bc
0	0.15	9374	1
6.4	9.3	24178	2
16	34	23033	7c
1.9	2.4	24003	2
10	11	10050	9ac
58	62	142	12e
0	14	5851	7d
2.1	2.7	9382	6b
1.1	4.3	24468	6e1
56	62	114	9b
0.15	1.4	9375	3
0.1	0.35	24010	2
5.6	6.4	23963	7d1
9.2	29	7560	9a
0	0.2	23961	1
1	29	113	7c
40	62	21188	12e
8.3	9.8	9402	6c
24	30	23034	7e
19.9	20.8	24394	8e1
13.1	14.6	24393	7d1
0.3	0.8	24465	3c
0	0.3	4736	2
10.75	12	24522	7d1
0	0.2	238	1
2.1	3.1	23952	6e2
0	2	23537	7ac
12	20	8208	7e
9.9	13.9	24020	8e12
6	8.7	242	8a
0	0.5	24017	2
2	6	24246	7d
0	0.4	24607	1
36	42	23473	7ad
24	26	24235	8ab
0.9	2.3	9289	6b
76	86	7208	9ab
1.2	3	23871	4b
6	22	7954	7d
42	48	701	9ab
10	12	23925	7e
6.6	8	4700	4b
0	30	13238	7d
18	26	24029	7d
21	29	23971	7c
8	9.5	4700	4b
2	8	23976	7c
2.1	4.3	24184	2
2.05	5	8741	6bc
3.8	5	24206	6a
0	3	24034	6c
12.5	14.8	24375	7c1
10	11	24440	6d
2	6	24451	7d
62	82	7631	7a
6	16	23018	7c
8	10	140	7e
0	4	3285	7e
0.3	3.2	24349	2
0	0.3	24193	1
17.3	23	23871	4b
16	40	23927	7c
10	30	23977	7d
9.5	12.1	24586	7c1
30	38	538	7ae
0	4	3160	7c
22	42	24438	7e
4	22	538	7e
6	18	24343	7d
13.9	19.1	24020	8e2
10	26	23820	8bc
4	6	3160	7a
11.9	17.2	5898	7d1
1.3	5	24609	6c2
38	88	10421	9ab
34	44	23033	7a
92	102	21188	12b
11	11.9	10050	9ab
0	8	24243	7e
8	16	23926	7c
0	2	24251	7d
6	16	2744	7-12e
7.75	8.15	12455	6ac
5.75	7.35	23966	7d1
1.2	2	23990	3
4	16	24449	7d
2	4	24252	7e
42	48	20019	9a
7.1	13.1	24393	7d1
52	56	8210	12bc
0	2	24457	1
2	4	5580	2
34	54	24245	9ab
52	54	23031	7bc
0	4	589	1
1.3	8.3	9402	6b
0	2	23975	1
0.13	0.4	24258	1
0.4	1.4	24184	2
4	7	4688	4b
0	3	7944	6d
6	10	23012	7ab
0.1	1.8	4740	1-2
36	48	24237	9ab
40	48	837	10c
6.1	6.4	24178	2
20	28	11558	9a
2	2.3	24396	2
12	20	13010	7e
0	0.3	24178	2
2	4	24032	7d
3.8	5.1	24406	6e2
0	0.3	4689	1
0.4	3.8	24205	2
5.7	12.2	4731	6b
44	52	24343	7c
6	6.1	6822	4c
42	44	13508	9c
0.15	0.4	24517	2
0	0.15	24581	1
7.5	8.1	24399	8e1
0	4.4	4733	2
1.8	4.3	4741	6b
8	10	24440	6c
3.8	8.8	23929	6e2
16.5	23.9	13165	11a
64	82	10424	9ab
8.2	10	10050	9a
1.4	1.8	24440	6bc
0	2	5580	2
2	4	835	8b
18	20	836	9a
0	0.2	5895	1
18	56	24027	7c
12.4	15	24402	7d1
0	2	24450	1
2.5	2.9	918	6e
0	56	14364	7d
6	12	3160	7d
2.6	5.7	4731	6ab
34	50	11581	9ab
6	12	23823	7c
1.5	3.6	23869	3e
22	36	23970	7c
11	12.7	4693	4b
0.2	0.35	12454	1
29	41	23971	7c
0	4	8207	2
6	8	23752	7e
42	44	17153	9c
8	14	23473	7ac
6	10	23791	12d
25	32.5	24460	9ac
24	32	24456	7c
2.25	8	24024	7c1
16.7	18.3	24393	7d1
14	16	836	9a
0	0.15	24420	1
0.6	2.1	23951	4a
8.5	10	24421	5c12
14	16	24453	7d
0	0.15	24595	1
15.3	16.55	23969	7d1
0	0.1	9370	1
30	54	24028	7e
20	24	11623	12c
12	14	3160	7a
12	16	23927	7d
26	30	538	7a
0	2	24030	7d
48	52	7203	9b
1.5	3.9	4690	4b
44	47	23033	7c
6	24	24242	7e
5.4	5.8	24392	6d1
0	0.3	24464	1
4	16	24234	7d
2.3	3.8	466	4-9ac
2.7	6.35	24375	7c1
2.6	19.8	4712	4b
4	14	5581	7e
6.2	10	23969	7d1
44	62	21161	9ab
0.6	1	24358	3c
0	0.7	23946	1
0.2	0.6	13168	3c
0	1.2	4694	2
18	28	24032	7d
0.1	0.6	9398	2
22	48	3074	7-12ac
64	66	4975	12e
5.2	10.4	24014	7e12
0.75	1	12455	6c
27	31	3698	9ac
12	14	24251	7a
30	42	5581	7c
50	66	13221	7e
50	58	11556	9a
0	0.08	9380	2
6.6	14	24406	6e2
22	34	8218	9a
0	2	536	1-2
3.9	12	24360	6e2
2	4	24453	7c
0	2	24252	7e
62	68	142	12b
32	36	23031	7bd
3	5.5	4685	4a
44	46	23031	7bc
0	4	23054	7d
20	30	24028	7e
0.4	4.4	24591	6e1
0	0.6	24373	2
0	2	4691	1
24	30	23031	7bc
4.3	10.7	4741	6b
0	0.8	13273	2
28	38	8211	9bc
22	28	24245	9ab
17	19	24436	6d
3.6	6.6	4700	4a
0	4	760	7d
16	34	23036	7de
0	2	24025	3
0	6	2740	7c
2	10	2737	7d
7.7	8	23949	7d2
0.6	2.4	24478	6a
2	18	24255	6ab
18	28	11845	9a
2	10	24241	7c
0	2	24242	7d
2	4	24242	7e
0.05	0.5	9387	2
16.3	18.2	13272	9a
61	95	2216	9a
0	4	24247	7e
0	2	23033	7bc
0	9	24436	6d
10	12	23012	7d
3.6	7.7	23948	6e2
2	34	24030	7c
4	8	13510	7b
40	42	11468	9bc
9.8	12.5	9402	6d2
16	18	23012	7d
14	24	3160	7d
48	54	20022	9a
54	58	4914	7e
0	2	4013	7e
15	18	4698	4b
5.3	9	24287	6c
0.3	0.7	24426	2
4	6	24438	7d
6.1	15.2	24593	8e12
11.6	11.85	918	6b
30	42	24231	9ab
2.4	6.4	24478	6b
6.4	8.4	24479	7e12
0.15	0.4	24596	3
20	26	8208	7c
0	0.7	27035	1
0	0.05	9386	1
2	4	23033	7ab
1.9	4	4687	4a
2.6	9.2	7560	9ac
2	8	4013	7d
5.8	10	24004	6d2
4	6	482	7-12d
42	50	24438	7d
44	140	17153	9ab
22	26	538	7d
0	0.1	516	1
14	16	23035	7e
7.4	10	24475	7d1
4.7	9.9	24019	7e12
3.4	6.1	13308	8e1
28	42	24343	7c
22	24	141	11a
9.4	10.7	23934	8a
8.7	15.7	243	7c1
5	5.7	9388	6d2
0	0.1	9397	1
6	12	23036	7ac
18	25	24459	7e
26	28	24236	7c
4	18	2773	7d
78	114	13219	9a
22	24	5851	7e
0.65	1.6	24281	3c12
2	4	23020	7be
10	12	13010	7c
56	64	13508	9c
6	24	24252	7d
12.7	16.6	4693	4a
0.3	2.6	4737	6a
5.1	6.6	24406	6c2
1.3	1.6	23962	3c
0.2	0.9	9288	3
76	80	13236	9ab
9.9	10.6	24401	8e12
34	42	23036	7c
0	1	3700	1
0	2	23926	7c
32	42	11558	9ab
0	5	2727	7e
4.6	6.1	24474	6b
0	1.8	7838	2,3
38	42	538	7ae
13	21	23971	7c
3.1	5.4	24423	5c1
0	2	23019	7da
6.3	11.3	4737	6b
5.35	8	9313	6d2
0	6	7630	1
0	0.6	23950	1
0	2	23032	7bc
16	18	836	9a
6	12	24451	7c
4.15	5.3	9311	6bc2
0	6	24342	2
14	32	24432	7c
19.2	22	434	9a
5.3	6.15	9311	6cb2
6.8	8	9396	6c
56	80	21138	9b
5.4	9.1	23991	7d12
2.8	3.6	6822	4c
0	0.3	6821	2
58	60	8204	12e
28	32	11558	9d
0.8	1.9	24466	6ab
5.5	17	4690	4b
10.2	17	24179	7c1
28	32	2737	7c
1	4.6	24474	6a
2	2.5	918	6a
9	10	4688	4b
10	16	24241	7d
8.4	10	24479	7d1
6	8	24438	7a
0	0.3	24469	1
40	88	18516	9ab
16.55	18	19957	9a
11.2	12.4	24401	8e1
46	48	23031	7ab
1.1	3.3	5897	4a
0.8	6.3	13274	6e1
0	2	4980	2
8.4	13.2	5894	7e1
16	24	11423	9ab
1.9	3.1	9372	6c12
23	25	8305	7b
16	38	23925	7c
67	72	24037	7c
1	2.8	6822	4b
5.3	9.6	24520	7d2
14	22	5851	7d
8	10	24217	7e
0	4	748	7d
50	84	4981	7c
0.15	0.2	24357	2
0	4	23764	6e
7.3	7.6	24427	4ac
2.3	6.1	24178	2
0	0.6	24003	2
29	67	24037	7d
3.6	4.3	23966	7c1
6	10	23034	7ac
0.9	6.8	9396	6b
0.8	5.2	24013	6e1
6	22	2740	7d
0.5	1.3	24405	2
26	56	11423	9ab
0.3	3	5893	4a
8	34	24248	7c
32	34	24432	7d
0	0.3	24473	3
0.1	0.9	9371	3
0.1	43	517	7cd
20.2	30	24016	7c1
14	15	918	6b
12	56	21138	9a
73	100	517	7cd
19.4	21.8	4709	4b
113	135.5	520	9a
1.6	2	27360	2
0.4	5	27343	6e
3.2	6	27328	7d
0	0.3	27335	2
0.5	1.5	27299	2
0	0.05	27364	2
2	4.3	27292	7d1
5.9	6.2	27299	2
0.4	2	27291	2
0	0.8	27348	2
0.3	2.7	27356	2
0.4	0.8	27352	2
3.45	3.65	27340	6c2
0	0.4	27346	2
0	0.2	27331	1
0	0.3	27356	2
0	0.3	27285	1
0	0.4	27295	2
0.8	1.5	27297	2
0.8	12	27353	6e
2.4	3.2	27328	7a
0	0.05	27362	2
0.8	2.1	27365	6a
2	20	27359	6e
0	2.7	27354	2
0.3	2	27286	2
0	0.8	27297	2
0	1	27326	1
2	16	27363	6d
6.2	8.3	27341	7b12
0.15	2.3	27350	2
2.7	18	27357	6e
0	0.4	27344	2
0.8	3	27330	6bc
2.3	3.3	27350	2
5.2	10	27361	6d
0	0.1	27360	2
0	0.2	27329	1
1.6	2	27359	6a
0.05	0.8	27364	2
0	0.6	27293	2
3.3	12	27351	6e
0	0.7	27300	2
3.65	6.2	27341	7d12
3.2	3.45	27340	6c2
0	0.4	27471	1
0.2	0.8	27329	1
4.2	4.7	27296	7c1
2.1	11	27365	6d
0.4	8	27345	6e
0.2	0.8	27333	1
4.5	5	27337	7b12
0	3.5	27302	2
0.05	0.6	27362	2
0	0.7	27358	2
1.5	3.7	27299	2
2.3	12	27349	6e
0.1	1.6	27360	2
2.4	3	27332	6c
2	3.3	27287	7d
0.3	1.8	27289	2
0.6	4.2	27294	7c1
0.6	1.1	27335	2
0.4	8	27347	6e
1.5	4.2	27298	7c1
0	0.5	27299	2
0.2	0.6	27331	1
0.7	1.6	27358	2
0	0.15	27350	2
0	0.4	27290	1
2.5	3.1	27337	7c12
1.1	2.5	27337	7d12
1	2.4	27327	6bc
0	0.2	27333	1
0.8	3	27334	6bc
0.8	2.3	27349	6a
2.35	3.2	27340	6c2
2	5.2	27361	6a
2.7	14	27355	6e
0.6	2.4	27332	6bc
0.4	4.2	27295	2
0.7	2.2	27300	2
0.3	0.6	27335	2
0	0.3	27288	1
3.1	4.5	27337	7d12
0	0.4	27352	2
0.8	2.35	27339	2
0.6	2	27363	6a
0	0.8	27339	2
2.2	3.6	27301	7c1
3.7	5.9	27299	2
0	0.3	27261	1
1.5	3.2	27242	7c1
0.4	1.3	27256	3c
2	3.5	27257	7c1
0	0.4	27246	1
0.7	1	27241	8b
1.2	3.5	27251	7c1
1	1.5	27242	7c,3
1.6	3.5	27254	7c1
0.95	1.2	27260	7c,3
1.4	2.2	27854	8a
2.7	3.5	27855	7c1
0	0.35	27258	1
1.1	1.6	27254	7c,3
0.9	1.4	27245	7c,3
0	0.35	27239	1
0.35	0.75	27250	3c
1.9	3.5	27248	7c1
0.35	0.95	27259	3c
0.75	1.2	27251	7c,3
0.35	0.7	27240	3c
0	0.4	27252	1
0	0.4	27255	1
2.2	2.7	27855	7c,3
1.1	1.9	27248	7c,3
0.3	0.9	27244	3c
1.4	3	27245	7c1
0.4	1.1	27253	3c
1.3	2	27257	7c,3
1.2	3.5	27260	7c1
0	0.3	27243	1
0.4	1.1	27247	3
0.3	0.9	27262	3c
0.9	1.4	27263	7c,3
0	0.35	27249	1
0	0.5	27856	1
0.2	0.9	27224	6d12
3.5	9	27224	6e2
3	4	27277	7c1
2	3.5	27280	7c1
0	0.2	27223	2
0.4	1.4	27268	3c
0.3	0.8	27271	2a
0.5	1.5	27279	3c
1.8	2.6	27284	7c,3
2.6	4	27284	7c1
0.85	1.8	27283	8a
0.9	3.5	27224	6d12
0.15	0.45	27274	2a
2	3	27277	7c,3
0	0.35	27281	1
1.4	1.9	27269	7c,3
0.35	0.85	27282	3c
1.5	2	27280	7c,3
0.45	1	27275	3c
0.5	37	26209	7c
0	0.4	27267	1
37	72	26210	9ac
1	2	27276	8b
0	0.3	27270	1
0.8	1.5	27272	7c,3
0.9	1.7	27266	7c,3
0	0.4	27264	1
1.9	3.2	27269	7c1
1.5	3.5	27272	7c1
0	0.5	27278	1
1.7	3.2	27266	7c1
0.4	0.9	27265	3c
0	0.15	27273	1
0	0.25	27128	2
1.4	3.5	27144	6b
0.2	0.6	27173	2d
6.6	10	27219	9ab
0.6	1.1	27174	6bc1
13	14.5	27144	6e2
0	0.75	27216	2
0.5	1.3	27138	6d1
4.8	5.5	27129	7c1
0	2	27117	2
1.3	1.6	27175	7d1
10.1	12	27160	7d12
0	0.1	27140	1
8	10.1	27160	7d2
7.4	8	27127	7e2
14	18	27220	12c1
6.5	7.4	27127	7e2
27	40.3	27221	13a
0.75	1.6	27216	2
5.75	10	27175	7d12
0.5	1.5	27146	3
0.25	0.8	27128	2
4.1	6.5	27178	7c12
1.7	2.8	27129	7c12
2.2	4.4	27218	7c1
4	5	27144	6c2
4.4	6	27139	7d1
7	8	27133	7d2
18	27	27221	13a
10	12	27175	7d1
4.4	4.6	27219	9a
10	14	27219	9a
7.75	12	27178	7d1
4.3	6	27142	7d1
5.5	6.7	27129	7c1
0	1.4	27143	1
1.5	6	27147	7d1
5.8	7	27133	7d2
4.6	5.8	27219	9a
0.1	0.8	27140	1
0	0.2	27176	1
0.3	1.5	27131	3ed
6.25	6.6	27219	9ac
1.2	2.6	27127	7c1
0.2	0.6	27177	3d
6.5	7.75	27178	7bc12
5	8	27160	7d12
6.7	8	27129	7d12
0	0.25	27159	1
1.6	5	27160	7d1
0	0.05	27173	2
5.45	8.5	27144	6d2
0.8	1.7	27128	2
0	0.3	27130	1
1.9	3	27132	6d1
1	1.6	27160	7d,3
3	5.6	27133	7d12
0.25	1	27159	1
9.4	13	27144	6e2
0	0.25	27126	2
0	0.5	27145	1
2.6	6.5	27127	7d1
0	0.5	27137	1
5.6	5.8	27133	7b12
0.25	1.2	27126	2
0.05	0.2	27173	2a
14.5	20	27144	6e2
1.3	4.4	27138	6d1
1.6	2.2	27217	3d1
0.8	4.3	27141	6d1
0.6	4.1	27178	7d1
3.5	4	27144	6c2
5.8	6.25	27219	9ab
1.1	1.3	27174	6b1
1.6	5.75	27175	7bc12
8.5	9.4	27144	6d2
1.5	1.9	27132	6d1
5	5.45	27144	6b
24	30	26934	7a
54	68	26935	9ab
4	4.6	27960	6b1
4	14	26934	7d
8.4	9.3	27116	7e2
40	42	26934	7c
1.2	2.6	27114	2
2.85	4.5	27116	7c1
2.8	3.7	27939	6a1
16	24	26934	7ac
72	74	27121	13a
6	12	27111	7ac
0	0.4	27953	1
60	62	27125	12d
4.5	5	27116	7d1
2	6	27110	6c
6	18	27124	9a
46	48	27119	9b
2	6	27123	7c
59	60	27124	9ac
68	92	26936	12bc
0	0.4	27958	1
1.1	2.5	27945	6b1
3.7	4.9	27939	6b1
1.8	2.8	27939	6b1
2.1	4	27960	6a1
48	59	27124	9a
0.5	1.1	27945	6d1
2.6	2.85	27115	6d1
0	2	26933	2
10	18	27119	9a
22	46	27119	9a
14	16	26934	7c
0	0.2	27114	2
12	20	27111	7ac
20	80	27112	9ab
2.5	3.7	27945	6a1
3.7	4.6	27945	6b1
18	46	27124	9a
0.4	1.4	27960	6a1
92	110	26936	12ac
0	0.5	27937	1
42	54	26934	7ac
2	4	26934	7e
0	2	27122	2
4	5.2	27951	6b1
60	72	27120	12c
6	10	27119	9a
0	0.5	27943	1
0.7	4	27951	6b1
1.4	2.1	27960	6b1
0.5	1.8	27939	6a1
46	48	27124	9ab
1.8	1.9	27955	6d1
18	22	27119	9b
0.2	1.2	27114	2
0	2	27109	2
0.4	1.8	27955	6a1
1.9	3.4	27955	6a1
3.4	4.5	27955	6b1
48	60	27119	9a
30	40	26934	7ac
5	8.4	27116	7d12
0	0.7	27949	1
2	6	27118	7c
9.3	11	27116	7c1
1.5	9.3	28018	6a
2	3.55	28027	6c2
3.3	4	28001	6c12
0.8	1.8	27990	6a1
0.7	2.5	28036	6a
0.3	0.9	28014	1
0	0.4	28049	1
0	0.25	28019	1
8.6	9.8	28015	6c2
2.5	3.7	27966	6a1
0	0.3	28002	3
0.2	1	28021	1
1.4	2.4	28006	6b
1.8	3.9	27990	6b1
1.7	3.5	28010	6a
0.6	2	28027	6a
0	0.3	28030	1
2.3	3.4	28048	6d
4.3	5	27999	6c12
0	0.3	28014	1
6.55	11.4	28033	6e12
3.55	6	28027	6d2
0	1.7	28009	1
1.65	2.65	28050	6ab
0	0.5	27986	1
0.4	0.7	28043	1
0	0.45	28016	1
0	0.4	28039	1
2.3	4	27979	6b1
0.75	6.55	28033	6a
0.25	0.75	28032	1
0.5	1.1	28000	1
1.5	2.3	28048	6a
0.7	4.15	28040	6d
0.7	3.8	28042	6a
0	0.4	28045	1
1.1	1.8	28013	2
0.4	0.7	28035	1
0.65	1.65	28050	6a
0.4	1.4	28012	6a
0	0.7	27982	1
1.3	4.3	28046	6a
0	1.5	27998	1
0.7	4	27983	6b1
7.1	8.3	28020	6c2
6.4	7.3	28022	6b
6.95	9	28031	6e12
1.1	2	28004	7d1
9.8	10	28015	6d2
1	6.4	28022	6a
0.4	0.7	28037	1
0.7	4.1	28044	6a
0.4	0.65	28049	1
0	0.4	28047	1
0	0.8	27964	1
0	0.2	28021	1
0	0.5	28000	1
0.8	2.5	27966	6b1
0	1.6	28007	1
2.65	4.35	28050	6d
1.5	1.7	27998	1
0	0.4	28011	1
2	10	28004	7c1
11.4	15.6	28034	7e12
3.9	4	27990	6d1
8.3	9.5	28020	6b
0.3	1.1	28002	3
0	0.4	28035	1
0	1.4	28005	1
0.4	0.7	28039	1
0.7	3.9	28038	6d
9.5	11	28020	6c2
0.4	1.1	28047	1
0	0.5	27976	1
0.5	2.3	27979	6b1
0	1.2	27996	1
1.2	3.8	27997	6a1
8.1	8.6	28015	6a
4.1	4.4	28036	6d
0	0.3	28024	1
1.7	4.3	27999	6a1
0	0.5	27978	1
2.5	4.1	28036	6d
2.4	4	27977	6a1
1.1	3.3	28001	6a1
0	0.4	28037	1
0	0.4	28043	1
9.3	12	28018	6b
2.4	3.4	28006	6d
0.4	1.3	28045	1
0.4	0.7	28041	1
0.8	6.95	28031	6a
0	0.6	27969	1
0.45	1.5	28017	3
8.6	10	28023	7d2
0.3	0.8	28030	1
0	0.4	28041	1
0	0.25	28032	1
1.6	3.8	28008	6b
0.5	7.1	28020	6a
1.4	4.3	28012	6b
0.6	4	27971	6a1
7.3	8.6	28022	6c2
0.9	6.3	28015	6a
0	1.1	28013	2
1.1	1.5	28048	6b
0.5	4	27988	6a1
0.3	0.6	28024	1
0.25	0.5	28019	1
0	0.8	27989	1
0.5	2.4	27977	6b1
6.3	8.1	28015	6b
5.4	7.8	28062	6e2
5.4	8	28060	6e2
2.2	5.4	28060	6c12
5.5	8	28058	6a
3	4.5	28058	6b
5	7	28053	6a
2	3	28062	6a
5.6	6.2	28067	6b
4.5	5	28053	6ab
0.6	1.3	28065	1
8	10.5	28053	6a
4	6	28055	6a
0	0.8	28063	1
8.5	9.5	28055	6a
7	8	28053	6ab
10.5	11	28054	6ab
12.5	13	28055	6a
1.3	1.5	28066	3
4.9	5	28067	6c
0	1	28058	6ac
5	5.6	28067	6a
6.2	8.5	28067	6a
8.5	8.8	28067	6c
11.5	12.5	28055	6bc
0	0.5	28061	1
9.5	10.5	28055	6a
11	13.5	28054	6a
3.1	3.9	28067	6a
3	3.5	28055	6a
0.7	2.2	28060	6a
9	10.5	28054	6ab
6	8.5	28055	6a
13	13.5	28053	6bc
9.1	11.2	28067	6b
10.5	12.5	28053	6b
2	9	28054	6a
3	4.5	28062	6c2
11.2	13.2	28067	6a
10.5	11.5	28055	6a
11.3	13.7	28064	6b
0.5	1.2	28061	1
1.5	3.1	28067	6a
4.1	4.9	28067	6a
4.5	5.5	28058	6ab
1.2	2	28062	6b
13.5	15	28054	6ab
1	3.5	28053	6a
3.6	11.3	28064	6b
13.7	15.75	28064	6b
15.75	16	28064	6b
4.5	5.4	28062	6c2
8.8	9.1	28067	6a
15.4	17	28067	6c
7.8	9	28062	6c2
3.5	4.5	28053	6a
1	3	28058	6ab
0	1	28052	1
3.5	4	28055	6ab
12.5	13	28053	6c
13.2	15.4	28067	6b
0	2	28054	6ab
0.5	3	28055	6ab
0.8	3.6	28064	6a
3.9	4.1	28067	6c
0	0.7	28059	1
0	0.6	28065	1
0	0.5	28055	6ac
8	11	28058	6b
8.6	8.9	28074	6d
4.3	6.8	28074	6a
1	1.6	28073	1-2
10.4	10.7	28072	6c
12.2	13	28072	6b
11.3	12.2	28072	6c
2.4	4.8	28072	6a
5.3	8	28072	6a
0	0.3	28075	1-2
2.6	5.5	28079	6b
12.5	14.8	28074	6c
11	11.7	28074	6b
0.5	5.5	28069	1-2
13.5	16	28072	6c
0.3	1	28075	1-2
5.5	5.7	28079	6d
9.7	10.4	28072	6c
0.15	2.6	28078	1-2
11.7	12	28074	6c
8	8.6	28072	6aa
1	2.9	28076	6a
4.4	6.4	28076	6a
8	8.6	28074	6a
6.8	7.8	28074	6a
3.4	4	28076	6a
8.9	9.3	28074	6a
9.3	11	28074	6a
4.8	5.3	28072	6a
7.4	14	28076	6e
12	12.5	28074	6b
2.9	3.4	28076	6a
0	1	28071	1-2
13	13.5	28072	6c
1.6	2.3	28074	6a
9.4	9.7	28072	6a
4	4.3	28074	6c
0	1	28073	1-2
1	2.4	28071	1-2
6.4	7.4	28076	6d
7.8	8	28074	6b
8.6	9.4	28072	6a
10.7	11.3	28072	6b
2.3	4	28074	6b
4	4.4	28076	6a
5.5	5.7	28070	6
0	0.15	28302	1
1.4	2.2	28282	2ce
0	0.3	28287	2
1.4	7	28277	2cb
0.8	2.3	28279	3ce
2.2	2.7	28283	3d
0	7.55	28309	7c1
7.55	7.85	28310	8d1
1.1	7.1	28288	6e1
8.8	14.8	28285	7d1
9.1	10.4	16820	14-15e,3
1	4.5	28125	2
12.1	35	20691	9a
0.8	1.1	28282	2cb
8.1	11.2	17733	9a,3
0.95	7.8	28292	7c1
1.1	7.3	28308	7c1
7.3	8.25	28308	7e1
0	1.1	28307	2
8.25	16	21408	9a
0	0.25	28290	1
11.2	12	17733	9ab
5.5	12.1	28281	7c1
0.6	11.1	16611	14-15
0.3	1.1	28287	2d
8	10.45	28303	2
0.15	5.5	28303	2
0	0.6	28286	2a
0	1	28277	2cb
5.5	8	28303	2d
0.25	0.95	28291	3d
1	1.4	28277	2ab
2.8	5.5	28281	7d1
7.1	8.1	28289	7e1
4.5	5.7	28126	1-2
18.3	30	20690	9a
1.1	1.4	28282	2cb
7.8	11.3	28292	7d1
2.3	2.8	28280	6e1
10.4	15.25	16820	14-15
7	8.5	28277	2
7.85	8.7	28311	7c1
0	0.2	28278	2c
8.7	9.7	28311	7ac
14.8	18.3	28285	7c1
10.7	11.5	11435	14-15
0.2	1	28124	1-2
11.3	15.1	18366	9a
2.7	8.8	28284	6e1
10.45	10.7	28304	5d
0	0.2	28123	1
0.2	0.8	28282	2
8.5	9.1	28277	2ce
0.2	0.8	28278	2ce
0	0.2	28282	2
5.8	8	28550	6c
0.4	5	28547	2
4.4	5.7	28543	6a
0.5	4.4	28542	2
0	0.4	28544	1
5	5.7	28548	6a
0	1	28549	1
0.4	1	28545	6b
0	0.4	28546	1
2.1	5.8	28550	6b
0	0.5	28541	1
1	2.1	28550	6a
6.4	9.8	28642	7d1
13	15	28639	6c
0.15	0.6	28633	3b
0.1	0.65	28636	3b
0	1.2	28640	1
18	19.7	28646	8d1
5.6	5.7	28629	6d
1	3.4	28631	6a
0	1	28630	1-2
0	0.7	28638	1
9.8	11.9	28645	7d1
0.4	2	28648	7d
2	9.4	28645	7d1
9.8	15.2	28643	8a
0	1.2	28644	1
4.5	5.1	28642	7c12
7.5	8.5	28634	6b
6.5	10	28648	7a
0	0.1	28635	1-2
0.2	5.5	28650	7ca
3.9	5.6	28629	6b
0.6	1.15	28633	3b
0.6	3.9	28628	1-2
0.7	3.6	28639	6a
2	6.5	28648	7d
9.4	9.8	28645	7c12
0	0.15	28632	1-2
11.9	18	28646	8a
0	0.4	28647	1-2
10	12	28648	7a
5.5	12	28650	7c
1.5	2	28637	6a
2	7	28637	6b
3.5	4.5	28642	7d12
6.5	7.5	28634	6d
3.2	6.5	28634	6b
1.15	3.2	28634	6a
0	0.2	28649	1-2
5.1	6.4	28642	7d12
0.65	1.5	28637	6a
1.2	3.5	28641	6b
3.6	13	28639	6b
15.2	16.9	28643	8d1
0	0.6	28627	1-2
1.2	2	28645	7c12
22	23	28713	9a
14	17.4	28711	9a
12	14	28711	9a
23.5	25	28713	9b
9.5	10.5	28711	9a
14	15.3	28713	9a
16.3	18.5	28713	9a
15.5	16.3	28713	9a
8.2	8.5	28711	9d
26.8	28	28713	9a
8.4	10	28713	9a
10	11	28713	9a
18	18.9	28711	9a
25	26.8	28713	9a
4.5	8	28713	9a
11	12	28713	9a
0	1.6	28711	9a
7	8.2	28711	9ab
10.5	12	28711	9a
3.2	4.5	28713	9a
1.6	2.8	28711	9a
18.5	21	28713	9a
28	28.4	28714	12c
17.4	18	28711	9b
23	23.5	28713	9a
13	14	28713	9a
0	3.2	28712	3e
2.8	7	28711	9a
18.9	21.1	28711	9a
15.3	15.5	28713	9a
29.1	29.8	28714	12c
8.5	9.5	28711	9a
21	22	28713	9a
28.4	29.1	28714	12c
12	13	28713	9a
8	8.4	28713	9a
6.9	10.5	29150	7e
4.7	5.2	8655	6d12
0	0.4	29184	1-2
0.4	1.1	1025	6e
10.2	12.35	29201	8d1
4.2	5.65	29087	7e
2.8	2.9	8655	6e1
0	0.5	29308	1-2
0	0.4	29151	1
0.3	0.7	29130	1
11.3	13.2	15886	9a
5.65	6.8	29087	7e
1.3	4.4	29309	6e1
9.46	19.09	21654	9a
1.1	1.2	1025	6e
0	0.7	29103	1
14.8	15.65	18319	9a
0.4	0.7	29152	2
0.3	0.7	1019	1
2.91	5.47	29316	7c
12.65	14.8	18319	9ab
7.6	12.2	8444	6c2
2.9	4.7	8655	6d1
2.65	10.9	29158	7c1
0.7	1.2	29103	1
0	0.5	29149	1
12.8	15	15787	9a
0	0.3	1019	1
0	1.56	29079	2
10	12	21400	9a
6.8	9.2	29087	7e
8.1	12.3	29314	8c
1.2	2	29147	6e
0	0.4	8442	1
1.8	2.7	29104	6e
0	0.5	29106	1
11.95	14	21402	9ab
0.7	1.2	29152	2
1.6	2.91	29316	7e
0.4	1.1	1029	6e
2	9.1	1030	7e
2.8	4.2	29087	7e
12.3	12.65	18319	9ab
1.56	2.8	29082	5ae
10.9	12.8	29165	8d1
0.7	1	29133	6e
0	0.4	1028	1
1.2	2	1029	6e
0.9	4	29188	6e1
9.1	10.2	29193	7c1
1.1	1.2	1029	6e
12.35	15.5	17382	9a
0.7	1	1020	6e
1.2	2.65	29155	6e1
12.1	13.6	29311	8d1
10	12	1022	9a
0.6	1.1	29313	7c
1.2	1.8	29103	1
0	0.6	29312	1
2.7	10.7	29105	7e
0	0.4	1024	1
1	10	29137	7e
1.1	6	29313	7c
1.4	6.4	8444	6b
2.4	12.3	29108	7e
1.2	2.4	29107	6e
9.2	11.4	29087	7e
0.5	0.9	29308	1-2
0.9	1.3	29308	1-2
36.75	40.5	21653	12e
10.7	11.3	15886	9ab
0	0.3	8653	1
0	1.6	29315	1
0	0.3	29130	1
5.47	9.46	29316	7d1
21.16	28.5	21654	9e
6.4	7.6	8444	6d2
8	10.4	21809	9a
1.5	3.3	29064	7e
28.5	36.75	21653	12b
0.5	1.2	29106	1
6.3	9.1	29193	7ab
6.4	6.9	29150	7e
2	9.1	1026	7e
1	2.8	8655	6a1
12.2	15.4	8444	6d2
10.5	11.75	17495	9ab
5.5	6.3	29193	7bc
12.3	15.15	16093	9a
0.7	1.5	29345	6ec,3
2	9.1	29148	7e
6	8.1	29313	7c
0.4	1.1	29147	6e
0.5	6	29150	7e
3.3	8	29064	7d
4	5.5	29193	7c1
1.2	2	1025	6e
11.4	11.95	29087	7e
0.3	1	8654	3
0	0.4	29146	1
0.4	1.4	8443	3
0	0.7	29063	1
0.4	0.9	29184	1-2
19.09	21.16	21654	9ae
4.4	12.1	29310	7c1
6	6.4	29150	7e
1.1	1.2	29147	6e
1	10	1021	7e
13.6	17	22005	9a
4	10.1	29410	7c
48.15	50.2	17471	12e
13.15	37.15	29318	7e
0	1.2	29462	3
2	4.3	29505	6d1
23	41.1	18173	9a
4.25	10	17658	9a
0.9	2.65	29498	1-2
2.65	3	29499	6d12
14	23.5	17871	9b
10.5	18	19728	9a
10	11	17454	9a
0	1.3	29410	7e
9.2	11	17662	9a
39	50.3	17644	9a
3	9.2	29500	7d
33.85	35.25	17871	9e
3.5	4	21448	9a
0	0.3	29507	1-2
0.2	2	29491	2
4.3	6	29509	8d
35.25	39	17871	9ab
0	0.2	29490	1
18	19.65	19728	9a
2	3	29491	2
0.3	1.5	29501	1-2
11.5	18	18569	9a
0	0.3	29501	1-2
44	46.35	17472	9ac
0.4	8.5	29318	7e
0	7.3	29319	7d
31.1	32.4	19728	9a
7.3	10.5	29319	7d
0.3	0.65	28057	7d
0.65	4.25	28057	7d
0	0.25	29498	1-2
0	0.3	28056	2
0	2	29458	1
35.25	36.3	19727	12b
36.3	36.6	19727	12b
8.5	13.15	29318	7e
1.2	1.8	29470	6ac
46.35	48.15	17471	12ab
32.4	35.25	19727	12d
8	11.5	29506	7c1
1.8	2.4	29472	7e
37.15	40.5	29318	7be
2	26	29459	7d
2.4	3	29507	1-2d2
26	39	17644	9b
0.15	2	29504	1-2
40.5	44	17472	9ab
1	2.4	29507	1-2d2
23.5	33.85	17871	9a
10.1	14	29410	7d
3	3.5	29491	2
0	0.4	29317	1
1.3	4	29410	7e
0.25	0.9	29498	1-2
1.5	3.8	29502	6d12
3.8	10	29503	7d
0	0.15	29504	1-2
4.3	8	29505	6d12
0.3	1	29507	1-2d2
19.65	31.1	19728	9b
0	23	29457	7d
3	4.3	29508	7d1
6	9.1	20096	9a
54.4	57	29746	8b
10	24	29752	6e2
0.15	1	29749	2d
35.6	35.9	29742	6d
1.5	3	29740	5cb2
52	53	29756	14-15b
8.6	10.2	29741	4b
26.5	37.2	29752	6d12
0.3	3.3	29758	5c2
50.3	50.7	29745	7a
1	3	29750	5c2
40.9	43.3	29742	6d12
3.3	3.8	29758	5a
6	6.5	29759	4b
49	50	29762	14-15e
49.4	50.3	29745	7c1
50.9	52	29756	14-15e
10	34.65	29760	6e2
9.2	10	29759	4a
4.8	6	29759	4bc
47.8	49	29762	14-15,3
48	49.4	29745	7c1
10.2	29.9	29742	6e2
0.5	1.5	29739	2a
0.05	0.5	29739	2a
6.5	7.2	29751	4b
6.5	9.2	29759	4a
44.4	46.7	29744	8a
34.65	47.8	29761	7c1
43.6	43.7	29743	7c12
47.1	48	29745	7c1
0	0.3	29757	2
43.7	44.4	29744	8b
47	49.4	29756	14-15e,3
0	0.05	29739	2
50.7	54.4	29745	7c1
3	5.3	29740	5d2
57	62.8	29747	7c1
41.1	42	29754	8c
43.3	43.6	29743	7c1
35.9	38.9	29742	6e12
70.5	79.5	29748	14-15e
0	0.15	29749	2
42	47	29755	7c1
3.8	4.8	29758	5e2
7.2	9	29751	4a
67.5	70.5	29748	14-15ae
24	26.5	29752	6e12
3	6.5	29750	5d2
62.8	64.5	29748	14-15,3
66	67.5	29748	14-15e
38.9	40.9	29742	6e
64.5	66	29748	14-15c
49.4	50.9	29756	14-15ae
5.3	8.6	29741	4a
37.2	41.1	29753	7c1
9	10	29751	4ab
43.3	43.4	29743	7c1
29.9	35.6	29742	6e12
46.7	47.1	29744	8a
9.5	22	29766	6e2
45	46.5	29769	7c1
7.2	9	29773	4a
36	37	29775	7cb1
6.5	7.2	29773	4a
31	33	29766	6e
0	1	29771	2d
9	9.5	29773	4ab
31	33	29774	6e12
1	3	29772	5c2
3	6.5	29772	5e2
46.5	51	29770	14-15e,3
46.3	47.5	29776	14-15e,3
33	36.7	29766	6d12
35	36	29775	7c1
0	1	29763	2d
6.5	7.2	29765	4b
9	9.5	29765	4ab
37	45.3	29775	7ca1
45.3	46	29776	14-15d,3
29	31	29774	6d12
1	3	29764	5c
22	29	29766	6e12
42.9	43.6	29767	7c1
7.2	9	29765	4a
43.6	45	29768	8a
22	29	29774	6e12
51	54	29770	14-15e
29	31	29766	6d12
46	46.3	29776	14-15b2
3	6.5	29764	5e2
36.7	42.9	29767	7
33	35	29774	6d12
9.5	22	29774	6e2
0	2.4	29802	2
21	30	16521	9a
0.55	4.3	29793	2d2
0	0.3	29799	1-2
2.8	3.2	29800	6c12
3	5.6	29788	7d1
0	0.5	29806	2
8	11.2	19913	9a
5	6.9	29802	2
2.15	2.8	29800	6c12
5.6	6.6	29789	8d1
0.3	1.45	29795	6c
19.1	21	29805	7c1
0	0.3	29794	1
3.2	13.7	29798	7d1
0.5	1.75	29806	2
3.2	4	29800	6c12
0	2.8	29783	2d2
1.25	2.15	29800	6c12
0.3	1.25	29799	1-2
2.2	9.7	29796	7c
4.65	9.1	29801	7c1
0.3	3	29787	6d1
6.6	8	29790	7c1
4	4.65	29800	6c12
0.3	2	29785	2d2
1.75	3.7	29806	2
18	28.5	20197	9a
0	1.4	29797	2d2
15	15.6	29803	4a
3.7	7.3	29806	2
0	0.3	29784	1
6.9	8	29802	2
1.45	2.2	29795	6d1
20	30	20458	9a
13	14	29802	2
2.4	5	29802	2
8	13	29802	2
0	0.3	29786	1
15.6	19.1	29804	6c1
7.9	20	29807	7c1
13.7	18	29798	7c1
0	1	29791	4a
7.3	7.9	29806	2
1.4	3.2	29798	7c
14	15	29802	2
1.65	9.65	29836	1-2
0	0.3	29836	1-2
0.3	1.65	29836	1-2
22.3	26	29838	7d1
11.5	22.3	29838	7c1
26	35	17600	9a
9.65	11.5	29837	6e1
0.5	1.15	29868	1-2
0.6	3.2	29935	7c1
1.15	10	29869	6d1
11.1	12.7	29941	7c1
0	0.15	29924	3
0.2	0.6	29891	6c1
14	45.5	19745	9a
0.2	2	29939	2
6.8	7.3	29897	6d2
0.25	4.4	29914	6d1
17.6	30	17057	9a
0	0.1	29878	1
0	0.3	29905	1
0	0.25	29913	1
1.4	11.7	29921	7d1
0.8	9.6	29847	7d1
25	35	19061	9a
6.5	12	29849	7c1
5.9	6.3	29866	8b
4.6	6.4	29881	6d12
0.4	0.8	29902	3
0.4	1.1	29852	1-2
16	30	21999	9a
12.6	15.5	29899	8e1
0	0.7	29848	1
0.2	0.9	29896	3
0.15	0.35	29927	1
0.1	0.9	29878	1
11.4	15	19370	9a
0	0.6	29934	2
0.3	1.3	29839	1-2
3	11.5	29839	1-2
6.9	9.2	29940	6c1
0	0.5	29868	1-2
21.3	31.8	20907	9a
0	0.4	29852	1-2
0.6	0.8	29850	1-2
0.5	2.15	29872	6d1
1.2	3.9	29931	7c1
1.7	3.5	29891	6d1
0.2	4.8	29886	6d1
0.8	1.4	29921	7d,3
0.75	1.1	29924	3
12	20	16694	9a
0	0.4	29936	2
0	0.2	29861	1-2
11.5	14	29839	1-2
0	0.1	29864	2
14	25	29840	7c1
2.3	5.2	29903	6d12
1.3	7.2	29858	7d1
2.45	23.3	29842	7c1
16.6	30	18602	9a
0	3.5	29859	1-2
0.15	0.75	29924	3
4.1	8.5	29938	7c1
4.2	6.8	29897	6d12
14.7	17.6	29883	8c1
3.55	16	29845	7c1
0	2.2	29843	2
6	6.9	29939	2
23.3	30	17483	9a
9.8	16.3	29888	8c1
0.2	1	29861	1-2
0.7	4.6	29881	6d1
0	0.6	29850	1-2
0	0.2	29939	2
1.3	3	29839	1-2
2	3.9	29939	2
11.4	20	22295	9a
11.6	12	19680	9a
4.4	24.2	29915	7c1
15.1	25	17376	9a
7.2	12.05	29931	7c1
4.8	5.6	29887	7c2
14.45	16	18739	9a
12.5	20	17579	9a
0	0.4	29932	1-2
0.8	4.2	29906	6d12
7.3	12.6	29898	7c1
0	0.2	29880	1
8	23.7	29912	7c1
0.1	1	29876	1
1	1.9	29876	1
1.3	6.6	29863	7d1
0	1	29916	2
0	0.3	29841	1-2
11.2	15	10423	9a
0.3	0.8	29906	6c1
12.7	24.6	29941	7c1
14.5	16.6	29894	7c1
3.2	7	29935	7c1
0.8	5.9	29865	7d1
2.5	5.7	29917	6d1
4.9	6.7	29933	7d1
15.8	25	21021	9a
0.35	4.3	29911	6e1
6.7	21.2	17364	9a
0	0.3	29839	1-2
2.2	3.55	29844	6e1
0	0.1	29876	1
1	1.3	29862	3
0.8	2.3	29903	6d1
0.5	0.8	29920	3d
1	2.5	29916	2
10.3	13.2	29908	8d1
0	0.2	29890	1
6.5	12	29851	7c1
9.4	13.7	29938	7c1
7	11.4	29855	7c1
9.2	9.6	29941	7c1
1.9	11.4	29877	7c1
6.6	11.2	29863	7c1
0	0.2	29895	1
9.6	12.5	29847	7c1
0.4	4.9	29933	7c1
0.8	6.5	29851	7d1
13.7	16	10964	9a
0.2	0.8	29864	2
0.6	1.7	29891	6d2
8.5	9.4	29938	7c1
8.6	10.3	29907	7c1
9.2	11.6	29867	7c1
17.6	20.1	29884	7c1
20.5	25	20002	9a
0.9	1.3	29857	6d1,3
0	0.4	29901	1
0	0.3	29871	1-2
0	0.15	29927	1
0.2	0.7	29881	6c1
12	15	22156	9a
3.5	5.85	29891	6d12
0.9	4.2	29897	6d1
0.3	1.75	29841	1-2
18.7	32.5	15960	9a
10.6	14.5	29893	8c1
3.5	14	29860	7d
0.3	0.5	29871	1-2
1.8	2.75	29854	6d1
0	0.5	29919	2
1.1	1.8	29853	3
0	0.2	29885	1
3.9	7.2	29931	7c1
12	20	16695	9a
0	0.1	29925	1
5.6	9.8	29887	7c1
11.7	12.6	29922	8a
5.2	15.8	29904	7c1
10.8	11.1	29941	7c1
0	0.4	29929	1
2.3	4.1	29937	6c1
7	8.8	29935	7c1
0.7	6.5	29849	7d1
2.15	6	29873	7d12
5.85	10.6	29892	7c1
12.6	18.7	29923	7c1
24.6	32.4	10966	9a
15.5	20.5	29900	7c1
0.35	1.9	29926	3
3.9	6	29939	2
6.4	14.7	29882	7c1
10	14.45	29870	7c1
16.3	17.6	29889	7c1
9.6	10.8	29941	7c1
0	0.9	29856	1
20.1	30	17388	9a
7.2	12	29858	7c1
14.8	20	19025	9a
4.2	8.6	29906	6d2
0	0.35	29910	2
0	0.8	29846	1
2.75	7	29855	7d1
0.1	0.2	29864	2
0.1	0.35	29925	1
0.4	2.3	29936	2
8.8	13.1	10962	9a
0.35	1.6	29928	7c1
5.7	21.3	29918	7c1
0.9	14.8	29879	7c1
0	1.2	29930	1-2
6.3	9.2	29867	7d1
4.3	8	29912	7d1
1.75	2.45	29841	1-2
13.2	15.1	29909	7c1
6	14	20169	9a
49.35	52.8	1268	9a
24.8	25.08	1268	9ae
0	0.2	1215	1
0	3.3	1270	2
11.2	17.45	1272	7e
52.95	54.25	1268	9ab
46.75	47.35	1268	9a
4.25	4.95	24249	6b
22.95	24.7	1268	9ab
63.55	64.85	1269	12e
56.75	57.3	1268	9ab
17.45	19.45	1272	7eb
27.35	27.75	1268	9b
4.95	5.53	24249	6e
64.85	65.55	1269	12ea
38.85	46.75	1268	9a
13.8	74.8	1217	9a
25.08	27.35	1268	9ba
9.25	10.6	1272	7eb
10.8	10.95	1272	7ab
56.55	56.75	1268	9eb
19.45	22.95	1272	7eb
54.95	56.55	1268	9ae
59.05	63.55	1269	12ec
24.7	24.8	1268	9b
65.55	67.75	1269	12cb
38.45	38.85	1268	9ab
57.3	59.05	1269	12ea
10.6	10.8	1272	7ae
47.35	47.75	1268	9ab
33	35	1268	9ba
38.15	38.45	1268	9c
10.95	11.2	1272	7eb
37.5	38.15	1268	9a
35	35.1	1268	9bc
27.75	28.15	1268	9ba
47.75	49.35	1268	9ab
5.53	9.25	1272	7e
54.25	54.95	1268	9e
3.3	4.3	1271	1
28.15	29.95	1268	9ab
29.95	33	1268	9ab
52.8	52.95	1268	9
0.2	14	1216	6e
35.1	37.5	1268	9ab
1	1.8	30092	2
0	0.2	30031	2
11.7	13.1	30083	7c1
5.8	6.6	29959	7c,3
6.7	7.6	29967	6d2
6.7	9.4	16539	9a,3
3.6	3.9	29954	2
1.2	1.7	30031	2
8.9	10.2	29948	7c1
3.1	18.2	30013	7c1
4.3	5.1	29964	6c2
0	0.1	30018	1-2
2.2	25.9	30071	7d1
1.4	2.8	29990	2
4	5.2	29947	6c1
12.3	13.8	29992	8c1
5.1	6.5	29965	7c1
0.1	0.8	30070	2
19.8	25.9	30068	8e1
0	0.2	29996	2
2.1	2.9	30080	1-2
0.7	1.7	29964	6c1
0	0.8	30025	2
1.7	3.2	29964	6c1
0	0.4	29960	1-2
1.1	2.3	30036	6e1
0.9	2.4	30012	6d12
8.8	9.7	30061	8b
1.5	1.8	29985	3
1.6	3	29957	2
25.5	26	30000	8e1
3.1	5.9	30033	6e1
16.3	17	10968	9a
5	5.7	30082	6d1
32.6	42.1	30077	7c1
11.4	12.3	29991	7c1
0.9	6.8	30019	6d1
0.4	1.65	25487	1-2
0.4	1.7	30066	3
32	56.4	10990	12d1
2.1	2.9	29997	3
9.8	11	29999	7e1
0.5	1.25	30045	3
3.6	4.4	29957	2
3	3.6	29957	2
1.8	1.9	30080	1-2
0	0.8	29990	2
4	5.2	29970	6c1
7	8	10976	9a
4.4	5.8	29958	3
5.9	14.8	30017	7c1
0.3	0.5	30045	3
2.9	5	30081	3
6.2	8.9	29948	7c1
13.8	14.9	29993	7c1
7.3	14.8	30034	7c1
0.2	1.6	30096	2
8.4	10.5	25489	9b
2.2	6.7	29967	6c2
0.45	1.7	29981	3
0.4	1.2	30031	2
22.8	26	29953	7c1
12.3	35	17181	9a
0.5	0.8	29996	2
2.8	11.4	29991	7e1
0	0.3	30088	2
2	2.8	29962	7c,3
0	0.4	29963	1-2
8	10.3	10976	9a
1.1	1.9	30078	1-2
3.9	5.9	30016	8d1
25.7	31	11032	9a
6.5	8.35	29983	7d1
0.9	1.6	30022	3
12.9	13.8	30020	7d12
4.2	4.7	29943	3
10.2	16	29948	7c1
7.6	15.7	29968	7c1
12.3	16.3	29956	7c1
0.4	0.7	29973	2
0	0.4	30035	2
1.9	21.4	30079	7d1
0	1	30091	1
2.1	15.8	30058	7c1
11.8	15.8	29988	8d1
4.1	12.3	30024	7c1
3.7	6.9	30037	7c1
0.1	0.8	29976	1-2
15.1	15.7	29995	7c1
0	0.4	30056	3
14.8	22.1	15983	9a
6	9.1	30005	7c1
18	28.4	29948	7c1
28.4	29.5	17349	9a
7.8	9.9	30042	8c1
8.35	15	20756	9a
0.4	2.1	30057	6d1
2.9	9.8	29998	6e1
0.3	1.9	30089	3
0.1	0.6	30004	2
17.1	19.2	29951	7d1
2.3	3.7	30037	7d1
1	2.2	30014	1-2
10.2	11	29978	8c1
12.1	14	30094	8e12
0.6	8.4	25486	7d1
0	0.2	24766	1-2
18	20.5	30020	7d1
26.2	29.8	30085	7c1
0	0.2	25487	1-2
0.2	0.45	29980	2
0.1	0.9	30018	1-2
0.2	1.5	30047	3
0	0.4	29973	2
0.8	4	29977	7c,3
14.8	20	18888	9a
3.2	3.5	29946	2
13.8	18	30020	7c1
28.6	32	10991	9a
8.8	9.5	30098	7d1
0.5	1.3	29969	3
0.1	1	30038	2
24.7	25.5	30000	8c1
1.7	5.1	29982	6e1
0.2	3.2	29946	2
0	0.1	30004	2
9.9	17.5	30043	7c1
0	0.2	30074	1-2
0	0.1	30038	2
0	0.1	30080	1-2
0	0.2	29980	2
2.3	3.1	30032	3
0.2	0.6	25485	2
59.6	60.9	10990	12a
0.4	1.4	30028	2
9	17.5	30067	7d1
0	0.2	30095	1
31	36.6	11032	9a
1.4	2.5	30029	6e1
15.8	17.4	29988	8e1
1.3	4	29970	6b
0	0.4	30028	2
0	0.2	30059	1
25.9	29.8	30069	7d1
9	17	18086	9a
0.4	1.2	29960	1-2
31.7	65	17607	9a
4	10.2	29977	7c1
6.2	11.1	29956	7c1
6.6	9.2	10974	9a
0	0.6	29957	2
30.2	32.6	30076	8c1
15.7	16.7	20519	9a
7	8.4	25488	7d1
27.6	39	30073	7c1
17.5	19	29965	7d1
0.8	1.1	30035	2
17.5	19.8	30068	8d1
20.5	25.7	30020	7c1
0.1	0.5	29969	3
29.8	31.4	30069	7c1
5.7	11.7	30083	7d1
2.8	3.6	29954	2
7	17.5	29965	7c1
0	0.1	29954	2
0.4	0.7	29963	1-2
0.2	1.1	30074	2
0.6	6	30004	2
30.5	52	18098	9a
1.65	7	25488	7d12
12.6	13.7	30009	8d1
26	27.7	16939	9a
0.6	1.6	29957	2
0.9	1.3	30026	6e1
19.2	22.8	29952	8c
3.5	3.7	29946	2
56.4	59.6	10990	12c1
5.9	7.3	30034	7d1
2.5	5.7	30030	7d1
29.5	30	17349	9a
16.5	17.6	30063	8e1
0	0.9	30011	2
0.3	1	30050	3
1.8	10.3	30093	7c1
0	1	29942	2
1.5	7.9	29975	7c1
0.8	2.2	30070	2
3.6	7	29950	6b
27.3	31.7	30087	7c1
0.1	0.5	30078	1-2
0	0.1	29972	1
8.4	10	18767	9a
0.2	0.4	30031	2
1.9	6.7	30090	7e1
0	0.3	30048	1
5.7	9.8	30030	7c1
6.9	30	15981	9a
2.3	7.8	30041	7d1
1.6	2.1	29996	2
11.1	12.3	29956	7c1
2.8	7	29962	7c1
2	9	30003	7c1
5.2	6.2	29947	6c1
0.8	1.2	29996	2
0	0.1	30070	2
0.3	0.7	30053	3
0.7	3.6	29950	6c1
0	0.2	30021	1-2
16	18	29948	7d1
9.5	15	15927	9a
19	19.4	29965	7c1
1.7	5.1	30067	7d1
1	4.2	29942	2
0.2	1.6	24766	1-2
29.8	56	19627	9a
17.5	20	20110	9a
0.2	1.5	29984	1-2
0.2	1	30014	1-2
3.2	4.3	29964	6bc
1.6	2.4	30023	6e1
0.8	0.9	30025	2
1.6	3.1	30097	3
17.7	23.5	29945	7c1
1.25	1.6	30045	3
9.7	16.5	30062	7cd1
0	0.2	29984	1-2
10.9	30	15982	9a
0.1	1.8	30080	1-2
2.4	3.1	30013	7d1
0	0.3	30044	1
7	17.1	29951	7c1
21.4	30.5	30079	7c1
15.7	20	19393	9a
1.1	23.3	30075	7d1
14.9	15.1	29994	8d1
1	1.2	29966	3
1.3	6.5	30027	7d1
39	41	21089	9a
10.3	12.1	30093	7e1
17	41	18086	9a
5.1	11.3	29945	7c1
1.8	2.3	30040	6e1
17.4	19	29989	7c1
0.2	0.5	29996	2
11.3	17.7	29945	7d1
0.4	0.8	30035	2
27.7	30	16939	9a
0.2	0.4	25487	1-2
0	0.1	30078	1-2
3.9	6.2	29955	6c1
0.2	0.9	30021	1-2
0	0.2	29946	2
3.1	8.8	30098	7d1
1.2	2.2	29967	6c1
9.8	30	17292	9a
0	0.1	29976	1-2
17	18.2	10968	9a
0	0.2	30046	1
9.4	12	16539	9a
0.8	1.4	29990	2
25.9	27.6	30072	8c1
3.7	4	29946	2
13.7	21.2	30010	7c1
6.5	7	29965	7d1
2.2	3.9	30015	7d1
5.1	6.5	29983	7e12
6.4	15.2	29971	7c1
11	15.6	29979	7c1
31.4	35	18686	9a
0.2	8.8	30060	7c1
2.4	4.1	30024	7d1
16.9	27.3	30086	8c1
11	24.7	29999	7c1
26	28.6	30001	7c1
0.5	1.1	30078	1-2
23.5	25	19412	9a
6.8	12.9	30019	6d12
12.6	16.9	24767	7c1
0	1	29966	3
4.7	5.1	29944	6c1
1.8	6.2	29986	6e1
0	0.3	30049	1
1.2	2	29961	3
0	2	30002	3
0.6	1	30006	2
1	1.2	30038	2
23.3	24.9	30075	7e12
0	0.2	30014	1-2
1	3.4	30051	7c1
1.2	1.8	30039	3
0.7	1.5	29974	6c1
1.6	12.6	24767	7d1
0	0.4	30054	1
6.5	10.9	30027	7c1
1.7	2.3	30031	2
0.1	1.6	29954	2
5.1	9	30067	7c1
0	0.6	30006	2
24.9	30.2	30075	7c1
0	0.15	29949	1-2
1.6	2.8	29954	2
0	0.4	30065	2
13.1	26.2	30084	8c
0	0.3	30052	1
15.6	22	19219	9a
0.4	6.15	30055	7c1
0.15	0.7	29949	1-2
6.2	11.8	29987	7e1
1.2	1.6	29996	2
5.2	6.4	29970	6d1
1.9	2.1	30080	1-2
1	2.8	30007	6e1
0	0.2	25485	2
18.2	20	21203	9a
17.6	18.2	30064	7cd1
42.1	43.8	20780	9a
10.3	11.1	10976	9a
2.8	12.6	30008	7c1
2.5	3.6	30107	7e
0.5	9.7	16985	9a
66	67	110	11d
14.2	17.5	11130	9a
11.6	14.9	28276	7e1
1	1.6	30111	7e,3
1.05	1.5	30108	2
0	0.4	6436	2
21.5	25	19673	9a
22	32	109	9a
0	0.14	2850	2
5	6	30112	7e
1.5	2	30108	2
0.4	2.9	6436	2
8.2	22.3	20514	9a
1.2	2	30103	2
0	0.3	30114	1-2
0.5	1.05	30108	2
0	1.3	30106	1-2
0.9	5.4	30100	7c1
4.7	8.6	28274	2d
0.4	12.4	29875	7c1
5.9	7.6	30100	7d1,3
0	4.7	28274	2a
0.14	0.8	2850	2
44.15	50	2848	11e1
61	66	109	9ab
14.9	17.5	28276	7e1
17.7	34	6439	9a
0.3	1.4	30114	1-2
0	0.15	30099	2
0.8	1.2	30103	2
1.6	4	30111	7e,3
0.85	1.45	30117	2
1	5	107	6c
0.05	0.35	30117	2
0	1	30110	2
1.5	11.2	2851	7c1
11.2	22	2849	9a
10	11.6	28276	7c1
1.45	1.6	30117	2
2	4.5	30109	7e
0.8	1.5	2850	2
17.5	21.5	28276	7c1
2.3	2.8	30119	8c1
0	0.5	30108	2
3.6	4.6	11132	9b
0.35	0.85	30117	2
0	0.05	30117	2
2.9	3.2	6437	1
12.4	20	19700	9a
0	1	106	1
0	0.1	30103	2
22.3	22.6	30101	8c1
33	53	109	9a
1.4	2.4	30115	4ac
3.2	17.7	6438	7d
1.6	2.3	30118	7d1
5.4	5.9	30100	7d1,3
5	17	107	6ac
0	0.5	30113	1
22	44.15	2849	9a
55	61	109	9b
0	3	30116	4b
0	0.4	29874	1
1.3	2.5	30107	7d
32	33	109	9b
53	55	109	9c
3	4.75	30116	4a
0.1	0.8	30103	2
7.6	8.2	30100	7d1,3
22.6	40.8	30102	9a
2.4	3.9	11135	9a
17	22	107	6e
8.6	10	28275	3d
5.4	14.2	30105	7c1
4.9	10	22168	9a
0.15	0.9	30099	2
2	5.4	30104	6b
2.8	4.9	30120	7d1
11.2	16.3	2673	7d1
0	0.5	2231	1
16.3	41.35	2668	9a
6.7	11.2	2672	6c12
25	87	2233	9a
87	94	2229	12d
2.6	6.7	2671	4a1
125	143.8	2229	12e
0	2.6	2670	2
0.5	25	2232	4c
94	116.8	2229	12d
116.8	125	2229	12d
6.5	7.9	30154	7c1
5.8	9	395	7c1
16.7	21.1	30139	7c1
22	42.8	380	9ab
6.4	8	1533	7d
6	8	30159	8b
0	0.2	1530	1
0	0.2	1517	1
0	0.7	30140	1
43	48	389	9a
0.3	0.6	393	1
0	0.3	393	1
5	16.5	388	7cb1
1.4	2.6	394	3
0	0.6	400	1
4.7	5.1	1533	7d
13.8	14.8	1521	7c
27.8	30.8	1522	9b
0.3	1.7	30157	2
1	3	387	3
11	16.7	30138	8c1
1.4	2	30153	3c
18	20	411	9b
12	13.5	15360	9a
39	40	1522	9b
0.6	1.5	1532	3
13.7	19.5	30142	7c1
8	8.45	1533	7d
26.7	57	1534	9a
54.4	55	1522	9a
0	0.2	30135	1
1.7	6	30158	7c1
26.2	30	405	9a
13	13.4	410	7d1
2.4	7.8	410	7bc
4.2	8.2	30147	6e1
0	0.9	377	2
12	13.8	1521	7c
1.5	4.1	1533	7d
13.1	13.5	30145	7c1
17.8	26	1521	7c
8	24	28314	7bc
0.2	1.8	30149	2
10.6	11	30138	8b
12.4	15.8	403	7d1
1.8	3	30150	6e1
2	7.6	30141	2
8.5	13.1	30144	8e1
8.2	12	30148	7d
3.8	8.5	30143	7c1
0.6	1.6	402	3
13	22	379	7c1
7.8	11	410	7c1
13.5	16	21405	9a
30.8	37	1522	9b
54.5	56.2	30162	8d
28.4	30	411	9a
5.8	12.4	403	7c1
0.4	10.6	30137	6d1
4.1	4.7	1533	7d
8	15	15287	9a
3	3.8	30150	6d1
0	0.3	30156	1
0.4	1.4	30152	2
24	64	11560	9a
21	23	396	9b
0	2.3	30143	7c1
2	3.5	30154	7c1
3	5	388	7b2
37	39	1522	9b
5.1	6.4	1533	7d
2.3	3.8	30143	7e1
2.6	5.8	395	7c1
7.9	8.3	30155	8b
14.8	17.8	1521	7c
0.2	0.4	30136	3
1.6	3	402	3
9.75	12.1	15290	9a
2.8	13	379	7bc
48	54.4	1522	9a
21.2	54.5	1527	9a
0.6	3.9	1519	3
0.2	0.6	1531	2
16.5	43	389	9a
0.7	2	30141	2
0	0.2	408	1
3	5.8	403	7bc
3.8	7.8	30151	7d
8.45	14	1534	9ac
11.1	12	1521	7c
0	0.4	30152	2
13.4	18	410	7c1
3.5	6.5	30154	7c1
0	1	386	1
11	13	410	7c1
15.8	21.4	403	7c1
42.8	45.6	380	9ab
21.1	30	21303	9a
24.8	26.2	405	9a
1	2.4	409	3
21.2	23.6	411	9b
9	11.2	395	7c1
0.2	0.6	1518	2
12.1	14.6	15290	9a
0	8	28314	7d
0	0.2	30149	2
0	0.6	30146	2
20	21.2	411	9b
0.6	1.4	30160	2
23.6	28.4	411	9a
7.8	12	15359	9a
7.6	13.7	30141	2
3.9	11.1	1520	6d
40	48	1522	9b
2	6	1525	6d
0.6	4.2	30147	6d1
26	27.8	1521	7c
14	26.7	1534	9b
0.1	2	1524	2
6	21.2	1526	7de
56.2	63.25	30163	9a
8.3	9.75	30155	8c
0.9	2.8	378	3
0.2	1	408	1
14.6	15.2	15290	9a
21.4	24.8	405	9b
19.5	30	21661	9a
0	0.1	30161	1
11.2	21	395	7c1
14	14.8	18005	9a
14.3	14.65	11432	14-15e
10	14	10049	9a
10	12	15288	9a
4.8	6.5	30169	2cb
0	0.2	30173	2a
1	1.4	30169	2c
0	0.55	30170	2
8	10	10049	9a
1.8	4	30175	7c1
5.2	6	30179	7bc
3.2	4.8	30169	2d
12	14	15288	9a1
4	4.5	30172	7a
0.2	1.4	30174	3c
6	8	30179	7ba
0	2	30176	2a
4.5	5.25	30172	7b
8.6	10.5	18005	9a
14.9	15.15	11432	14-15b
2	2.7	30176	2a
4	5.2	30178	6b
2.7	3	30177	3d
8	10	15288	9b
15.2	16	11432	14-15eb
0.55	1.85	30171	3ce
15.15	15.2	11432	14-15e
6.5	7.1	30169	2d
8	8.6	18005	9a
3	4	30177	3c12
14	15	10049	9a
14.65	14.9	11432	14-15b
9.4	14.3	30169	2
6.7	7.65	30172	7c1
14.8	15.2	18005	9b
7.1	9.4	30169	2a
1.85	4	30172	7c1
7.65	8	18005	9a
0	1	30168	1
10.5	13.1	18005	9a
1.4	3.2	30169	2bc
5.7	6.7	30172	7cb1
1.4	1.8	30174	3c12
4	6	30175	7b
5.25	5.7	30172	7a
6	8	30175	7ba
13.1	14	18005	9a
0	2	26242	2e
25	52.5	23093	9a
1.7	3.7	12648	3
2.5	6.5	12595	6d
0.03	0.45	25643	2
29.2	36	26172	7c
33	42	23097	9a
12.4	16	30216	7d1
0	1	12641	2
5	17	12644	7cb1
0	0.5	12582	1
0	2	23090	2
0.1	0.3	26170	2
52.5	62.5	26174	12d
20.2	21	30217	8c1
13	29	12585	7c
4	9	30214	7c1
0	0.15	30234	1
21.4	22.1	30208	7c1
12.5	23.5	26172	7d
0.45	0.85	25643	2
1	17.3	12616	7d
3.7	13.7	12649	7cb
2.5	34	12606	7d
36	52.5	26173	9a
36.5	57	26183	9a
23.5	27.25	26172	7d
33.5	44.5	30240	9a
23	35.6	12650	9ab
22.1	36.3	30209	9a
0	0.4	12599	1
3	5	12644	7b2
7	25	23092	7d
16	19.05	30196	7d1
10	26	23096	7c
29.3	30.7	30219	8c1
26.9	31.5	30229	7c1
2.6	3	26171	3
43	48	12645	9ab
16	18.2	30238	8d1
57	60	26184	12
0	5.5	26181	1-2
0.5	2.5	12594	3
0.4	4	12600	3
4	30	12601	7d
13.3	17.2	25646	9a
0.12	0.5	30223	2
33.7	43.9	30220	9a
15.6	22.5	30188	7c1
0	0.5	12604	2
0.9	1.6	30132	3
1.2	2.55	30203	6d12
34	52.5	12607	9a
0.85	1.7	25643	2
21	22	30217	8a
5.5	16	26182	7cd
3	7.15	25645	7c1
3.1	4	30213	6d1
2.55	3	30204	7c1
5.5	10	30206	7c1
0	1	12615	1
0	1.7	12647	2
17.3	59.05	12617	9a
1	3	12642	3
0.3	0.9	30131	1-2
19.1	40	21304	9a
10	14	30207	8d1
14	15	30207	8a
10	12.2	30186	7d
3	12.5	26172	7c
59.05	65.4	12618	12d
42	44.5	12654	9ab
33	59.3	12602	9a
5.6	9.4	30237	7d12
20.5	22.6	30198	7c1
9	15	23626	9a
32.5	59.5	12597	9ab
13.7	23	12649	7c1
2	6	26253	2
18.2	19.2	30238	8c1
14	16	30195	8d1
1.6	10.2	30133	6d1
22.6	42.3	30199	9a
0	0.12	30222	1
22	36.5	26182	7cd
0	0.5	12593	1
8	9	23625	7d1
22	22.8	30226	8d1
9.4	14	30195	8c1
4.8	7	30225	7d1
17.2	20	25646	9a
16	20.2	30217	8e1
29	52.5	12586	9a
31.5	32.3	30230	8b
0	0.1	30184	1
0.5	0.8	1513	1
0	1.4	23623	2
20.9	22	30226	8e1
0.5	4.8	30224	6d1,3
25.8	26.9	30228	8c1
0.1	0.8	30185	2
0.8	5.6	30236	6c1
0	0.3	30131	1-2
0	0.5	1512	2
0	0.1	30191	1
7	18	30225	7c1
1.5	3.5	12652	3
2	7	23091	6d
5.3	10	30186	7c1
0.5	0.85	26170	2
19	20.9	30226	8d1
22.8	25.8	30227	7c1
0.5	2.5	12605	3
1.2	3.1	30212	2
23	42	12654	9ab
10.2	19.1	30134	7c1
9.4	16	30237	7c1
0.5	1	30192	2
9	12.4	30215	8c1
0.1	1.2	30212	2
0.8	3.1	30185	2
3.5	13	12653	7bc
0.85	2.6	26170	2
17	43	12645	9a
0.5	13	12583	6d
8.3	18.75	1514	7c
0.8	8.3	1514	7e
12.3	13.3	25645	7d1
0.45	0.8	30235	2
1	2.1	30193	6d1,3
0	2	26252	1
0	0.5	23094	1
0	0.4	30201	1
12.2	15.6	30187	8d1
16	22	26182	7de
32	34	26256	12e
7	8	23625	7d12
18	19	30226	8c1
44.5	46.5	30241	12d1
1.4	6	23624	6d1
1.7	3	25644	6d1,3
2.1	9.25	30194	7c1
22	29.3	30218	7c1
3	5.5	30205	8c1
0.4	1.2	30202	3c
22.1	33.5	30239	7c1
0	1.5	12651	2
0	0.03	25643	2
19.05	20.5	30197	8d1
37	45	30190	12c1
0.15	0.45	30235	2
19.2	21.7	30238	8e1
30	33	12602	9b
28	32	26255	9a
36.3	37	30210	12d1
34	43.3	30232	9a
13	23	12653	7c1
7.15	12.3	25645	7d12
6.5	32.5	12596	7d
32.3	34	30231	7c1
27.25	29.2	26172	7e
30.7	33.7	30219	8bc
9.25	9.4	30195	8b
21.7	22.1	30238	8d1
0	0.1	30211	1
22.5	37	30189	9a
18.75	52.8	1515	9a
6	28	26254	7
0.5	10	23095	6d
0.1	0.5	30192	2
0	0.1	26170	2
43.3	46	30233	12c1
15	21.4	30207	8c1
0.3	0.5	26170	2
3.1	5.3	30185	2
6	7	23624	6d12
26	33	23097	9b
6	18	3162	7c
18	26	3162	7ac
28	36	7937	7ec
36	40	7937	7
26	32	3162	7d
0	6	3162	7ac
12.1	13.3	21399	14-15e
6.3	7.3	21399	14-15e,3
0	0.5	7723	1
0.3	1.2	23545	2c
13.3	15.8	21399	14-15e
0	0.3	23545	2
5.8	8.65	7725	
1.2	2.6	23545	2d
7.3	12.1	21399	14-15e
2.6	6.3	23546	4ab
0.5	5.8	7724	2
15.8	16	21399	14-15e
2.7	4	14357	4-9a
4	9.5	14357	4-9a
0	0.4	14356	1
0.4	2.7	14357	4-9e
0	0.4	34273	1c
1.6	2.7	34234	4ba
0	0.5	37257	1-2
0.4	1.1	34274	4b
8.9	10.1	37262	7ab
5.5	10.5	32595	7ea
2.3	5.5	32595	7c,3
6.9	8.9	37262	7ba
1.1	2.4	34274	4b
0.5	1.5	37257	1-2a
0	0.4	34233	1c
2.7	21	34235	6cb
0.6	2.3	32595	7c,3
6.3	6.9	37262	7b
3.8	4.75	37262	7ab
2.4	10.6	34275	6c
5.2	6.3	37262	7ab
4.75	5.2	37262	7b
0	0.6	32594	1
3.15	3.8	37262	7b
10.5	12	32595	7c
0.4	1.6	34234	4ba
1.5	3.15	37257	1-2ab
0.7	1.5	37332	6ab
1.5	15.3	37332	6d
0.95	1.6	37386	6bc
23.35	31.1	19394	12cd
0.9	2.4	36619	2
2.8	5.15	36624	6ba
1.45	1.75	36642	4
8	8.5	34786	9ba
3.3	9.5	36627	6cb
4.43	5	34783	5b
21.75	28.5	36624	6e
1.35	3.9	36646	4ad12
11.6	12.1	36688	4-9ca
2.8	4.75	36670	6e
1.55	2.65	36630	4ab
2.8	7	36622	6ab
3.05	4.4	36653	4ab
14	14.75	36592	6bc
0	1	36625	1-2a
11	11.4	36688	4-9ac
0.95	3.4	36616	2b
7.35	7.8	34786	9ae
8.05	10.25	36620	6ab
8	12.2	36647	6da
25	25.8	20220	12e1
0	2.8	36669	2ae
9.3	17.55	36617	6ba
4.4	10.7	36631	6bd
14.4	15	34783	5e
9.2	9.6	36592	6ba
2	3.3	36626	4ab
2.25	5.5	36694	4ae
2.4	3.75	36620	6ab
0.5	0.95	37386	6da
10.05	14.5	34774	5b
3.05	15.15	36662	7cb
6	15.7	36657	7ea
12.7	20	36622	6bc
0	3.5	36683	1-2a
0	0.6	36660	1a
9.2	10.05	34774	5e
3.4	5.95	36617	6ba
6.3	6.5	36684	4bc
3.7	9.4	19484	9ab
0	0.35	36663	1a
2.2	2.5	36622	6ab
0.5	1	36688	4-9a
0	2.95	37278	1
3.8	4.8	36682	7ba
9.8	10.9	36622	6ba
2.5	3.5	36676	6db
5.95	6.35	36617	6ba
2	4	36651	7db
3.5	3.7	19068	9ab
1.75	4.2	37393	7db
0.4	2.8	36624	6a
37.6	38.8	21814	12bd
9.7	13.7	37276	5c
4.6	10.5	36635	6ec2
0.5	2.5	36676	6ab
1.75	3.35	36642	4ae2
1.1	2.4	34775	5e
3.65	4.1	34783	5b
17.85	20.1	19483	12d
6	8.1	37381	6d,3
8.75	10.1	36685	7ba
7	7.5	36688	4-9ab
7	7.5	37276	5e
0	0.5	36675	1
0	0.2	36692	1
7.5	9.7	37276	5d
38.8	40.4	21814	12cb
3.9	6	37378	4-9b
0	0.95	36673	1
6	7	36688	4-9ab
1.7	1.8	34785	7eb
4	6.4	36620	6ab
7.7	9.8	36622	6ab
9.6	12.5	36592	6ca
0	0.4	34779	1
3.75	4	36620	6bc
3.7	7.7	19068	9ab
0.35	4.1	36664	6bd
10	16.4	36697	6cb
1.95	3.75	36638	4b
5.35	5.6	37386	6ba
5	5.4	36664	6e
14.3	18.7	36620	6bc
4.35	6	37381	6d,3
7	7.7	36622	6b
2.5	2.8	36622	6b
0	1.45	36641	2
0.2	1.4	36693	2ae
10.7	11.35	36631	6da
10.1	11.7	36685	7ba
10	11.4	34279	7d
1.3	2.65	36634	4ab
0	1.5	37391	2ae
2.7	20	34780	5d
0	3.05	36652	2ae
11.8	15.2	36635	6ec
13.05	16.3	36651	7ea2
18.8	22	36617	6ab
0	0.2	37376	1
0	2.53	37275	1-2
12	12.6	37378	4-9b
16	23.35	19394	12c
0.9	7.3	36592	6ab
0.2	2	37377	2a
15.2	16.85	36636	7db
0	0.5	37385	1e
5.6	10.05	37386	6da
4	9	36651	7d2
0	0.8	36666	2ba
30.7	31.6	21814	12b
9.5	19	36627	6e2
1	1.5	36688	4-9ab
14.8	21.4	36686	9ab
1.1	2	34782	5d
5.85	12.85	7690	9ab
2	2.5	36688	4-9b
3.45	4.4	36630	4db
0	3.1	36671	1-2a
0.95	2.1	36674	6ba
0.25	1.7	34785	7ab
0	2	37379	1
8.2	11	37378	4-9b
0.8	4	37381	6d,3
4.1	4.43	34783	5eb
4.8	7	37276	5d
1.7	2	34780	5c
3.7	6	36656	6ce
14.5	14.8	36686	9ab
13.3	14.4	34783	5bc
15.2	18	36632	7d1
8.2	9.2	36592	6cb
55.7	56.2	21814	12d
0	0.55	34276	1c
2.65	3.45	36630	4bb
5.4	14.9	36665	7ea
4.5	5	36688	4-9ab
16.85	17.65	36636	7b
35.3	36.5	21814	12bd
4.4	14	36654	7e
0.4	1.1	36678	6ab
8.7	10.05	19068	9ba
2.1	10	34278	6cd
5.05	7.5	19807	9ab
5	15.6	20073	12d1
15.7	23.8	21085	12cb
1.1	1.95	36681	4ba
14	15.5	36691	6db
18.7	20.5	36620	6bc
3.88	4.8	37276	5b
30	32.75	19771	12db1
56.2	58.3	21814	12bc
0	1.3	36633	1a
0.45	1.1	34775	5e
0.95	1.4	34780	5c
2.3	4.2	36690	4ae
8.6	15.05	19770	9ab
11.7	12.2	36685	7b
0	0.5	37387	1ea
0	8.25	37389	7ea
22.4	24	19280	12d1
11.35	15.2	36631	6ec2
5	5.5	36688	4-9ab
58.3	61.15	21814	12bc
6.2	15.1	22094	9ba
3.4	20	34782	5e
8	8.5	36688	4-9ab
3.1	3.4	34782	5ac
4.2	8.5	36697	6bc
9.65	21.75	36624	6bc
2	3.4	37377	2ae
1.4	1.7	34780	5cb
31.6	34.1	21814	12bd
20	24	36622	6b
18.07	18.8	36617	6bc
1.4	2.25	36694	4b
0.45	3.2	37383	1-2bc
5.35	6.25	34775	5e
3.4	3.9	37377	2a
8.1	15.05	37381	6da
4	5.35	34775	5bc
4	5.85	36668	7ea
1.6	2.8	37386	6da
40.4	46.8	21814	12b
7.2	7.6	16503	12ea
11	12	37378	4-9b
0	0.45	36645	1
16.3	23.5	17448	12db1
4.8	6.2	22094	9ab
0	0.8	37380	1e,3
0.75	1.95	36638	4bc
20	21.55	19280	12ec1
0	1.1	36680	1
5.15	6.25	36624	6ba
6.65	7.7	19804	12ec
5.1	13.1	36691	6bc
5.5	6.9	36695	6d
2	2.7	34780	5c
0	0.95	36615	1a
3.2	4.8	37384	6da,3
1.1	2.6	36679	7cb
3.75	9	36639	6e
6	7.9	37378	4-9b
14	14.8	17673	9ae
15.5	17.75	21010	9ea
14.9	15.5	21010	9ab
0.2	1.75	37393	7d1
2.1	3.7	36674	6db
2	2.5	34782	5ad
4.3	5.2	34774	5bd
7.3	8.2	36592	6cb
3.8	4.1	19805	9cb
9.4	17.85	19484	9ba
2.3	6.2	34786	9ab
7.05	8.75	36685	7ab
0	0.9	36618	1a
2	7.2	16504	9a
6.8	20	34775	5d
14	24	19771	12d1
4	4.5	36688	4-9ab
3.35	4.85	36643	6db
24	30	19771	12d1
0	0.4	36623	1a
10.9	12.7	36622	6b
0.3	1.4	36650	1-2be
0	3.7	36655	1-2a
4.1	6.65	19805	9a
0	2.2	36621	1-2a
17.65	18.9	36636	7ba
6.75	7.05	36684	4cb
5.2	6.85	34774	5bc
9	13.05	36651	7e
0	0.25	34784	1d
36.5	37.6	21814	12b
12.5	14	36592	6bc
46.8	47.3	21814	12cb
2.8	4.35	37386	6ba
14.8	15.3	17673	9b
0	0.9	36591	1
10.25	14.3	36620	6ca
7.7	8.7	19068	9b
6.5	12.65	37388	6ea
0.8	4	36667	6ea
2.65	2.95	36634	4ab
12.85	16	8148	12e
9	12	36639	6e
4.8	10.1	37384	6da
2.53	3.88	37275	1-2ab
10.05	15.6	19067	12d
7.5	8	36688	4-9a
3.1	5.05	36672	7ae
14	18.5	36654	7bd
8.25	13.6	37390	7ea
0	4.3	37277	1
2.5	4	36688	4-9ab
6.25	9.65	36624	6ba
4.85	14	36643	6ec
14.75	16	36592	6ba
4.2	5	20074	9ab
4	4.35	37381	6ad,3
17.55	18.07	36617	6bc
1.8	2.3	34785	7ab
0.5	2	37388	6da,3
2	5.8	37388	6bc
10.5	11	36688	4-9ab
6.35	9.3	36617	6ab
15.15	16	36662	7cb
1.4	2	36651	7c
5.4	5.7	36684	4bd
6	6.3	36684	4ab
0	0.5	36687	1a
4.2	5.1	36691	6da
19	25	36628	7ec
4.1	5	36664	6cb
0.4	1.55	36630	4a
0	4.2	36696	2ae
2.95	4.6	36634	4ab
7.7	8	19804	12da
14.15	15.2	36649	11db
34.1	35.3	21814	12b
14	17.6	36644	7ec
17.6	30.7	21814	12ec
4.75	9.25	17673	9ae
12	14	36640	7ec
6.5	6.75	36684	4c
6.9	10.5	36695	6cb
8.5	10	36697	6bc
9.25	14	17673	9ab
0	1.1	34781	1-2
13.1	14	36691	6bc
0	0.2	37392	1
10.5	15.2	36695	6bc
0	0.45	37382	1b
6.4	8.05	36620	6cb
7.9	8.2	37378	4-9a
8	12	19804	12ea
5.8	6.5	37388	6ba
10.5	11.8	36635	6db
0	0.3	36650	1-2a
8.5	9	36688	4-9a
9	10	36688	4-9ab
22	22.4	19280	12d1
0.55	2.1	34277	4ba
47.3	55.7	21814	12b
0	0.45	34775	5db
0	0.75	36637	1a
21.55	22	19280	12ec1
7.5	15.1	19807	9ab
2.2	3.8	19805	9ab
4.35	5.35	37386	6da
18.9	25.15	17827	12d1
12.2	14.5	36685	7bd
1.5	2.2	19805	9ab
2.95	3.65	34783	5db
18	20	19280	12e1
2.5	3.1	34782	5d
1.95	3.3	36682	7ba1
5	13.3	34783	5e
0	2.3	36689	2ab
0	0.4	36677	1
5.7	6	36684	4ab
0.6	3.05	36661	6bc
16.4	22	36698	7ea
3.9	8	36647	6db
2.4	4	34775	5e
0	0.4	36629	1a
6.25	6.8	34775	5cb
1.5	2	36688	4-9ab
10	10.5	36688	4-9a
17.75	20	21009	12ce
3.3	3.8	36682	7ba
7.8	8	34786	9b
0.45	1.35	36646	4e
6.85	9.2	34774	5e
3.5	5.4	36684	4ca
1	2	36626	4ab
18.5	26.5	15764	12d1
5.5	6	36688	4-9a
11.4	11.6	36688	4-9c
2.6	4.9	19770	9ab
14.5	15.1	34774	5
0.4	0.95	34780	5ab
8.5	8.6	34786	9b
6.2	7.35	34786	9b
8.6	10.25	34786	9ba
12.2	14.15	36649	11da
1.2	20	20072	12d1
2.75	4.2	37405	6d12
0	2.6	34787	7be
7	11	17272	9ab
7.1	15	17248	12d1
0	0.35	37397	1
8.1	13	37415	11d
4.3	5.5	34788	9ba
0.15	8.1	37414	9ab
0.3	3.6	37396	7d12
6	7	17272	9ba
4.9	6	37406	7db1
0	0.45	37411	1
5.5	5.7	34788	9ab
3.55	4.3	34788	9bc
6	10.5	17346	9ab
0.3	1.1	37407	1-2cb
0.9	2.75	37405	6c12
4.2	4.5	37405	6cb12
2.6	3.55	34788	9ba
3	6	17272	9ab
1.1	2.15	37408	6a
5.7	15.5	34788	9ba
0.45	1.6	37412	2db
0	0.35	37404	1-2
2.15	4.65	37408	6d
0	0.5	37394	1
0	0.3	37407	1-2
0.5	7.1	17249	9ab
4.65	10.2	21512	9a
4.5	4.9	37405	6d
0	0.3	37395	1
1.6	11	19260	9ab
0.35	1.2	37402	2cb
0.35	0.9	37404	1-2db
0	0.4	37409	1
3.6	20	17648	12d1
0	0.15	37413	1
0.4	3	37410	2da
0.65	1.8	37594	6d1
4.1	5.2	37599	6b2
0.7	4.1	37599	6d1
0.2	0.65	37594	6d1
4.6	4.9	37594	6b2
1.8	4.6	37594	6d1
1.6	2.75	38104	6b
2.75	15.4	38104	6c
0	0.7	37789	2ca
0	0.7	37974	2ab
0	0.2	37976	1-2ab
1.8	14	18668	9ab
1	2.3	37505	4ac
4.2	4.95	38061	6d1
6.85	15	17987	12d1
2.3	4.2	37779	2da
7.6	8.3	34859	4ac
1.7	9.7	18545	9ab,3
6.4	15.4	38094	6d1
0	1.6	37696	2ba
2.15	2.9	37697	5ab12
0	0.4	37589	1
0	0.2	38055	2ca
7.2	15	38090	6d1
4	6.2	15013	9ab
22	22.4	19391	9ac
3.8	4.25	37832	4ab12
0	0.3	14231	1
8	15	38168	9a
19	20	509	9ba
0	0.1	37835	1
0.1	1.3	37609	1-2ca
2.3	4.8	37506	7db
0	0.45	2824	2
0	0.2	37655	1
3.4	7.6	37541	4ab
18.3	23.5	19476	12c
1	5	406	7cb
0.2	1.8	37592	1-2ca
33.8	34.4	17701	12bc
40	47.5	404	9ab
1.9	3.25	38051	6d1
28.4	36.1	38170	12ab
38	40	23316	7ab
17.55	21.15	37632	7d12
0	0.3	37695	1-2
8.7	12.8	21065	12ca1
1.3	2.45	37610	6a
0	0.2	37658	1a
7.8	8.1	10789	9bc
0.6	2.8	34858	2cb
0	0.25	37509	1
0.95	2.1	38091	2d
59	60.1	2822	12c1
1	9.2	12985	5b
36.1	36.5	38170	12cb
33	37	509	9ab
15	19	509	9a
0.1	1.8	37692	3cb
2.4	3.3	37816	6cb
10.2	15	15012	12da
8.5	12	37828	7ac
20	31	509	9ac
6.95	7.55	19265	12bc
47.9	52.55	2822	12b1
34	36	404	9b
0.2	1.7	37669	6ab
7.75	9.5	37597	7d12
0	3.5	1639	2
0	0.2	37666	1ca
5.4	8.8	37816	6b
2.25	8.9	37629	6c12
70	86	23318	11d
9.5	30	20667	12d12
0	0.25	37626	1-2ac
0	1.2	10787	2bc
5.6	8.25	38070	7cd1
4.7	7.4	38076	7ec12
0.3	1.5	37695	1-2cb
16	35	18864	12d1
0	0.8	37814	1-2ab
0.15	1.5	62	2ab
20.3	26	18629	12cb
0	1	1641	1
0	0.7	38071	2ab
1.7	5.4	37813	6ba
1	4	1642	7ca
8.1	8.35	10789	9b
25.3	26.5	17701	12bc1
8.3	9.7	37825	7d12
0	0.3	37508	1-2
0	0.2	38038	1c
9.5	35.5	21549	12d1
0	0.15	61	1
3	11	513	9ab
1.65	2	37634	4c2
6	26	14234	9a
11.4	14.35	18009	9ba
0.5	2.95	37418	2bc
0	2	23315	1c
0.2	1	12985	5a
6	8.1	37837	4ab12
0.7	6.65	2825	7d1
0	0.2	37645	1ca
0.5	4	37821	7ca
11	13.2	18010	12d1
0	0.5	37586	1
1.7	2.5	37669	6d1
0	3	38171	2ba
2	3.8	37831	2db
23.1	24.6	17701	12bb1
43.9	47.9	2822	12c1
5	15	404	9ab
40	52.5	1640	9a
4.2	4.75	37779	2c
2.3	3.15	38175	7d,3
6.35	8.85	22154	9ab
16	18	38169	11e
8.25	14.15	18007	9ab
0	0.2	37779	2
27	28.4	9806	9cb
5.8	8.2	37542	2db
47	48	38164	9b
0.2	1.6	37655	1d
3.9	4.8	10788	6b
3.5	15.2	18448	9a
0	0.6	34857	1d
6	7.4	65	9b
0.75	1.65	37633	2ca
26.5	30.2	17701	12cb1
2.9	3.4	37698	6bc12
0	3.2	38079	2ab
40	58	23316	7bc
30.2	33.8	17701	12da1
1.6	15	21069	9a
0.2	2.6	38039	2cb
6.65	31.4	2823	9ab
16	20	19391	9a
0.8	2.1	37819	7d1
0.35	2.2	37530	1-2da
4.8	7.2	37593	6d1
0	0.1	37609	1-2
7.55	10.55	19265	12cb
6.2	7.5	38176	10bd
4	6	38167	7da
22.4	24	19391	9a
21.35	23.1	17701	12da1
0.1	1.1	37805	2da
10.1	12	17794	9ab
6	8.5	37828	7da1
1.5	17	19150	9ab
2	2.55	37836	2ab
4.35	5.7	37836	2ac
7.9	15	17985	12d1
5	34.5	1640	9ab
0	0.8	38159	2ca
0	3.3	37826	2ad
0.1	0.75	37836	2ac
0.2	0.4	37658	1cb
4	5.45	37507	1-2d
9.7	11.3	17657	12db1
15.4	16	19391	9cb
16.35	17.5	34861	11c12
0.4	2.25	37629	6b2
0	0.2	507	1
8	15.35	37690	7da12
0	0.9	38068	2ab
11.5	15	38083	6d12
0.6	2	37544	7cb
3.3	5.4	37826	2da1
0	0.35	37530	1-2
0.7	1	37789	2da
1	9.3	17823	9ac
0.2	1.2	37779	2d
30.95	32	37588	11cb1
3.3	7.1	37635	6c12
7.5	10.2	15012	12da
1.6	2.15	37696	2da
0.7	2.8	37637	4a12
4.1	10.1	17794	9cb1
8.1	8.9	37838	6ec2
1.6	18.3	19494	9ab
37	38	510	12e
0	1.2	9804	2a
0.4	1.6	37661	6ab
24	26	404	9b
0.85	1.6	38050	2ab
10.9	12	20951	9ab
34	36	23316	7ab
0	1	401	1
2.1	4.5	38092	4ab
0	0.2	12984	1ab
5.2	6	34858	2db
1.3	3.3	37689	3da
0	0.1	37691	1
26	34	404	9ab
1.8	3.7	38087	4ac
4.8	7.2	38089	7e2
17.7	20	16598	12d1
4	17	1643	6e
6	12	509	9ac
36	38	404	9ab
4	5.6	38069	6c1
2.95	5.05	37417	6d
0	0.3	38174	1-2cb
0.2	4	508	3cb
0	0.3	37537	1
9.4	11.5	38083	6ec1
0.5	3	512	7ca
5.8	8.1	37604	6d
0	1.5	38162	2
15.35	21.35	17702	9ac
0	0.1	37805	2a
0.2	1.7	37601	1-2ca
2.8	5.2	34858	2db
6	6.95	19265	12db
0	0.3	37507	1-2
1.75	2.5	63	4ab
3.5	5	1640	9b
1.8	2.35	37693	7d,3
19.7	20.3	18629	12d
8.9	12.2	37629	6d12
3.75	12.8	37638	6c12
26	31.5	14234	9ab
0.4	0.6	37590	2ca
4.75	6	37779	2db
5.9	9.4	37646	6c1
2.9	13	19411	9ab
1.6	2.5	37661	6d
8.5	10.9	20951	9bc
2	3.1	37807	6ab
12.6	20	19734	9ab
16.55	17.7	37834	7d12
11.1	12.6	37819	7cb1
3.4	12	16489	9ab
0.2	1.4	37977	6ba
6	9.3	19391	9a
2.75	6	65	9ab
0	3.1	37829	2ac
0	0.5	37820	1da
1.6	6	37587	7c1
9.3	9.7	37698	6ba12
44	61.5	1644	7ea
1.4	2.45	38069	6a
1.2	5	9805	7ad
1.5	4	38163	7ac
4	47	38164	9ac
0	0.5	37416	1
3.1	6.9	20951	9cb1
8.1	9.5	37608	7d12
4.95	5.9	38064	7c1
2	4	23316	7da
8.85	13	22153	12d
38	45.2	17701	12c1
40.5	44	1644	7ab1
0.7	3.1	37975	6ab
5.4	16	37813	6da
1.4	1.8	37977	6ab
7.4	15	38077	6d1
11	13.1	38160	9ab
1	1.6	37666	1da
1	4	38158	7db
12.8	15	21065	12cb1
12.2	17.55	37632	7d2
56.9	59	2822	12ab
5	23.4	9806	9ab
6	6.35	37507	1-2d
14.15	20	18006	12d1
19.4	19.7	18629	12d
5.05	5.2	37417	6bd
17.5	20	34861	11d1
8.35	15	10789	9ab
0.3	2.6	37823	4a12
7.2	11.7	6780	9ab
1.8	4.8	37593	6c12
36	38	23316	7a
1.2	2.3	37779	2ad
5.4	6	37827	3da12
3.1	4	37975	6cb
1.4	4.7	38075	4ac
5.9	11.4	18009	9ab
3.3	5.4	37816	6da12
10.7	11.7	37610	6d2
0.3	1	37508	1-2
1.3	5.9	37646	6d1
2.8	3.75	37638	6b12
0.3	4	14232	3cb
2.6	8.3	37824	6d2
10.3	15	16602	12da
0.3	1	37539	3d
34.4	38	17701	12ac1
4.5	6.4	38093	7ec2
8.8	10.8	37817	11d1
47.5	49	407	11d
0.45	0.7	2824	2d
15	18	404	9b
9.3	10.85	19391	9cb
0.5	1.6	37587	7c
2.35	22.95	19604	9ab
0.75	2	37836	2db
11.7	15	37611	7d2
3.8	4.1	38052	7c1
52.55	56.9	2822	12c1
31	47	514	12de
16.2	17	12986	7d2
0	0.6	37543	1a
5.7	6	37836	2db
31.4	34.2	2823	9ca1
0	2	37831	2ab
0	1	37504	1cb
2.9	4.1	37811	7d1
0.2	1.3	37646	6ab
0.2	4.2	38055	2ab
3	4	38167	7ca
9.7	16	18544	12d
6	7.6	34859	4bc
24.6	25.3	17701	12da1
13.1	13.5	38161	11db
2.45	10.7	37610	6cb12
0.8	1.7	37812	2ab
3.7	4.8	38087	4bc
4	6	14233	7bc
2.6	6	17986	9ab
34.5	40	1640	9b
8.45	16.55	37834	7da2
0.3	0.8	37812	2d
2.5	3.5	37670	7d1
8.2	8.7	37542	2a
4.8	7.2	18629	12d
15	16	18865	9ba
48	53.5	38164	9ab
4.5	5	37698	6bc12
2	3.7	10788	6bc
0	1.3	37688	1ab
0	0.3	37818	1
0.3	2.3	38174	1-2ac
0.2	1.8	38084	2da
9.65	10.4	37635	6c12
4	6	18310	9ab
10.5	12	17823	9ab
0	0.3	37812	2a
0.2	1	38157	3d
1.7	2.9	37810	6ac
4	32	23316	7ab
25.9	30.95	19391	9a
9.4	15.8	19288	9a
3.3	8	37690	7da1
2.1	7.5	37819	7cb1
4	10.3	16620	9ab
4	6	509	9bc
0.25	0.4	37626	1-2d
27.6	28.5	16797	12c1
4.2	4.95	38061	6d1
2	20	18084	9ab
0	0.75	37633	2a
8.75	9.65	37635	6c12
3.7	3.9	10788	6a
39	40	14235	11c
7.4	8.8	65	9ab
5.1	7.2	37678	7da
22.95	24.1	37694	11d1
1.9	2.7	38097	15d1
8.3	9.7	34860	6cb2
1.5	1.75	62	2da
34.2	43.9	2823	9ab
0.8	11	38159	2c
38	40	404	9b
8.8	12	66	11d1
9.3	10.5	17823	9d1
5	9.3	37698	6ba
0.4	1.7	37809	3ac
23.4	24	9806	9b
7.5	11.1	37819	7d1
32	33.4	19390	12db
7.2	7.75	37593	6d2
17	31	514	12cd
5.2	10.4	37417	6d
31	33	509	9bc
0.25	1.4	37510	6ab
5.55	8.45	37833	6e2
0	0.85	38050	2ca
2.45	4	38069	6d1
3.2	5.1	38080	4ab
10.85	15.4	19391	9a
2.55	3	37836	2d
3.5	15.2	16561	9a
1	1.7	37508	1-2ce
0	3.4	37540	2ab
32	34	23316	7b
4.8	7.8	10789	9a
11	17	513	9a
0	0.2	37592	1-2
6	7	18721	9ab
0.2	1	37666	1ac
0.3	4	37507	1-2da
8.9	12	37839	7d2
3.4	4.5	37698	6ba12
1.2	2	10788	6ac
0	5.8	37542	2ba
0.7	6.85	17988	9ab
2.2	2.9	37533	6ad
0	0.7	37636	2ab
1.1	3.2	37806	3ab
0.8	2.4	37815	4ab
0	0.1	37830	1
58	60	23316	7ab
3.15	27.6	16798	9a
7	15	18310	9ab
0.3	0.8	37818	1da
9.2	12	18720	12d
0.5	1.4	38072	2c
0	0.2	37668	1ca
2.5	12	18433	9ab
1.7	5.8	37604	6c12
0	0.5	38072	2a
26	27	9806	9b
12.8	15	37638	6d1
0.6	1.6	37591	7cd
24	26	9806	9cb
3	13	38172	4-9ba
0	3	38166	2a
0	0.5	511	1
9.2	16.2	12985	5cb2
0	0.2	38084	2a
7.1	8.75	37635	6b12
0	0.95	38091	2ab
5.45	6	37507	1-2ad
3.1	6	18721	9cb
21	22	19391	9a
17	40.5	1644	7ed
0	0.6	38095	1a
1.9	3.1	37796	7db,3
3	4.35	37836	2d
31.5	39	14234	9a
9.7	16.35	34860	6ec2
7.5	16	18629	12db
16	19.4	18629	12bc
21.15	25	17175	12d1
0	0.3	37822	1
3.1	3.4	37829	2cb
14.35	18	18008	12d1
0	0.4	37808	1a
60	70	23317	9ab
24	25.9	19391	9ac
6	8	38167	7ad
1	1.9	37792	3da
2	3.3	37634	4a
9.7	10.45	37698	6bc12
4.1	11	18011	9ab
7	9.2	18721	9cb
12	15	509	9bc
0	2	37676	2ad
2.5	3.5	37662	7c1
0.6	1.9	38096	7ec1
0	0.2	38156	1
3.25	3.8	38051	6c1
4.25	5.55	37833	6e12
38.6	43.3	19390	12cb
2.4	15.8	17758	9ab
1.6	1.9	38051	6bc
0.9	1.4	38068	2ca
5.1	9.4	38081	7da12
2	3.6	37676	2ad
0.85	1.2	38050	2c
2.5	2.75	64	7cb1
18	24	404	9ab
6	7.9	17986	9b
33.4	38.6	19390	12ac
1.4	2.5	37510	6ad
6	7	18310	9ba
20	21	19391	9ac
15	16	38168	9bc
7.6	12	20189	12db1
3.6	5.1	37677	4bc
0	0.2	37601	1-2
1.6	2.4	37656	6d1
3.4	8.6	37891	7c1
2.9	5.6	37903	2ac
3	5	37886	2
1.1	2.6	37957	6ec1
4.2	5.2	37973	6da
2.4	2.8	37968	7db1
3.1	5.2	37875	4ab1
0	2.65	37889	2a
1.55	5	37925	4ab
2.5	20	15696	9ab
2	3.1	37874	1-2d
11	12	37971	6da
1.45	4.75	37880	6ec2
5.6	11.6	37903	2cd
0.9	2.5	37898	7ac,3
2.6	9.2	37961	7cd1
1.6	5	37964	3db
11	12	37973	6da
0.6	1.6	2836	3d
0	0.4	37963	1-2a
0	0.3	2835	2ab
0	1	37972	1-2
12.35	12.6	37912	2a
5.7	6.3	37890	7cb,3
0	0.5	37923	1
9.2	12	18872	9ab
3.2	5.2	37971	6da
0.3	0.5	37879	3d
1.4	2	37912	2c
0.1	1.1	37956	3db
0	4.1	37887	2cb
0	3.4	37891	7d1
0	1	37912	2ca
1	1.4	37912	2a
0	2.8	37915	2ca
1.2	3	37919	2ab
5	7.2	37965	7da
1.9	6.3	37893	7db
3.2	12	22040	9ab
0.45	1.5	37883	2db
2.8	12.4	37915	2cd
3.9	6.35	37919	2db
2.65	3.2	37885	7d,3
10.1	15	16046	11cb1
0.7	1.6	37963	1-2db
0	1	37892	2ab
7.4	8.6	37973	6da
5	12	20316	9ab
1.2	12.8	37911	2cd
1	1.9	37892	2
0	2	37903	2ac
3.9	10.6	37958	7d1
0.45	3.2	37971	6da
8.3	12	15694	11cb1
1.2	2.6	37962	6ec1
2.8	3.7	37968	7cb1
10.4	29.5	19545	12d1
16.2	18	20512	11d1
7.4	8.6	37971	6da
0.25	1.2	37919	2d
2	2.4	37967	3db
4.1	6.65	37887	2
6.65	14.1	37888	7db
0.5	1.55	37924	3cb
0	0.25	37919	2ab
2.5	16.6	2837	7d1
0	3	37886	2d
6.3	14.8	37893	7ca1
0	0.7	37966	1-2ca
0.7	2	37967	3cb
1.5	2.65	37884	3d
11.6	12.6	18388	9ac
0	1.2	37911	2ac
0.4	1.2	37960	3db
0	0.3	37878	1
10	13.55	37890	7ac
1	12	37842	6ab1
12.6	12.8	19665	9a
1.6	2.5	2837	7d,3
5	10.1	16047	9ab
2	2.8	37912	2ac
12	12	20315	12db1
0	0.1	37955	1c
2.65	4	37889	2
9.6	13.2	20444	9ab
8.9	9.6	20444	9cb
4.7	5.7	37889	2
34.95	38	2833	12ec
0.3	1	37841	3cb
10.6	12.1	37958	7c1
0.1	0.9	37895	1db
0.3	0.6	2835	2d
7.15	7.55	20444	9cb
0.5	1.45	37880	6c2
5.2	9.75	37876	6ec2
2.8	12.35	37912	2cd
6.35	8.3	15695	9ab
7.55	8.9	20444	9ab
8.6	10.5	19537	9ab
9.75	10.4	37877	7d2
12.1	15	21112	9ab
3.7	5.6	20444	9ab
0	0.45	37970	1-2
0	0.3	37840	1
0	0.4	37959	1cb
0	0.45	37882	1
2	2.9	37903	2cd
0	0.1	37895	1ab
6.3	10	37890	7ca
2.6	3.9	37958	7e1
0.4	0.7	37963	1-2bc
1	4.2	37973	6da
0	4	37969	7da
16.6	34.95	2834	9ac
5.6	7.15	20444	9ba
3	3.9	37919	2ec
4	4.7	37889	2cb
4.7	16.2	37881	7d2
7.2	12	16479	9ac
0	2	37874	1-2cb
12.4	12.7	37918	12d