bh_ID	Strat	top	bot
2959	18	358.28	355.93
9761	18	387.35	383.9
8386	18	451.3	447.4
1617	6	403.04	401.99
10916	8	387.77	379.92
8822	9	386.93	382.43
11969	9	398.7	386.5
17208	7	415.35	412.65
11736	9	374.15	369.05
16825	12	402	392
321	9	339.15	333.2
12441	8	418	410.9
17516	15	436.3	433.8
17863	4	348.05	346.05
2522	18	446.3	437.35
19058	7	409.7	406.95
4361	2	420.27	419.17
11686	7	392.94	333.94
16565	6	417.55	399.7
11750	7	383.1	370.9
7822	6	419.13	418.38
4149	1	406.06	405.76
14527	18	461.62	461.12
18765	9	371	357
3129	9	384.4	384
14970	1	392.9	392.6
14213	1	375.3	375.1
17824	2	372.5	367.5
5108	12	363.6	337.5
19552	7	464.45	462.8
7413	1	402.2	401.9
16448	18	254	100
1418	6	381.79	375.44
19765	12	442.26	439.41
18757	9	391.5	385.3
10719	3	458.7	458.4
16341	18	328.56	306.96
3143	9	403.38	400.03
13067	9	371.9	362.65
11822	7	401.36	396.76
17504	3	393.4	391.3
16564	1	417.2	416.8
2309	18	425.55	421.95
4103	3	420.91	420.76
3666	2	374.8	372.8
7059	7	414.7	405.4
3207	18	346.54	341.54
19382	4	372.3	369.8
13102	9	397.5	397.48
4236	18	429.05	421.55
15450	7	427	413
18791	5	375	373.8
11416	6	408.7	408.4
19457	2	419.3	416.8
16646	18	404	266
6277	7	391.58	389.08
2385	3	426.39	425.39
16340	4	377.58	373.08
15041	9	381	341
9701	7	461.05	459.45
17327	3	439.18	438.08
19485	2	380.2	379.4
17531	6	438.51	435.41
642	6	424.68	424.48
19181	18	433.27	429.77
18075	9	373.62	361.62
12356	9	363.33	357.43
1009	9	367.44	366.04
18873	2	378.01	376.21
16952	7	421	395
2520	18	437.35	429
6461	6	405.29	399.59
15056	18	427.98	425.48
13441	7	410.5	409.3
16653	9	385.5	351.5
4758	4	390.9	387.7
15019	9	318	296
15079	3	475.3	474.4
17475	9	435.18	421.98
17503	7	430.81	421.41
2909	6	420.82	411.72
9569	18	439.4	436.9
5148	7	427.3	405
18490	7	414.3	402.5
119	9	394.5	367.49
4549	6	414.58	409.73
3539	15	336.1	326.9
2130	9	438	413.9
19395	4	383.1	380.9
4425	3	394.8	394
16867	3	421.9	420.5
14690	1	399.55	399.25
11302	9	362.66	358.68
17503	3	432.61	430.81
14522	9	392.79	390.6
11717	7	431.15	386.05
15604	2	401.6	395.6
552	2	373	372.2
2972	9	363.4	352.5
10557	18	457.71	455.51
6818	9	386.57	357.07
15637	4	378	376.9
2046	9	413.8	406.8
12789	6	419.3	419.65
19026	7	426.9	408.9
3481	1	389.14	388.74
11759	18	376.7	374.6
7446	3	424.3	420.95
19702	2	388.97	386.17
2060	7	406.35	395.7
16061	18	401	203
14017	9	361	358
16870	6	406.11	395.31
2035	9	372.11	369.11
7955	6	420.04	401.59
3782	6	371.8	334.8
17729	18	447.5	446.9
15913	18	366	230
3362	9	449.49	448.1
713	18	493.95	488.46
2912	4	410.74	409.69
95	9	387.8	387.7
14641	7	419	389
18968	9	373.42	372.32
19539	6	422.1	419.8
2799	9	363.65	362.7
12088	4	400.7	398.3
18801	18	355	314
13005	2	422.59	422.29
8144	18	480.9	480.8
19613	2	381	377
13078	9	379.96	369.06
11350	9	426.51	419.41
19379	6	400.5	397.9
1984	3	421.35	419.9
11705	39	439	431
15254	2	477.8	475.8
12449	9	383.1	375.2
12715	12	374	321
17118	3	432.5	431.1
17176	1	386.9	386.1
1769	6	415.2	411.2
18874	4	375.59	374.19
5042	9	358.5	358.45
3503	1	426.21	425.51
19373	6	401.8	399.8
16615	6	413.3	406.2
2615	7	397.1	376.9
12095	39	394.8	390.5
19333	1	385.63	383.63
4341	6	426.44	422.34
19185	18	432.05	429.75
7413	6	401.6	399.8
9129	6	406.7	405.7
19112	2	391.8	391.1
17301	9	370	332
14434	18	460.74	455.84
3617	9	329.9	311.3
17897	12	366.9	311.9
6265	9	381.65	377.65
763	18	310.7	308.35
6603	6	405.75	397.85
3321	1	423.5	423.2
19740	1	400.8	400.5
8231	9	364.8	355.1
684	18	369.02	367.97
17503	2	432.91	432.61
7183	3	462.7	450.4
19244	2	467.85	461.8
15477	18	373	301
19661	2	377.56	369.76
15457	7	426	346
12940	9	398	384
6761	3	419.09	418.89
10025	7	449.47	443.87
10556	18	455.62	453.42
19532	7	376.3	373.4
17469	12	363.49	358.09
558	1	379.2	377
19749	1	462.42	460.22
17291	9	397.33	385.33
2735	9	393.88	388.33
2522	7	455.7	446.3
15020	18	377	315
12508	4	384.09	383.39
17749	2	353.4	351.4
13419	4	376.5	374.2
12913	6	398.32	395.62
14424	9	373.4	369.1
7224	18	356.67	351.77
15446	9	399	361
13498	7	500.4	470.9
19456	12	393.4	356.4
7083	9	405.54	401.34
2557	1	403.84	403.24
6774	18	424	417.4
9333	9	389.57	386.37
17326	2	441.62	440.62
7082	9	430.28	427.98
12597	18	474	332
17755	2	414	413.35
17443	1	380.83	380.52
19162	2	384.6	382.5
18925	2	433.2	431.55
19266	9	400	396
5312	7	433.88	431.38
17197	2	455.6	451.8
14430	1	423.35	423.05
16355	9	369.48	367.78
14642	18	412	316
17542	7	354.96	353.66
7530	4	410.73	409.63
3439	7	421.4	418.9
8930	9	413.1	409.8
11415	6	407.9	406.6
15312	3	429.3	428.2
19678	1	389	388.65
18756	3	387.4	387.1
12848	7	409.7	407.3
15944	2	349.79	349.29
6210	1	407.39	406.99
16191	7	416.5	410
17542	6	376.56	354.96
15494	18	302	237
1375	9	366.76	364.26
5118	3	401.15	399.75
3924	9	394.6	391.5
11017	1	425.5	425.2
1791	6	396.99	392.79
18785	18	271.8	267.8
5591	6	416.6	389.1
16437	7	388	348
12039	18	393.25	386.35
14528	18	460.92	460.12
19757	18	435.38	433.88
13082	7	395.13	386.83
1094	7	409.54	407.94
19219	4	380.87	378.87
3739	9	415.8	412.6
1272	12	366.59	358.29
14361	18	376	242
4023	2	404.36	401.31
13136	4	373.69	369.14
11700	18	375.25	374.25
4013	18	447.3	431.7
2170	3	443.9	442.6
14738	18	364	361.6
8765	6	419.4	418.6
16523	9	419.8	417.1
19235	12	394	356
8408	18	411.81	380.11
14110	6	398.8	393.4
7218	9	365.35	362.95
19552	2	465.55	464.45
2174	6	378.62	377.22
10351	3	427.9	427.2
12335	3	379.15	377.65
17501	2	435.38	434.93
1540	18	370.29	363.54
8832	18	353	353
8430	1	428.3	428
18851	1	414.88	414.58
9609	18	438.25	428.35
5750	2	420.68	420.18
19376	6	401.5	400.4
751	1	421.11	420.11
3096	1	474.09	473.79
15090	2	450.4	449
9313	1	439.7	439.4
240	9	350.95	339.1
694	5	371.7	370.5
11865	3	436.5	433.1
19739	3	407.7	407
6460	2	409.22	408.82
14896	1	378.5	378
8053	18	470	464.7
5744	9	410.4	408.7
14060	12	373	321
18773	2	393.2	392.2
799	12	406.45	403.65
15142	6	373.41	369.26
14895	1	379.7	379.3
18791	6	373.8	367.9
8296	9	404.83	404.33
15917	9	371	357
1756	9	372.67	368.27
18862	6	374.65	371.25
5583	18	419.7	416.4
17687	7	373.85	373.8
6594	3	422.7	422.3
322	18	417.66	405.26
16731	12	357	337
7553	7	464.57	457.97
11402	1	406.05	405.65
13854	18	466	314
17734	38	423.1	423.05
1432	9	340.3	334.86
12796	2	461.3	456.7
18716	7	352.75	338.45
17487	14	475	463.9
2579	3	427.21	426.91
18805	7	461	445
2485	12	390.28	371.48
13498	1	517	516.7
6809	12	374.1	372.8
13481	12	553.3	522.8
16876	38	431.66	431.36
14836	2	406.96	406.36
7761	18	406.43	402.33
2005	2	410.2	409.1
4286	9	411.46	407.46
1575	1	384.75	383.85
7529	2	413.61	411.41
19051	7	381.39	376.19
10585	6	400.26	397.76
15044	12	392	384
16301	9	394.8	388.9
364	18	347.95	336.6
6871	1	431.94	431.54
11475	9	383.2	379.7
19421	6	421.49	414.89
15032	6	422	412
9845	18	490.46	485.16
2001	3	398.6	397.3
12796	7	456.7	452.4
4248	18	438.43	430.83
15169	9	372.1	371.7
5523	18	423.13	418.03
18963	6	408.48	406.78
11667	8	352.7	351.5
12244	5	422.7	421.9
6285	12	390.9	388.4
17966	7	398	394
7608	9	388.84	387.04
19690	1	388	387.65
9819	7	488.9	485.2
10170	18	359.3	351.3
17715	38	412.9	410.5
6103	7	439.09	436.69
17896	12	378.4	377.4
15018	9	438	430
16912	38	427.7	425.7
15346	18	330	246
12684	15	450	345
1999	4	398	396.6
17459	7	379.84	259.84
262	18	348.18	346.28
17749	18	347.9	347.4
5962	2	419.69	414.99
11679	3	414.5	413.8
15495	9	436	432
12433	1	408.7	408.6
13473	18	548.9	535.5
9003	6	423.7	422.5
14431	1	423.48	423.28
6370	12	362.6	357.8
1888	1	420.51	420.16
12836	7	416.6	411.2
19061	2	417.13	415.93
8620	2	454.9	454.2
1687	1	402.7	395.8
17839	2	373.5	371.1
19591	3	423.07	422.07
2416	9	407.6	395.6
19206	11	308.2	288.2
11825	7	410.95	402.1
10804	18	381.59	379.14
15498	6	423	419
3272	4	418.6	413.2
5266	2	449.5	448.7
608	38	374.28	368.78
12201	2	440.02	439.02
19187	2	444.13	442.13
44	7	386.75	379.05
16601	9	465.11	459.61
6162	9	445.6	444.7
4031	9	368.7	365
19689	2	388.65	387
14664	6	421.4	418.5
12118	9	375.65	366.85
3508	1	437	435.8
19036	3	439.6	438.7
1538	18	285.31	284.59
13996	7	427	383
14430	2	423.05	422.25
15780	18	427	425.29
10535	2	376.87	373.87
8246	18	426.8	419.5
5527	18	417.18	413.08
7701	18	366.93	360.28
11404	4	403.7	403.2
13482	12	542.6	512
17881	2	415.39	414.89
13643	18	486.09	484.49
7308	7	410.02	409.77
469	9	405.9	386.89
19223	18	355.5	354.5
4247	18	433.52	429.12
16683	7	426	374
18773	9	392.2	373.2
991	18	351.32	346.02
14335	18	421	410.4
8915	7	436.8	434.5
15216	9	384.09	356.09
13212	2	388.4	387.8
15905	18	404	216
15000	12	390	360
1685	3	410.54	409.84
12849	1	412.7	412.6
18739	9	362	346
14855	1	425.54	424.99
19762	18	440.18	437.18
5533	18	410.49	402.49
17552	7	417.54	406.39
15773	18	445.65	436.85
10435	18	349.25	345.6
15541	1	420.95	420.05
9878	9	413.45	398.95
14005	18	326	291
17292	3	414.57	412.17
14991	9	417.25	411.4
15220	4	335.7	332.55
10910	18	483.55	483.25
16807	18	356	272
2580	3	426.86	426.21
8240	9	368.81	365.71
10737	4	401.6	401.3
10457	1	441.25	440.75
16644	7	386	360
10671	4	425.3	424.3
6062	6	410	399.5
12480	7	419.55	416.7
9980	15	449.8	449
8261	12	438.58	433.08
17734	7	423.05	418.8
1112	1	412.44	412.14
14663	2	422.7	422.4
17884	7	405.68	396.68
2171	2	382.21	379.51
11750	9	370.9	367.3
6849	12	354.28	349.28
5163	18	402.9	396.5
17744	6	453.8	449.7
18812	11	422.11	419.11
10914	38	422.43	421.33
2159	7	412.67	399.97
8942	9	380.1	373.3
12950	7	397	367
13313	3	380.7	377.7
9784	7	414.21	407.41
15491	12	378	352
17895	9	421.3	379.3
13359	7	387.72	386.52
19295	9	360.01	351.31
12011	18	448.22	444.52
4601	9	364	359.6
17578	2	421	420.25
19057	7	404.96	404.36
13946	6	426.65	421.55
2511	9	445.7	436.85
14689	7	358.77	358.07
302	9	392.4	376.7
13031	18	348.7	348
352	18	345.5	338.4
5274	9	406.6	405
1006	18	361.03	358.03
4070	18	439.27	420.57
19273	6	372	368.8
17066	3	427.75	427.5
17192	1	461.5	461.2
1394	6	426.41	421.41
11314	18	429.5	426.4
14278	9	404.8	400.3
2648	6	410.34	409.64
552	12	369.55	368.5
2527	18	446.9	438
15233	18	372	270
15265	39	392	356
542	9	373.6	364.3
7000	6	419.92	417.87
644	7	417.3	415.35
13136	3	374.44	373.69
1270	12	363.77	348.67
14440	6	403.5	400.3
16878	7	427.73	422.93
9392	2	373.54	372.34
3656	9	383.62	373.52
10105	18	377	376.3
3916	9	385.45	384.15
15052	18	318	75
4092	9	412.75	410.35
7660	18	416.45	415.9
11292	1	407.4	407.1
5442	1	421.39	420.49
3005	18	418	414.6
19373	2	402.7	401.8
13211	4	382.6	381.1
4447	6	458.3	454.6
5400	9	389.74	385.04
4550	6	420.14	409.94
16890	6	405	397.4
19385	3	373	372.3
18997	6	437.24	432.84
754	7	401.96	399.86
749	4	418.77	415.52
3435	18	418.5	417.3
1038	9	391.57	386.87
8637	1	419.92	419.72
463	9	400.7	397.3
9410	1	409.35	407.85
12571	2	398.85	397.2
16367	3	401.01	400.06
17065	6	421.45	418.8
7770	9	389.8	374.8
12613	6	419.48	415.58
2702	12	399.35	370.75
1668	9	410.85	385.85
10121	7	359.5	352.8
18988	1	463.1	462.3
16192	3	418	417.2
9613	18	337.16	325.36
16692	1	381	377
14948	18	368.11	367.31
16542	18	442.59	439.49
12495	2	413.02	412.02
8630	6	417.91	404.01
19292	7	442.25	434.4
551	38	372.87	371.07
6473	18	350.68	346.98
19688	2	387.6	386.1
18857	5	376.61	374.01
17128	7	415.1	410.3
16437	2	392	388
13326	9	392.6	364.2
15344	6	401.81	373.61
11690	2	378.11	375.91
14013	18	297	249
2291	6	406.02	404.27
19762	9	455.18	448.08
8963	18	401.2	401.1
2617	18	384.65	376.95
13319	9	384.27	370.12
2801	3	428.28	426.93
15367	2	416.05	414.95
17345	2	386.86	385.51
16738	15	431.63	428.83
15615	8	419.87	413.77
7277	1	451.5	451.2
16387	18	292.8	82.8
14966	1	393.8	393.3
13502	7	458.8	456.5
15705	9	376.77	367.77
16813	6	424	410
2836	18	439.7	434.31
17198	2	460.1	459.4
16370	9	401.4	395.9
11955	9	389.25	370.35
9687	2	420.16	419.76
17569	7	380.8	377.8
559	4	371.4	369.5
1425	9	370	361.6
17718	3	434.79	434.09
1232	12	369.45	354.35
12103	7	397.63	396.38
12817	6	421.69	419.99
3774	18	346.1	341.3
16810	9	402.5	400.3
245	12	350.2	337.05
9621	6	408.5	401.8
19116	7	419	405
18075	2	390.72	373.62
11150	9	393.8	363.5
18785	9	390.8	371.3
18863	4	377.56	374.16
17895	2	429.3	428.3
19778	12	356.19	354.19
19528	6	383.9	383
4775	9	383.41	366.91
5720	18	435.4	429.4
16113	7	423.5	395.5
13466	18	473.8	472.3
350	18	338	337.05
606	9	424.95	421.15
18927	7	418.8	406.8
2533	12	382.25	378.8
10656	9	450.5	449
9822	18	485.5	472.1
17539	6	419.01	415.01
18830	18	427.5	425.5
15204	9	382.75	369.95
11026	6	421.1	420.1
14305	18	434	430.9
15859	18	395	241
19335	1	386.7	384.7
16841	9	353	307
14690	6	398.85	359.05
14243	7	397.9	394.4
5275	1	454.6	454.3
14648	9	375	343
18801	7	439	355
16850	7	421	345
17827	4	370.8	367.3
14660	6	421.65	419.45
17843	2	373.2	369.8
1843	9	399.78	395.18
19481	2	433.4	431.6
19288	2	427	425
20	9	378.05	377.1
2656	18	392.57	381.02
12689	9	390.7	388.6
15875	18	414	148
2291	6	404.27	399.77
12894	9	383.64	379.64
6085	18	408.09	399.09
11154	12	387.5	385.2
16728	9	417.7	381.7
11690	4	375.91	371.71
15919	7	424	348
4042	18	395.35	391.85
11970	2	431.3	430.9
17293	1	415.11	414.91
12792	1	422.29	422.19
1376	9	369.99	368.79
1001	9	373.44	369.39
1681	2	402.65	401.25
473	7	357.43	356.58
16686	9	383	363
17829	6	366.8	366
12496	7	444	434
10954	12	328.81	305.91
19552	1	465.8	465.55
8072	12	355.15	342.05
14838	2	405.38	403.78
19173	7	400.4	396.9
5488	3	462	461.5
16973	15	450	286
16756	12	359.95	354
5152	18	375.3	372.7
13467	9	504.35	483.25
16644	9	360	350
19265	7	409	377
12675	15	409.8	408.4
2170	1	444.7	443.9
17444	1	384.61	384.31
10457	2	440.75	440.25
5259	7	405.03	404.43
19427	8	463.1	462.1
6144	9	399.02	396.32
3740	9	419.12	417.42
11285	3	405.5	404.1
4587	18	452.1	447.2
19232	18	351	179
11193	1	471	470.5
16889	6	407.3	403.5
14311	7	416	408.9
19453	9	380.48	373.48
13058	9	398.31	390.41
1132	1	372.8	370.8
13124	9	349.67	344.17
19377	6	401.4	400.1
3024	9	403.1	396.75
2637	1	429.2	428.8
7939	3	422.31	421.51
14415	3	395.02	393.92
1614	7	409.26	399.86
17278	9	439.15	438.25
14771	9	353.4	346.4
9526	9	395.33	393.23
10140	9	383.64	374.74
14370	18	460.6	459.5
5463	9	437.3	435.3
4224	2	421.25	420.85
8536	9	369	365
1043	18	336.6	334.2
2412	9	409.95	385.6
2079	2	429	427
17196	1	449.9	449.62
8385	9	390.88	389.78
17283	7	413.2	403.2
11323	9	394.9	391.4
12922	1	423	422.7
3054	8	398.87	386.17
10965	9	430.37	419.42
3620	9	327.88	313.4
3214	1	428.89	427.89
5147	12	354.3	340.3
2745	9	390.15	382.15
366	12	347	345.2
5107	18	349.14	342.14
5147	9	403.3	354.3
14835	6	407.73	402.03
13924	9	385.7	367.4
12355	9	368.57	360.17
19209	6	372.45	372
8485	18	445.35	439.15
19673	2	387	385.2
4694	9	403.39	401.39
17817	6	372.62	371.12
15273	18	308	292
14372	18	460.86	459.56
10457	7	437.35	410.95
11416	38	410.3	410
9411	7	408	406.5
18941	7	441.3	431.4
18903	9	399.61	371.56
17543	3	385.22	379.92
14369	9	376.99	371.69
16963	7	394.5	390.2
9077	9	420.02	419.32
9878	6	417.45	413.45
9222	7	396.53	393.83
11402	3	405.65	404.15
5026	9	419.7	384.5
13860	18	344.3	308.3
16334	9	407.8	404.9
10892	9	351.4	341.9
17265	1	422.57	422.52
355	18	349	337.9
17699	18	445	147
291	9	414.75	378.4
19184	2	433.7	433.1
19195	8	391.1	385.7
11670	12	349.35	348.7
15901	1	429	428.5
16606	1	421.78	421.68
15239	18	446	312
11418	2	418.77	416.57
5110	18	350.83	342.73
6710	9	352.34	348.64
12497	7	411.4	410
19748	3	461.23	458.73
19122	2	386.2	385.6
8712	12	341.15	334.15
12507	3	379.76	378.26
16876	7	430.36	421.96
9671	3	422.2	421.5
991	9	359.92	351.32
7051	9	387.89	366.89
19212	4	377.6	375
14562	9	391.05	388.85
17593	2	417.25	416.45
11083	9	401.3	399.5
17436	6	420.26	411.26
18983	18	456.7	454.2
17810	9	390.25	354.25
3781	6	371.9	334.7
15114	9	416.76	414.56
16386	18	292.7	67.7
7592	7	440.9	439.9
14052	9	370	352
15735	9	384.2	371.3
7756	9	364.5	363
15488	18	332	115
18996	2	436	435.25
19064	3	426.47	425.32
17816	6	372.11	370.96
8637	6	418.62	404.92
3250	2	421.94	421.49
10302	6	421.66	416.96
15266	18	328.3	225.3
11531	1	413.75	413.55
114	12	338.6	329.04
16173	18	412.1	407.4
19549	2	418.15	417.6
17880	9	422.1	386.1
5852	1	443.6	443.1
16862	7	485	479
2013	7	412.4	396.9
10763	18	375.22	365
17589	4	377.55	376.35
229	9	352.55	338.35
13631	18	383.9	382.5
19762	6	463.18	458.68
10011	6	364.8	340.4
13998	9	372.6	362.6
10384	18	369.08	364.98
15505	18	400	278
10170	6	397.5	391.5
12237	5	426.8	426.4
6764	9	377.22	370.42
10892	5	369.5	365.8
12808	1	401.44	401.04
10114	7	478.4	476.7
19300	2	365.88	362.28
2037	9	406.54	403.54
123	9	384.05	361.45
11425	9	391.15	342.65
16970	15	301	239
19398	6	408.9	400.9
2076	1	437.8	436.4
3069	12	367.44	363.84
3298	3	427.1	426.4
13871	18	408.5	309
10538	2	377.19	375.49
10405	1	421.4	421.1
4357	9	408.52	407.52
14015	9	445	443
14706	6	391.4	363.3
2099	6	420.47	412.72
7048	18	443.6	439
16317	3	407.4	406.7
2254	1	495.6	495.1
17186	7	377.5	364
17814	38	376.23	375.73
2764	6	371.37	369.87
15266	39	392.3	355.3
3273	2	447.6	444.8
5387	1	412.5	412.2
19291	7	443.4	437.8
11038	3	425.3	424.1
1035	9	382.99	380.99
390	18	356.6	355.4
19128	7	455.58	453.68
363	9	354.2	347.35
665	9	366.55	351.85
7599	4	0	0
19393	6	382.24	381.24
17714	38	412.5	411.1
1302	18	374.84	371.04
11085	9	399.7	397.6
5374	38	405.61	403.61
6098	6	409.76	402.66
6996	3	420.6	419.9
14045	18	399	255
17528	1	447.16	446.91
13324	1	402.6	401.9
18853	7	312.28	308.93
3608	9	340.5	339.5
15820	6	387.32	384.92
14158	9	388.05	375.85
323	18	427.63	427.28
2331	9	368.75	358
5957	5	373.82	373.67
17339	38	421.23	418.03
15001	9	416	382
1386	9	409.5	406.5
19490	2	473.3	466.5
10495	15	424.5	424
14682	18	367.41	357.81
11670	5	370	368.7
8635	6	421.56	407.16
14336	18	422.1	414.3
8816	18	364.91	361.81
3539	3	392.5	388.8
4077	12	394.2	393.3
440	12	331.63	327.33
6499	9	376.3	375.6
994	18	388.65	383.15
1322	7	412.21	406.21
15295	9	368	346
16727	7	463	449
5649	18	370.58	348.08
14012	9	350	330
3008	2	390.71	390.16
2400	1	391.49	391.39
11291	6	403.7	402.9
15527	9	381	353
15479	18	341	125
12250	6	427.3	422
12095	2	395.1	394.8
7054	2	394.34	393.44
722	9	379.7	368.3
35	7	393.5	390.6
3107	9	410.54	407.27
9477	3	419.9	419.4
6864	38	430.21	429.31
2194	6	420.64	414.24
2978	7	427.55	424.15
3507	1	437.6	437.1
8262	18	428.34	426.44
12164	18	429.77	423.62
9925	18	332.5	320.7
17318	6	417.98	416.68
4020	18	455.05	437.55
4644	9	377.6	365
17435	6	419.3	411.3
8830	18	423.17	400.57
19345	1	421.8	421.3
15593	6	421	412.4
10025	38	454.07	453.72
5574	9	366.59	365.69
16740	11	437.62	426.82
2129	18	436.7	390
5386	7	413.47	397.47
16806	18	354	256
18960	1	426.4	426.27
15759	2	372.35	370.95
12110	4	379.86	375.51
2003	3	406.75	405.3
5466	1	394	393.8
14552	18	404.64	400.14
6225	9	384.3	383.9
3195	18	401.03	395.58
1665	3	412.85	410
8633	3	418.97	417.77
9457	18	408.8	406.9
12638	7	421.87	419.77
12215	7	443.6	443
17301	14	294	246
8146	4	425.1	423.2
2017	1	428.15	427.55
19365	3	444.1	443.55
17547	9	348.75	343.65
4552	6	418.29	411.79
19424	6	413.6	409.6
15197	2	386.31	384.01
19455	6	421.3	414.9
4030	9	368.9	360
2363	3	427.49	426.74
10434	35	-902.65	-911.65
1335	9	381.42	348.22
1112	8	405.74	405.29
17563	18	450.34	449.74
5257	6	419.08	407.28
10546	9	391.25	380.25
5015	18	391.17	389.77
19282	2	417.55	416.75
2911	6	422.42	421.82
12524	2	377.2	376.4
4567	18	397.8	391.5
5118	9	378.8	370.35
14077	6	398.98	397.38
14467	3	426.4	425.2
8804	18	452.2	444.5
17423	2	455.4	454.8
16714	7	454.5	450.25
6425	9	393.85	377.15
3540	1	430.1	428.9
12632	9	393.56	365.66
1919	18	392.15	381.9
7177	3	461	454.15
19263	1	438.29	437.09
19591	2	423.67	423.07
14803	12	346.28	342.78
8416	18	414.5	413.4
1829	9	376.97	372.77
15606	6	386.55	384.55
5161	9	420.9	402.3
19520	2	422.1	421.15
14357	12	392	344
12310	9	366.99	365.99
5488	1	464	463.2
14505	9	405.4	403.4
12767	9	391.63	382.13
8278	18	428.9	426.4
19419	6	376.15	369.3
19436	6	403.7	402.4
8611	3	375.09	374.09
10405	3	421.1	420.5
1238	12	375.25	369.7
7916	12	361.75	358.35
13925	2	387	386.45
10956	9	395.7	390.2
8531	2	427.5	426.9
19523	6	420.5	418.6
12513	6	419.24	416.74
17411	3	390	387.85
19036	1	439.9	439.6
18075	1	390.82	390.72
2580	6	426.21	421.21
6818	7	396.87	386.57
3769	12	373.5	370
3873	3	415.6	413.8
2677	9	399.67	388.67
19335	18	350.7	346.7
16074	12	384	350
17307	15	398	222
18939	2	439.2	437.7
7735	9	384.7	378.7
8277	18	430.5	430.1
16359	9	350	341
7396	9	361.16	353.26
19692	1	388.86	388.46
8002	9	409.51	407.11
19421	1	422.09	421.49
13936	1	422.7	422.3
7733	9	382.27	377.07
2095	9	399.84	394.44
16265	12	360.45	352.85
233	12	341.6	335.7
17508	9	415.05	414.45
4901	18	388.6	386.5
16053	18	448	196
14646	7	410	381
15119	7	419.36	404.96
5025	9	419.65	395.05
34	1	395.3	394.3
19018	6	386.3	383.4
12143	18	343.35	340.75
17543	9	352.82	347.72
4781	2	374.32	373.12
11317	18	403.12	393.62
19065	7	423.56	420.96
7179	9	430	425.5
15778	11	442.4	420.5
15129	6	418.38	411.03
11426	9	395.04	394.64
547	12	351.8	347.5
1112	7	410.44	405.74
17080	3	421.25	420.8
5699	9	420.63	412.23
39	1	393.35	391.85
15864	6	409	397
16736	11	435.2	422.4
5576	12	388.1	361.7
10445	9	420.6	420.4
66	2	373.9	373.2
12624	9	374.1	363.45
2908	3	421.29	420.94
9737	4	426.3	426
10892	12	341.9	338.3
6400	7	437.64	436.04
8764	4	422.4	422.1
17194	15	449.95	446
2086	18	422.78	417.28
7523	3	427.6	427.1
1260	18	365.05	356.75
1380	9	406.29	395.79
8643	9	401.34	397.14
19764	9	453.29	446.99
19485	7	368.6	367.2
1704	9	382.59	375.09
14193	18	382.95	381.55
7206	2	432.73	403.43
5268	2	450	447.4
17831	3	372.2	370.4
7612	18	389.2	387.6
17586	6	376.75	373.9
17194	3	454.3	452.1
17838	4	371.5	366.5
13456	18	482.8	475.85
881	9	367.81	366.16
18806	1	425	423
14036	18	359	205
11894	18	379.93	379.23
4219	6	407.07	399.97
13402	18	315.5	234
8281	9	368.35	360.75
673	9	369.8	352.9
14996	18	391	257
17566	2	390.62	389.12
10666	18	449.9	449.6
14283	9	423.3	412.8
14830	7	418.39	417.49
14365	12	374.69	372.49
16263	18	429.6	425
5368	9	400.25	399
5031	18	386.8	373.3
19107	9	386.1	384.7
2057	3	428.15	427.7
908	12	347.49	342.94
1114	9	368.3	365.7
2971	1	385.15	384.15
4430	9	445.6	444.8
16120	1	422.4	422.15
17329	7	412.2	411
19453	6	422.08	394.48
5361	7	434.75	416.9
127	12	361.7	353.8
6201	9	393.6	392.7
17516	2	441.8	440.5
16433	9	396	354
11997	1	430	429.7
9160	6	384.48	383.28
7102	1	422.2	421.8
1264	9	430	397.7
2525	9	443.9	423.6
3873	18	397	376.5
12625	9	372.25	364.05
9374	18	405.35	397.95
11286	4	404	403
15506	9	382	316
6010	18	363.27	357.37
16740	7	464.02	441.62
11078	18	395.85	392.95
14238	18	426.3	407.6
465	9	395	394.8
11599	9	382.7	363.7
16829	18	363	307
3670	1	422.15	421.75
3483	9	398.7	395.1
19215	9	390	375
12440	8	419.44	413.34
7066	9	363.8	354.3
5501	9	418.6	417
16654	6	417	415
13022	9	377.52	376.82
7308	2	419.12	418.37
6063	6	415.74	399.24
10334	18	436.1	434.7
18958	7	425.3	421
18878	6	375.06	371.06
19224	2	505	503
2534	12	382.75	378.75
16166	38	404.63	403.53
8632	6	421.86	407.76
16952	1	423	421
15542	6	420.15	418.25
19537	6	403.8	398.7
4449	9	423.9	417.9
1886	6	420.5	406.7
3036	6	424.8	418.4
157	9	367.38	360.93
19637	3	388.4	387.6
19221	4	379.86	376.16
14454	9	394.5	386.8
7770	2	391.8	391.4
16052	18	368	178
14565	9	370.35	368.05
6202	9	386.9	386.9
11367	9	417.13	409.63
2970	9	349.8	336.3
256	9	365.75	335.25
8484	7	450.41	442.91
2838	9	379	378.7
17317	2	420.79	417.49
9000	3	388.2	387
5222	4	412.59	411.69
15143	14	349	201
989	18	351.3	350.1
12480	4	425.4	422
9193	18	476	475.4
13990	7	451	437
15769	18	426.6	420.6
19522	6	421.3	419.6
16979	7	426	418
644	1	419.6	419.1
320	18	313.11	311.96
662	9	365.8	351.15
9463	9	412.4	411.9
4100	9	383.25	376.25
16264	18	353.96	352.36
9699	1	463.35	462.95
19254	2	436.67	435.57
14048	12	388	374
6095	18	375.36	366.36
9686	9	371.33	370.43
15042	18	394	166
4573	18	392.22	386.27
11151	7	402.7	401.2
10901	18	476	472.8
11291	6	402.9	402.3
17323	6	413.54	410.14
17347	7	384.92	384.77
19765	7	462.31	452.91
8487	6	419.37	417.27
16448	7	390	350
18953	2	422.29	421.19
15060	7	411	408.5
6046	18	381.09	380.29
2655	18	401.51	396.11
580	2	376.83	374.63
12782	1	421.46	420.36
8827	7	436.15	435.15
14077	7	397.38	396.98
12309	7	374.58	373.08
2802	3	428.63	427.33
18992	1	473.3	473
2803	6	426.9	425.6
441	18	340.38	338.73
19763	6	464.83	462.43
14554	6	411.63	406.08
19022	1	422.1	421.7
12614	7	417.35	415.75
3292	3	401.7	399.2
9766	18	411.2	406.8
3022	9	385.98	360.58
17756	15	364.4	362.4
1334	10	352.24	351.44
11420	6	419.02	416.72
17740	9	441.8	435.5
11767	3	381.92	380.02
17693	2	415.4	413.8
11527	3	418.85	418.55
11302	4	377.66	374.96
15736	2	385.5	384.3
5365	6	415.55	410.3
19160	2	382.34	380.74
723	9	378.9	370.2
13365	7	397.22	393.52
19609	1	413.3	412.9
6119	18	427.9	426.7
18946	6	401.3	396.1
15004	18	480	320
18957	2	426.8	426.5
19056	1	413.51	413.36
17720	18	427.15	425.35
16964	9	393.3	387.1
209	9	323.67	316.02
16186	1	420.76	420.46
3046	38	420.56	419.06
12509	2	375.77	373.12
14538	18	393.78	391.98
14526	18	462.48	461.48
7653	18	442.15	441.4
17129	1	418.6	418.1
1536	12	313.27	280.32
11954	9	383.8	367.8
12768	6	402.73	387.53
2182	18	379.25	379
2904	18	425.1	419.45
12607	6	419.93	417.98
18951	2	425.83	425.03
12687	9	390.7	387.8
14551	18	409.22	404.47
17409	3	373.99	369.79
16989	18	348.18	347.18
2229	6	427.1	426.9
17533	1	453.42	452.12
18922	4	373.8	371.2
19279	7	408.23	404.38
7593	7	427.8	425.7
11218	18	345.29	340.89
13498	3	516.7	513.5
13115	9	349.97	344.83
919	9	374.3	370
2950	9	414.19	408.49
19058	3	412.55	412.25
19115	2	373.72	371.22
19556	7	419.7	418.4
16225	6	426.2	421.3
9708	9	392.7	392.4
12364	7	393.7	393.1
17842	4	370.9	367
16318	9	395.8	394.1
13153	7	382.1	375.2
19222	7	473	471
7392	6	419.14	404.64
1117	3	418.54	418.04
4225	3	420.5	418.2
16072	18	463	281
13786	18	310	250
12852	18	405.2	401.7
5257	3	419.28	419.08
6469	7	477.35	474.1
2514	18	413.73	406.23
15605	2	388.28	386.78
2858	18	347.1	340.1
17541	4	378.72	376.52
14022	18	352	260
295	3	467.9	466.1
7539	18	369.04	362.04
11981	4	383.23	382.73
19430	6	416.5	414.7
9176	6	400.6	388.7
12136	18	344.35	328.3
19158	3	380.39	379.34
15713	18	325	292
17706	7	420.8	418
14054	6	415	387
7504	9	390.9	387.3
19233	18	351	168
19593	7	419.61	413.41
9674	18	415.4	411.9
19248	2	468.75	463.55
13795	18	415	354
10790	9	388.56	383.11
19229	18	449	145
19398	1	409.9	409.7
18867	2	377.98	377.18
11073	18	400.8	389.3
17290	12	352	325
16983	2	349.98	348.98
5178	9	399.6	397.3
8582	7	394	385.4
400	15	416.29	390.89
17472	18	397	111
7104	9	391.78	384.48
6015	18	358.87	341.02
15502	7	405	365
6856	9	365.24	360.84
12129	18	406.45	396.45
17810	6	411.25	408.25
4566	18	406.83	400.83
16958	9	362	355
3363	9	454.7	447.7
19742	3	391.8	391.1
13795	9	447	415
4282	9	414.06	410.06
17589	2	380.25	377.55
3019	12	397.65	365.13
17486	11	443.67	428.97
13130	9	394.4	382.4
12706	3	414.3	413.95
7765	18	410.48	408.78
17733	6	403.89	392.89
17554	1	377.4	372.4
19110	2	391.9	391.3
7941	35	416.39	414.89
5116	9	379.06	374.86
10759	18	407.92	401.72
19779	6	415.2	409.05
4104	6	420.5	407.8
13839	7	480.5	479.5
2648	2	412.94	410.34
13400	6	414.4	412.3
7105	9	389.84	384.34
6497	9	376.6	376.15
8483	8	448.68	448.28
15781	18	418.9	414.8
7937	6	420.95	419.15
15438	18	326	297
15479	7	405	341
17470	11	364.29	358.59
896	15	446.05	443.1
10891	2	381.31	379.01
1866	18	399.9	377.4
19755	18	433.1	428.2
12503	9	410.08	391.73
16071	9	423	385
17430	4	377.38	375.03
12772	2	422.71	421.96
18807	18	375	279
12408	2	382.1	380.7
12503	12	391.73	388.68
3785	6	379.15	337.75
5158	9	405.7	405.1
1427	9	372.1	347
12109	4	379.8	378.75
1233	12	369.65	367.4
11779	3	409.3	408.65
1441	9	377.35	369.85
11178	12	339.05	335.75
6161	18	395	394.3
16042	7	418	360
2137	18	422.3	390
16055	2	416	414
16930	6	427.83	420.33
14614	2	422.64	422.24
7759	18	412.54	407.74
6586	18	473.5	472.3
1105	6	404.41	402.01
5125	18	384.57	372.97
6762	1	413.65	413.5
17010	15	426	224
1764	1	454.39	453.19
9537	3	426.8	426.3
11179	9	350.6	335.84
17561	2	445.48	444.88
6227	7	452.09	445.29
9328	3	455.7	455.2
19117	2	386.3	385.6
14032	12	378	350
14611	6	421.52	419.52
2910	1	422.35	421.95
17483	6	418.3	407.9
18716	18	335.95	332.45
14260	3	451.8	451.2
2910	6	421.95	418.55
10587	7	419.63	410.53
14180	9	374.68	373.59
18875	2	377.94	376.44
10406	3	420.8	420.3
17538	7	415.03	398.33
15930	39	347.2	346.9
11971	1	431.7	431.5
7531	4	414.04	412.94
8814	12	380.9	364.3
1445	18	494.29	444.09
7179	11	425.5	419
10924	4	350.3	349
19218	4	391.2	390
17011	15	369	185
16614	2	415.3	413.4
14039	35	349	329
19404	7	442.48	428.71
3877	9	387.55	377.15
1985	1	422.28	421.98
11981	2	388.73	383.23
16739	11	443.9	429.1
16888	6	406	403
16120	6	420.9	411.7
8584	9	376.7	360.7
1102	18	362.9	356.85
9005	6	425.5	425.2
14191	18	364.27	363.07
18965	6	409.41	403.41
5345	2	468.68	465.18
9738	7	426.7	425.1
121	5	417.5	414.9
19181	2	434.27	433.27
9391	4	371.54	368.94
4759	9	387.71	371.51
5955	2	416.8	414
4264	9	392.3	379.3
6250	9	403.54	400.74
5266	7	446.1	445.7
11694	9	369.02	355.82
8632	1	422.76	422.56
17541	6	376.52	356.92
13127	9	350.17	345.17
13299	18	410.26	407
17723	38	469.97	469.27
7038	3	385.86	385.16
6457	18	417.4	411
3977	9	380.11	357.11
1290	9	395.76	375
19677	2	389	387
3770	18	355.65	349.25
7508	1	421.12	420.92
16168	3	402.69	401.79
8704	3	404.34	403.69
3551	9	421.6	413.2
19457	6	416.8	408
2906	1	421.1	420.8
17812	10	363.2	357.95
9169	18	404.8	402.9
4994	9	420.2	417.15
13057	12	389.81	388.75
6857	2	378.26	374.46
19331	2	418.5	418.35
10642	2	407.4	405.9
961	9	354.9	348.4
13884	18	369	269
7697	9	398.5	391.7
19195	1	416	415.5
14688	9	359.26	354.36
17747	7	429.03	427.63
11156	9	350.25	346.4
7058	7	411	405.1
16253	6	400.7	368.6
3421	9	408.38	406.48
5642	7	462.5	459
941	5	371.04	368.74
16854	18	469	271
12605	1	420.18	419.68
5754	1	413.56	413.31
16106	9	395.11	383.51
5450	9	377.7	376.95
121	1	418.7	417.5
8119	9	396.48	389.58
6951	9	393.81	374.81
12189	9	443.9	439.5
15474	9	340	330
17325	15	435.76	434.36
2341	9	388.43	382.83
16922	9	412	362
18983	7	462.1	456.7
16866	15	345.65	344.35
816	9	365.25	364.05
2157	7	415.97	405.17
12362	6	396.7	393.2
9697	2	455.19	453.69
16312	3	417.2	415.2
5162	9	410.2	404.4
14484	18	394.5	388
1263	9	441.15	409.5
16166	9	391.93	384.63
437	1	393.75	392.95
17275	8	443.4	443.25
942	18	298	282
10671	1	426.1	425.8
13925	4	380.3	375
19	7	397.96	392.21
17844	3	373.1	371.6
2291	2	408.77	408.27
19230	7	427	345
6957	9	381.7	374.8
19009	4	374.28	371.78
12787	3	420.45	419.15
15602	6	397.44	387.54
18962	6	466.2	464.9
15885	9	384	350
14554	6	413.68	411.63
16765	18	316.77	283.64
19634	9	385.7	367.15
3256	3	428.69	427.49
4009	18	444.5	432.5
1609	9	379.39	376.94
7276	1	447.6	447.3
17346	2	386.87	385.72
2801	6	426.93	425.08
12498	7	427	419.6
10171	12	351.7	326.8
19697	2	388.04	385.34
2017	3	427.05	426.15
16827	7	401.8	347.8
13956	4	375.82	373.92
336	18	426.81	420.01
15705	6	385.87	379.77
208	1	333.63	333.38
8489	6	419.69	417.69
17471	3	411	409
12236	6	427.8	423
19681	1	388	387.6
15530	18	322	130
284	7	416.72	410.12
3539	6	388.8	374.9
17124	2	421.3	420.9
15826	18	432	320
17509	2	418.12	417.52
13950	9	413.7	408.6
15590	3	422.5	422.1
5016	18	392.41	389.41
8110	9	414.7	409.4
318	9	335.63	314.07
15053	9	393	371
1666	9	383.75	383.15
5029	9	412.85	385.85
17502	9	426.21	421.31
10156	18	420.2	418.9
12367	6	398.17	393.77
12103	6	401.08	397.63
3666	5	372.8	364.5
13508	7	409	397
18875	6	373.74	370.94
12087	1	401.6	401.15
1304	14	378	358
11822	9	396.76	395.26
19412	2	479.5	478.9
15267	6	354.5	337.5
503	39	420.6	417.5
6531	18	450.52	446.12
2040	9	378.61	372.26
15721	7	419.5	396
11966	9	399.48	382.33
19337	9	443.8	428.8
4146	9	377.52	370.22
19681	2	387.6	384.8
5070	9	408.6	374.9
3279	4	388.43	384.78
17324	1	415.7	414.5
8441	9	376.7	376.55
17560	15	446.21	443.01
12262	9	388.4	383
10113	1	428.3	427.8
43	18	375.75	372.2
18970	4	382.3	381.2
9058	9	389.25	389.25
19298	4	368.25	363.45
12213	18	429.3	422.4
15137	2	419.15	418.15
14016	6	399	367
19778	7	382.19	379.19
11001	1	426.3	426
12966	18	441	375
18947	3	426.62	424.42
15201	9	383.49	380.79
15009	9	370	332
15209	9	382.12	368.92
3896	18	421.46	418.06
1684	38	412.26	410.76
10785	7	436.4	434.1
402	15	422.01	406.16
16564	3	416.8	416
1841	6	421.78	410.28
18970	2	386.8	383.5
14997	9	400	368
13512	7	404.3	395.3
19766	9	453.27	445.72
7966	5	427.28	426.48
16692	12	323	307
18965	2	409.91	409.41
13857	18	420	324
2006	7	408.1	405.9
19299	9	359.4	355.4
16272	7	392.01	390.61
5753	7	396.37	388.57
9068	12	424.05	423.4
11562	3	416.75	415.15
12412	1	382.42	381.92
10516	2	417.9	417.4
19778	9	379.19	356.19
12796	7	447.5	442.1
15031	18	376	238
18808	18	292	68
17507	2	418.2	417.7
19159	2	381.12	380.22
6786	6	421.65	419.55
1418	1	382.59	382.29
19748	7	458.73	446.53
14507	9	388.6	385.7
19454	6	420.7	412.6
19268	7	451	441
14432	7	409.92	409.02
16645	7	402	398
17470	12	358.59	356.89
5849	1	427	426.7
7172	1	421.4	421.1
15899	7	422	410
5599	3	411.7	411.2
17323	7	410.14	404.74
12714	9	407	374
19517	3	382.8	382.3
1332	7	423.3	382.8
11184	9	350.28	335.88
12516	18	412.72	410.62
531	4	372.04	368.07
17073	6	420.3	416.85
155	18	361.08	359.48
7677	9	389.12	376.17
5143	18	411.4	410
10402	7	413.5	401.3
17345	1	387.11	386.86
19350	6	423	420.2
8234	9	369	351.5
17874	6	414.6	411.6
17006	7	399.57	398.57
15740	7	371.1	368.6
8511	7	420.5	419.9
7205	2	429.42	383.22
15367	1	416.15	416.05
16985	4	348.93	345.33
12364	6	398.3	393.7
19528	1	385.4	385.25
19273	4	375.8	372
10176	7	411.6	393.6
6476	9	358.34	350.19
5222	2	414.69	412.59
12252	2	428.7	425.2
603	12	425.88	421.68
677	1	376.12	373.62
12680	3	411.81	411.01
17897	12	311.9	301.9
12972	18	430	328
8538	9	375.3	371.3
12251	5	428.5	425.8
19301	4	366.62	363.82
14612	1	422.8	422.6
2634	18	435.91	430.91
13472	9	565.6	548.1
3044	6	416.14	415.24
13893	18	396	226
11316	7	424.33	423.38
4142	2	382.87	380.72
17455	6	378.43	370.83
13909	9	428.08	424.08
17322	1	414.5	414.2
5466	2	393.8	391.8
3270	9	390.2	349.8
13852	18	350	182
3741	9	419.54	409.14
9558	1	411	410.8
3070	9	367.09	364.74
6396	9	355.12	349.42
9734	18	345.14	344.64
17290	6	406	352
10154	18	414	412.8
19193	9	445.4	440.4
15275	18	366	296
6251	9	402.52	400.67
12150	18	346.5	343.25
16890	9	397.4	395.9
6940	9	380.08	375.88
13189	9	408	374
19426	6	419.5	415.7
16299	6	402.67	384.17
15367	7	406.55	402.15
18880	2	377.91	375.41
19612	6	377.1	371.1
10509	9	374.65	361.25
15214	6	384.98	382.48
15656	3	410.14	408.94
13432	7	395.35	387.95
10773	3	406.45	404.25
11292	4	403.1	401.7
5015	7	396.57	391.17
17548	2	385.15	382.65
13781	9	400	372
8915	1	437.6	437.3
1252	9	401.78	388.28
7548	1	422.02	421.72
6079	9	386.55	369.85
10960	9	384.75	365.85
15639	6	376.55	369.45
1333	7	414.1	393.15
10296	3	420.68	419.08
7954	1	420.91	420.81
12822	18	389.97	389.97
19423	3	415.05	413.3
3738	9	417.34	410.04
15366	7	407.03	401.13
16440	6	403.3	400.7
14007	9	268	262
4458	7	449.2	448.3
1636	9	413.48	409.48
5386	3	414.97	414.27
18924	7	439.28	431.13
9410	6	407.85	398.05
12118	1	382.35	382
3018	12	390.6	378.84
3019	9	407.2	397.65
98	6	382.07	374.96
7774	9	368.54	353.74
18969	7	373.98	373.43
6266	9	381.59	377.59
10670	4	425.6	425.1
4735	2	470.4	469.4
116	12	344.3	343.2
2097	6	420.63	412.63
16658	12	370	342
17475	1	436.98	436.73
4478	9	394.26	381.06
1665	12	333.8	333.8
19486	5	378.7	377.1
8297	9	405.95	405.15
9535	7	446.9	437.05
16951	10	338.5	336.5
7107	9	421.36	409.46
16911	2	456	454
9319	9	423.7	422.2
1234	9	379.25	372.25
19430	1	418	417.8
10764	5	368.08	363.58
15516	18	362	231
5703	9	386.8	384
14751	1	400.96	400.76
2022	1	427.3	426.7
13493	18	379.5	127.5
11084	9	400.6	398.6
12571	1	399.2	398.85
11424	8	374.35	368.65
9646	18	371.15	370.9
1584	18	369.3	347.62
16813	18	362	201
13793	7	481	459
17134	5	403.87	403.77
1429	9	339.23	333.89
694	18	367.82	358.7
9701	3	461.85	461.05
598	4	372.35	367.9
14437	9	377.8	373
9012	9	348.35	345.15
1995	18	428.1	412
13695	9	411.23	409.53
8624	7	382.35	381.35
4425	38	395.2	394.8
3163	9	399.05	392.85
17335	6	415.5	400.7
3770	11	375.05	355.65
16267	12	356.8	350.3
4010	18	445.15	429.95
681	3	378.39	376.99
16843	9	411	382
15759	9	370.95	363.35
8633	1	419.47	419.27
14001	18	379.33	261.33
5918	18	438.9	438.7
19750	1	462.47	460.67
12848	3	410.2	409.7
14236	18	418.3	401.6
11718	6	432.9	431
17831	6	367.9	367.2
19756	12	441	438
19284	7	409.41	404.61
12950	12	367	351
14351	18	375.44	369.38
7512	9	389.22	383.92
15208	2	382.91	382.41
19742	1	392.1	391.8
4097	9	383.65	381
8821	9	388.53	386.13
12572	2	390.7	389.35
12412	9	377.52	336.42
8630	2	419.01	418.51
17521	3	438.5	436.2
11417	6	414.5	410.6
17281	12	348	314
7828	9	420.68	416.48
10121	2	379.3	366.5
253	12	349.5	332.4
7453	7	428.2	425.35
12676	15	416.9	415.9
4149	9	394.06	386.06
9600	9	430.84	427.64
19192	1	451	450.8
16652	7	431	425
20	3	385.85	384.75
339	18	430.6	421.9
941	12	341.94	338.84
14837	9	392.27	376.97
19742	7	390.2	387.8
814	9	368.4	359.8
15607	1	385.76	385.26
19763	11	447.43	442.43
10888	9	373.74	370.74
7279	7	470.4	468.7
3506	2	438	437.4
9789	9	412.05	389.85
12242	2	427.5	426
19517	9	380.85	371.55
10427	9	373.6	372.8
17544	9	352.45	348.85
16151	7	400.61	398.21
158	12	366.52	363.02
12090	2	402	401.2
16702	18	399.6	397.5
2132	18	433.1	420.8
19755	6	465.1	460.7
14100	9	394.6	386
16520	9	423.1	417.2
10586	6	401.29	400.69
17117	2	433.9	432.7
9696	18	445.91	445.71
2072	3	430.9	430.5
12470	18	392.89	392.7
19162	9	378.8	372.8
16642	9	399	389
1297	18	373.96	370.96
12087	4	401.15	399.8
17428	8	448.43	445.13
18730	0	-200.16	-233.66
19053	3	425.1	423.6
7207	6	362	343.2
19767	7	461.74	452.04
2605	18	376.17	367.32
13499	4	512.66	511.16
4102	9	382.05	374.45
4244	18	420.06	412.46
5945	9	364.33	356.58
686	6	373.22	367.57
9784	2	422.41	421.01
10526	6	425.86	424.36
14368	12	374.8	366.65
5948	9	364.71	360.61
11802	3	360.3	359
11163	6	439.2	428.8
4840	18	420.4	415.3
7086	9	413.17	404.37
6665	9	411.21	402.11
10143	18	424	413.8
5256	7	404.84	401.24
16086	18	368	122
14244	6	400.7	398.9
5112	6	391.29	373.39
13862	18	350	253
7998	4	369.9	367.1
7965	5	427.87	427.27
15530	9	360	322
19156	6	399.43	392.23
7391	2	420.1	417.9
17826	2	373.2	371.4
12773	7	418.79	391.34
17830	4	369.8	366.6
14931	35	420.25	407.25
14786	6	419.8	416.1
11403	7	401.62	399.52
16550	9	400.7	393.3
19134	6	420.9	418.7
17705	38	426	424.8
8281	12	360.75	359.45
17186	1	378	377.5
16735	11	431.6	430.4
15604	6	395.6	395.2
2254	18	486.6	481.6
12269	9	378.75	365.45
2901	9	407.99	399.09
7509	9	366.66	348.86
3345	2	415.87	415.17
16566	6	415	398.1
14021	18	387	343
3114	1	422.16	421.76
12796	8	418.95	413.8
16317	2	407.8	407.4
12461	9	346.25	333.25
7071	18	353.95	348
248	18	327.5	326.15
7991	9	409.78	398.98
15656	1	410.94	410.74
44	12	365.15	361
7269	6	421.4	420.7
6857	9	370.66	363.26
11502	9	363.25	362.15
14055	1	415	414.7
14243	2	402.4	401.3
12565	18	397.4	390
14174	18	373.85	372.5
8741	3	426	425.1
7676	2	437.9	437.15
10739	7	449.8	448.4
3666	6	364.5	356.8
14549	18	407.82	401.67
15043	9	374	358
14438	6	414.9	408.3
19550	1	418.4	418.15
17193	15	450.2	449.4
2742	7	379.6	373.65
5386	9	397.47	395.47
3267	11	356.1	348.2
4251	8	426.25	424.5
19766	2	466.17	465.47
3784	7	296.5	292.4
3004	18	417.99	415.89
12892	9	383.19	378.09
16826	9	410.14	352.14
7741	9	366.59	361.69
266	18	351.7	227.45
2650	2	412.33	409.23
1428	9	337.5	333.11
104	12	359.75	353
17543	4	379.92	377.22
5254	3	417.91	417.56
7937	7	419.15	417.15
5034	18	380.7	361.35
16384	9	412.76	408.56
16848	9	380	372
8056	2	426.9	426.4
8647	7	427.5	426.3
12562	3	429.03	428.43
354	9	349.15	344.1
19246	7	460.6	449.7
5343	9	451.71	445.11
205	7	402	372
2120	9	402.55	402.05
5139	18	409.3	366.4
12591	18	500.85	477.65
16071	12	385	379
16947	2	375.5	371.5
17499	7	433.52	428.12
15820	2	387.82	387.32
15857	18	429	295
19554	18	465.8	465.6
6858	6	416.35	400.75
15799	7	393	335
14573	2	470.43	470.13
16988	2	349.85	348.05
4291	9	417.5	414.4
8249	18	374.77	367.57
15774	18	417.1	415.1
10360	3	450.5	450
15220	9	331	329.65
14662	6	421.9	419.3
12005	9	388.1	386.7
10238	9	368.2	358.6
12948	9	397	367
19366	4	374.17	366.77
6397	14	436.01	435.51
17534	11	442.43	426.33
15274	18	402	313
15203	2	385.62	385.32
2448	4	354.5	351.5
16711	9	404.8	403.6
4127	18	443.85	441.55
17118	2	433.9	432.5
4568	18	405.5	399.5
10433	38	415.1	414.55
398	15	417.54	393.19
8488	6	418.79	416.59
19386	1	375.3	375
2977	6	427.68	424.48
19102	6	400.87	397.07
8971	4	395	394
14362	18	366	230
5917	18	439.5	438.92
15646	18	388.66	379.01
2493	38	429.95	429.4
16453	9	406.93	396.93
9392	14	369.34	365.54
19758	7	461.35	454.55
8351	9	366.08	366
15529	18	348	152
17553	15	403.55	401.3
16946	1	397.5	397
12496	18	430	344
18872	6	375.17	370.97
16964	1	402.1	401.5
12486	1	428.5	427.8
3770	1	421.25	421.1
11995	3	429.7	428.7
5153	9	416.6	394.8
7552	7	463.2	454.8
16756	35	363	359.95
10677	18	459.2	458.8
12877	18	440.33	429.23
7867	6	432.18	431.58
9558	7	406.4	382.5
14037	9	362	356
7393	7	419.19	407.39
10188	18	435	434.4
11052	1	447.9	447.6
7993	12	419.25	410.85
13882	18	389	304
17886	18	373.21	367.71
1687	7	393.9	392.7
16983	4	348.98	347.98
18949	7	420.74	415.14
16975	15	453	285
5027	9	433.35	387
17489	38	474.7	473.2
3425	6	398.14	384.64
1679	1	403.2	402.9
2564	1	392.81	392.51
6786	3	421.9	421.65
16860	1	414	411
10017	8	391.02	388.92
19738	9	407.5	406.9
5297	9	402.35	399.95
16429	4	382	374
3633	9	354.67	351.07
12792	6	421.39	413.29
19687	2	388.6	386.8
12957	18	371	312
3104	18	414.65	405.45
10402	2	421.3	420.8
17843	4	369.8	367.6
10590	6	421.49	420.09
1034	6	418.93	417.13
17452	3	383.77	379.77
5852	7	443.1	440.5
18844	1	396.4	396.2
17343	7	414.3	404.5
11561	6	413.21	410.71
10028	2	392.7	382.5
3273	1	448.1	447.6
7525	7	427.9	426.2
1570	18	372.66	371.96
4101	2	388.05	387.4
12840	7	417.9	413.5
10300	15	382.6	379.7
18945	7	440.1	439.4
19767	9	452.04	447.44
10141	12	377.78	374.98
15829	12	370	348
11294	6	404.5	403.2
19710	6	370.85	368
8632	3	422.36	421.86
606	12	421.15	420.25
19738	7	414.3	407.5
9389	1	422.2	421.1
12494	6	433.19	426.99
15037	7	420	410
6924	18	408.45	407.18
10247	9	365.2	362.9
6772	9	369.72	368.72
10017	6	406.92	398.62
15743	11	353.9	352.6
9388	2	406.5	404.6
13038	18	344	290
9965	12	383.25	383
18858	6	375.03	365.33
9958	7	462.2	459.8
12440	1	433.14	431.94
41	18	374.6	372.75
16827	18	326.8	323.8
10816	18	467.8	462.5
3872	1	406	404.8
9282	9	369.7	369.2
19180	18	431.01	429.61
16769	18	323.37	312.68
16848	18	372	170
19206	18	280.2	220.2
8634	1	420.65	420.45
3876	2	423.4	422.6
2157	38	420.17	419.42
4565	18	410.65	404.65
7938	6	421.34	419.14
8487	2	421.27	419.37
8654	9	376.04	366.84
1333	12	336	302.6
17054	10	378.6	376.5
1663	1	391.45	390.4
15866	7	417	377
5436	18	457	452.9
10843	9	332.1	331.25
2064	2	426.9	424.1
10642	1	407.6	407.4
9023	9	386.93	384.23
416	18	332.58	329.58
1090	9	391.83	389.63
11556	9	413.08	408.73
7698	9	399.55	394.2
13994	36	446	432
14617	18	332.08	331.13
5037	18	397.75	372.75
8626	2	386.2	382.9
15638	9	376.9	368.4
8656	9	372.14	360.14
10549	9	381.4	378
17735	38	423.1	421.3
13023	9	379.57	375.32
2162	3	428.7	427.4
9953	3	421.8	421.5
946	18	406.2	396.2
13321	2	388.23	385.88
11763	18	365.2	358.4
8497	6	426.2	425.1
1774	1	420.87	420.17
12521	18	349.8	348.3
5187	9	405.93	402.53
8970	4	396.2	395.3
8707	3	415.3	414.1
17446	2	381.95	381.55
5822	18	438.8	438.5
7974	9	420.5	415
6163	18	367.2	360.5
1576	4	384.7	379.95
5957	9	371.52	360.02
5584	18	415.3	413.8
17581	1	381.37	381.17
16991	18	346.1	343.5
10346	8	426.4	424.4
2649	2	411.17	408.97
295	1	469.9	467.9
9747	18	418.42	393.12
6777	18	398.3	393.4
319	18	314.18	312.78
9324	1	471	469
7940	6	421.69	419.89
13358	1	385.67	385.22
16168	1	403.79	403.69
9790	9	414	380.2
19312	7	428.3	425.4
18922	2	376.2	373.8
17108	2	390.5	381.8
1887	2	422.81	421.66
61	18	371.1	369.7
8430	7	427.4	425.7
746	18	370.35	361.85
19258	1	436.79	435.89
19152	6	398.2	385.9
17325	7	437.56	435.76
6702	2	427.32	425.82
827	2	378.05	375.25
14023	12	417	407
7820	1	422.52	422.12
6902	1	400.1	399.8
18725	2	430.1	428.9
2301	18	399.45	391.8
15834	9	322	304
18861	7	307.96	290.96
3742	9	408.19	403.79
12132	9	407	405.4
6600	7	394.3	384.2
16395	9	418.37	411.37
16339	18	339.3	338.2
1686	6	406.73	397.63
10761	18	366.71	364.41
7908	9	403.26	393.56
6277	2	399.08	397.08
7762	18	411.11	410.01
7987	9	404	394
10402	3	420.8	420.2
19453	7	394.48	380.48
10548	9	379.52	378.62
4047	9	389.2	384.9
7511	9	363.63	361.58
16541	7	412	404.4
6996	6	419.9	408.6
16870	6	408.11	406.11
10911	18	484.05	482.65
15263	18	262.2	260.2
5427	9	394.09	388.79
2223	6	380.3	379.7
13813	7	424	421.9
12521	9	388.8	349.8
3298	1	428.2	428
17582	1	427	426.7
15045	9	401	399
16876	3	431.36	430.36
5854	18	442.02	431.82
1765	2	450.35	448.05
5598	6	415.4	404.5
19298	7	363.45	360.2
17977	7	416	363
10015	18	344.55	338.05
6464	35	371.19	361.19
17296	3	413.96	411.96
7178	9	451.1	432.1
14646	11	363	340
9601	9	455.75	455.05
6276	38	399.3	399.2
3439	2	426.6	421.4
19117	4	384.6	381.7
14284	9	427.61	413.11
374	9	358.55	357.25
9850	18	486.4	483.9
19015	3	427.25	426.65
19746	2	401.4	399.9
15118	9	417.36	411.06
12685	9	394.41	393.11
16698	9	421.3	419.7
10296	1	420.98	420.68
10767	4	371	367.2
1132	9	365.3	352.8
9268	1	414.9	414.6
16682	9	406	394
16709	12	375.36	373.56
16739	7	457.8	443.9
5119	2	387.62	387.07
15657	1	409.33	409.13
5719	18	427.1	420.5
16614	7	398.2	396.9
1763	1	452.21	451.61
6771	12	374.47	348.47
12912	6	396.38	395.38
15469	9	380	370
2973	7	420.2	409.2
13895	7	419	391
2177	9	416.26	413.26
16163	9	381.97	364.17
271	18	346	340.9
13371	9	385.25	383.85
15884	9	388	354
9956	7	424.1	423.3
15453	12	370	328
3561	1	431	429.6
14384	6	415.9	415.5
18811	18	288	68
443	9	350.94	346.14
19158	2	380.94	380.39
12220	18	464.2	463.4
2098	7	414.07	412.57
9823	3	438.2	437.2
13841	9	430	400
8456	6	421.4	420.9
15217	6	383.49	382.89
90	6	389.09	379.59
12957	7	447	371
19115	11	368.32	367.52
1132	4	370.8	365.3
956	9	371.2	364.1
2845	9	381.7	375.2
6080	6	407.3	386.1
15222	4	335.9	333.2
19757	7	460.38	453.88
6569	9	397.6	397.2
4286	2	417.31	416.46
3425	9	384.64	363.14
237	12	342.25	321.6
2578	3	428.08	426.78
19036	7	438.7	431.9
17112	2	349.7	349.22
19009	6	371.78	371.48
17594	7	413.95	413.35
2375	9	403.2	397.2
16199	18	438.73	438.53
1928	18	427.12	419.92
19133	7	420	408.5
2622	1	405	404.5
17694	9	392	368.6
15711	9	404	388
4601	18	346.2	339.7
14331	18	411.5	404.4
18993	1	474.5	472.8
8369	4	380.8	376.8
5957	7	373.67	371.52
19722	3	418	416
11527	2	419.3	418.85
17413	6	372.24	370.99
7021	9	405.71	403.51
16698	6	425.1	424.3
750	1	420.41	419.81
13125	9	350.25	344.45
854	9	364.95	364.05
5056	6	410.53	407.23
8989	9	410.43	409.43
665	12	351.85	337.8
8584	7	394.8	376.7
13321	9	382.73	370.23
252	12	350	332
415	9	353.25	346.25
4599	1	402.4	401.8
18806	7	423	403
3432	18	447.3	445.8
12309	38	376.58	374.58
5117	6	395.92	379.32
13516	1	398.8	392.8
17294	9	394.18	392.18
16868	2	422.7	422.2
17737	7	455.5	443.7
11920	37	437.8	437
16056	12	357	331
19025	2	421.3	421.1
3036	4	426.8	426.4
18840	18	468	444
19686	1	387	386.65
16927	9	427	391
12352	9	366.11	355.71
5542	6	373.26	368.26
15907	18	462	192
16937	7	425	411
18722	7	364.65	362.5
19302	2	365.75	363.55
16985	1	349.43	349.23
13855	7	421.3	396.3
15054	18	430.08	426.98
19062	2	433.17	426.67
17559	15	444.02	431.22
3483	1	406.7	406.4
18849	7	378	372
243	12	345.3	318.3
10678	1	461.5	461.3
14383	6	412.3	409.7
18912	2	476.1	475.8
12518	6	421.6	411.2
3267	6	410.9	410
1007	18	365.65	359.5
3998	2	378.83	376.58
3278	7	391.99	384.59
8913	4	421	419.4
17871	9	428	398.5
17724	1	467.67	467.47
686	1	376.27	374.92
2453	12	423.95	413.65
16924	18	313	215
19059	6	413.09	411.99
19735	1	416.7	416.1
10891	4	379.01	375.21
11307	8	430.7	430.1
1393	6	426.66	421.06
19118	2	387	385.7
9617	9	384.11	382.81
741	9	395.04	391.74
19694	2	389.15	386.15
17692	38	416.38	414.58
10409	18	427	424.75
19302	9	356.75	350.75
13949	9	411.9	410.7
16949	9	331.86	308.36
16042	18	360	253
471	9	406.6	385.9
4756	18	355.6	353.15
2012	18	402.35	363.4
16073	18	413	202
17694	7	402.8	392
890	9	354.23	343.2
14880	9	397.45	395
9224	9	374.63	363.13
6988	18	418.3	416.6
16156	3	392.1	390.8
11153	1	388.8	388.1
10305	1	448.9	448.7
5516	9	401.87	391.87
12239	2	428.6	427.3
4071	18	436.5	423.4
1332	6	424.37	423.3
11765	2	383.8	383
7783	18	459.1	458
936	6	370.85	362.95
11668	6	369.7	367.5
4126	9	453.7	445.1
2542	9	416.71	414.81
10891	9	375.21	371.31
8765	6	420.4	419.4
14503	9	388.01	387.81
7763	18	415.98	414.58
19317	1	430.6	430
9627	9	375.35	371.85
11824	9	401.45	399.65
18839	7	427	423
14354	18	345	303
10526	2	429.26	428.06
3910	18	442.2	426.25
12676	7	417.3	416.9
9245	9	393.2	391.5
2535	9	391.8	371.8
14409	6	376.77	373.27
8165	1	428	426
2851	4	389.3	388.4
5230	18	340.2	333.2
92	6	398.9	390.75
925	9	388.75	379.9
7956	1	420.42	420.02
18992	7	468.1	466.1
7910	12	362.05	355.85
17295	2	414.91	413.51
8341	9	420.74	415
19485	5	379.4	377.3
7938	7	419.14	416.94
16827	1	425.8	425.3
12462	18	335.08	330.78
6207	6	409.38	395.48
15936	39	347.38	346.88
10297	18	382	325
17571	8	362.7	361.3
8174	18	443	436.5
2493	6	428.15	426.55
15243	9	339	317
9020	18	406.55	402.75
10854	18	384.06	383.46
18966	9	375.43	373.43
19415	3	403.61	401.71
1653	18	366.68	363.23
9621	2	410.1	409.2
2300	12	407.62	398.12
12818	12	387.36	387.06
18771	18	452.9	202.9
14467	2	428.1	426.4
7025	9	397.07	396.07
246	12	348.3	338.25
19053	18	423.6	420.7
5735	7	425.8	425.3
5146	18	348.4	345.6
17330	6	415.75	411.2
14432	6	422.22	409.92
14834	7	403.63	402.43
15205	2	386.32	383.12
1679	7	400.55	388.2
17712	1	412.6	412.15
3364	2	418.23	415.63
14365	9	381.59	374.69
7549	7	415.6	410.05
12071	9	450.9	444.8
13924	6	397.1	385.7
14968	15	390.7	389.4
19480	7	433.51	430.7
17586	2	380.1	378.6
303	9	380.97	375.87
10547	4	372.75	371.45
3677	1	418.92	418.62
19557	1	418.14	417.79
4252	1	430.3	429.8
16260	18	434.5	427.8
9936	7	408.45	402.65
727	18	442.13	437.83
17351	12	385	343
13724	18	356.61	353
7716	9	362.27	360.37
12922	6	422.4	421.6
17702	18	440.73	438.03
16915	12	361	333
9879	6	417.4	413.4
17866	1	385.96	385.46
2981	1	427.64	427.24
10153	18	419.8	418.2
18934	7	408.6	403.4
2968	9	364.85	358.2
10771	1	413.3	413
999	18	346.79	344.89
663	9	366.4	357.95
12956	7	420	364
3001	18	417.39	414.89
284	6	419.32	416.72
19060	12	410.69	402.99
15799	12	301	277
8405	18	397.95	380.05
15290	9	406	376
13168	9	379.1	372.1
2522	6	462.9	455.7
16850	2	429	421
10757	18	407.51	403.51
15471	18	371	205
15878	9	413	367
2970	12	336.3	334.8
12359	1	394.91	394.41
444	9	358.12	346.42
17065	7	418.8	407.75
3876	1	423.7	423.4
17440	3	382.59	381.14
14930	35	400.05	394.55
15503	7	403	349
9936	6	418.65	408.45
14763	18	420.57	418.57
17102	6	419.2	416.4
17126	3	421.2	420.3
12371	6	396.84	382.34
9823	6	437.2	436.2
1436	18	333.37	321.89
6892	18	395.7	395
5591	9	380.2	376.8
89	6	404.52	397.67
19111	3	389.6	388.8
13503	1	431	430.4
7182	2	436.8	427.3
11562	6	411.2	408.75
4641	1	432	431.7
10387	18	387.48	381.08
942	7	314.1	298
3291	6	398.8	398.5
18828	2	398.35	397.15
2255	1	494.69	494.19
19050	2	415.6	414.8
12229	1	430.1	429.4
798	12	405.7	405.15
3653	3	462.4	461.7
4227	4	418.65	416.75
2914	6	414.98	414.33
1107	9	399.69	393.44
10600	18	429.73	330.03
4025	9	385.39	368.79
16651	18	449	305
19591	7	420.37	413.57
2119	9	404.13	399.68
2010	7	412.45	410.2
18962	7	464.9	456.7
15884	18	312	228
19777	12	352.22	351.22
10915	7	417.57	402.87
12638	3	423.67	422.57
12784	7	418.57	402.77
17074	6	420.2	416.4
1094	9	407.94	400.39
19108	4	388.3	386.1
3224	9	387.25	385
9935	7	386.4	384.9
11823	9	396.64	395.44
7606	12	385.33	381.03
6866	38	429.98	429.18
6992	18	429.57	428.77
4252	3	429.8	428.3
2625	12	389.2	380.5
1336	4	377.65	375.85
4442	18	453.1	452.4
5204	9	373.09	364.39
18877	2	377.93	376.63
19435	2	418.4	417.65
5012	9	363.04	357.84
943	2	374.22	371.12
3481	4	388.74	383.64
16070	18	456	212
17712	18	411.05	409.8
5069	6	369.8	368.9
19226	6	427	419
3948	18	372.72	370.82
16257	18	372.99	366.14
14641	18	347	269
16044	7	418	354
16724	9	408	354
3557	7	419.24	407.14
17707	3	420.3	419.4
15763	9	375.28	362.28
12367	2	401.47	400.77
5614	18	472.69	472.39
19055	2	384.97	384.37
15196	7	385.05	382.95
10540	18	367	361.6
17702	7	442.93	441.63
12606	3	419.61	419.01
8826	1	438	437.7
14682	2	357.81	370.91
14103	9	404.3	390.8
16569	9	387.1	386.9
1761	14	441.8	440.1
3291	3	399.8	398.8
16970	11	391	377
4224	6	419.35	415.85
19405	3	445.1	444.15
15221	9	329.2	328.7
6649	9	422.6	421.3
10586	4	402.49	401.29
8820	10	373.5	372.5
2014	1	418	417.4
7141	9	384.1	380
11568	6	407.92	405.75
19780	2	412.19	409.19
15903	18	350	180
5033	18	383.6	372.7
19336	7	456.57	444.07
17295	3	413.51	412.61
5441	6	416.06	407.06
12914	6	398.63	396.43
10968	9	425.84	420.24
12796	8	442.1	423.6
17575	2	374.29	371.09
3622	9	320.14	314.64
2341	6	396.88	389.18
3066	9	344.31	333.51
3957	9	367.64	362.14
15865	7	435	431
13503	2	430.4	429.5
15224	6	341.4	328.7
18949	1	421.04	420.94
17705	7	423.8	417.9
10880	18	449.55	448.35
13318	9	384.18	369
3506	7	437.4	434.5
2397	18	383.39	373.69
9412	7	409.47	407.67
16917	7	431	409
11247	9	392.6	389
2385	2	427.24	426.39
12319	6	370.6	368.7
6298	4	378.11	376.86
5886	36	429.31	424.31
12505	6	376.72	374.92
14525	1	422.72	422.32
4361	6	416.37	405.27
15284	12	316	204
14754	7	398.26	381.16
8381	18	420	418.3
12369	7	391.53	390.13
945	9	341.71	325.61
12435	18	346.8	346.6
12230	6	423	419.4
17694	2	414.5	413.1
17714	18	409.4	408.2
5069	3	370.3	369.8
2363	6	426.74	417.99
7937	3	421.95	420.95
6833	18	371.81	371.51
17448	4	378.11	374.01
16966	15	367	111
3233	18	323.9	323.61
1856	18	408.15	406.5
2131	9	444.4	422.9
17425	7	454.9	445.3
19717	2	375.5	374.35
19728	1	414.22	413.42
5488	7	461.5	460.4
11972	3	432.15	429.85
1864	12	395.07	371.07
4144	2	380.14	376.34
4044	18	385.5	383.69
13078	6	403.26	385.46
2306	18	408.1	404.06
12085	1	403.7	403.4
17571	6	375.7	371.45
14830	38	423.99	423.19
17830	6	366.6	366.2
19672	2	387	384.9
5120	7	375.55	366.2
15846	12	369	331
391	9	363.15	358.85
5592	6	406.4	394.7
8013	7	407.14	391.94
17348	2	386.93	385.1
2438	11	345.4	326.6
9441	7	395.1	378.2
2579	1	427.91	427.56
502	39	420.6	420.1
7088	9	411.34	403.64
3955	6	419.27	418.37
6792	12	390.58	389.58
3361	18	427.24	424.59
2664	7	420	417.9
17469	1	368.89	365.64
19372	2	402.6	401.6
15812	12	383	369
18738	18	365	163
16918	2	419	417
14062	18	447	265
16079	6	430	412
15491	9	410	378
15345	3	432	430
19031	9	432	424.1
1600	1	397.2	395.5
7676	7	437.15	435.65
9901	18	488.47	479.1
17883	2	415.3	409.8
1791	1	398.19	397.54
6996	7	417.4	408.6
4577	18	435.34	429.14
14355	18	361	274
19609	3	411.65	410.1
1773	1	420	419.3
9375	18	406.35	399.25
14275	9	404.1	399.9
10596	18	436.47	320.07
442	18	347.3	346.25
8214	18	422.45	421.25
16512	7	430.9	422.4
19362	2	443.92	442.42
15270	18	432	285
19060	2	417.99	417.49
2075	3	435.3	433.6
11256	6	370.12	362.12
11422	6	469.8	469.2
15213	9	382.78	368.98
11678	6	399.97	398.67
2897	6	402.24	400.39
9047	7	446.47	442.47
16914	18	405	204
16428	18	434	242
18953	7	420.39	408.29
12499	2	410.75	408.35
15865	38	437	435
19636	9	388.7	367
14446	18	424.7	422
13920	6	397.6	392.8
7865	2	421.96	420.46
10893	6	368.8	364.8
3230	9	434.33	429.33
2003	1	407	406.75
16414	6	394.36	391.06
13512	1	420	419.5
10525	3	426.76	425.56
19436	7	402.4	394.35
15053	12	371	353
12480	5	422	421.25
15925	18	488.4	370.4
14247	7	412.66	408.86
1387	18	414.32	411.72
16736	12	422.4	421.9
13784	18	428	298
11548	18	450	322
3383	38	417.7	416.1
1587	18	402.02	397.22
19705	2	402.6	401.1
18991	3	468	466.7
19757	1	466.88	464.38
12788	1	420.72	420.52
7361	9	393.3	388.8
3926	9	392.65	387.65
12262	7	392.6	388.4
8498	1	428.55	426.65
15840	18	403	307
19159	1	381.22	381.12
4254	7	422.9	379
14066	9	414	388
19485	6	377.3	368.6
11598	9	382.1	361.5
15485	9	441	413
16155	7	389.3	386.5
2821	9	378.05	360.05
5585	18	414.99	414.09
8088	2	390	368.9
15006	18	369	265
1770	6	421	412
5534	18	406.09	399.9
16274	9	413.65	408.75
17548	6	377.05	352.05
2824	12	348.15	346.15
19634	3	390	385.7
6959	9	380.16	371.26
10854	12	387.21	384.06
8839	9	443.31	440.55
11706	9	342	329
13936	6	421.9	410.7
13361	9	381.39	380.79
5723	18	414.72	406.92
2977	3	428.08	427.68
1994	18	443.63	418.13
15024	18	372	209
17881	6	414.89	408.89
16563	1	414.9	414.55
15163	9	373.4	371.5
9345	9	417.33	416.73
7130	15	445.9	445
12529	18	438.26	429.96
15441	18	325	215
19093	9	419.27	413.37
15601	7	394.41	393.41
3937	9	379.05	376.35
15515	18	387	257
7357	15	365.4	363.3
12319	3	379.3	377.4
15079	18	473.2	470
11213	1	368	367.1
17489	18	473.2	470.1
11294	4	405.7	404.5
5442	3	420.49	419.39
4365	6	417.73	412.63
17193	38	450.9	450.2
13479	18	548.7	539.7
19266	7	428	400
14309	18	438.8	429.6
113	7	394.46	383.68
19155	2	398.88	396.88
19064	2	432.82	426.47
10526	3	428.06	426.86
5226	9	352.3	351.25
17823	38	372.8	369.8
17552	6	418.39	417.54
15541	3	420.05	419.75
15500	18	369	277
15489	7	422	368
18954	7	418.97	409.07
2388	1	427.38	426.78
12142	18	345.55	341.5
16223	2	427.3	426.8
9671	1	422.5	422.2
12795	18	413.44	410.59
10405	6	420.5	417.4
3100	9	379.7	366.35
19522	2	422.4	421.3
13122	2	352.08	350.08
14020	18	388	258
19671	2	387	385.8
19660	1	375.62	375.32
757	9	371.56	360.96
17468	18	361.52	359.62
1466	12	388.6	383.25
16803	7	430	416
15314	3	429	427.6
11291	3	407.5	403.7
13211	2	386.1	382.6
17583	2	426.6	426
10668	4	425.3	424.3
16230	18	385.19	377.39
13844	18	429.02	328.02
19057	2	412.96	412.46
436	2	386.76	384.16
15298	7	402	368
6861	2	429.78	428.78
15763	4	381.93	375.28
18999	6	43.08	38.58
18943	2	444.5	443
13847	18	376.2	340.2
17546	4	380.54	376.14
8435	9	379.7	379
3548	18	423.34	417.09
4716	2	375.15	369.55
18936	2	416.07	412.97
19013	6	424.78	423.08
17754	18	413.35	412.3
2973	2	421.1	420.2
6285	9	391.3	390.9
16946	7	397	394.5
16926	7	416	396
19160	3	380.74	380.14
8216	18	422.45	422.35
14250	2	415.68	414.78
98	9	374.96	372.1
7181	2	438.6	421.2
16663	9	393.5	392.9
16910	18	357	275
7603	1	439.3	439
15940	2	349.19	347.19
17102	2	420.8	419.8
15491	18	352	232
15030	18	362	270
15780	12	434.4	427
2165	3	429.7	429.3
16951	7	386.5	338.5
7108	6	419.68	418.08
3289	3	400.5	399.4
233	9	344	341.6
19730	6	415.54	413.24
7046	18	436.3	431
12880	6	416.92	405.82
10176	6	418.6	411.6
14006	18	379.28	297.28
17479	1	437.09	436.79
3298	3	428	427.1
9049	7	444.32	437.12
12329	9	389.16	385.46
14030	7	440	422
11318	18	401.96	393.61
11414	3	414.8	412.4
19437	1	401.85	401.75
19432	1	398.21	397.21
122	9	386.87	373.37
19645	1	387.6	386.6
11041	9	389.6	388.5
1500	9	396.24	387.24
14502	9	389.47	388.67
19493	2	473	462
17529	7	445.8	439.8
14646	18	340	223
16025	2	461.7	461.2
19109	3	389.3	388.6
12242	1	428.2	427.5
15864	12	364	352
9242	18	417	415.2
17488	38	474.1	473.3
10785	1	437.7	437.5
14878	9	393.6	386.7
13458	18	578.9	530.15
6922	18	399.97	396.37
7001	1	420.66	419.56
6986	18	413.9	410.8
5366	7	413.5	403.25
7002	2	400.73	400.58
119	3	424.25	420.05
12914	6	396.43	394.83
19216	3	390.4	389.2
14172	18	381.59	378.04
13095	7	417	402.5
14554	3	413.78	413.68
17209	2	419.2	415.8
11532	6	419.9	415.3
19592	7	420.13	410.38
6920	18	405.74	401.09
9556	6	417.4	415.7
2056	1	428.1	427.7
9226	6	398.88	366.38
17740	7	455.2	441.8
12502	9	377.21	359.61
19097	7	429.25	418
12479	6	419.5	418.6
17466	7	386.2	371.3
251	12	348.1	329.5
14070	18	463	263
2110	9	374.7	371.7
4840	2	425.3	420.4
16713	2	413.6	412.8
17297	7	412.26	393.06
13796	18	336	166
2173	9	369.36	366.16
4169	18	367.37	358.27
15655	2	411.85	410.05
13511	7	411.6	401.3
7332	18	362.3	354.4
18786	9	380.65	373.85
949	18	410.16	400.16
3874	9	405.8	391.3
17453	3	382.31	379.21
3878	9	383.6	365.6
5898	18	429.5	427.7
10246	7	384	372.9
6787	6	421.58	419.18
7297	9	401.77	396.07
16421	1	457	456.4
16986	18	346.6	343.6
14884	9	387.7	387.2
11530	6	418.6	412.7
17539	7	415.01	399.81
12711	1	420.76	420.26
16856	7	379	367
17718	2	435.29	434.79
6870	7	405.04	399.74
10716	7	476.6	474.9
18990	18	460.7	454.8
19121	3	386.3	385.9
1455	12	393.2	387.9
17707	18	412.9	408.6
3249	9	382.82	374.82
2098	6	421.47	414.07
3652	18	460.91	460.31
13085	1	419.7	419.3
12842	38	421.5	421
12765	9	393.81	389.01
2169	7	438.6	436.9
12360	1	397.36	395.66
10969	12	346.07	338.22
1771	3	421.23	420.43
14214	18	373.6	365.8
16117	18	387.66	383.36
645	18	382.2	362.9
17454	4	378.88	373.98
5120	9	366.2	364.15
16843	12	382	378
14334	12	413.5	408.7
14743	18	371.6	370.5
10024	3	454.03	452.93
17548	9	347.65	344.15
1764	7	453.19	444.39
2224	9	394.4	383
10359	8	449.5	449
8834	9	387.23	385.83
4053	3	391	390.5
6993	2	408.73	407.83
13853	35	376	360
11476	3	382.15	379.95
2067	1	427.8	427.4
6806	1	457.9	457.5
234	18	335.25	332.95
4388	18	441.15	441.15
17079	2	421.2	420.45
17820	2	372.7	371.5
8846	18	427.65	426.35
4125	6	421.2	406.9
3540	6	428.9	399
3425	1	398.64	398.14
11278	6	421.1	417.7
15819	6	387.19	383.39
19548	1	418.1	417.85
17300	9	302	275
5025	18	395.05	376.85
10404	6	419.9	417.5
12878	1	411.3	411.2
6012	18	355.5	346.5
15903	6	424	410
12480	6	421.25	419.55
17430	2	378.78	377.63
17480	18	444.25	435.6
13157	9	399	363
3342	2	420.06	419.56
19616	2	387.25	370.25
8511	1	422.3	422
13511	1	420	419.5
3873	2	416.9	415.6
17296	1	414.96	413.96
1790	7	392.92	390.17
6952	9	394.5	387.8
1436	9	335.77	333.37
15511	18	378	139
13086	7	416.54	406.54
12411	9	376.89	336.39
264	18	347.83	345.83
19182	2	435.5	434.5
16432	7	391	375
941	9	351.04	341.94
3923	9	398.15	385.4
8970	3	397.6	396.2
9268	3	414.6	414.2
7394	6	425.58	419.18
12880	38	420.82	417.72
17066	1	427.95	427.75
8629	6	414.3	401.6
9003	4	424.7	423.7
13325	12	363.6	363.1
13309	9	369.2	363.15
16893	6	401.8	399.6
13099	2	381.36	380.16
17713	7	410.7	409.9
9162	9	368.67	366.37
19026	38	433.9	426.9
2071	1	430.1	428.8
7674	2	439.15	438.15
2017	6	426.15	423.75
12524	4	376.4	370.6
11317	7	419.02	414.82
19117	9	376.7	374.3
8233	12	352.1	344.6
3944	2	409.5	409.2
19735	7	414.7	406.7
14010	9	409	391
14849	18	408	406.6
9737	3	427.1	426.3
17503	8	426.01	423.81
7750	9	371.67	369.87
2102	12	374	349.45
1300	7	403.49	389.79
16421	2	456.4	454.9
12509	4	373.12	368.47
17520	1	439.8	439.4
7544	6	421.77	410.37
15772	18	448.2	433.5
7331	9	371.8	360.5
16697	6	475	465
1441	6	418.75	414.75
15771	12	444	442.9
15144	7	385	370
14111	2	402.25	401.8
4140	9	376.83	372.38
9132	7	423.2	422.8
6210	9	396.13	393.39
3270	7	410.7	390.2
17328	3	441.59	440.49
4585	18	418.78	412.78
14455	7	397.3	393.6
693	1	374.04	373.54
9785	6	421.18	412.38
19333	12	346.63	345.13
5546	12	361.7	350.85
19699	2	389.46	386.46
11672	7	418.56	416.06
3874	18	391.3	374.2
8532	6	427.3	425.8
7540	8	411.06	410.56
1657	7	416.52	408.22
1821	18	375.4	373.5
53	7	409.07	401.07
683	9	372	370.8
2174	9	371.92	368.62
2911	1	422.72	422.42
12074	18	448.4	444.6
6896	18	378.9	378.6
12608	3	420.08	419.38
17318	6	416.68	412.98
19239	7	467.7	459.7
63	18	375.2	374.9
2052	9	400.42	399.42
17285	2	378	375.8
93	9	389.2	388.35
1434	18	334.11	320.79
16581	9	370.4	369.6
8560	9	412.9	412
8405	9	410.85	397.95
451	6	417.93	409.43
826	12	360.5	357.62
18860	6	374.68	366.73
3786	18	381.5	380.45
2000	1	399.2	398.1
16080	18	352	158
2300	18	398.12	386.32
17531	11	435.41	419.51
679	6	373.35	364.45
15946	2	349.29	347.29
14991	6	424	418
17729	38	454.7	452.4
16638	7	390	302
17335	3	416.65	415.5
19452	1	422.66	422.06
4641	6	430.1	429.1
3215	9	421.5	420.5
15939	2	349.1	348.45
1389	9	427.14	423.84
1103	18	363.19	356.94
11779	6	407.2	406
12772	6	421.96	398.01
3939	18	443.2	441.1
17729	9	450.3	447.5
10011	8	322.4	318.6
2711	9	399.75	369.75
10892	6	365.8	359.6
3439	18	418.9	412.6
3876	9	395.3	377.7
16258	18	374.37	364.52
19174	6	411.85	403.7
17569	1	381.8	380.8
17531	2	440.01	438.51
7425	3	422	421
1689	6	407.15	403.7
17562	15	447.74	429.94
13434	7	413.3	413.15
3777	5	370.35	369.55
11818	18	391.69	375.69
11318	7	413.91	409.36
10886	4	376.99	374.29
13024	18	346	296
15006	12	371	369
546	12	348.27	344.2
7062	9	372	354.3
7453	9	425.35	416.9
17750	2	414	413
7050	18	447.9	443.2
16797	18	412	122
14321	2	432.5	431.9
4023	6	401.31	378.76
13782	9	425	375
14835	9	400.23	375.43
2911	7	418.72	418.32
4052	6	389.3	389
16119	9	398.3	354.3
19110	9	391.3	381.9
7529	6	409.41	404.01
1151	9	410.22	407.22
3265	1	418.5	418.2
9999	9	420.3	408.3
5109	12	362.1	339
17009	39	434	382
19668	2	386	384
2632	18	434.48	429.43
2159	6	416.32	412.67
3958	9	367.14	359.54
7350	9	393.61	381.61
955	18	362.8	357.1
16737	12	435	428.3
12132	1	419.4	419.3
1585	18	369.19	353.29
4007	18	441.7	428
19767	2	466.34	465.54
1034	7	417.13	389.13
15294	18	358	292
7170	4	420.8	420.6
19160	1	382.54	382.34
65	4	374.6	370.7
19645	2	386.6	383.1
19011	6	420.5	414.4
16420	2	460.5	458.45
12103	2	404.38	402.33
5632	12	394.6	393.5
17435	2	421.3	419.3
15630	12	366.5	363.3
10771	6	410.85	398.3
9970	18	405.7	403
17298	4	378.8	375.9
12411	4	379.29	376.89
39	12	374.95	369.5
10554	6	427.6	425.9
18991	18	460.4	454.8
17744	38	455.2	453.8
2557	9	388.04	383.84
2679	9	405.2	392
16572	9	417.5	416.4
4228	4	417.44	415.64
4226	4	419.89	417.19
17538	14	371.13	364.83
16070	2	462	461
16050	18	440	192
16692	7	363	335
19701	2	388.75	386.05
506	3	413.95	409.95
1772	3	421.96	420.96
12796	8	452.4	447.5
16615	38	414.9	413.8
12370	9	390.53	382.53
15327	2	382.7	381.9
17306	14	336.45	334.95
15569	18	427.8	422.7
156	1	381.43	380.53
936	2	375.25	374.55
7543	1	422.46	421.01
16649	7	417	399
3278	2	396.29	391.99
17513	7	443.1	438.3
14802	11	345.76	342.61
12572	9	388.15	386.35
899	18	395.64	390.84
18922	6	371.2	351.2
10026	2	397.43	395.43
14661	2	422.5	421.75
19287	6	414.97	410.87
12941	18	356	237
17838	6	366.5	365.5
2999	18	418.65	415.65
15485	18	413	235
7532	2	418.17	414.27
5114	9	369.02	365.02
7610	12	391.6	387
47	18	371.25	368.75
15656	2	410.74	410.14
19626	2	441.85	441
5783	9	428.3	420.7
18769	12	388	382
17707	38	421.1	420.3
2621	7	402.58	399.5
16473	7	398.8	397.9
7960	5	427.23	426.13
17329	9	412.2	406
7599	3	0	0
9813	9	453	451.8
17479	9	433.09	422.09
1334	7	397.14	389.04
101	7	368.2	367.2
3565	6	432.7	432.1
9697	7	453.69	444.99
1617	1	404.29	403.79
12510	4	371.68	369.73
15677	9	424.7	421.8
16697	7	465	449
5652	18	508.6	392.3
16115	18	389.2	384.5
9926	18	298.4	280.5
10888	4	377.24	373.74
1512	2	419.78	417.38
19239	2	469.7	467.7
17592	7	412.8	397.1
530	12	366.55	363.55
2039	6	425.48	424.68
15833	18	423	249
1761	1	450.8	450.15
643	6	422.69	415.44
8583	2	403.5	403.2
2194	38	422.24	421.74
11278	3	421.8	421.1
13460	9	518.7	485.1
15250	9	376	348
12805	1	401.79	401.59
605	18	415.43	401.33
15852	7	423	411
1340	4	378.33	376.48
9334	9	391.84	391.24
17490	18	466.4	463.2
15820	9	384.92	362.82
13157	12	363	357
5231	18	350.6	347
19394	4	384.4	381.1
17542	4	380.26	376.56
12770	9	380.12	378.87
4752	9	370.27	368.37
10716	3	476.9	476.6
10916	1	422.62	422.02
13986	9	346.59	342.39
14709	7	409.96	403.06
19758	6	464.55	461.35
16057	18	413	203
7606	18	381.03	378.23
740	2	405.45	402.55
203	7	364.5	358.5
17828	2	373.2	342.2
19118	3	385.7	383.4
4586	18	429.08	423.08
18875	4	376.44	373.74
13921	6	397.4	394.6
8586	7	414.15	405.25
19643	1	387.1	386.4
15013	7	428	414
10851	11	367.3	365.5
1863	7	471.7	469.35
5209	3	407.26	406.76
13495	35	403.85	393.2
8625	9	376.5	371.3
309	9	380	377.93
16893	1	402.2	401.8
19342	1	416	415.8
18764	7	414	360
11284	4	404.4	402.5
9709	39	393.6	393.1
16204	18	448.7	437.9
17709	7	451.85	443.15
19113	9	389.8	383.2
12838	2	421.59	420.49
19208	6	371.75	371
14248	7	416.62	409.42
17814	6	372.23	370.23
11678	4	403.37	399.97
15938	2	349.6	349
16712	2	414.7	414.5
7222	7	368.58	360.38
945	6	369.61	349.71
4351	18	381.54	380.04
19419	2	377	376.15
19616	9	370.25	356.25
6444	9	363.5	359.5
1498	18	420.66	420.66
8828	3	437.27	436.87
2068	6	425.9	425.2
12499	7	406.25	403.75
423	9	394.15	380.8
7207	2	373.6	371.6
13753	18	388.94	387.44
4320	9	373.62	365.12
19061	7	411.83	408.93
12106	14	368.22	367.82
19443	2	420.45	419.45
14242	2	404.5	402.5
16738	3	460.33	457.73
17504	2	394.5	393.4
15846	18	331	271
698	9	415.15	413.75
13084	9	413.11	370.11
15864	36	397	364
17540	2	419.95	419.55
17710	7	449.73	444.53
15060	6	414.9	411
16054	18	204	124
15368	2	415.8	415.2
11152	1	387.7	387
401	15	415.66	390.86
19257	7	436.33	433.23
12237	5	426.4	425
2005	4	407.8	406.7
19745	6	388.7	387.8
7234	9	418.7	417.4
4691	9	413.04	399.24
13189	18	358	108
17346	1	387.02	386.87
830	18	491.16	483.65
14760	18	421.4	419.7
17344	1	387.97	387.82
4108	1	419.85	419.55
10585	3	403.06	401.86
10693	3	402.4	401.4
7063	9	366.42	356.07
4251	7	424.5	420.65
1839	12	421.71	413.91
13513	1	401	400.5
19113	3	390.2	389.8
11155	9	359.9	346.6
12774	7	416.38	395.18
18981	3	391.1	390.8
18812	2	465.11	464.46
10211	9	396.6	371.4
17103	7	418.25	412.5
5386	1	413.57	413.47
7355	12	354.03	351.33
1511	7	415.64	412.14
2840	9	383.1	378.1
7942	2	414.35	410.05
13790	7	380	288
11075	18	394.15	389.85
5225	4	411.4	410.1
17703	38	441.49	440.89
1366	15	433.7	427.3
15632	9	391.58	388.78
3477	9	382.52	377.92
17312	15	410.3	402.6
5546	18	350.85	340.45
16945	3	387.89	384.09
2348	9	389.38	386.38
18848	9	343	339
16025	7	461.2	458.5
13820	18	376.45	375.05
15802	18	376	240
5255	6	411.9	406.1
1822	18	374.8	373.7
12840	2	421.5	421
834	18	490.8	484.6
5645	38	424.5	424.1
10705	3	407.65	404.75
10889	4	378.57	375.97
16963	9	390.2	386.4
14261	7	453.1	443.9
5675	1	435.99	435.64
19123	4	384.2	382.55
1006	9	371.93	361.03
19030	6	397.15	389.05
9013	18	418.55	415.85
18913	7	473.8	470.8
14617	9	346.68	332.08
19428	1	466.7	466.5
15478	12	370	318
19195	6	414.7	409.3
19218	2	392.5	391.2
18947	9	420.32	408.82
12104	1	394.79	394.44
2444	9	349	335.6
7990	9	409.88	398.98
18957	3	426.5	425.7
19458	2	436	435.35
1377	1	405.36	404.66
4101	6	386.75	382.95
8352	9	366.38	366
10698	3	405.1	402
15215	2	382.97	382.62
17312	7	412.2	410.3
19722	6	414.9	413.7
16400	9	412.76	410.76
6490	9	376.4	373.5
18812	7	450.91	449.11
37	18	388	388
40	12	372.5	363.4
13037	18	443	374
693	4	369.84	367.79
3036	1	428.4	427.9
3342	3	419.56	419.16
1306	12	363.5	344.5
4124	6	421.51	410.61
15261	18	380	283
14012	12	330	328
4904	4	424.4	423.4
10742	9	451.63	421.73
12175	18	420.8	414.1
13401	1	419	418.85
13431	18	392.25	388.55
19750	18	418.87	416.47
1279	9	384.94	368.64
17550	3	384.68	380.18
12108	4	376.5	373.1
7869	1	433.22	432.92
15280	7	374	236
19262	7	436.98	434.78
17410	38	375.05	372.05
17864	9	376	366
15280	2	376	374
9841	18	491.89	488.69
10542	18	386.89	336.89
16896	7	436.2	423.6
13894	6	395.3	390.4
14153	9	389.5	386
17728	18	455.15	449.15
16168	2	403.69	402.69
6039	18	381.38	380.18
14111	1	402.4	402.25
16958	1	399	397
2057	6	427.7	425.4
7159	7	420.4	419.8
17863	2	349.35	348.05
14637	18	344	320
4284	6	417.8	414.2
12712	18	344.5	341.5
12364	9	393.1	378.3
3277	7	391.46	383.16
5665	18	404.2	401.7
12140	18	345.7	341.5
19129	2	461.76	460.16
8154	9	443.3	442.6
18861	18	290.96	77.96
1685	6	409.84	400.34
17193	15	449.4	442.9
15778	18	420.5	419.47
9067	9	425.2	421.4
3128	9	386.3	384.5
9928	14	346.2	342.6
1334	7	422.84	397.14
5557	9	377.15	366.65
15382	2	388.05	385.85
9772	5	380.34	379.14
13318	2	386	385.15
13958	9	385.8	376.7
14525	3	422.32	421.92
11735	9	373.58	369.88
19665	2	386	384
5440	6	414.6	405.5
18833	4	360.4	345.9
5117	9	365.12	359.92
9177	2	402.8	402.4
18979	7	374.7	374.1
40	9	392.2	372.5
19486	3	379.3	378.7
8485	6	448.05	446.25
15443	18	353	195
16609	6	420.97	406.07
16192	6	417.2	415.7
19750	7	455.67	440.47
19633	3	388.5	385.4
6472	9	365.94	358.44
11363	9	412.69	407.39
7174	2	475.3	464.7
12306	6	374.19	357.99
15666	9	372.19	365.29
2062	1	428.1	427.7
12130	18	400.5	395.25
16743	1	437.1	436.3
19391	6	383.5	377.1
14834	2	409.83	409.13
7675	1	438.85	438.65
16759	18	350.9	350.15
821	1	374	372.9
15761	9	372.65	369.85
1455	9	398.4	393.2
1295	9	405.54	366.74
15222	1	336.4	335.9
19243	7	464.35	456.7
11165	1	435.1	434.3
15236	18	414	230
16659	9	399.76	396.86
11127	1	429.3	429
7853	18	386.8	384.8
17006	2	402.97	401.97
9843	18	487.86	485.46
17291	7	412.93	397.33
15495	18	432	290
9194	18	475.2	475.1
12506	9	374.18	367.88
3067	9	344.33	333.83
15598	38	402.8	402
10361	18	403	368
15804	2	392.4	391.6
676	2	376.97	372.97
6060	6	406.7	398.7
18924	18	431.13	429.38
19100	6	400.71	397.01
12473	18	392.8	388.4
543	9	372.4	364.12
3272	9	370.5	330.5
571	9	386.85	371.9
4112	7	360.28	359.48
5111	2	393.71	392.11
17010	7	434	430
12953	18	344	120
17334	7	443.6	435.8
12711	7	416.86	415.76
19104	7	398.29	394.89
12325	2	374.26	372.96
12335	2	380.95	379.15
16628	18	379.3	377.8
3610	2	385.4	384.35
12913	3	399.82	398.32
6713	9	352.59	347.09
11319	18	380	377
2734	9	398.16	393.66
13498	9	470.9	461
17017	7	470.7	466.5
7352	9	388.84	386.44
7446	7	420.95	413.3
12261	1	393	392.7
19101	1	402.12	401.92
10016	6	404.58	399.88
1148	9	369.45	362.5
6298	7	376.66	363.61
16565	1	417.7	417.55
9340	18	448.1	447.9
15506	18	316	298
8826	2	437.7	436.8
2233	39	390.15	380.85
6235	9	388.5	388.5
9176	2	403.2	402.3
19058	12	406.95	405.15
19241	8	460.65	457.65
19061	12	408.93	402.43
2437	18	342.15	337.45
536	38	408.78	406.28
4096	9	382.5	371.7
684	1	377.12	375.52
14311	2	418.9	418
19410	2	429.03	427.93
19049	9	410.6	409.9
4572	18	403.08	397.08
13849	18	419	319
9738	4	427	426.7
11531	2	413.55	413.05
1609	18	376.94	376.64
15013	18	378	198
750	7	413.91	413.41
17469	4	365.64	365.39
5512	9	410.69	406.39
16814	36	422	374
15669	9	368.68	363.68
6461	2	407.39	406.89
17438	2	421.4	420.4
5820	9	390.7	387.8
11302	2	379.06	377.66
9962	12	392.3	390
19754	18	438.2	433.9
2004	1	408.4	408.2
1332	1	425.1	424.37
8971	2	396.1	395
3935	7	382.22	379.62
16075	9	464	438
12074	9	451.5	448.4
19009	2	377.58	374.28
8770	18	347.7	330.5
11051	2	437.8	436.5
8802	9	390.3	389.4
5374	6	403.61	390.61
18983	1	464.2	464.1
2392	3	426.93	425.63
19182	3	434.5	433.5
16698	2	428.9	425.1
19631	18	421	254
14355	9	413	367
5574	6	373.09	366.99
19533	1	414.35	414.15
15382	7	385.85	382.95
1681	1	403.05	402.65
16058	18	332	242
13080	9	386.05	374.35
237	9	350.5	342.25
7519	1	423.86	423.56
3674	18	484.08	481.68
3044	6	419.34	416.14
10024	18	449.43	436.43
9049	8	444.72	444.32
9611	18	427.1	417.4
2022	3	426.7	425.2
16191	3	420	418.9
9612	18	425.05	418.45
1376	7	373.99	369.99
2566	6	417.76	416.31
17308	2	407	405
17196	3	449	447.2
2036	9	412.19	404.19
8356	9	417.4	416.7
15841	18	442	254
12674	1	413.3	412.3
8916	7	472.9	470.6
17812	7	402.3	391
8203	7	420.4	419.8
5598	2	416.5	415.8
17114	9	345	341
19427	6	463.6	463.1
12941	39	425	422
11971	3	431.1	428.8
6397	7	437.56	436.01
548	12	343.9	328.95
5753	1	417.57	417.37
4574	18	430.33	424.33
16224	2	427.4	426.2
862	12	367	364.2
7963	5	427.66	427.26
18769	18	382	303
14612	6	421.9	420
14247	6	418.16	415.96
5937	6	372.23	365.33
17538	2	425.93	425.53
9984	18	422.6	420
9610	18	430.1	423.2
13099	6	377.46	374.36
19447	7	420	416.3
456	9	386.92	382.51
2825	9	357.6	355.3
12700	9	427.3	425
19428	6	465.6	465.1
6391	9	380.1	377.3
10526	3	426.86	425.86
15615	9	413.67	412.57
19437	2	401.75	400.75
16151	3	411.21	400.61
17330	9	409.6	406.2
16186	9	415.76	370.76
7598	3	420.3	419.8
17896	7	426.4	412.4
16167	2	402.45	401
265	18	348.37	343.57
11183	9	351.45	336.65
5211	6	402.84	399.04
17726	18	456.25	450.65
14025	9	368	356
17566	7	389.12	388.37
3092	18	459.32	456.32
5715	18	437.8	430.8
15758	1	372.43	369.63
2010	39	412.8	412.45
19769	7	455.87	451.87
19479	2	435	434.25
13083	9	404.3	373.7
595	2	375.45	373.85
8614	9	383.5	371.8
17594	6	416.65	413.95
8389	2	419.8	418.4
10588	7	416.81	410.11
15863	18	292	76
1396	18	360.8	351.44
10403	3	420.8	420.1
9494	7	469.3	467.5
12243	5	426.4	425.7
13843	18	358.2	283.2
5083	18	477.2	474.9
3769	3	420.6	420.2
16753	1	437.6	436.9
11802	6	359	352.5
2070	6	427.8	426.1
17546	3	382.04	380.54
19409	7	427.84	425.74
986	9	405.25	401.6
16794	18	365	183
17456	4	380.18	377.18
3630	18	338.93	337.93
758	18	363.98	362.68
5257	2	419.98	419.28
16725	18	274.76	75.76
33	1	397.7	397.1
19131	7	457.86	453.96
17009	18	382	314
3623	18	316.95	313.65
18850	2	415.56	413.76
3877	7	419.15	387.55
12109	38	381.95	379.8
2072	3	431.4	430.9
19764	7	461.49	453.29
8532	1	429.1	428.6
17897	2	431.9	430.9
19233	12	371	351
19227	18	322	176
12786	1	419.54	418.24
2443	9	351.75	345.55
17704	6	445.36	444.46
17693	7	413.8	403.8
19410	7	427.93	426.03
390	9	360.9	356.6
1790	9	390.17	383.32
19329	6	418.2	416.4
890	39	356.33	354.23
13373	9	386.1	385.4
5404	9	390.22	377.52
4252	8	424.1	422.15
17462	7	372	308
16508	9	372	366
10673	7	423.9	422.5
17328	15	436.49	434.69
17073	38	421.35	420.3
14383	2	414.6	413.9
5596	3	411.9	411.2
17466	18	329.3	325.3
17897	9	421.9	366.9
536	35	406.28	400.68
11635	18	403.2	402.8
15364	6	411.87	405.27
15219	9	330.5	329.7
13893	9	406	396
19426	7	417	415.7
16440	9	396.2	389.8
687	1	382.25	381.95
1272	18	358.29	350.59
2022	7	425.2	423
19060	6	415.99	412.39
17720	7	432.45	427.15
19777	9	379.22	352.22
11671	5	369.5	365.2
16510	18	438.9	434
868	9	396.7	366.6
17127	38	419.6	419.1
10191	18	447.2	447.1
3482	9	382.9	372.4
15542	6	418.25	409.6
12244	2	427.1	425
11670	9	350.4	349.35
19306	1	430.65	429.9
16554	9	404.1	398.9
17543	6	377.22	354.92
4757	4	373.71	370.81
3322	1	423.46	423.16
9566	18	439.45	431.5
1566	9	392.38	384.25
18850	1	415.76	415.56
15039	2	386	384
16540	2	412.45	410.85
19350	1	423.2	423
15679	9	424	420.2
12790	2	421	420.3
7813	1	425	424.7
15837	7	451.5	436
14555	3	412.05	410.15
1099	18	368.01	361.71
8471	9	447.58	441.58
19705	6	401.1	396.6
3099	9	386.67	375.47
19238	7	420	332
17104	7	418.21	412.51
5416	1	428.19	427.99
12267	7	377.4	364.15
298	4	383.01	374.86
13881	18	389	292
10970	9	351.41	341.51
18926	6	421.8	419.2
5661	9	411.25	406.85
2140	18	430.7	415.2
14992	1	425.31	425.01
14710	7	408.84	402.44
19674	2	389	387
14819	35	410.63	409.63
3424	9	383.04	378.14
16981	4	351.02	348.97
1983	7	421	412.25
7961	5	427.97	426.97
821	9	350	344
18950	3	430.75	429.35
19172	9	380.5	370.3
2448	6	351.5	349
13996	18	383	317
17192	2	461.2	460
12414	9	369	367.69
11868	1	426.5	425.9
17187	2	375.95	373.7
2233	9	370.55	354.95
2168	1	435.9	435.5
4602	18	357.22	351.32
15090	18	444.2	442.4
11666	7	366.75	355.65
9537	1	427.1	426.8
232	12	349.8	348.7
7222	9	360.38	357.58
5255	3	413.3	411.9
1757	9	390.15	364.55
12795	3	414.84	413.44
15200	9	383.59	380.79
7370	9	376.2	371
4227	2	418.95	418.65
9022	18	389.81	375.91
19551	18	459	458.6
17109	9	370	363.7
6078	9	395.18	370.23
11968	9	402.3	385.7
3788	18	376.45	370.5
2097	3	421.63	420.63
12410	4	377.5	376.3
5124	18	398.68	389.48
11157	12	388.8	385.8
19415	2	406.21	403.61
7963	5	426.96	426.46
4633	1	427	426.2
11567	4	412.43	410.73
13245	2	382	380.7
12306	4	376.59	374.19
9788	9	418.05	412.65
12969	4	370	368.4
2400	9	379.59	361.49
9160	4	385.18	384.48
14077	2	403.78	398.98
15019	12	296	286
16956	7	485	469
6399	1	440.41	439.86
16862	15	479	275
11058	9	412.8	400
6299	2	378.4	377.4
15741	4	365.3	360.8
15803	4	408	374
13460	18	485.1	437.1
4806	12	392.8	390.7
2909	7	411.72	409.72
11125	39	423.5	423.1
7948	9	379.23	363.93
16683	18	374	156
13429	7	392.5	384.5
11561	3	420.71	419.11
15605	9	386.78	375.18
13752	18	391.01	387
558	3	377	373.4
12351	18	451.7	442.5
3213	6	428.01	421.61
9227	7	374.62	370.82
2045	6	375.72	357.77
17283	2	415.2	413.2
5343	6	472.91	459.31
10030	6	374.4	352.6
8265	18	440.29	435.79
18730	0	-233.66	-330.21
9225	9	368.78	361.98
1432	18	334.86	327.72
18992	2	473	469.5
10893	9	351.2	350.1
16817	9	442	409
9050	9	408.05	404.55
11971	2	431.5	431.1
1334	14	347.54	337.34
9487	4	404.2	403.2
8146	1	425.7	425.4
3360	18	420.1	417.1
2109	9	387.5	380.5
10386	18	376.29	368.99
17294	3	413.78	412.58
18952	7	420.89	405.29
1680	2	403.18	401.93
17488	18	472.5	471.9
12249	5	425.9	422
9526	2	407.23	406.63
17691	6	414.77	413.17
760	12	333.5	307.8
12796	9	408.4	361.3
2136	18	455.9	389.5
2160	1	427.5	427.2
8968	2	401.4	399.6
7967	1	430.5	430.1
7732	9	381.44	378.04
233	18	335.7	332.9
15297	9	412	388
19765	1	466.41	466.26
18959	2	426.2	425.4
104	9	373.8	359.75
12483	9	366.46	362.46
3266	1	389.8	389.3
19757	6	464.38	460.88
1446	18	488.55	455.44
16677	11	380.5	377.69
10570	18	413.25	412.05
11156	18	346.4	344
17488	14	471.9	462.1
17713	1	412.6	412.2
14897	9	377	375.8
3954	6	419.5	418.4
1840	1	411.6	411.2
16107	6	399.86	394.76
9752	9	380.98	378.68
6863	1	428.57	427.67
14230	9	376.43	369.63
5117	7	379.32	365.12
1824	3	402.8	400.7
19612	9	371.1	350.1
8532	3	428.6	427.3
19435	7	416.05	405.4
10724	18	412	411.1
749	7	404.62	403.52
8817	9	363.58	355.98
7955	1	421.14	420.84
5111	6	392.11	376.21
13469	12	469.1	467.1
12792	7	413.29	410.29
19399	2	400.02	398.82
8619	3	455.2	452.8
2391	3	426.83	426.13
19274	6	372.1	368
9314	3	455.9	455.5
10892	18	338.3	336.5
16955	6	376	312
16931	6	428.06	422.06
16925	9	404.8	370.8
894	18	345.12	340.67
15860	7	416.2	398.2
7061	9	370.6	354
7180	11	424	409.5
2074	6	432.8	431.8
10737	1	403.5	403.2
13498	18	461	457
17728	18	457.8	455.15
2704	9	408	400.9
13082	4	396.13	395.13
14267	9	384.28	381.83
3385	38	417.6	415.6
14180	18	373.59	372.59
16360	9	349.76	341.26
12949	18	339	243
14524	3	422.18	421.18
12503	2	426.68	426.08
8070	12	353.46	344.46
14306	18	435.8	429.4
2175	7	381.32	374.82
2402	9	391.59	385.59
2442	9	349.7	343.6
8386	3	455.6	454.9
6761	9	390.59	389.79
821	6	370.2	357
15638	7	378.2	376.9
4284	2	418	417.8
15292	9	316	306
6483	18	397.92	375.82
19346	1	420.7	420.25
19298	9	360.2	346.9
15589	6	422.2	413.1
5211	2	405.04	404.54
602	18	410	406.54
18926	3	422.3	421.8
13204	9	362	347
6939	9	373.38	370.38
18956	6	415.94	412.64
16820	9	392	378
2825	12	355.3	351.6
17709	9	443.15	440.15
15767	12	440.5	409.3
16691	9	438	418
14454	2	404.8	403
19424	1	415.6	415.2
9005	1	426.4	426.1
1110	7	407.95	406.9
17565	9	389.29	387.59
11287	4	404.4	402.4
19011	7	414.4	411.7
4127	9	449.35	443.85
18990	7	464.6	460.7
1808	9	408.9	406.4
19534	2	406.75	405.55
9842	18	486.4	480.4
15036	18	376	218
19210	9	372.1	370
18941	2	443.4	441.3
19375	6	402	400.3
891	12	344.2	330.5
5273	9	404.9	401.6
5955	6	414	398.8
10487	7	419.1	418.4
16372	38	406.1	405.4
8438	9	380.9	380.25
4225	4	418.2	417.75
16327	9	406.9	403.2
16107	38	402.56	399.86
6294	9	367.06	362.26
13087	7	415.69	409.79
17586	4	378.6	376.75
2899	6	400.26	390.81
2514	9	439.53	413.73
8370	2	381.47	381.27
7900	9	447.7	443.3
14998	9	409	401
17716	9	407.9	400.2
10839	6	457.4	456.5
12246	6	420.7	419.9
6276	7	391.5	391.3
10496	9	430.13	429.63
4845	7	435.9	434.9
11017	3	425.2	424
14611	3	422.22	421.52
19741	6	391.7	390
4360	6	419.75	415.85
19014	6	425.97	423.17
1045	9	349	336.6
11896	18	379.18	378.73
534	12	335.1	332.35
134	12	371.3	367.9
17434	2	420.88	418.38
10914	7	417.23	407.63
14786	2	421.1	419.8
19247	7	465.8	456.6
19722	4	416	414.9
19756	6	465.1	462.2
12194	18	379.6	374
2077	3	439.4	439
2540	9	416.18	415.03
2971	9	380.05	358.15
2503	9	435.54	433.14
89	9	392.27	390.12
13798	9	377.8	373
10838	9	381.95	380.35
11008	6	427.2	425.9
3869	2	404.75	402.75
2649	4	408.97	408.17
8402	18	390.66	378.56
3233	7	424.41	415.71
4372	18	386.2	382.3
2009	3	413.2	412.1
13136	6	369.14	367.44
13876	18	429	335
1722	9	401.35	385.6
16312	1	417.3	416.3
471	12	385.9	384.22
19063	7	424	418
11150	6	402.8	393.8
13367	9	387.6	376.6
2623	12	393.35	368.35
997	18	388.34	380.34
2616	12	378.48	377.8
7745	18	363.31	363.11
15210	9	384.87	370.97
18869	6	376.04	370.29
14711	9	412.37	407.67
2016	1	417.8	416.7
16084	36	421	351
15194	9	404.83	402.63
10179	11	383.77	377.47
19309	7	429.1	425.25
5976	9	428.2	426.5
19374	2	402.8	402
17863	9	346.05	340.7
5528	18	418.12	410.62
16440	7	400.7	396.2
19099	1	402.24	401.94
2900	9	410.63	399.63
2087	9	431.18	419.38
2026	18	384.79	370.29
19396	6	381.72	379.92
2167	1	432.5	431.9
19554	1	469.9	469.7
7519	7	423.26	416.86
15204	2	382.95	382.75
12440	7	431.94	419.44
13516	39	396	383.8
15203	9	375.62	345.62
9678	18	453.48	449.78
3769	7	395.5	373.5
8524	7	491.7	482.2
5192	9	391.79	387.09
5331	15	390.8	387
15824	18	230	178
15218	1	386.54	386.44
16918	11	353	345
2653	18	400.54	381.94
17487	18	476.8	475
17821	4	371.1	364.8
2389	1	427.57	426.97
5035	9	389.3	371.7
2093	9	394.68	392.68
17447	6	373.73	372.33
12949	9	383	355
2717	9	402.92	394.62
9327	18	454.9	454
17458	36	437	411
232	18	348.7	347.7
5345	6	465.18	458.88
14078	6	379.67	378.17
7452	1	427.5	427.2
19540	3	422.95	422
19301	2	368.82	366.62
19115	4	371.22	368.32
7522	1	428	427.7
16817	18	409	206
15029	12	374	338
17874	7	411.6	391.6
7447	9	418.25	409.65
13507	4	409.7	407.2
8079	18	470.95	465.1
19484	3	378.3	377.9
19635	1	388.4	388.1
14640	9	396	386
19538	1	401.2	401
1304	1	428	426
7592	1	441.9	441.6
19312	6	428.6	428.3
18886	4	372.85	372.05
12533	18	395.6	373.15
15390	18	357.65	351.75
16438	9	396	384
9737	1	427.5	427.1
19389	9	374.6	374.6
17528	11	440.16	431.16
18876	2	377.31	376.31
17568	2	391.12	387.62
19120	3	385.1	384.1
8368	4	377.81	376.81
13879	18	434	350
7821	6	419.37	418.07
16346	3	391.8	390.1
2008	7	409.8	408.6
6074	9	391.1	383.25
879	9	366.9	366.5
2290	1	408.7	408.2
10841	7	473.6	471.5
2680	18	382.55	380.95
115	9	358.8	335.8
6594	1	423	422.7
5518	9	397.57	392.47
10223	9	424.8	423.5
8765	1	421.4	421.1
17726	18	459.55	456.25
1237	9	382.4	368.25
10802	18	392.16	388.51
3539	12	366.7	352.9
5157	18	389.9	383.8
4103	7	408.01	406.21
16142	18	364	346.1
4254	1	444.5	443.5
6994	9	389.94	388.54
12152	18	338.8	317.05
4581	18	496.2	390.6
18998	2	442.57	442.17
4757	18	359.11	356.41
551	4	371.07	368.27
18730	0	-141.16	-186.16
1253	9	401.89	393.69
7085	9	408.12	401.42
16313	2	419.7	418.6
2401	2	389.5	389.1
15039	18	384	106
13436	18	412.15	405.25
424	9	382.97	380.8
5441	1	419.06	418.36
19652	2	374.82	369.32
821	7	360	350
19221	1	382.46	382.31
4360	2	420.35	419.75
10904	18	473.9	472.9
1223	12	353.2	352.4
3630	9	347.98	345.73
17843	12	365.2	363.2
7308	6	418.37	410.02
5754	6	412.56	392.06
13922	6	397.3	394.5
9371	18	411.25	403.15
14190	18	362.01	360.91
15220	1	336.2	335.7
12523	7	426.97	414.97
1287	18	443.79	434.81
16931	1	432.06	431.06
19281	18	316.55	314.55
4603	18	348.79	346.89
7523	1	427.9	427.6
12952	18	359	295
17546	7	350.14	346.84
19059	7	411.99	408.29
8531	1	427.9	427.5
11404	1	404.3	404
17983	18	359	91
11475	12	379.7	349.2
8913	1	422	421.7
2479	2	422.38	421.58
6401	18	441.23	438.93
6389	9	377.5	376.4
1840	7	403.6	396.6
6994	6	413.24	395.24
2029	12	368.75	366.45
19379	2	403.9	400.5
17837	6	367.6	366.2
19046	2	404.7	401.8
4986	9	360.99	355.99
14932	35	407.03	399.03
19390	3	376	374.3
17825	2	372.5	369.7
2434	9	351.7	342.8
9953	1	423	422.8
19551	1	463.3	463.05
4342	6	427.12	423.82
3955	2	420.27	419.27
13936	7	410.7	407.7
17687	12	378	373.85
556	2	379.2	376.2
4289	9	415.96	414.86
3608	6	389.6	346.7
5861	18	413.99	410.89
1289	7	395.24	392.69
13732	12	361.32	359.32
11416	6	408.4	405.8
7399	9	360.26	353.06
19259	7	436.66	434.06
18855	2	377.82	377.02
726	18	442.21	439.86
6585	1	466.8	466.5
19363	7	442.59	441.79
7576	7	411.48	410.63
2445	12	339	331.8
19365	7	443.55	442.75
17330	7	411.2	409.6
17693	9	403.8	368.7
9315	7	450.8	449.1
3654	6	459.55	458.45
6145	9	406.03	402.53
16858	9	402	392
17722	3	422.6	422
15914	9	388.3	378.3
13817	6	421.12	419.32
19031	3	438.55	438.3
12508	9	383.39	366.99
6923	18	406.75	401.35
7604	18	379.47	378.22
1010	18	366.26	360.06
759	9	373.03	362.23
12006	9	390.1	387.5
10028	9	362.2	356.7
2663	1	421.92	421.02
14838	6	403.38	384.68
19633	9	385.4	368.8
17897	7	430.9	421.9
6220	3	402.7	401.8
4023	9	378.76	376.66
18994	18	475.7	469.5
17347	9	384.77	383.02
2493	3	429.4	428.15
14664	2	422.5	422.25
2451	18	371.6	362.9
17866	6	383.56	375.16
13964	18	411	391.6
4256	18	497	494.9
295	12	367.6	309.9
16451	18	337	227
1045	18	336.6	324
19258	7	435.89	433.29
12710	3	420.5	419.3
5535	9	391.18	382.28
4479	9	398.83	382.53
10849	2	356.57	355.57
3780	6	370.45	306.25
7519	9	416.86	415.56
17111	2	454.8	451
14737	18	361.6	359.9
16059	18	350	292
18942	7	443.4	432.2
9987	9	413.4	407
8013	2	411.94	410.84
1511	1	420.14	419.04
18969	1	376.28	376.13
3669	9	413.61	411.61
12596	18	500.54	489.04
9953	2	422.8	421.8
2913	7	415.01	402.76
19275	6	372	367.8
12268	7	376.65	362.4
1114	2	377.7	374.8
2826	9	375.1	365.7
16614	6	413.4	408.2
15265	6	356	340
15280	18	211	191
19692	2	388.46	386.06
16918	7	395	353
16317	6	406.7	399.3
13449	18	505	504
15277	9	427	417
5909	18	442	442
8619	18	452.8	451.9
7023	9	405.94	394.74
16043	7	418	354
5826	15	353.9	351.9
6993	1	409.03	408.73
15457	18	346	228
19450	7	433	419
6703	6	426.02	425.02
442	7	360.3	351
10212	9	372.18	369.18
15877	18	362	290
6063	2	419.44	417.54
16421	7	454.9	449.25
1762	7	450.47	441.07
15055	18	432.08	426.18
19766	12	442.47	440.57
12972	1	448	446
34	12	363.7	358.5
11886	6	428.2	419.2
687	4	376.4	373.05
17506	15	383.4	376.8
10010	2	375.17	371.07
6787	3	421.98	421.58
4044	9	390.9	387.6
1392	6	426.75	423.05
10024	7	452.93	449.43
7901	9	447	442.6
101	6	392.2	368.2
16509	2	387	381
15028	9	410	368
15837	1	452	451.5
6850	18	449.51	449.01
6043	18	381.23	380.23
15245	2	477	475
6773	12	354	350.15
15835	9	326	306
1780	9	413.38	410.53
4909	9	431	428.4
1000	9	371.28	347.08
12201	9	406.02	354.02
3048	9	411.03	408.63
13841	18	400	314
19738	1	416.9	416.3
15230	18	406	112
5849	3	426.7	424.9
332	18	424.18	422.88
12623	9	369.6	362.59
4807	9	405.35	404.3
254	18	442.5	325
7526	7	429.5	427.5
4551	2	419.88	419.68
19340	7	384.06	380.26
19267	4	374	366
8814	18	364.3	359.6
378	9	361.47	358.52
15006	4	395	389
12775	7	419.56	400.61
6912	3	427.9	426.8
4309	4	410.12	409.52
19273	2	378.8	375.8
16696	9	394	384
12101	3	419.27	418.92
17012	3	421.7	420.6
15723	18	425.29	255.29
230	18	335.2	332.95
17574	2	374.05	371.25
13087	9	409.79	365.79
579	6	369.51	360.51
15615	1	433.47	432.27
7869	7	432.52	430.22
10434	35	-911.65	-1250.65
16741	7	451.85	443.25
2285	9	411.32	406.22
15678	9	421.6	419.7
3502	3	425.07	423.97
96	6	390.9	369.2
14078	9	377.17	359.57
15276	18	340	326
2742	2	382.05	379.6
12788	3	420.52	418.82
3250	6	419.94	418.29
16654	8	399	345
19329	2	418.5	418.1
13313	6	371.7	370.5
4040	18	399.7	395.79
752	1	419.89	419.39
16988	4	348.05	347.05
10331	9	390.1	388.6
1574	9	380.1	365.4
17893	9	409.31	377.81
19447	2	422.3	420
16155	2	394.5	392.4
19217	4	390	389.8
5756	9	370.32	352.52
14969	3	391.8	391
15513	18	332	254
17509	6	417.52	415.22
11424	9	368.65	360.65
5635	1	410.3	409.3
16422	2	459.4	458.4
19241	7	469.2	460.65
16079	18	354	252
18878	2	378.06	377.06
8234	2	373.9	373
15266	7	339.3	328.3
11569	6	412.2	410.1
15673	9	430.8	422.5
19035	3	439	438.6
9793	9	418.35	388.95
15715	12	333.4	215.4
10470	9	448.5	447.9
2980	3	427.38	426.98
1864	9	408.52	395.07
19317	7	430	426.3
17506	3	385.4	383.4
17490	1	467.8	467.2
7956	6	419.02	407.12
14504	9	406.35	405.4
9998	9	424.68	412.98
14247	7	415.96	413.36
15394	9	364.11	353.77
17592	2	417.4	416.8
2978	1	428.35	427.95
11678	2	406.67	404.17
3234	9	401.39	400.19
11186	9	351.55	336.65
2078	7	433.7	431.6
8150	9	367	362
15843	18	263.5	251.5
15936	3	347.78	347.38
4319	9	374.41	368.61
17697	18	302	240
13463	18	459.7	454.5
693	18	367.79	360.94
2106	9	386.9	371.4
534	9	381.45	335.1
19440	6	414.7	403.8
15044	9	394	392
2007	4	412	408.9
15817	2	400.9	399.6
10739	1	450.9	450.6
18881	6	375.16	370.96
12101	6	418.92	415.87
19517	2	383.55	382.8
7638	12	367.71	367.61
13873	18	420	420
5402	9	396.9	378.07
3780	7	306.25	293.95
16119	12	354.3	344.3
11302	6	374.96	362.66
5705	7	391.6	388.1
945	2	372.21	370.21
12483	2	378.46	376.66
17596	7	414	413.4
11124	2	423.6	423.2
3265	9	385.5	382.1
846	9	370.78	367.73
12790	7	417.1	409
1723	4	391.8	388.9
14466	2	432	426.4
17342	6	419.02	417.32
1590	7	413.27	405.17
14835	3	408.73	407.73
15502	18	365	309
16143	12	367.2	364.2
13417	3	461.6	460.8
15942	39	347.17	345.27
7528	3	401.8	401.4
3977	2	393.11	390.11
10966	9	435.74	420.84
4757	1	374.81	374.71
19771	12	446.03	444.03
4263	9	391.3	380.9
18840	18	444	304
8524	9	482.2	473.5
2016	2	416.7	411.8
19133	9	408.5	406.09
19407	2	429.2	428.4
14524	1	422.58	422.18
3916	6	394.15	393.7
1333	9	393.15	336
18757	2	392.75	391.5
8629	2	416.6	414.3
12090	7	397.4	396.4
16984	18	347.2	347
12601	18	486.52	481.87
16932	6	426.46	421.46
14009	7	420	400
19777	1	381.22	380.22
9024	15	376.67	375.87
8837	9	389.42	388.72
12837	6	420.75	418.45
17441	3	380.65	377.35
7182	11	424.3	401.8
13503	7	426.2	423.65
1683	38	409.84	408.04
19359	2	444.3	443.5
18754	18	338	146
812	9	371.4	367.2
8624	9	381.35	371.75
2611	9	397.6	371.8
17188	4	373.95	373.65
9314	7	455.5	454
8234	11	351.5	349.9
4253	7	412.75	409.4
13059	9	397.32	395.02
12105	7	389.73	388.03
17439	6	377.91	372.31
16164	11	364.18	362.48
19411	2	480.15	477.75
3608	7	346.7	340.5
1689	2	408.7	407.15
14023	5	429	425
18847	18	337	123
6793	12	393.84	390.89
8986	18	389.3	381.45
15255	9	372	326
14310	18	438.8	430.25
16825	39	412	402
19420	1	376.45	376.25
2108	9	367.2	366.7
5826	9	393.9	368.9
1118	1	419.67	419.17
17080	6	420.8	419.1
19177	2	433.43	430.93
12073	18	451	439.8
17871	1	430	429.8
8339	9	419	415
15488	9	378	332
2495	3	428.35	427.85
4951	9	416.4	412.4
436	9	383.16	379.46
19524	7	380.85	373.65
1702	9	383.12	377.92
15041	12	341	247
12512	6	422.94	420.54
14000	6	396	306
14836	6	406.36	395.26
18942	2	444.2	443.4
7913	12	363.65	358.45
3291	2	401	399.8
89	1	404.72	404.52
17544	3	384.55	380.05
19306	7	429.9	426.45
16963	6	399.7	394.5
19765	2	466.26	464.96
16195	6	418.25	417.75
8867	3	401.7	401.4
9872	6	389.18	383.68
13452	18	455.25	449.1
15196	9	382.95	369.75
2224	6	407.75	398.1
10295	1	420.4	419.8
4932	18	506.1	362.5
970	9	369.83	362.69
2650	7	408.33	400.33
17501	3	434.93	434.13
14996	7	427	401
8831	18	419.16	403.46
5961	7	450.08	444.98
7597	4	421.1	420.6
15783	18	422.56	418.11
6474	1	390.61	390.31
5226	12	351.25	349.25
6445	9	363.7	358.2
9315	3	451.1	450.8
14311	6	418	416
8169	18	441.95	434.15
12680	1	412.01	411.81
5037	9	416.35	397.75
3277	1	394.16	393.36
19780	18	340.19	332.19
10800	18	376.05	373.9
17864	6	383.75	376
4016	18	444.9	431
13922	2	398.5	397.3
15497	7	488	476
16976	6	416.3	404.3
10359	3	450.7	449.5
16898	1	422.5	422.4
19021	6	424	421.2
2229	3	429.3	427.1
15367	6	414.95	406.55
5595	2	415.8	415.4
12118	7	381	375.65
12085	7	400.3	397.7
6898	18	375.2	375
1146	9	382.8	375
869	4	368.7	367.75
8447	18	388	387.5
19269	7	401	393
1680	7	393.38	388.38
19350	7	420.2	411.2
15277	12	417	407
3511	6	431.8	428.15
4003	18	440	430.1
7975	9	418.6	415
3354	9	364.8	361.2
4588	18	453.4	351.4
8224	9	433.27	427.07
2062	6	425.3	421.6
1589	7	413.23	403.83
14854	1	426.85	426.65
17977	9	363	353
9964	12	386.9	385.5
14247	2	418.66	418.16
5958	2	453.26	452.36
15263	6	380.2	378.2
19642	3	387.7	382.6
8640	9	410.63	409.03
10855	18	386.46	382.66
10550	9	384.05	379.45
7205	9	383.22	379.42
2071	6	428.8	427.7
6987	18	416.4	413.7
19187	1	444.53	444.13
15462	18	409	237
14575	7	471.9	467
5032	18	385.2	372.6
19396	2	387.92	383.92
15229	6	360	316
7552	3	463.7	463.2
17839	4	371.1	368.4
13441	1	411.8	411.45
19411	7	473.35	470.15
19359	7	443.5	434.3
864	12	366.5	364.55
11814	9	423.99	420.39
319	9	328.33	314.18
684	5	375.02	373.22
9411	1	411.5	410
7425	2	422.3	422
2803	3	428.3	426.9
17897	18	301.9	131.9
16926	15	396	358
9315	1	451.4	451.1
17692	10	367.68	358.88
18964	3	408.92	408.72
16982	4	350.47	348.97
16194	7	416.85	415.85
18716	9	338.45	335.95
2194	3	421.44	420.64
17756	9	388.9	364.4
15724	18	350.3	268.3
5265	2	450.4	447.8
7204	2	424.04	393.84
13357	9	409	397
5387	6	409.8	409
14682	4	370.91	367.41
17584	7	426.8	423.8
2716	2	475.5	474.35
530	6	367.55	366.55
5115	9	371.16	369.06
8969	6	395.1	388.7
6786	1	423.05	422.85
5141	9	434.3	430.2
6585	7	466.5	463.2
14754	1	401.16	400.86
12507	4	378.26	377.56
11163	1	440	439.5
13982	1	348.14	347.34
13880	18	387	329
14266	9	385.11	383.81
2252	9	389.16	382.16
17330	38	416.2	415.75
16913	7	430	392
9738	1	427.7	427.4
5365	1	417.65	417.45
17500	7	341.41	332.41
17490	14	463.2	459.8
14307	18	435.4	429.4
9760	18	391.38	386.98
13885	9	370	358
17718	18	428.99	427.29
2062	3	427.7	425.3
10672	7	424.6	424.4
17707	6	419.4	416.9
17719	7	432.76	428.26
11125	2	423.8	423.5
1437	18	334.04	325.84
16737	11	439.6	435
14741	18	362.7	361.9
13473	9	564.5	548.9
15498	7	419	413
13885	18	358	196
6005	18	460.9	454.6
13786	9	312	310
10841	1	473.9	473.6
16808	9	406	404
8913	3	421.7	421
2251	1	395.74	395.14
2023	3	427.3	425.8
18955	2	420.92	416.72
9003	1	425.1	424.7
2802	6	427.33	425.83
365	18	346.6	336.2
10113	7	427.3	425.5
6593	6	418.5	417.5
10347	1	426.8	426.5
19013	5	427.08	424.78
15508	5	428	406
17569	7	364.8	319.3
17571	2	378.3	377.1
39	18	369.5	366
866	9	398.1	369.2
17451	6	375.84	374.64
8149	7	473.3	471
19331	7	415.95	414.5
16871	4	410.61	408.21
2027	18	382.78	369.53
827	18	372.05	369.55
19092	2	433.46	432.26
17894	12	371.55	369.55
6103	2	440.79	440.19
754	4	414.96	413.76
1225	12	357.6	351.35
12792	2	422.19	421.79
12262	1	393	392.6
19275	4	375.6	372
3451	18	381.4	380.8
2536	18	361.93	353.63
16636	12	335	201
1008	18	366.07	362.27
8824	9	400.78	394.78
12820	12	383.69	383.19
13164	1	451.6	450.6
19129	18	460.16	450.16
9535	1	447.9	446.9
10028	5	379.7	378.35
19156	2	402.23	399.43
11155	18	346.6	345.2
11403	3	403.42	402.52
248	12	350.1	327.5
999	9	372.24	346.79
16166	7	395.93	393.03
14018	9	383	377
12605	6	419.18	418.28
19179	2	433.22	430.22
5265	1	450.7	450.4
11995	6	428.7	425.6
3938	18	443.1	442.7
14804	9	375.38	345.58
10682	18	420.93	418.33
16120	2	422.15	420.9
10028	6	372.9	363
12611	1	420.44	420.04
19755	12	436.2	433.1
330	18	432.4	430.9
11316	9	423.38	402.43
19693	2	388.48	386.18
19542	6	422.05	419.75
277	18	348.21	342.53
2565	7	384.44	383.74
6947	9	386.76	385.96
19545	1	465.95	465.55
11247	12	389	386.6
2898	6	402.14	398.94
7185	3	462.7	457.7
831	18	493.05	485.35
6484	3	403.9	403.7
19411	6	476.45	473.35
6984	3	419.1	416.6
9061	12	439.42	437.62
16922	7	422	412
17502	7	430.86	426.21
324	18	411.21	409.11
3774	12	357.6	346.1
5647	1	428	427.5
2224	12	383	369.8
4376	9	391.36	384.86
15822	7	426	404
10152	18	417.4	415.6
5293	9	405.18	392.98
3342	7	408.06	406.36
13087	6	417.39	415.69
15346	9	392	330
13403	9	450	400
3091	18	465.63	459.28
18827	9	438.4	381.4
5137	6	427.3	426.8
12791	1	422.3	422.1
595	6	373.85	353.75
10913	8	407.62	402.62
11666	9	355.65	354.65
5052	18	417.25	411.05
382	9	362.56	361.96
5596	1	412.1	411.9
6476	18	350.19	345.95
12613	3	420.28	419.48
5894	18	428.7	427.5
4899	18	395	392.2
10694	4	402.95	402.15
19423	2	415.3	415.05
68	18	330.58	324.18
12069	18	447.75	439.55
3277	9	383.16	379.16
2636	3	427.6	427
17470	4	365.49	364.29
19420	6	375.55	368.45
19101	6	401.42	396.92
17755	18	414	413.35
19664	2	377.15	372.35
2482	9	392.25	391.45
114	9	389.5	338.6
14582	9	378.97	378.17
14816	9	402.07	381.87
395	15	412.92	388.62
14249	7	415.1	410
2109	12	372.3	367.5
2002	1	404.6	404.35
5446	9	385.02	377.12
4477	9	399.19	383.29
16103	18	372.32	371.02
6220	4	401.8	400.7
10389	18	386.01	380.51
8821	12	386.13	370.93
14709	2	411.06	409.96
16571	9	387.9	387
12075	18	446.2	443.15
19687	1	389	388.6
12947	18	360	335
5751	1	418.79	418.59
19751	1	462.04	461.04
17711	18	412.2	410.55
3774	9	365.3	357.6
19366	3	374.37	374.17
6862	2	429.06	428.16
2392	6	425.63	418.63
7159	3	422.2	421.2
12637	9	418.84	414.84
17585	7	424.95	422.25
5386	1	415.47	414.97
12139	18	344.95	341.2
6761	6	418.89	398.49
5225	2	413.1	411.4
2068	3	427.8	425.2
16827	6	425.3	401.8
19611	9	370.25	356.25
5229	18	353.6	339.2
9872	9	368.18	367.48
18968	6	379.72	377.12
4079	12	391.85	391.25
19055	7	384.37	377.47
8483	2	455.38	454.88
8060	18	398	390
17737	18	426.4	425.5
236	12	339.65	339.15
5151	9	414.1	397.5
17420	2	455.4	454.9
461	9	411.4	403.9
14033	18	356	256
10086	9	357.62	354.12
13095	6	419.7	417
17593	6	416.45	414.25
1094	2	410.39	409.54
34	9	392.8	363.7
9145	9	397.6	385.5
17430	3	377.63	377.38
1011	18	371.81	366.41
14440	4	407	403.5
5495	9	419.1	416
11163	3	439.5	439.2
6995	3	412.29	411.69
16213	18	452.8	452.6
15785	12	424.85	423.8
10030	3	383.5	379.6
17348	9	381.7	377.1
670	9	367.4	365.1
7775	9	366.91	357.51
7001	6	419.56	418.21
675	9	371.5	364.4
18626	2	376.89	372.39
14553	7	404.29	401.29
5995	18	482.6	480.6
17530	6	442.28	435.08
10690	18	396.9	382.6
12244	6	421.9	419.1
16682	7	428	406
17574	6	371.25	362.05
1499	9	395.29	385.79
18989	1	463.4	462.3
14154	9	389.5	385.8
14494	3	401.31	401.11
12603	18	498.95	486.45
3984	9	410.8	409.3
6396	2	375.42	372.72
292	12	371.8	336.4
6965	9	396.15	394.25
17530	2	442.88	442.28
4881	18	470.2	469.5
17006	4	401.27	399.57
17468	14	359.62	357.02
7820	7	414.12	412.52
2165	6	429.3	427.3
13861	7	422.7	377.7
13944	3	427.11	426.81
1340	9	376.48	366.88
6984	18	416.6	412.1
16543	18	443.9	440.3
4430	8	446.2	445.6
12768	7	387.53	385.98
2106	12	371.4	356
16293	9	399.7	396.3
10676	3	429.9	429.5
8931	9	411	409.2
17299	9	372.8	370.9
15546	18	381.26	370.66
3556	7	417.19	406.49
13499	1	513.06	512.66
12566	18	392.3	387.4
13461	9	529.8	502.5
12680	9	407.61	406.26
12940	12	384	380
12706	1	414.7	414.3
5744	7	411.5	410.4
12848	2	410.9	410.2
2715	9	385.35	377.85
17297	3	414.16	412.26
4312	9	351.06	349.86
19608	6	409.8	409
17124	6	420.9	411.3
12014	18	448.2	442.9
17716	18	362.3	359.3
4309	2	412.12	410.12
9000	12	362.5	361.5
11568	4	412.05	407.92
5365	2	417.45	415.55
10554	1	429	428.8
10677	38	460.2	459.2
1392	3	427.25	426.75
12115	7	401.22	393.12
11071	18	397.6	392.5
12966	7	475	441
5646	7	426.4	425
15025	18	398	260
2566	38	419.51	419.36
3015	9	386.88	363.88
17748	2	434.3	431.95
8389	7	408.5	402.9
15591	1	422.7	422.45
10554	2	428.8	427.6
14006	9	411.28	379.28
15938	39	347.9	346.9
14931	1	420.75	420.25
3545	9	420.1	415
17473	7	389.71	386.21
15712	6	405	359
2008	39	410.6	409.8
17882	9	391.32	355.82
16852	9	398	372
16952	15	395	245
4861	1	404.9	404.5
12246	5	426.3	420.7
5599	2	412.1	411.7
14240	6	413	410.1
17722	1	422.8	422.6
17329	38	418	417.2
14755	9	415	411.8
676	6	370.17	361.82
19128	18	453.68	448.68
9856	9	420.06	416.16
694	2	373.8	371.7
19523	1	422.5	422.1
14351	7	456.88	441.38
10402	6	420.2	413.5
8056	1	427.2	426.9
9477	7	417.5	417.2
1068	18	320.35	313.79
16841	38	393	389
13400	3	415.8	414.4
15216	2	388.09	384.99
14804	11	345.58	343.98
7301	18	358.96	358.26
11076	18	396.3	388.2
473	1	381.93	379.33
15134	1	419.66	419.11
14277	9	406.1	403
8611	6	371.59	368.79
2401	6	389.1	367.8
2641	12	405.26	396
1267	18	371.53	370.38
18	10	362.85	360.45
18810	7	368	292
17274	2	422.69	421.69
13295	18	418.92	398.82
3337	9	392.27	377.27
12887	18	423.7	416.8
16112	3	423.5	421.6
8636	3	421.32	420.52
12248	5	426.3	426.1
6025	9	403.06	395.46
14338	9	428.2	418.2
17323	9	404.74	399.74
5269	7	449.1	446.6
12878	6	410.4	406.5
16251	9	378.9	375.5
16185	1	393.93	393.03
19648	9	377	366.7
19067	2	432.95	427.25
15854	9	366	332
1590	1	413.87	413.27
16942	9	453	445
1274	18	397.51	392.41
15286	7	408	378
6804	18	470.8	468.7
13790	9	288	266
11150	1	403	402.8
10693	4	404.2	402.4
552	4	371	369.55
15299	18	462	264
15446	7	415	399
3935	6	384.82	382.22
17451	38	384.64	384.04
12495	6	412.02	404.02
19269	18	379	181
605	9	427.93	419.03
3268	9	401.7	356.2
6474	9	361.56	359.11
9759	18	380.05	376.95
376	9	358.4	357.6
16172	18	410.2	406
16947	15	371.5	195.5
2225	12	386.7	366.72
8627	9	379.55	370.85
14195	18	371.18	369.73
19012	7	414.1	409
16919	18	359	239
5035	18	371.7	367.1
13832	2	386	384
10599	18	432.88	328.98
14555	4	410.15	408.25
8710	3	427.54	425.64
2703	12	390.15	370.15
19768	18	417.66	415.96
15145	4	375.97	369.97
1339	7	378.9	376.5
19640	1	385.9	384.5
15829	9	406	370
5299	18	456.7	453.6
3618	9	320.1	313.62
12666	9	448	440
16340	7	342.38	331.88
7002	6	400.58	390.73
16753	15	432.2	430.6
18979	1	380.5	380.2
16609	2	421.97	420.97
10024	2	455.43	454.03
7451	3	426.85	424.7
15443	12	359	353
12946	18	437	300
16653	12	351.5	341.5
11318	1	414.11	413.91
19637	1	389.5	388.4
18789	2	380.1	377
13931	12	369.7	368.7
14817	9	393.98	384.88
5148	3	428.5	427.3
9000	9	387	362.5
11246	9	394.8	389.5
13401	6	418.4	406
9937	6	420.05	414.95
752	7	410.84	409.39
3685	7	351.55	346.5
1660	3	453.95	450.95
614	18	376.8	373.5
3868	1	404.5	402.5
3922	9	390.45	382.35
17713	2	412.2	411.3
18883	18	373.58	372.18
10155	18	416.4	415.8
3908	18	442.4	428.6
18490	1	414.5	414.3
3648	9	388.07	382.07
7142	9	392.87	391.07
308	9	389.16	381.01
12108	6	373.1	372
7866	3	427	426.3
16067	18	374	200
15268	7	466	462
12703	9	388.2	383.3
4225	6	417.75	415.1
16741	1	465.65	465.35
10902	18	476.4	474.4
14995	7	406	374
9558	6	408.35	406.4
8204	39	424.5	424.2
8115	18	423.1	419.7
17735	7	421.3	420.6
16075	18	438	344
19555	3	422.1	421.55
9556	3	417.65	417.4
15526	9	426	418
1352	9	382.31	372.11
9129	6	405.7	404.3
3139	9	373.21	366.91
10916	7	418.02	387.77
69	12	367.1	346.1
14541	3	408	407.8
15959	9	397.5	394.4
9735	18	345.73	345.28
15217	9	382.89	369.79
19034	7	438.3	431.9
12086	7	398.5	396.3
8274	18	442.6	438.6
15601	9	393.41	388.21
17353	15	430	210
15482	18	394	264
12523	2	430.97	426.97
16767	18	323.63	311.53
19380	3	373.5	372.8
19061	1	417.43	417.13
12849	7	412.6	407
5682	9	370.6	367.6
13491	18	486.4	478
5936	2	375.11	373.11
7966	5	428.08	427.48
12319	4	377.4	370.6
9349	9	349.8	345.5
2195	1	416.34	415.94
2833	18	452.2	444.91
3017	12	372.2	365.11
19244	7	460.85	455.85
14192	18	362.61	361.51
14324	18	422.58	410.73
8755	9	388.2	386
13088	10	335.6	334.4
16893	9	393	392.2
14322	9	383.78	372.38
18882	6	403.18	394.58
13493	9	413.5	381.5
11671	6	365.2	357.3
12776	6	421.54	418.74
16253	3	401.5	400.7
12124	18	410.25	396.35
529	4	370.9	368.9
11415	38	411.1	410.7
11895	18	379.44	378.44
2612	12	383.9	378.2
15295	12	346	310
17458	18	411	227
8202	2	441.2	440.7
19319	1	430.9	430
4673	9	441.1	439.4
15849	18	369	222
11600	1	374	373.5
15512	9	409	393
5591	7	389.1	380.2
17751	2	414	413.7
15034	2	460	458
19173	1	409.4	409.2
19035	7	438.6	432.2
17693	18	368.7	367.4
270	18	347.36	341.44
18947	1	426.82	426.62
14662	7	422.9	421.9
4027	9	370.25	368
16738	11	438.33	431.63
3954	2	420.4	419.5
5054	18	381	380
16358	9	349.13	341.23
7940	3	422.29	421.69
14703	9	383.71	378.31
8616	9	383	371.3
19093	2	433.37	432.97
15598	11	375.8	357.8
3504	3	426.37	424.52
8972	6	387.9	385.8
17351	15	385	250
15775	18	422.9	421.4
6603	2	412.85	407.05
866	12	369.2	362.6
19593	3	423.01	422.26
16892	7	401.9	400.9
19248	7	463.55	456.75
9935	2	387.5	386.4
19538	6	400.2	395.2
17299	2	381.1	372.8
598	18	366.5	361.4
13718	18	466.14	465
19101	2	401.92	401.62
4784	7	367	365.8
10667	2	425.9	425
2851	1	390.7	390.5
370	9	359.5	358.1
7543	6	421.01	412.46
3044	6	415.24	405.74
12633	6	411.64	402.44
3685	6	391.8	351.55
2072	1	432.3	431.4
15240	18	430	142
15766	12	434.1	417.4
12520	7	398.4	388.6
15368	6	414.6	409.2
16736	3	439.8	437.1
18919	2	376.17	375.67
19053	2	428.7	425.1
19494	6	401.8	401.1
3735	9	419.99	414.19
3985	12	342.2	282.2
1130	9	361	360
19495	1	401.2	400.8
5208	3	408.32	406.72
19777	18	351.22	350.22
4128	18	443.15	437.05
16151	2	412.31	411.21
19134	2	421.4	420.9
15284	7	378	316
12602	18	499.57	491.17
16343	18	297.73	285.13
11667	12	351.5	350.2
8828	7	436.87	433.77
7960	5	427.93	427.53
8686	9	380.55	377.25
11584	38	391.95	390.3
2063	6	425.8	421.6
5208	9	393.12	388.82
13838	7	486	484.4
18958	2	426.85	426.3
15254	18	411.8	337.8
7224	12	362.47	356.67
13085	7	418.3	403.7
13429	3	394.1	392.5
16887	2	408.5	408
3480	7	385.21	382.81
16866	4	350.95	345.65
11762	18	371.5	371.2
15724	12	358.3	350.3
139	7	406	400
17840	2	373.5	371.5
677	4	373.62	370.12
16112	7	421.6	381.3
650	18	376.67	371.47
19114	2	374.08	371.58
16642	18	389	217
8932	9	412.7	408.8
12836	6	418.1	416.6
19412	7	476.3	469.7
15852	18	333	313
19549	1	418.4	418.15
585	12	349.95	342.35
3279	7	384.78	383.18
872	2	373.1	369
16169	9	403.15	399.55
6382	9	385.2	382.8
5120	6	395.55	375.55
6344	9	410.48	402.68
19057	6	409.66	404.96
12253	7	425.6	421.3
16740	9	441.62	437.62
16924	6	415	409
17413	3	378.19	372.24
15840	9	415	403
3254	3	429.41	428.11
8917	1	455.9	455.4
11154	1	417.5	416.65
7439	1	424.9	424.6
7865	6	420.46	420.26
5198	18	368.08	356.88
15207	2	386.79	384.79
12237	6	425	420.6
5030	18	386.5	372
13925	3	386.45	380.3
2306	12	413.46	408.1
18764	18	360	164
15860	9	398.2	394.2
19415	4	401.71	399.21
19307	1	429.6	428.85
9227	3	400.32	398.92
8210	6	417.48	414.73
17985	7	470	464
16834	7	428	400
17539	15	357.76	351.96
9602	9	455.5	452.6
2004	7	406.6	404.4
11888	1	409	408.8
5416	7	427.54	420.19
7995	2	374	369.55
14239	38	433.3	430.2
16413	6	394.3	391.3
1376	2	375.79	373.99
1681	7	392.05	385.05
11686	18	333.94	232.94
1687	2	402.1	401.5
862	9	372.4	367
3423	9	379.93	375.13
10351	1	428.2	427.9
15308	18	377.7	364
8511	3	422	421.3
5544	18	345.6	341
5144	18	346.6	306.9
14640	12	386	336
9638	2	374.07	370.87
9517	9	427.49	421.99
19365	2	444.75	444.1
11181	9	352.1	336.7
12643	3	427.15	426.75
4719	12	369.05	367.5
11404	3	404	403.7
438	9	376.25	365.05
2851	7	388.4	382.7
7965	5	427.07	426.67
13910	9	437.7	433.7
4601	12	359.6	346.2
8628	3	416.18	415.48
6588	3	421.5	420.2
17453	6	374.71	373.41
17753	2	414	413.7
18831	9	436.8	398.8
19484	6	377.1	367.4
17502	2	433.31	432.51
19030	9	389.05	357.5
5114	6	394.82	379.72
8847	18	426.5	426.1
4840	1	425.4	425.3
15722	7	409	397
2866	12	381.12	376.22
14285	9	418.83	414.03
1044	18	338.7	336.2
1654	12	369.45	362.6
12712	9	345.9	344.5
17844	18	366.5	363.5
2853	1	389.1	388.7
2303	18	395.61	390.31
17697	2	394	392
9228	6	400.34	376.04
8742	9	425.5	423.9
15721	9	396	366
19680	1	389	388.6
2121	6	421.8	420.4
1334	9	397.14	352.24
6619	1	413.74	413.39
15317	3	428.2	427.6
12972	7	446	430
4603	12	357.89	348.79
7355	18	351.33	349.73
17208	6	415.65	415.35
2102	9	376.7	374
10479	1	422.2	421.9
17694	11	368.6	368.3
5331	9	391.3	390.8
4284	9	412.7	408
1722	15	385.6	379.45
16958	7	391	362
13989	18	424	274
6066	9	421.3	418.3
10586	6	400.69	397.69
9950	18	462.3	459.1
14346	18	426.7	424.4
667	9	366.07	362.3
15090	3	449	448.3
17551	3	384.43	380.18
19337	1	458.8	458.3
16056	18	331	237
8583	9	398.5	361.9
680	4	377.35	371.9
13937	3	422.7	422.3
5541	9	389.72	382.12
11521	9	406.2	405.4
13895	39	421	419
12638	6	422.57	421.87
1728	9	433.1	431.7
7203	2	418.5	388.4
5112	7	373.39	372.64
2363	1	427.99	427.49
15827	18	284	166
1150	9	411.91	408.41
2744	2	401.03	400.23
17600	2	417.3	415.4
3286	7	397.3	397
8484	2	452.01	450.91
2076	7	436.4	435.2
19643	7	384	378.9
15046	18	368	270
11424	1	400.85	400.45
8648	3	428.2	426.8
16970	2	393	391
551	7	368.27	367.62
5441	3	418.36	416.06
5826	12	368.9	353.9
16051	9	413	381
16345	7	395.8	392.5
7821	3	420.17	419.37
2171	9	370.61	357.21
17565	7	389.59	389.29
2899	6	402.46	400.26
693	5	370.14	369.84
2066	6	424.8	424.3
6383	9	385.1	382.5
17327	2	440.18	439.18
14493	38	405.93	405.53
11532	1	420.3	419.9
1592	18	377.1	366.9
15799	9	335	301
19524	9	373.65	372.15
805	9	401.7	366.4
19493	9	450.9	449
11670	18	348.7	346
19288	6	425	415
2045	2	377.77	376.77
19669	2	387	385
275	18	350.1	348.91
15819	9	383.39	362.69
15264	18	334	227
8368	2	381.41	377.81
2390	1	427.87	427.57
6484	1	404.3	403.9
9998	2	428.28	427.28
17013	6	420.6	419
15931	39	347.98	347.48
16797	7	422	412
1663	7	390.4	388.25
5492	9	416.3	415
13514	11	380.5	373
5162	18	404.4	400.05
19639	1	385.7	383.2
327	18	426.44	425.89
16106	2	401.51	398.31
9687	6	419.76	408.16
3053	3	415.97	415.77
10638	18	363.05	361.75
2483	12	385.4	377.5
6475	9	359.1	357.95
3250	7	418.29	411.94
17493	38	391.71	389.91
1900	9	387.16	380.16
14525	7	417.22	414.72
17126	6	420.3	413.3
11421	6	468.9	467.6
19759	7	460.73	453.73
21	12	371.79	352.54
2160	3	427.2	426.1
7675	7	437.45	435.9
19300	18	346.38	344.88
35	12	375.9	360.5
17531	1	441.01	440.01
12441	7	424.3	418
12350	18	452	444.4
16741	3	465.35	464.15
17328	2	442.29	441.59
19251	7	434.44	432.04
4208	2	419.78	417.48
11292	3	407.1	403.1
13157	18	357	257
17732	6	403.27	401.37
12196	18	367.21	363.41
3110	6	429.15	423.15
1886	1	421.7	421.5
15442	9	417	351
608	18	361.68	357.98
16696	7	402	394
5221	2	414.67	411.77
13359	9	385.65	374.22
17831	4	370.4	367.9
12612	6	419.43	415.03
5946	9	361.39	356.59
990	9	358.1	354.9
11601	9	372.5	355
12768	1	404.43	403.93
5111	9	369.51	363.21
16049	12	366	250
18855	4	377.02	374.57
19174	1	413.2	412.7
1685	1	410.84	410.54
17466	2	421.3	419.4
17445	4	380.17	378.17
19052	18	386	206
16958	15	334	199
14654	7	421.15	412.45
5231	12	387.5	350.6
1286	18	448.66	440.66
4053	6	390.2	389.7
19546	3	465.75	465.35
8972	2	395.8	394.2
19104	2	398.89	398.09
740	9	395.15	391.75
4021	4	406.27	405.72
11152	3	387	384.1
9632	4	380.52	379.42
18991	18	461.7	460.4
4785	6	401.76	393.06
15604	9	392.6	391.6
547	9	367.6	351.8
19250	7	432.06	429.96
18845	1	395.9	395.7
2709	9	399	368.5
6460	6	407.02	400.62
3252	3	422.23	421.93
14932	35	420.03	407.03
4783	2	373.43	370.43
10693	3	405.2	404.2
15440	9	403	387
12960	18	365	189
18886	18	372.05	371.85
4377	9	395.52	384.32
13712	18	418	413
16946	18	350.5	341.5
12116	2	395.11	386.31
5137	7	426.8	426.3
4984	6	416.76	411.36
4570	18	403.17	397.22
7851	18	393.3	391.8
15146	2	389.6	381.1
12938	9	375.74	368.64
19159	4	379.92	379.42
719	18	493.6	490.17
19386	2	375	372.3
3252	7	419.58	412.58
15927	18	389	282
2153	4	423.28	422.38
7478	18	426.3	422.6
404	15	419.48	404.13
2008	3	411.9	410.6
4239	18	425.84	419.94
15142	2	375.71	374.51
15655	7	401.85	396.85
8582	2	399.5	398.2
15945	39	347.49	345.79
10170	7	391.5	369.1
15590	6	422.1	413
3631	9	361.73	349.73
16385	18	288.6	67.6
894	9	353.27	346.27
19235	7	416	398
9127	6	408	406.1
19247	3	467.4	467.1
6308	9	382.75	380.05
18999	2	44.58	43.08
17341	38	421.49	419.69
2707	9	400.6	392.5
14854	2	426.65	426.35
16114	18	389.52	383.02
2664	6	420.6	420
8207	9	359.86	354.16
7597	1	422.5	422.2
7734	9	383.99	376.99
16110	6	420.04	416.14
6640	18	385.7	385.5
2252	7	390.46	389.16
15142	9	362.41	358.01
359	18	349.16	346.21
10853	9	390.35	381.55
11582	1	399.6	399
4591	9	403.8	397.35
5708	18	372.27	370.97
13490	18	486.3	422
4786	2	404.07	402.17
9935	9	384.95	356.45
17516	7	439.6	436.3
10676	4	428.9	427.9
6897	18	378	377.5
19300	9	356.38	346.38
12467	9	372.1	335.6
12153	6	422.85	416.25
16869	2	415.14	411.59
5256	6	413.09	404.84
7049	18	456	449
12530	18	438.36	430.26
953	18	398.62	394.57
3561	3	429.6	429.4
7818	1	402	401.6
8076	18	462.26	460.76
12923	9	371.31	370.41
12245	5	425.9	423
14321	7	431.9	429
17711	18	410.55	408.7
5179	18	385.72	378.12
446	9	357.78	356.65
11213	15	356.9	356.7
11693	1	381.13	380.33
8388	2	420.8	419.9
14337	18	421.8	414.7
6851	18	450.46	449.96
6859	2	417.76	417.36
18839	12	375	373
1426	1	422	421.6
12710	1	420.8	420.5
6209	1	409.72	409.42
5704	9	387.8	382.25
17584	1	427.8	427.3
821	4	372.9	370.2
2299	18	391.73	385.73
6871	6	428.84	423.94
19760	7	461.16	452.66
7609	12	392.4	387.5
10023	1	453.33	453.13
3617	18	311.3	308.3
18853	6	375.43	312.28
11704	39	430	412
13733	18	349.17	346
13886	18	385	314
9820	18	486.3	465.8
19113	2	391.2	390.2
19355	7	352.8	350
19308	1	429.95	429.3
12876	18	439.25	430.45
7961	2	428.87	427.97
6860	2	419.37	417.27
896	7	457.15	446.05
4142	9	376.52	367.87
15771	9	452	444
7183	9	450.4	432.7
2158	6	419.27	416.02
5148	9	405	366
11703	18	336	220
9132	3	424.9	424.4
8694	9	386.27	385.47
7962	5	428.1	427.9
12782	6	416.86	395.01
19226	7	419	347
9794	9	426.9	388.8
7912	12	363.2	358.5
2060	12	325.1	319.3
944	18	318.06	305.11
4341	3	428.14	426.44
10128	9	401.99	396.29
13430	4	394.6	391.7
15706	7	379.6	370.4
11077	18	395.6	387.9
5179	9	393.52	385.72
12957	9	383	371
18730	0	-39.16	-99.16
15568	18	428.5	422
18730	0	77.84	6.34
4787	6	402.82	395.02
2178	9	412.76	411.76
5231	9	396.5	387.5
10301	7	418.3	414.6
4787	7	395.02	393.02
17298	9	375.9	369.7
17447	3	382.03	377.43
15045	18	399	269
157	1	376.33	375.53
18954	2	421.07	418.97
7923	9	389.5	367.9
12241	2	427.7	425.1
15216	6	384.99	384.09
11209	1	420.56	419.76
19228	18	449	153
19284	2	414.61	414.16
17532	11	440.29	427.39
12674	15	412.3	411.7
19026	12	377.9	368.9
5259	1	419.43	419.13
10894	8	355.6	351.9
2112	7	384.04	381.04
10628	18	372.43	371.73
15999	7	396.8	378.65
9655	9	408.01	404.31
19532	1	377.1	376.95
17528	6	446.91	445.16
5118	1	402.35	402.15
6820	1	354	353.7
11890	9	373.8	369.8
9562	4	422	421.5
11008	2	428.3	427.9
3507	7	437.2	433.5
9900	18	487.29	478.9
9226	1	399.88	399.13
17275	7	444	443.4
10666	9	450.6	449.9
11316	38	426.33	424.33
18854	4	375	374
3964	18	389.77	384.47
15878	18	367	275
7674	1	439.35	439.15
15458	18	221	195
7821	1	420.57	420.17
16563	2	414.55	414.1
12848	9	407.3	403.9
15143	7	394	369
8266	18	434	432.6
15859	9	433	395
1002	18	361.86	357.06
16965	13	395	381
3265	7	408.9	385.5
17463	18	418	234
10176	12	335.1	332.2
17532	7	446.39	440.29
18913	2	474.7	473.8
12137	18	344.65	318.65
16925	15	370.8	208.8
4599	7	401.8	398
16928	9	439.38	427.38
9331	9	391.66	387.16
10510	9	365.59	361.29
6018	18	425.3	422
16079	38	432	430
5701	9	421.07	416.47
113	9	383.68	357.46
16058	12	380	332
4149	7	405.06	394.06
2341	2	397.83	396.88
17291	3	414.33	412.93
9656	9	409.08	404.85
14175	18	372.4	370.65
881	18	366.16	361.11
16856	15	299	99
19012	6	420.1	414.1
2912	1	411.74	411.49
15542	3	421.1	420.15
14300	3	405.95	405.6
3038	6	425.4	424.1
10271	9	388.95	378.65
2614	7	396.2	377.6
19413	7	480.26	471.06
10171	7	364.2	360.6
19332	7	415.8	414.65
4734	2	472.8	470.9
4535	6	421.4	418.8
19548	6	417.25	413.9
14030	18	422	280
15911	18	460	320
5862	18	415.05	411.85
15340	9	397.64	383.44
18827	7	440.4	438.4
19543	6	407.95	404.85
9177	7	390.1	383.8
8771	18	348.4	330.3
14443	18	429.8	425.7
2906	3	420.8	420.45
17422	2	455.2	453.8
2060	6	432.9	432
18879	2	377.95	375.1
14754	4	400.86	398.26
7576	1	421.58	421.28
3561	2	430.7	429.6
3232	12	400.7	379.5
17449	6	372.85	372.15
6993	7	390.53	389.03
17198	15	457.7	435.4
15829	18	348	284
2164	3	427.7	426.2
3502	1	425.62	425.07
4125	7	406.9	406.1
17732	38	404.37	403.27
20	7	384.75	378.05
14332	18	408.6	404.95
9621	3	409.2	408.5
12369	9	390.13	377.73
17507	6	417.7	416.2
14895	4	379.3	378.7
13077	9	377.06	369.96
4734	1	473.1	472.8
16859	12	388	350
13407	18	446	284
5755	9	374.63	352.18
16059	12	368	350
3909	18	442.2	426.1
14896	6	378	371.6
14300	7	398.6	392.2
9819	1	489.2	488.9
19744	6	405.1	401
5173	18	469.2	468.5
8191	18	376.2	374.9
8109	9	411.5	405.3
12771	2	419.5	418.7
2492	38	429.08	428.68
16870	2	415.31	411.31
18948	9	418.31	408.81
4778	2	374.75	371.25
2112	38	390.54	389.84
8582	9	385.4	358
17311	15	410.7	401.2
9772	7	320.84	313.64
14529	7	460.7	459.7
1773	6	419	417.85
4672	9	440.75	439.15
4241	18	420.4	417
8204	1	426.3	426
16601	2	474.61	465.11
4052	3	392.4	391.15
11284	3	405.6	404.4
16990	18	345.8	342.9
13470	18	454.8	446.7
4318	18	373.82	366.62
4549	4	416.83	414.58
5940	9	397.27	396.37
16311	6	418.3	412.2
17187	9	371.6	369.65
10056	4	429	427.9
11671	9	349.4	341.5
16163	12	364.17	360.67
3205	18	346.45	343.35
11278	1	422.3	421.8
2303	9	402.31	395.61
10719	1	459	458.7
17479	7	435.94	433.09
11425	2	457.65	457.05
17174	7	465.15	451.25
9049	2	446.12	445.32
16976	9	404.3	376.3
649	18	373.79	367.99
10534	9	377.96	368.06
10740	9	448.88	419.93
6061	2	414.7	414.3
18980	7	375.3	374.5
9616	9	384.24	382.54
16317	9	398.1	395.1
18721	9	383.63	363.93
7362	9	395	386.1
19542	2	422.85	422.05
7223	9	368.82	358.22
15445	18	358	245
3205	4	352.15	346.45
1117	1	419.29	418.54
1680	1	403.38	403.18
19479	7	434.25	429
1112	9	405.29	397.94
18809	18	292	68
19756	18	438	436.5
4730	18	476.3	475.8
14790	6	420.9	419.9
5716	18	423.85	421.55
10487	2	421.3	421
3873	7	413.8	397
1883	18	428.08	423.08
5476	1	421	420.1
13939	18	373.76	367.26
2844	9	381	375
12790	6	419.7	417.1
9816	1	488.7	488.6
17757	8	390.2	380.7
12532	18	437.5	435.7
8123	9	399.11	392.21
13405	4	398	394
9785	6	412.38	408.08
2447	9	350.5	350.1
7394	38	427.18	425.58
12094	1	395.3	395
17347	2	386.85	385.77
16871	2	415.01	410.61
14819	3	409.63	408.43
17813	6	372	370.2
17569	18	319.3	311.8
15712	2	409	405
19289	6	371.5	360.5
17725	18	460.57	458.07
13130	18	380.4	376.4
12268	35	378.45	376.65
19517	7	382.3	380.85
19609	6	410.1	409
15224	9	328.7	327.7
16991	1	351.5	351.3
6992	2	431.77	429.57
12930	9	374.41	360.41
133	12	371.15	367.65
17127	6	419.1	413.6
2056	3	427.7	426.15
4747	38	417	416.5
17339	6	418.03	417.73
12468	6	437.16	423.76
11573	3	408.4	407.65
19544	3	466.15	465.95
10020	7	430.25	428.05
12604	1	420.35	419.95
3145	9	404.25	399.85
7068	18	354.02	349.22
17191	15	456.2	451.8
15544	18	378.86	378.26
17886	7	422.71	396.71
15784	18	424.75	420.4
13858	1	427	423
19539	1	423.2	422.95
15716	36	472	450
16690	18	379	171
16394	9	416.99	411.54
1385	9	420.95	412.25
17460	7	480	476
8867	3	401.4	401.2
16069	18	448	172
3540	7	399	384.7
15551	18	417.73	409.98
3883	18	433	425.3
19328	7	417.75	415.5
229	18	329.85	326.65
10990	18	313.5	313.5
6143	9	403.67	402.57
3509	1	438.5	438.2
3364	6	415.63	412.23
16600	9	459.49	456.59
12699	9	425.55	424.35
6823	9	350	349.4
14345	18	424.5	424.3
8497	3	426.6	426.2
106	12	361.35	342.68
15866	4	419	417
13511	4	419.5	411.6
7914	12	363.05	353.35
15079	6	474.4	473.2
5361	3	439.7	439.1
19261	7	435.85	433.65
7302	18	364.32	362.77
2744	6	400.23	393.68
17468	1	369.02	365.82
12173	18	417.5	398
4529	9	414.88	407.68
17576	1	420	419
9631	9	385.58	384.38
19777	6	380.22	379.22
12469	1	421.86	420.61
12773	6	420.49	418.79
14805	9	373.96	345.96
274	18	348.15	344.2
6711	9	352.4	347.5
10886	2	381.09	376.99
14017	2	369.6	368.2
1003	9	372.8	358.25
1687	6	399.3	393.9
12702	9	388.53	385.73
19678	2	388.65	387
15117	9	414.7	412.2
19399	6	398.82	396.02
2979	1	428.73	428.33
16521	9	420.2	417.1
1795	9	413.97	406.67
3174	9	372.67	365.37
19102	1	402.27	401.97
15514	18	378	284
19130	18	456.46	448.26
19718	2	377.9	376.1
17013	3	421.9	420.6
16194	6	418.75	416.85
14663	3	422.4	421.5
18859	4	377.46	373.41
15812	18	369	235
1927	18	431.63	419.98
16090	2	382.26	380.46
3276	9	384.45	377.45
15956	12	369.9	369.45
10295	3	419.8	418.3
16855	18	328	175
9440	9	357.2	355.9
2997	18	434.28	429.88
5895	18	428.6	427
10089	1	398	397.5
17469	11	365.39	363.49
11825	9	402.1	399
19559	7	413.25	409.45
19754	12	439.4	438.2
19487	2	473.1	468.5
10026	6	395.43	366.63
16509	7	381	372
5229	9	406.2	377.9
16369	9	393.6	390.7
14710	2	410.44	409.24
14060	9	383	373
17845	2	373.6	371.4
6820	9	351.5	349.5
17501	6	434.13	423.48
15848	18	388	250
5265	3	447.8	447.5
10145	18	426.3	416
15897	18	427	255
11285	4	404.1	402.9
16105	9	395.64	383.64
11317	1	419.82	419.02
19763	2	465.43	464.83
14615	18	405	235
893	12	344.1	334.5
2565	2	389.44	384.44
19594	2	432.52	424.92
10741	3	453.7	452.7
14362	9	404	366
12236	7	423	420.6
6620	1	415.83	415.53
2301	12	405.8	399.45
9487	6	403.2	402.7
10219	18	404.85	400.8
17111	6	451	450
12229	7	423	422.3
11572	4	408.7	406.4
2353	6	415.58	404.98
19592	3	422.83	422.33
7794	18	383	381.6
352	9	351.7	345.5
5023	18	403.4	382
13212	6	387.8	383.3
9745	18	353.35	328.55
16744	1	442.5	441.8
3950	18	374.65	371.85
10525	6	425.56	424.46
14032	7	418	378
5616	18	473.5	472.8
4252	6	428.3	424.1
12781	1	421.32	421.02
9013	9	422.15	418.55
18849	6	380	378
17331	9	408	405.8
13516	39	398.3	396
6861	7	427.58	419.78
4605	18	357.7	355.4
14968	1	392.1	391.7
11920	1	440	439.7
15168	9	372	371.1
8126	9	426.4	425.9
4195	9	363.03	357.03
17474	2	391.3	390
761	18	305.12	304.22
9028	18	409.67	406.77
2060	1	435.1	434
15903	3	430	424
9132	3	424.4	423.6
7452	3	427.2	426.25
14240	2	415.1	413
14897	1	378.6	377
16614	9	396.9	395.3
12680	7	411.01	407.61
13057	9	391.05	389.81
10534	2	382.06	380.86
7911	12	362.6	356
1331	6	412.48	395.83
17344	9	385.22	379.17
16877	2	431.96	430.86
2111	9	385.4	365.9
17005	1	425.35	424.55
2013	6	416.5	412.4
1114	7	371.05	368.9
64	18	375.3	374.75
1375	7	0	0
18849	2	383	380
19211	6	374.5	372.7
19067	3	427.25	425.95
9703	7	461.1	458.6
17726	1	462.65	462.55
3231	9	423.12	404.92
11214	39	355.6	353.7
1887	6	421.46	397.81
14110	1	402.2	402
12367	9	392.27	381.47
10487	6	419.1	418.4
14013	9	321	303
14488	18	392.72	392.02
16950	15	478	232
10034	18	411.98	402.88
16653	18	341.5	157.5
15808	18	436	312
678	6	371.45	319.55
7967	5	430.1	428.5
12360	7	386.06	385.76
17293	7	412.71	395.11
19117	7	378.8	376.7
18739	7	388	362
16912	7	425.7	339.7
13865	18	405	300
19221	2	382.31	379.86
12319	2	383.2	379.3
8232	35	372.8	369.5
18877	6	374.73	370.93
16725	12	306.76	274.76
12357	9	368.66	360.56
2065	3	426.8	425.6
3610	6	384.35	355.4
15229	18	304	260
2443	18	326.75	322.75
1240	9	378.77	368.47
741	1	405.74	404.44
14238	38	432.7	430.6
1791	9	388.39	384.19
19484	5	377.9	377.1
11181	18	336.7	335.1
4784	4	370	367
6184	9	363.09	360.19
7804	9	385.8	384.7
5592	2	407.3	406.9
12019	9	392.64	392.44
12489	6	426.73	421.03
5111	1	394.11	393.71
10705	4	405.75	402.95
19385	1	373.3	373
13472	18	548.1	533.1
15806	18	378.44	142.44
7451	1	427.2	426.85
6869	6	413.87	403.27
15244	9	412	376
18927	3	422.5	421.8
15290	18	376	192
12348	9	412.5	407.2
13413	9	426.8	420.9
118	4	395.06	386.66
19547	1	465.6	465.2
22	18	358.97	356.32
13436	3	413.25	412.15
12075	9	451.4	446.2
13509	1	395	393.3
15922	18	360	220
1754	12	355.25	343.2
17265	2	422.52	421.62
2764	9	369.87	366.37
11717	9	386.05	362.85
867	9	406.2	367.6
8165	7	420	390
8250	18	372.61	367.11
5270	7	447.3	445.7
18964	6	408.72	404.42
14610	1	422.73	422.33
17704	18	443.56	439.66
4605	9	366.5	358.1
14013	5	395	325
7778	9	422.3	421.3
8482	18	447.5	439.1
15959	12	394.4	394
2679	12	392	378.06
16870	4	411.31	408.11
17698	9	455	443
3768	38	420.65	419.4
12786	6	415.94	399.54
9222	1	397.63	397.23
13533	0	452	342
17814	4	375.03	372.23
11072	18	402.6	397.1
1665	9	391.85	333.8
17480	2	445.6	444.25
16	18	371.13	367.12
7276	7	446.4	445.2
6785	6	421.09	419.59
13840	2	479.9	477.7
16428	9	456	434
18952	3	422.99	420.89
13418	36	461.6	456.9
6953	9	394	388.8
14576	7	471.91	467.01
2133	18	435.5	389.8
17328	7	440.49	436.49
6064	6	418.14	404.34
9040	18	449.5	437.9
337	18	426.75	420
4571	18	416.07	409.97
7278	1	456.2	455.7
15236	7	430	414
19355	4	358.6	352.8
17348	7	384.15	381.7
3013	9	381.8	359.82
19710	4	373.95	370.85
17560	15	443.01	430.61
2847	9	380	377.5
13941	18	374.05	369.65
2077	1	439.8	439.4
9675	18	412.35	407.95
14051	7	403	345
116	9	397.55	344.3
2011	1	415.3	414.9
15388	18	365.5	354.1
5897	18	429.6	428
10495	9	431	428.5
14617	2	348.53	346.68
19318	9	441	429
15032	7	412	334
16930	1	430.33	429.33
19544	7	465.95	462.05
15365	3	416.7	416.15
13363	9	386.33	386.1
13129	9	351.5	337.8
14734	9	392	383.1
10698	2	405.6	405.1
13313	4	377.7	371.7
16118	18	387.45	382.3
15830	18	323	127
9489	1	405.45	405.15
13122	9	350.08	344.18
19608	1	413.3	412.9
19453	12	373.48	364.48
19249	2	434.86	433.26
14052	18	352	241
19491	6	460.61	458.11
19760	6	464.06	461.16
12605	7	418.28	415.38
956	18	364.1	361.7
16795	18	379	234
14239	7	430.2	426.7
16649	18	343	119
12482	2	373.69	369.89
17350	6	408.1	377.1
15013	9	414	378
1110	7	406.5	405.85
1412	1	421.56	420.56
349	18	346.75	345
12254	5	428.1	425.7
10296	6	419.08	415.78
5753	2	417.37	417.12
6532	18	450.77	445.97
90	1	390.29	389.09
11671	7	357.3	349.4
17352	36	463	455
19102	2	401.97	401.47
13025	9	407	389
3037	3	426.7	426.25
3270	6	415	410.7
5107	12	364.59	349.14
11209	7	419.76	417.56
6299	9	371.85	361.8
13084	1	422.11	420.91
19162	7	382	378.8
9879	18	399.1	392.4
15211	2	382.94	382.74
4536	1	422.6	422.3
5165	9	416.8	396.8
9621	9	397	395.1
8486	6	422.04	418.14
3484	18	398	260
7696	18	357.9	355.55
439	9	377.01	359.01
18863	2	377.86	377.56
17345	9	384.11	383.11
8465	7	404.1	397.8
10983	18	312.06	312.06
14068	18	366	132
7928	9	365.8	363.1
16065	7	409.8	357.8
17553	1	417.3	417
19346	2	420.25	418.7
19544	1	466.55	466.15
18956	7	412.64	409.04
19750	9	440.47	434.17
15846	9	399	369
2444	18	324.8	321.41
12643	1	428.35	428.2
13711	18	392.3	389.9
1831	9	376.48	369.48
11802	1	361	360.3
16648	18	408	270
19182	18	433.5	432.3
1691	18	419.81	410.71
3159	18	388.1	378.48
5721	18	426	421
16805	9	328	312
19422	1	421.59	420.19
7055	7	402	400.65
572	9	375.25	372.32
15645	18	386.82	376.42
19764	1	465.99	465.79
5208	6	406.72	393.12
18791	2	375.9	375
19632	7	414	404
682	1	379.5	377.7
1110	6	406.9	406.5
2982	6	426.92	423.52
6869	7	403.27	390.27
2097	1	422.03	421.63
14747	9	397.1	374.8
15767	18	409.3	408.5
14637	7	430	344
8264	18	438.3	435.8
4101	1	387.4	386.75
19195	9	385.7	384
16660	9	395.6	394.1
15144	1	386	385
2007	1	412.4	412.1
12128	18	407	396.2
12335	4	377.65	372.95
16100	18	371.81	370.61
3271	2	420.9	412.1
1227	12	358.4	314.85
10887	4	378.62	377.02
898	9	396	388
8166	18	441.3	434.15
15272	18	428	304
2973	9	409.2	355.36
5711	18	427.6	415.8
6215	1	423.04	422.64
12249	7	422	419.1
19755	11	453.7	436.2
1401	18	367.68	363.38
1578	4	385.05	379.75
15742	2	374.5	366.5
16692	18	307	201
1002	9	373.06	361.86
8825	2	405.52	404.82
16738	7	457.73	438.33
3070	18	364.74	356.54
10097	9	375.91	359.51
17728	38	458.15	457.8
16821	9	411.8	370.8
19106	2	433	432.5
14494	6	401.11	395.91
676	4	372.97	370.17
3946	18	380.11	376.96
14554	7	406.08	402.08
7032	9	378.09	373.79
12489	2	428.53	427.33
384	9	379.71	379.26
5211	1	405.24	405.04
10285	3	414.09	412.39
3380	18	458.9	450.74
3625	2	369.72	363.32
16990	4	347.9	347.1
11421	7	468.9	465.2
19335	9	381.7	352.7
13986	6	347.29	346.59
16950	36	480	478
12970	18	459	352
6065	2	419.04	412.64
17379	18	412	142
5031	9	408	386.8
317	12	330.5	307.95
18716	2	383.75	382.85
19034	9	431.9	424.3
19192	2	450.8	448.5
17884	12	365.68	354.18
10957	9	393.5	380.3
12768	9	386	376.43
12964	7	407.56	392.56
17431	4	372.58	370.88
17117	15	427.8	423.9
3364	9	410.83	408.23
8407	18	410.23	380.23
6487	9	376.4	373.9
10096	12	353.58	352.08
15366	6	414.63	407.03
17724	3	467.47	466.57
9014	9	421.9	413.1
19732	6	417.2	416
1034	1	419.23	418.93
1269	18	371.18	370.88
2459	18	477.23	462.43
9177	1	402.9	402.8
19114	6	369.48	365.18
3283	1	394.4	393.9
11750	1	389.3	389.1
19714	2	379	376
1576	9	379.95	368.95
662	12	351.15	350.65
7524	3	428.2	427.7
7034	9	373.3	372.4
15668	9	367.74	363.64
12522	7	426.87	414.87
14707	2	396	395.6
17471	39	403	395
17452	6	378.87	374.07
19123	3	385	384.2
13434	3	414.4	413.3
9816	18	485.4	473.4
17725	38	463.67	462.77
4113	1	428.8	428.2
16721	18	458	312
12409	4	377.41	372.41
16143	18	364.2	346.1
5947	9	361.47	357.07
7994	12	417.95	410.95
19300	4	362.28	359.58
15706	2	390.4	388.4
12772	9	385.76	383.71
17896	2	428.4	426.4
6491	9	376.2	374.8
10695	3	407.95	406.15
2974	12	363.9	363.5
15529	7	404	390
8825	12	361.62	345.42
14897	7	368.3	365.7
13838	18	484.4	472
14946	18	377.17	375.17
5258	3	417.92	417.32
2174	7	377.22	371.92
17547	4	380.55	376.55
4251	1	430.65	430.35
19629	9	426	413
2228	3	428.6	426.9
14999	18	329	241
11566	6	410.05	407.8
5119	9	360.67	358.87
1727	9	438.04	428.64
10694	6	401.35	399.25
19345	7	408.4	406.8
7437	18	466.4	466.4
19532	2	376.95	376.3
2614	9	377.6	369.1
16990	2	349.9	347.9
2951	9	415.71	410.71
19276	4	376.6	371.9
2996	18	434.38	426.89
1331	1	412.83	412.48
11584	4	390.3	389.25
13113	9	350.3	349.1
2041	9	381.39	377.39
14740	18	363.1	362.4
17530	11	435.08	421.18
451	9	383.93	376.93
5152	9	414.3	375.3
7098	3	421.57	420.87
15780	9	441.3	434.4
18895	2	428.4	427.8
19127	7	457.67	453.37
11293	3	406.2	404.9
6298	2	379.06	378.11
17825	6	364.8	364.5
4005	18	442.7	429.1
5754	9	386.26	383.36
6604	4	408.65	407.95
3429	9	377.6	377.3
10924	2	352	351.3
5442	6	419.39	409.39
15743	2	374.6	369.4
19388	2	377.5	375.9
7489	18	398.2	397.5
15871	18	458	314
9228	7	376.04	369.54
15438	6	422	412
4738	9	382.55	378.55
18967	2	381.27	380.74
14431	6	422.18	417.48
19091	2	433.45	432.45
15850	7	427	401
8587	6	418.7	412.3
1761	7	450.15	441.8
16058	2	382	380
10147	6	414.15	409.85
10988	18	311.27	311.27
10987	18	310.21	310.21
17520	7	436.9	435.3
1886	3	421.5	420.5
5574	2	375.69	373.09
6209	2	409.42	409.12
8203	6	421.1	420.4
10515	2	417	416.7
17545	7	353.96	348.16
3949	18	376.75	373.75
9880	3	419	418.1
12353	9	368.6	361.5
2330	6	409.14	399.84
10906	18	475.8	474.4
14240	7	410.1	393.1
12790	3	420.3	419.7
19259	2	437.06	436.66
9299	18	388.4	386.6
13482	9	555	542.6
16654	2	421	417
17508	7	417.45	415.05
15592	3	422.1	421.3
10095	9	353.9	351.7
14019	18	447	355
11699	18	385.86	383.21
15657	6	405.73	399.53
15607	7	383.56	381.26
12819	12	387.18	384.78
15047	11	378	324
16345	6	417.8	395.8
12787	1	420.65	420.45
14839	2	404.66	403.46
18949	9	415.14	401.04
10665	18	449.2	448.9
16175	18	422.4	420.9
5142	18	406.9	403.7
19313	1	429.15	428.5
14536	18	401.64	394.74
2	18	387.97	387.97
13480	9	557.6	555.1
17410	3	372.05	367.8
15023	18	405	237
12433	4	405.1	404.3
6799	3	419.39	418.59
6668	9	411.81	396.41
9961	9	400.3	398
18808	7	368	292
13481	9	558.4	553.3
12214	18	433.6	428.8
19432	6	397.21	383.21
13319	2	387.12	386.62
11156	6	352	350.25
17822	4	369.9	365.5
2075	3	433.6	432.9
19046	7	398.6	394.3
19639	9	381.9	365.7
15828	12	371	329
2354	6	415.44	404.74
14058	18	400	300
8642	9	404.01	397.31
539	1	406.82	406.62
13334	18	332.95	332.45
15267	4	392.5	354.5
3787	18	380.3	378.35
15945	2	349.29	347.49
18951	7	425.03	405.83
12134	18	435.85	433.05
12465	9	365.7	331.2
15291	18	437	145
19051	2	382.89	381.39
2710	7	408.5	397.1
4341	1	428.54	428.14
5342	9	421.85	420
19427	2	465.6	464.7
17705	6	424.8	423.8
19756	1	466.5	465.1
721	9	379.6	378.4
17114	2	353	345
11691	4	380.34	375.04
13114	9	350.24	344.94
19494	1	402.2	401.8
12363	7	390.91	390.61
1375	6	372.26	367.56
19208	38	377.5	375.1
16974	1	480	478
19321	1	431.55	430.55
1755	9	364.2	363.7
18874	2	377.99	375.59
13203	18	430	220
19133	1	421.2	420.5
9339	18	443.4	438.4
12359	9	387.41	376.91
19192	7	448.5	444.9
10737	3	402.5	401.6
17110	9	370.1	363.3
10285	6	412.39	408.29
5205	9	391.6	389.8
19320	1	432	431.25
15220	11	329.65	309.7
100	7	370.9	369.6
1288	18	437.4	435.05
5110	12	362.13	350.83
14415	4	393.92	390.82
10535	9	367.07	363.87
7594	3	427.7	427.1
1291	9	392.71	366.96
17500	2	343.61	341.41
4758	9	381.3	371.7
17721	1	421.7	421.5
1484	9	374.3	369
12151	18	347.5	340.5
19534	7	405.55	394.75
4253	3	413.6	412.75
19764	11	446.99	443.99
2440	18	316.5	312.4
762	18	312.82	311.42
1105	8	402.01	399.51
8594	9	359.99	352.49
1266	12	366.3	360.7
12941	7	422	401
9268	6	414.2	412.2
9701	15	458.35	457.95
4593	9	398.63	397.43
18850	6	413.76	404.36
5148	12	366	352.9
5542	7	368.26	353.56
19179	18	430.22	429.92
5825	6	398.8	396.8
3265	3	418.2	417.3
19125	18	373.5	369.6
16930	3	429.33	427.83
17580	1	383.31	383.11
6721	18	434.5	432.9
15866	1	421	419
4011	18	447.8	435.6
1111	9	401.32	396.92
7548	18	414.42	411.52
16056	9	395	357
12468	2	438.76	437.16
8248	18	374.19	368.09
746	7	372.45	370.35
2907	3	421.14	420.54
8828	1	437.47	437.27
16447	18	344	122
12805	4	401.39	398.69
19299	4	367.85	362.9
8498	6	425.85	425.85
9631	1	390.38	389.28
743	7	409.28	397.28
10784	7	437.5	434.2
7439	2	424.6	421.9
16357	9	351.52	346.12
8995	9	425.7	425.2
12153	2	423.55	422.85
4012	18	449.8	435
11165	6	434.3	425.1
2107	9	373.85	371.3
9879	9	413.4	399.1
14683	12	365.83	363.13
11685	9	398.1	363.1
12522	9	409.87	373.87
6398	3	440.61	440.21
17554	15	372.4	347.4
8122	9	398.77	388.97
2141	18	434.6	418.1
13082	2	397.03	396.13
15885	12	350	318
7303	9	374.96	373.96
17351	7	433	427
3037	38	427.7	426.7
4994	7	425.9	420.2
16735	6	439.6	431
9839	18	486.37	483.82
15240	7	442	430
19648	2	379.05	377
3014	9	385.54	364.14
12950	18	351	297
3256	6	427.49	417.59
989	9	357.4	351.3
16346	2	393.6	391.8
5612	18	475.75	474.95
12958	7	382	329
12608	7	417.48	415.48
9558	3	410.8	408.35
9871	9	362.93	360.93
17586	7	373.9	373
15072	7	405	380.4
6759	6	416.78	394.83
15107	9	387.6	377.8
12521	2	399.1	397.5
8999	9	388.34	372.84
16710	7	413.9	405.3
2436	9	349.8	340.8
6601	2	415.55	409.75
19733	2	416.5	414.5
17747	18	427.13	420.13
7678	9	385.96	375.46
10030	5	379.6	378.4
16981	1	351.97	351.02
15734	2	386.6	383
8087	9	366.66	361
12247	2	429.6	428
15077	18	474.7	468.4
16909	36	433	423
15607	9	381.26	376.76
19450	18	419	208
8484	18	442.91	440.01
7099	38	422.35	422.05
19337	7	458.3	443.8
12808	3	400.54	399.41
12487	6	424.63	417.13
3381	18	458.68	447.38
17431	6	370.88	369.08
19484	2	379.3	378.3
12609	6	419.16	415.76
4534	1	422.6	422.3
16892	6	405.5	401.9
18765	7	401	371
12841	6	420.58	417.53
7607	18	380.13	377.13
10016	2	406.88	405.08
16682	18	394	274
11303	2	379.08	377.18
15016	9	427	415
19419	1	377.3	377
17335	1	416.7	416.65
18877	4	376.63	374.73
15718	12	377	295
15489	18	368	302
5824	7	404.8	398.8
8485	7	446.25	445.35
1062	18	435.06	431.21
7744	18	364.23	363.13
19635	9	385.73	368.4
1983	1	422.1	421.5
17713	18	409.9	408.3
9526	6	406.03	398.73
4534	6	421.2	419.1
7224	9	365.07	362.47
139	9	400	363
12217	9	353	350.3
6994	7	395.24	389.94
7177	2	462.8	461
1830	9	377.36	373.06
15918	18	356.2	319.2
19592	9	410.38	409.33
4783	4	370.43	365.83
12808	4	399.04	398.44
11368	9	417.75	411.35
19451	3	400.41	398.11
13494	12	362	341.6
16713	9	404.8	403.6
19011	2	421.7	421.45
8330	9	423.2	422.5
10129	9	379.13	375.23
18947	7	424.42	420.32
13319	6	386.62	384.27
12799	2	412.38	410.73
8628	6	415.48	401.58
9936	9	402.65	369.55
18883	2	375.38	373.58
12777	6	424.25	423.05
15493	12	360	256
12102	7	404.85	404.15
2223	9	372.8	365.7
16957	7	484	468
34	7	394.3	392.8
13724	12	357.6	356.61
13461	18	502.5	420.5
3023	9	380.64	359.64
15167	9	371.6	370.6
12249	2	427.1	425.9
10113	6	426.8	425.5
15656	6	408.94	401.34
3877	18	377.15	369.65
18936	6	412.17	410.07
3068	18	364.56	356.86
3255	38	430.45	429.65
12879	1	408.89	408.64
15889	18	346	242
8587	2	419.5	418.7
13849	9	429	419
13788	7	435	425
14643	18	390	296
18716	6	373.75	352.75
7749	9	370.81	367.21
12938	7	382.64	375.74
15922	9	376	360
9854	18	397.87	394.97
16910	1	415	413
19766	7	462.77	453.27
14609	1	422.92	422.57
12072	18	449.8	439.6
14048	9	400	388
18839	18	373	227
11761	18	377.2	375.2
16912	18	339.7	307.7
11215	2	363.03	352.83
13991	18	433	320
14769	18	440.2	438
13943	6	426.51	421.11
15891	18	420	105
17752	18	413.25	412
15383	9	378.8	376.8
642	1	424.98	424.68
15366	3	414.93	414.63
6080	1	409.2	408.9
16090	1	382.46	382.26
8242	18	462.8	461.2
3373	1	430	429.7
688	6	375.32	360.42
6492	9	375.9	373.5
7035	9	373.77	372.97
19047	9	407.9	395.3
19094	2	433.17	429.07
2390	3	426.17	425.47
5782	9	426.6	421.1
8283	2	416.7	416.2
11812	9	427	417
6274	18	402.1	400
16195	7	417.75	416.05
2302	18	401.97	398.32
2048	9	394.97	394.27
8647	1	429	428.7
19285	2	415.27	414.52
16740	2	464.82	464.02
16458	9	409.4	400.7
4604	4	370.06	368.56
12594	18	501.42	488.27
10894	6	368	364.1
16568	6	409.6	396.8
19234	18	365	131
607	9	428.26	423.31
17753	18	413.7	412.3
15656	9	397.04	395.94
17281	9	408	348
9568	18	434.15	432.3
7279	3	470.8	470.4
15164	9	370.8	370.6
18790	5	375.6	373.3
2302	9	437.22	424.32
16144	18	366.8	346.3
2357	38	420.89	419.89
17838	2	373.5	371.5
19245	2	468.4	460.9
19369	2	402.6	401.5
2702	9	405.15	399.35
7007	38	399.77	397.77
19404	1	442.73	442.48
13087	2	418.79	417.39
11476	3	379.95	378.65
10716	1	477.2	476.9
13362	9	385.78	385.38
4226	2	420.19	419.89
17757	6	414.5	410.2
7906	9	404.67	393.77
16609	1	422.07	421.97
15541	6	416.15	413.95
11691	9	375.04	362.04
13152	9	381.1	370.9
17831	2	373.2	372.2
7091	18	372.86	364.96
2453	18	413.65	410.95
742	38	406.32	404.32
7594	1	428	427.7
16737	15	428.3	427
1331	15	355.93	347.73
8634	3	420.25	419.55
15923	9	343.3	310.3
9906	6	404.18	393.48
9045	18	466.8	464.8
1377	6	404.66	395.06
13596	39	465	451
13934	6	415.45	408.25
12497	9	410	367.4
238	12	340.9	334.95
11001	1	426.6	426.3
16871	7	408.21	395.01
11750	3	389.1	388.1
16865	4	352.12	345.92
18961	3	464.58	463.63
19290	2	375.75	374.7
12484	18	374.65	373.05
12879	6	407.39	403.69
913	1	418.97	417.92
17533	6	451.22	447.82
4286	7	413.46	411.46
10670	1	426.6	426.3
19172	2	385.3	384.1
16055	7	414	360
19481	3	431.6	430.7
9749	12	392.52	388.02
16522	9	418.5	417.1
14689	1	399.47	398.97
12330	9	390.24	386.64
15801	18	303	241
14040	18	400	185
2356	7	415.23	414.93
8596	9	367.06	360
3271	1	422.1	420.9
7142	6	-0.5	392.87
2802	1	429.33	428.63
1136	18	376.5	371.3
8294	9	394.77	387.77
15264	39	392	334
18912	1	476.5	476.1
19045	2	403	399.9
14897	6	375.8	371.4
6870	6	413.34	405.04
7920	9	366.49	358.69
17706	6	422.1	420.8
16422	7	458.4	451.45
3657	9	386.53	375.53
18844	3	396.2	395.7
17172	7	451.08	446.08
7525	1	428.6	428.3
15899	7	410	364
16766	18	324.29	302.25
14438	6	416.5	414.9
9638	37	367.27	366.07
6207	9	395.48	391.28
15462	7	413	409
8176	18	442.2	436.05
15603	9	392.78	391.18
17577	3	419.8	418.8
11693	2	380.33	378.03
19417	7	420	411.5
7304	9	374.84	374.04
7807	1	419	418.7
4602	9	362.72	359.62
15598	8	395	394.4
5594	1	413.8	413.5
17500	8	337.21	335.21
7575	9	415.81	410.21
15866	18	364	261
16166	6	403.53	395.93
19356	7	442.7	434.3
12677	7	418.4	416.9
15128	2	421	420.25
19111	2	390.3	389.6
18994	1	477.2	475.7
677	6	370.12	349.82
18721	6	391.83	383.63
1689	6	403.7	401.4
13947	2	427.65	427.15
13432	3	396.1	395.35
2478	9	410.07	407.07
5342	2	433.15	421.85
2701	12	400.9	378.5
1290	18	365.8	365.26
10588	6	421.51	416.81
16351	9	424.58	414.88
12792	3	421.79	421.39
17351	1	435	433
15776	12	436.7	417
16964	7	394.7	393.3
12102	6	407.8	404.85
14638	18	414	270
17012	6	420.6	418.9
2387	3	426.68	425.53
17118	7	431.1	428.1
4229	4	416.71	413.96
12147	18	338	335.1
17301	7	406	370
13429	38	394.5	394.1
13441	3	411.45	410.5
15254	36	475.8	411.8
9229	6	401.29	384.09
13563	18	448.9	442.2
2969	9	361.25	357.25
1066	9	336.18	319.56
4754	18	363.51	355.21
12135	18	345.8	327.55
16646	2	426	422
19690	2	387.65	385.7
19187	18	442.13	438.53
17575	6	371.09	362.29
3780	2	374.45	371.95
3541	7	405.2	374
5426	9	394.51	388.01
5267	3	448.9	448.4
1334	12	351.44	347.54
8275	18	449.5	442.9
12706	6	413.95	410.6
7822	3	419.98	419.13
8835	9	386.33	384.73
9682	9	412.8	408.9
529	7	356.1	353.05
19555	7	421.55	417.85
4445	7	455.6	453
7598	1	420.6	420.3
16825	18	392	178
19769	18	446.87	444.87
19333	9	380.63	346.63
10767	2	372.9	371
2340	9	386.7	381.2
17545	2	385.76	382.66
12631	9	394.1	368.1
2039	1	427.88	426.68
5824	9	398.8	346.8
5126	9	399.21	387.41
12348	7	418.1	412.5
8583	15	361.9	358.5
7529	7	404.01	402.61
19483	6	427.5	418
19238	18	332	220
1139	9	381.68	364.48
2176	3	382.83	382.63
601	18	409.1	404.1
388	9	368.4	366.35
3597	9	391.34	377.74
2615	1	398.3	397.1
8687	9	379.45	376.09
17456	2	383.33	381.83
1532	9	386.35	384.2
3948	9	375.12	372.72
392	9	367.45	362.05
18864	4	377.29	374.89
19412	3	478.9	476.3
19655	2	375.45	369.25
19152	2	402	398.2
1614	1	409.86	409.26
12106	4	373.62	368.22
15687	18	436.85	434.05
1263	18	409.5	405
17431	3	376.08	372.58
3782	2	374.8	371.8
2437	9	351	343.6
2625	15	380.5	374.4
17719	18	428.26	425.86
19012	3	420.3	420.1
5693	18	443.51	433.31
18946	2	401.6	401.3
16421	18	449.25	446.6
3160	18	380.2	370.74
2617	9	391.2	384.65
2433	12	385.5	373.2
5935	6	372.95	364.55
19764	2	465.79	464.99
14834	6	408.23	403.63
2835	18	447.9	437.62
19051	9	376.19	373.89
740	1	405.75	405.45
10807	12	328.78	319.43
10887	9	377.02	370.42
17488	7	473.3	472.5
19644	9	378.8	366.5
12245	1	426.2	425.9
17419	3	454.5	452.5
19154	2	396.91	393.21
6207	1	411.28	410.98
14466	3	426.4	425.1
9785	2	422.08	421.18
19265	9	377	375
15506	6	410	382
14361	9	418	376
44	2	388.55	387.55
13201	18	376	208
393	15	414.38	387.48
9676	18	411.1	407.2
8090	9	378.53	370
5525	18	417.64	414.84
6397	1	438.81	438.31
17186	15	348	346
2233	7	380.85	370.55
4641	3	430.9	430.1
11428	9	397.22	394.82
19537	1	404.7	404.6
4262	9	402.3	385.3
6398	1	441.01	440.61
8151	9	367	361
17754	2	414	413.35
19680	2	388.6	387.2
5722	18	431.95	428.4
15297	12	388	296
604	18	415.13	409.93
17708	6	423.1	420.8
17821	2	372.6	372.1
12253	2	428.5	425.6
16608	6	421.18	405.98
9000	1	388.5	388.2
7060	9	395.45	390.85
1394	7	421.41	416.51
9177	6	402.4	400
13515	39	400	370
1768	2	408.57	407.87
19394	2	387.4	384.4
15909	18	407	139
6775	18	412.2	406.3
236	9	347.55	339.65
18852	2	377.9	375.7
16818	18	474	322
19759	12	440.23	436.23
17190	3	451.1	450.3
8806	18	449.3	442.6
203	18	350	349.5
15450	9	413	392
5118	7	380.85	378.8
15120	1	419.35	419.25
7868	2	434.05	433.95
16422	18	451.45	447.6
12461	18	333.25	332.75
19610	7	423	401
7452	7	426.25	424.9
1750	18	380.46	373.21
16420	7	458.45	455.5
414	9	355.7	347.9
6081	12	368.4	352.8
605	12	419.03	415.43
12519	1	422.1	422
12781	6	421.02	400.87
19239	11	409.7	405.7
15939	18	340.6	338.6
4737	9	387.15	374.35
17418	7	455.05	445.3
19059	1	413.89	413.09
7360	15	360.5	358.6
19413	2	481.06	480.26
6995	6	411.69	393.29
6294	4	374.21	372.46
17881	18	344.39	341.39
8522	18	471	468.1
13982	9	346.84	344.14
16812	9	383.4	379.8
16825	7	426	412
17896	9	412.4	378.4
16271	2	388.35	387.85
1660	9	446.45	420.15
18945	2	442.4	440.1
15365	7	405.75	400.95
13471	9	565.3	546.35
10096	9	374.98	353.58
5824	6	406.8	404.8
5962	6	414.99	409.69
19743	3	397.1	395.9
2328	1	412.96	412.66
15600	9	391.26	390.01
9737	7	426	424.6
5594	3	413.5	412.7
12365	2	401.49	396.59
5313	1	433.79	433.39
12132	2	419.3	415.7
15060	9	408.5	407.2
14684	12	364.56	357.36
664	9	366.8	356.82
17341	6	419.69	415.19
3364	7	412.23	410.83
15197	9	382.31	369.31
17322	6	413.7	407
688	4	377.52	375.32
13895	12	383	351
17735	18	420.6	418.5
16815	9	429	385
3480	9	382.8	374.76
5150	9	404.2	388.7
19049	3	412.2	411.3
16167	9	390.55	384.45
4285	9	411.77	401.77
15015	18	399	191
361	12	346.85	346.2
18739	2	390	388
3956	6	419.48	417.58
16741	6	464.15	451.85
15237	18	317	75
5700	9	420.04	412.94
9391	2	373.64	371.54
10663	2	435.7	430.7
686	4	374.92	373.22
10674	3	423.9	423.4
17274	1	422.79	422.69
1586	18	426.09	425.74
7771	2	393.9	393.3
7766	18	411.91	411.01
4124	1	421.81	421.51
4251	3	430.35	427.65
19554	7	468.55	465.8
14368	9	380.95	374.8
16438	18	384	114
19421	7	414.89	413.49
10042	18	452.1	448.8
19191	2	448.5	447.15
15493	18	256	219
10915	1	422.87	422.27
16338	9	347.6	339.5
14575	3	472.2	471.9
10479	6	421.3	419.9
9923	6	391.54	368.34
16720	18	419.55	414.3
14439	6	415.5	401.8
93	6	396.3	389.2
16889	9	403.5	397.6
8273	18	442.6	440.3
14018	18	377	283
5191	9	390.59	384.99
3090	18	456.08	454.63
16708	12	376.99	373.99
18787	2	381.95	379.55
1725	9	443.96	435.36
19288	9	415	391
16652	14	425	276
7223	18	356.82	355.02
17579	1	384.25	384.15
4205	9	385.98	379.08
5193	9	394.91	385.61
7395	9	356.29	352.94
18127	2	414.8	414.3
17447	1	382.33	382.03
16805	18	312	135
16655	18	402	316
8530	3	429.9	428.6
15902	18	456	260
13197	18	399	276
9442	18	366	353.9
240	18	333.5	331.9
8382	18	420.6	417
7207	5	371.6	362
16649	2	419	417
6865	38	428.88	428.08
17821	3	372.1	371.1
3248	9	376.26	370.96
17475	7	436.73	435.18
16813	2	426	424
14111	7	396.3	394.9
13985	9	347.95	343.35
3583	18	413.63	410.08
10023	3	453.13	450.83
10142	9	382	374.1
12791	7	418.7	410.3
13405	6	394	324
12361	9	388.23	377.63
14059	9	410	398
13359	6	388.02	387.72
13514	9	384.1	380.5
13890	18	380	276
235	12	343.85	324.95
19455	2	421.7	421.3
16946	12	380.5	350.5
6917	1	440.6	440.3
749	1	419.52	418.77
15870	18	474	312
14155	9	389.5	385.7
908	9	370.19	347.49
16987	18	346.3	345.5
2615	9	376.9	368.3
4430	2	447.3	446.2
14454	6	403	396.3
12605	3	419.68	419.18
19213	4	379	375
958	18	362.65	359.85
12110	2	382.06	379.86
16015	7	382.2	375.35
19734	6	416.1	415.5
870	18	368.3	357.8
12769	6	406.99	400.14
9078	9	419.43	418.78
12365	9	392.49	381.49
16645	18	396	206
1069	18	321.19	321.07
14972	9	352.6	344.3
15444	9	416	386
7413	3	401.9	401.6
11301	4	447.7	447.3
13856	7	421.3	396.3
8920	18	431.05	431.05
16953	7	370.5	320.5
13411	9	427.6	419.5
11561	4	419.11	413.21
19461	1	423.15	422.65
19407	7	428.4	425.5
11865	6	433.1	432.9
14452	9	388.2	387.2
16164	10	366.58	364.18
6641	18	391	390
14414	7	392.22	388.42
8465	9	397.8	396.6
17275	6	453	452.2
17318	2	420.98	417.98
15079	2	476	475.3
1322	1	421.21	420.81
5487	3	459.9	458.9
2065	6	425.7	423
15867	1	412	408
15120	4	416.85	416.45
9765	18	415.2	409.6
19264	7	415.3	414.75
15742	4	366.5	365.6
3778	6	365.2	334.2
17714	3	411.46	410.5
5361	9	416.95	415.1
16715	6	451.68	451.18
17291	1	415.33	414.33
14015	18	443	311
3044	38	420.74	419.34
13534	18	315.4	313.3
259	12	347.45	326.73
3670	6	421.75	419.15
15885	18	318	228
8649	7	426.3	425.7
5070	12	369.9	315.3
19063	2	433.2	424
15466	9	335	317
17450	2	382.15	381.95
3214	7	421.69	420.89
5445	9	380.75	377.15
17265	6	421.57	415.82
12688	9	389.9	389.9
2355	6	419.98	414.73
15342	9	379.1	373.7
12939	7	381.56	372.66
15941	2	349.14	347.79
10669	2	426.1	424.7
13795	7	479	447
10677	1	460.4	460.2
8160	18	405.6	404.1
16991	4	350.2	347.1
15852	12	349	333
2063	3	426.8	426.6
17338	2	421.37	419.57
15261	9	416	380
19745	1	389.7	389.3
7924	9	388	370.1
17694	12	368.3	368
12573	9	388.5	386.5
17455	4	380.33	378.43
17844	7	368.4	366.5
2135	18	463.9	390
70	12	366.5	353
14967	3	392.4	392
9227	6	398.92	374.62
12363	6	396.71	390.91
2479	7	416.98	410.38
19461	18	393.65	391.15
16455	9	409.56	396.86
17571	4	377.1	375.7
394	15	413.98	386.68
19446	7	420.05	416.2
19710	2	378.95	373.95
13507	7	407.2	391.5
14041	9	367	355
11750	6	388.1	383.1
11151	1	406.5	406
6902	7	398.3	398
241	18	337.55	330.48
19046	6	401.8	398.6
8972	4	393.8	389.8
9007	3	436.3	435.5
16433	18	354	242
15926	18	384	172
13942	6	426.46	421.16
4052	2	394.7	392.4
15072	9	380.4	377.2
7611	18	388	381.1
18786	5	382.05	380.65
19058	6	412.05	409.7
1303	14	411.5	406.5
12087	7	399.8	397.1
16081	18	408	273
16434	18	349	243
14055	7	414.7	319
15030	39	408	406
7269	1	421.7	421.4
14013	12	303	297
17819	38	372.6	369.5
3995	18	438.75	431.25
12961	18	286	250
12606	7	417.71	415.11
18716	4	378.95	373.75
19482	3	430	428.8
1665	7	410	391.85
7351	9	393.95	387.95
15762	2	400.02	397.82
2114	12	359.17	353.42
1905	18	367.6	365.09
746	38	374.05	372.45
2353	38	415.98	415.58
2255	18	489.64	484.19
7090	18	369.5	364.46
226	18	333.7	332.05
15948	9	394.15	386.55
10669	1	426.4	426.1
7854	18	387.8	386.2
17317	6	417.49	416.79
19638	9	384.6	365.4
14242	7	400.6	396.5
2907	6	420.54	413.04
15867	7	408	340
12503	3	426.08	425.08
2747	9	406.6	402.7
2004	4	408.1	406.6
14751	4	400.06	397.86
10907	18	481	479.3
3064	9	432	431.4
4750	7	455.2	452.5
451	7	409.43	383.93
16119	18	344.3	184.3
1268	18	371.35	370.95
10144	18	421	410.8
17334	15	435.8	432.1
8836	9	389.97	389.27
7538	18	369.45	361.95
10027	9	362.8	361.4
17190	1	453.7	453.53
17344	4	386.22	385.47
8369	9	376.8	369.6
4228	6	415.64	412.64
17331	6	415	410.7
2713	9	408.9	399.3
5540	9	392.66	384.56
2385	6	425.39	419.64
19193	2	455.1	451.9
10303	18	402	352
9313	3	439.4	438.6
15035	7	423	417
14214	2	375.3	373.6
19134	9	415	411.77
3053	1	418.37	418.07
4039	18	402.7	399.11
14036	9	385	359
2445	18	331.8	328.8
12953	9	406	388
16727	15	449	243
16548	9	398.9	394.5
19231	18	358	176
15718	18	295	133
6615	9	387.8	385.9
16989	18	347.18	344.08
15366	1	415.13	414.93
7054	7	393.44	390.14
16073	36	437	413
2623	9	403.45	393.35
12770	7	388.47	380.12
15010	18	326	148
682	4	376.5	375
17513	15	438.3	352.9
19533	7	413.7	406.35
19026	9	408.9	377.9
7174	9	464.7	456.8
868	12	366.6	363.6
12880	6	417.72	416.92
16798	18	371.7	195.7
5004	9	368.67	359.77
18911	6	473.61	470.71
18979	2	380.2	378.9
8168	18	450.8	436.6
16168	9	388.39	383.79
9160	9	380.08	366.28
16644	12	350	346
978	18	367.88	362.03
11127	4	427.1	426.4
6166	18	368.1	367.8
17333	8	442.4	440.8
5724	18	420.47	416.27
2023	7	425.8	423.6
358	18	350.4	346.7
2340	7	387.2	386.7
19210	4	380	372.1
14046	18	374	272
1063	18	418.99	418.29
15193	9	401.95	393.95
16167	6	401	390.55
12675	15	408.4	403.8
9121	3	409.7	408.2
12072	9	452.3	449.8
16271	18	387.85	380.35
19010	4	375.4	373.8
13892	18	393	303
7181	11	421.2	401.9
5055	18	408.91	401.01
17543	7	354.92	352.82
12380	18	366.5	366.1
9969	18	405.5	403
4776	9	382.35	366.75
16165	9	378.26	376.36
1722	4	403.45	401.35
18874	6	374.19	370.99
13171	9	384.3	374.5
15452	18	292	290
17125	6	422.3	412.7
11294	3	407.2	405.7
16926	1	418	416
12507	2	382.26	379.76
11693	4	378.03	377.13
9746	18	424.85	346.65
15853	9	368	338
15660	18	398.76	392.26
1667	9	398.4	383.1
9906	9	389.48	381.98
18626	6	370.49	366.89
9372	18	408.3	400.6
926	1	368	366.95
6498	9	376.2	375.9
4237	18	430.16	421.26
8742	3	426.2	425.5
13888	18	375	213
18710	1	388.03	387.73
17576	3	419	417.8
13790	12	266	235
11672	6	419.36	418.56
15467	18	368	214
5026	18	384.5	375.7
13471	18	546.35	430.6
1254	9	407.52	392.67
13503	9	423.75	354
17542	2	385.76	385.26
18997	2	438.84	437.24
18950	7	429.35	410.75
13433	3	422.6	421.95
62	18	373.2	372.55
10698	3	400.9	400.6
2015	4	409.9	407.9
10893	7	364.8	352.7
4575	18	450.94	444.74
7829	9	418.99	415.59
10695	6	405.55	397.95
2012	9	405.4	402.35
19186	3	425.83	424.63
11667	7	367.4	352.7
17596	6	416.5	414
17747	8	429.63	429.03
17593	7	414.25	413.65
554	18	369.25	363.45
4207	9	386.15	379.75
5277	2	374.6	373.4
19418	7	421.11	412.61
16312	6	415.2	409.4
441	9	367.53	344.73
19234	2	421	417
16913	9	418	412
18926	2	423	422.3
15196	38	386.75	385.05
19222	3	475	473
19290	1	375.8	375.75
15305	18	373.8	364.9
2719	9	402.09	388.59
15134	7	419.11	384.96
12836	2	421.2	418.1
5590	6	410.2	390.5
16314	9	397.7	394.8
18880	4	375.41	374.91
3608	3	391.8	389.6
12016	18	447.71	441.86
2176	7	380.28	372.93
19126	1	386	385.8
19441	6	420.21	417.51
12251	7	422.7	421.2
10457	6	440.25	437.35
1000	18	347.08	343.18
1774	6	419.57	415.87
17699	7	467	455
1339	1	381.1	380.9
11217	9	349.44	348.34
4600	7	394.2	390.1
19761	7	460.7	452.9
5229	12	377.9	353.6
2082	9	378.23	368.23
16744	15	441.8	438.9
12479	4	424.6	420.4
2359	6	415.71	411.71
5111	7	376.21	369.51
10123	9	413.6	407.8
19010	2	378.05	375.4
15265	7	340	330
18967	6	380.37	378.47
11285	1	405.7	405.5
13956	6	373.92	328.72
17883	6	409.8	404.8
14177	18	368.19	367.74
19766	18	440.57	439.47
15476	18	246	220
16054	12	342	204
15817	7	398.9	381.6
5011	9	363.55	358.05
12378	18	345.9	345.9
14611	1	422.52	422.22
13435	18	418.7	410.1
10695	4	406.15	405.55
19647	2	387.8	384.2
1904	18	367.6	364.93
2742	9	367.5	362.55
5365	9	402.75	397.65
6940	18	375.88	374.02
16179	18	413	410.6
12352	2	375.71	366.11
17410	6	367.8	366.95
19280	7	406.29	405.09
12292	18	366.46	358.56
19539	3	422.7	422.1
16710	2	414.6	414.35
2422	9	431.11	427.41
16566	2	416.1	415
9872	7	383.68	368.78
14025	12	356	336
7998	2	373.9	369.9
2403	6	394.85	368.55
892	18	341.4	338.1
5333	9	395.8	395
3869	9	402.75	362.75
12464	9	364.35	334.65
11323	12	391.4	389.2
4782	6	370.29	366.29
17438	6	420.4	411.4
16084	18	351	110
3000	18	418.59	415.89
2223	2	381.7	380.3
17540	15	363.15	357.65
15120	2	419.25	418.75
18963	3	408.98	408.48
7397	9	363.81	353.81
4052	4	391.15	389.3
1429	18	333.89	330.51
6537	9	394.54	375.04
12360	6	395.66	386.06
15145	2	384.97	375.97
17704	7	444.46	443.76
11256	5	371.32	370.12
18722	6	375.65	364.65
13025	18	350	260
39	7	391.85	378.2
19429	6	415.8	414.1
13861	9	377.7	347.7
2716	7	474.35	472.8
15762	6	397.82	373.82
13912	9	437.2	432.4
958	9	371.65	362.65
17421	7	454.9	445.4
2899	1	403.26	402.46
9132	1	425.2	424.9
10434	15	64.35	-902.65
1771	6	420.43	413.23
3110	3	430.7	429.15
5530	18	415.66	406.66
19125	7	380.9	373.5
1922	18	377	373.16
18890	6	426.6	423.4
17485	2	439.65	438.65
13480	18	519.1	434.1
19402	6	398.5	395.5
1070	9	333.2	320.51
3989	18	401.07	396.12
5149	2	384.67	383.57
4254	6	443.5	422.9
14994	9	370	316
14064	9	361	360
13406	18	302	262
16874	1	415.7	413.4
2447	12	350.1	349.7
1384	8	410.08	406.38
16794	9	387	365
17934	6	403.22	391.62
5558	9	374.63	365.63
728	18	435.81	434.61
14369	12	371.69	364.59
18946	9	386.7	375.6
3260	9	385.47	376.47
1239	9	381.8	369.35
19302	4	363.55	359.85
5230	12	381.7	340.2
14788	6	420.45	417.75
14995	9	374	324
2175	2	382.42	381.32
12250	7	422	421
18885	18	372.15	371.75
13693	18	428.1	419
7852	18	390.6	389.2
19279	6	414.88	408.23
14589	18	434.19	433.39
19025	1	421.5	421.3
8780	9	452.66	444.46
16675	9	410.9	408.41
14938	2	420.9	418.6
14304	18	431.86	431.46
2909	1	421.72	421.37
9795	9	423.3	388.4
3686	9	376.66	372.51
12520	1	398.9	398.4
6762	7	393.15	382.65
15832	9	418	378
17464	36	424	368
2357	7	416.09	414.59
4227	6	416.75	413.55
4224	3	420.85	419.35
16313	6	417.5	407.7
13897	9	402	398
12949	7	417	383
12116	7	385.01	383.21
4614	18	471	469.5
6103	3	440.19	439.09
754	1	417.46	416.46
19641	1	387.7	386.8
13359	2	389.82	388.02
1055	9	363.1	359.1
1375	2	376.26	373.86
2045	4	376.77	375.72
18959	7	423.8	420.4
14573	3	470.13	469.63
2706	9	410.6	401.3
1412	7	420.56	411.06
1044	9	346.5	338.7
12935	18	441	265
19057	12	404.36	396.76
13360	9	380.57	372.97
8440	9	381.7	380.6
19763	7	462.43	452.63
3003	18	419.2	418.6
7770	7	391.4	389.8
19245	3	460.9	459.4
12234	1	428.1	427.7
10947	9	403.5	403.3
7438	1	424.9	424.6
12412	4	381.92	377.52
17378	18	412	142
13342	9	387.26	386.96
19034	1	439.3	438.95
11695	6	374.99	370.39
10403	6	420.1	417.1
11765	4	381	374.7
19049	6	411.3	410.6
15819	2	387.69	387.19
16568	2	410.8	409.6
7508	6	420.42	413.12
14325	18	418.55	410.35
15882	2	385	365
16865	38	353.92	352.12
4249	18	433.27	430.77
19239	18	405.7	364.7
11476	2	383.35	382.15
14480	2	417.94	417.74
17546	9	346.84	345.14
10702	2	405.9	405.6
7038	9	377.26	376.06
1322	6	420.81	419.41
14931	35	407.25	399.75
1366	7	494.15	434
13082	9	386.83	370.33
16046	18	437	197
14250	7	414.78	409.88
19312	1	429.4	428.6
15775	9	424	422.9
9161	7	384.26	381.66
15290	7	418	406
943	11	339.72	332.52
683	18	370.8	368.61
3105	18	409.96	406.96
3251	7	418.03	411.53
8631	2	421.23	420.63
17128	6	417.8	415.1
10547	9	359.05	348.75
15364	3	413.97	411.87
17347	4	385.77	384.92
4286	6	416.46	413.46
18958	1	427	426.85
12291	18	365.12	360.32
19234	7	417	365
14882	9	385.8	383.8
18993	18	472.8	462.5
6040	18	382.07	381.07
11416	3	410	408.7
11424	15	360.65	357.75
14065	18	385	265.5
14857	7	427.91	422.41
6210	6	405.59	396.79
5276	18	543.6	435
15497	18	476	351
15697	6	407.6	405.1
12089	1	400.5	400.2
8457	3	404.2	403.8
16925	7	416.8	404.8
14992	6	424.21	415.86
19429	3	417.5	415.8
8531	7	426.9	425
14707	9	360.1	356
17457	38	384.62	381.62
14609	6	422.32	419.42
6762	9	382.65	381.75
12231	1	428.8	427.9
304	9	380.28	371.08
8069	11	368.65	368.35
10773	6	402.35	395.45
4014	18	446.9	431.5
15800	18	353	283
15208	9	382.41	369.91
17439	3	381.71	380.11
2971	4	384.15	380.05
10888	2	381.74	377.24
17375	6	417	360
19486	2	379.7	379.3
296	9	379.75	355.65
19242	9	455.05	451.25
4348	9	392.12	391.62
7108	9	415.58	409.48
16865	15	345.92	343.92
8465	6	412.8	404.1
2621	2	403.38	402.58
16541	38	412.4	412
9878	18	398.95	395.45
11324	12	393.65	390.45
297	18	355.18	354
40	7	396.55	392.2
17014	18	396.7	394.4
12487	2	426.13	424.63
529	6	368.9	356.1
17198	1	460.4	460.1
2914	1	417.68	417.38
9267	4	400.9	399.6
19266	18	396	273
18911	18	469.91	469.31
1153	9	415.7	409.7
7007	9	385.32	384.27
863	9	370	366.9
17752	2	414	413.25
3026	9	381	360.45
15448	12	344	338
14235	18	415.6	399.8
19744	1	406.5	406.4
12778	7	415.81	402.11
18826	18	399	176
2252	6	396.16	390.46
15919	3	428	424
8456	1	422.8	422.5
8150	2	371	367
607	12	423.31	410.16
310	9	383.11	381.81
1793	9	403.55	395.55
2449	18	371.5	365.5
2714	9	408.3	398.4
16945	9	384.09	351.09
2446	9	351.3	343.5
230	12	337.75	335.2
8833	9	388.99	368.39
19361	2	443.66	442.26
16728	18	381.7	123.7
17710	11	444.53	443.93
19363	2	443.79	442.59
13085	9	403.7	369.7
13430	1	394.9	394.6
10487	1	421.6	421.3
15285	9	408	388
12770	1	418.87	417.17
3877	1	420.05	419.15
16686	18	363	223
19244	3	461.8	460.85
16302	9	394.1	389.4
10097	12	359.51	358.71
16225	3	426.65	426.2
10534	7	380.86	377.96
580	4	374.63	373.73
1394	1	427.71	427.31
17845	7	368.1	366.5
6081	18	352.8	314.38
14384	1	417	416.7
10303	9	417	402
15253	3	397	395
19118	4	383.4	381.6
19689	1	389	388.65
9324	9	466	445.6
2224	2	409	407.75
695	18	368	364.76
1539	18	353.97	352
5735	3	426.9	425.8
12442	7	420.4	418.3
19545	7	465.35	461.55
2105	12	368.6	363.45
273	18	350.2	349.73
17583	7	426	423.2
2285	7	413.42	411.32
19006	3	400.2	399.1
3777	6	369.55	333.95
15866	12	372	364
4550	7	409.94	409.44
19390	9	372.6	372.3
14506	9	387.72	386.32
10674	4	423.4	421.3
18936	1	412.97	412.17
15238	7	435	417
15711	18	388	290
16954	15	460	260
14247	8	413.36	412.66
19178	2	433.79	433.09
1294	18	381.05	377.75
13496	39	409.3	375
16099	18	374.67	373.07
18908	6	472.24	470.44
19442	2	420.78	419.28
19646	1	386.1	385.2
19114	4	371.58	369.48
16739	1	458.1	457.8
11530	1	419.8	419.2
16745	15	429	426.5
13924	2	398.4	397.5
15550	2	426.23	425.98
12778	38	421.31	419.81
15042	7	416	394
18908	7	470.44	469.84
18968	3	380.07	379.72
17459	18	259.84	119.84
17299	1	381.3	381.1
2995	18	434.03	429.63
17592	6	416.8	412.8
13419	2	384.2	381.5
12237	7	420.6	420.4
97	7	382	376
5631	9	396.7	395
3291	1	401.3	401
15800	12	385	353
12775	6	420.66	419.56
10304	9	444.2	438.7
10394	9	363.9	357.9
1838	18	417.3	413
13791	18	460	342
3956	6	417.58	408.38
3872	3	404.8	403.4
19188	2	444.6	439.3
17466	4	419.4	414
383	9	365.5	364.85
5542	5	374.36	373.26
3577	6	416.26	412.26
338	18	432.29	421.74
19750	11	434.17	427.27
18774	2	393.05	390.9
17453	38	383.41	382.31
17706	38	423.3	422.1
19551	7	462.1	461.65
17549	3	384.55	380.35
12229	6	429.4	423
19364	2	444.2	443
6620	3	415.53	414.83
13855	9	396.3	373.3
12849	9	407	405.7
11424	3	400.45	399.15
441	12	344.73	340.38
1391	6	426.46	422.66
12788	7	417.52	400.72
10404	1	421.1	420.8
14574	1	471.05	470.65
15182	12	362.6	360.8
320	9	337.56	313.11
12101	2	420.67	419.27
16922	12	362	322
2643	9	416.83	409.53
11706	18	329	288
18847	7	423	337
19105	9	389.99	382.59
18792	6	375.1	367.7
19125	4	382.8	380.9
9489	3	405.15	404.15
15742	6	365.6	357.5
17544	2	385.35	384.55
6076	9	390.7	379.5
4107	3	419	418.5
19723	2	423.7	421.6
17864	2	387	383.75
12092	4	403.5	399.3
17011	9	381	373
9872	2	392.78	389.18
743	9	397.28	394.88
12768	3	403.93	402.73
19409	2	429.14	427.84
12943	12	375	352
12497	2	413.4	411.4
19185	2	433.25	432.75
10889	9	375.97	371.47
3543	9	420.53	414.18
9229	7	384.09	373.69
3544	9	416.91	416.41
99	18	365.7	364.9
17196	18	447.2	444.6
348	9	353.3	346.75
943	9	361.82	339.72
19342	7	415.8	386
389	9	363.8	359.85
1635	9	409.03	406.68
9567	18	439.2	428.5
1998	18	426.09	420.19
10762	9	374.57	369.57
17588	9	375	373.1
15383	7	384.9	378.8
11547	9	384	372
3007	9	382.4	365.38
13480	12	555.1	519.1
4785	9	390.86	384.86
2998	18	422.69	419.39
19639	3	383.2	381.9
19743	7	394.8	392.9
8207	6	375.81	372.16
14802	9	368.31	345.76
1447	18	478.69	441.69
7782	9	429.9	428.4
17450	1	382.35	382.15
16736	11	421.9	419.9
18882	7	394.58	392.48
14432	1	424.02	423.32
206	18	313.14	287.24
5365	7	410.3	402.75
7098	1	422.07	421.57
12563	6	427.51	424.11
6110	9	414.91	413.91
2511	18	436.85	424.7
15314	6	427.6	419.7
16917	18	409	241
19427	7	462.1	460.8
17457	3	381.62	376.62
5526	18	420.6	413.9
13548	18	357	325
9121	7	408.2	407.3
6277	6	397.08	393.58
5275	7	454.3	452.8
4604	14	358.46	352.16
3028	9	382.12	360.92
2125	18	410.45	378.7
10742	1	451.73	451.63
15478	18	318	246
13641	18	451	301
10589	7	419.06	408.26
19281	6	416.75	316.55
19192	9	444.9	441
14386	18	385.1	383.2
10113	3	427.8	426.8
753	2	416.61	414.11
2440	12	334	316.5
17134	6	403.77	402.57
4774	9	384.74	365.14
18792	2	375.7	375.1
17841	4	370.8	369.4
1009	18	366.04	362.39
6210	3	406.99	405.59
19057	3	411.26	409.66
15762	7	373.82	369.72
13432	1	396.6	396.1
5366	9	403.25	401.25
5158	18	405.1	396.8
7298	9	402.88	400.58
16637	18	282	90
8811	18	380.46	376.86
2606	18	376.24	366.94
1433	18	332.14	329.54
19267	6	366	322
10693	6	400.2	397.3
6955	9	359.25	349.85
897	9	394.8	390.5
7268	1	428.6	428.3
17340	38	421.46	419.66
823	12	362.1	360.75
19106	18	432.1	420.4
17445	2	384.57	383.57
12248	5	426.1	422
17721	6	421.05	414.5
13099	4	380.16	377.46
16434	9	399	349
2185	7	368.2	363.35
1791	2	397.54	396.99
3053	6	415.77	410.87
18934	1	413.9	413.6
9930	2	427.6	426.1
7856	9	383.8	382.4
2513	9	461.5	444
17529	11	439.8	422.8
15639	2	380.75	376.55
251	18	329.5	326.55
2164	1	428.4	427.7
6063	3	417.54	415.74
15141	6	373.52	370.87
2636	6	427	425.2
19050	3	414.8	412.1
4552	2	418.79	418.29
14500	18	426.6	423.5
7907	9	403.88	393.98
3677	3	416.52	416.32
3016	9	391.45	365.24
14260	7	451.2	444.3
18948	3	428.56	428.11
19289	4	374	371.5
9930	18	391.9	387.2
17550	6	377.73	374.33
16868	3	422.2	421.6
7988	9	410.67	399.07
16105	2	401.64	398.04
13857	9	434	420
17727	18	457.5	452.2
7576	9	410.63	409.58
12677	15	414	406
2060	7	432	408.9
9711	39	394.1	393.7
13450	18	451.7	445.3
17528	7	445.16	440.16
16915	7	407	397
12956	4	424	420
2831	18	452.6	441.03
6075	9	391.26	382.46
10232	1	435.7	435.4
984	9	407.85	392.5
17189	4	373.95	373.2
2025	9	397.36	394.61
7100	2	422.28	420.68
5254	6	417.56	403.51
6401	14	438.93	438.23
9556	1	417.8	417.65
19703	2	401.6	400.2
8204	3	426	424.5
1983	2	421.5	421
8172	18	442.15	442.15
2175	9	374.82	367.42
9477	6	419.4	417.5
15865	18	431	257
688	5	378.22	377.52
1842	12	395.56	390
17571	7	364.7	362.7
10434	35	-1707.65	-2101.65
13112	9	351.6	349
1105	2	406.31	404.41
4753	18	359.95	354.85
8210	1	419.23	418.83
17826	6	367	366.2
15921	7	458	438
1840	2	411.2	410.7
16914	9	435	405
7269	6	420.7	419.8
13020	7	370.05	355.15
11689	4	373.4	368.3
15229	9	316	304
2268	9	377.82	374.82
10443	12	393.2	388.5
11731	18	382.25	379.85
9441	18	357.15	344.45
2069	6	426.8	426
17881	9	393.89	356.89
4143	4	378.93	374.38
8731	18	444.8	443.9
11572	6	406.4	404.4
19644	7	383.6	378.8
3875	18	383.95	369.85
14215	18	375.7	366.6
260	18	333.7	326.7
5804	18	363.49	362.29
19303	4	362.87	359.87
16429	9	310	302
12110	6	375.51	372.06
5149	7	340.67	319.67
13404	18	344	262
18918	7	380.7	377.9
11824	7	410.25	405.85
18903	7	419.31	399.61
17589	9	371.85	369.25
2094	9	400.3	388.3
9267	2	401.6	400.9
8602	2	375.73	370.13
19636	1	390	389.6
7964	5	427.86	427.26
15846	1	421	419
8962	18	403.6	401.7
19427	1	465.9	465.6
1110	2	408.95	407.95
2614	2	397.1	396.2
2168	7	435.5	432.9
601	9	428.65	424.65
1105	9	399.51	398.31
17539	2	420.91	419.01
15210	6	386.47	384.87
15499	18	335	263
1791	7	392.79	388.39
2254	2	495.1	486.6
9772	6	374.14	320.84
10234	1	430.3	429.9
17017	1	471.5	470.7
5258	6	417.32	408.02
14009	11	388	380
3289	1	400.8	400.5
17539	9	399.81	366.51
2439	9	348.4	343.1
19489	2	472.8	468.8
2841	4	388.6	384.3
19440	1	416.8	416.4
7820	3	422.12	421.72
3770	2	421.1	420.4
13204	18	347	262
7366	9	388.4	379.6
13492	18	486.04	476
17451	35	379.14	378.84
17584	2	427.3	426.8
19061	6	415.93	411.83
1926	18	433.33	420.03
10917	9	409.15	407.15
13512	39	419.5	404.3
17544	4	380.05	377.15
3628	9	349.09	346.24
8404	18	401.79	381.09
11670	7	361.4	350.4
9906	7	393.48	390.98
17192	15	460	459
12145	18	338.47	315.97
2650	6	409.23	408.33
15638	2	380.4	379.6
4457	14	446	445
10985	18	309.55	309.55
7689	9	400.17	394.82
10010	6	369.37	356.07
19302	7	359.85	356.75
19635	3	388.1	385.73
9267	1	401.9	401.6
90	9	372.94	368.09
4342	7	423.82	419.52
13822	18	373.67	372.57
1688	6	407.5	400.5
9049	7	445.32	444.72
14508	9	386.51	385.51
17329	6	417.2	412.2
5590	7	390.5	379.4
16193	6	417.1	415.8
33	9	393.7	361.7
17409	1	376.29	373.99
379	9	366.2	364.4
3577	9	410.06	407.56
1340	2	379.03	378.33
9963	9	387.5	387.1
2357	6	419.89	416.09
7703	18	367.47	360.67
12666	18	440	204
16194	3	419.55	418.75
9978	18	459.9	458.9
8969	4	397	395.1
6707	12	363.3	362.4
18839	9	423	375
2676	9	402.57	393.57
17163	6	401.92	398.12
12776	7	418.74	402.19
19378	6	401.9	399.9
19768	12	419.76	417.66
6762	6	412.15	393.15
757	18	360.96	359.91
2011	39	414.9	412.9
9621	7	401.8	397
7846	18	388.25	386.05
15666	2	390.29	372.19
19745	3	389.3	388.7
13406	12	352	302
12796	7	413.8	408.4
17500	9	332.41	327.61
8458	18	431.8	429.2
15286	9	378	364
15636	4	377.1	376.7
556	4	376.2	373.7
558	6	372.8	344.2
12499	3	408.35	408.2
12971	18	323	323
16896	9	423.6	422.1
1275	18	400.27	397.27
15142	7	369.26	362.41
7857	18	386.1	385.6
7760	18	409.55	406.65
2400	6	391.39	379.59
16894	9	393.2	392.8
15494	9	410	302
10937	3	421.1	420.7
13986	1	348.39	347.29
1901	9	386.55	379.2
8235	9	366.9	353.5
12250	5	428.2	427.3
2009	7	411.25	409.8
14063	12	346	330
5653	18	551	453.3
5257	7	407.28	404.98
16074	18	350	254
11282	18	437.98	433.78
7813	7	423.5	423
613	18	377	374.5
18948	7	428.11	418.31
12951	39	352	348
19405	7	444.15	434.6
22	12	372.97	358.97
8389	1	420	419.8
9536	3	428.85	428.4
14895	15	367.15	364.4
16312	7	409.4	407.3
13787	18	310	205
12563	3	428.51	427.51
8803	18	453.8	448.7
12462	9	350.28	335.08
4953	9	415.88	411.88
7942	7	409.55	406.05
17524	7	413.8	412.5
16643	36	436	406
15141	3	374.32	373.52
11155	7	368.45	359.9
13153	2	386.4	382.1
15630	18	363.3	351.6
15853	7	382	368
19159	9	379.42	375.22
16983	18	347.98	347.58
5963	2	421.86	418.46
19019	7	374	372.6
19116	9	405	385
16185	9	391.53	363.93
10806	12	337.43	337.13
5334	9	382	381.5
7444	18	347.6	347.55
5340	9	380	378.6
12174	18	428.85	412.85
8207	2	378.16	375.81
8824	12	394.78	370.93
16606	3	421.68	420.98
4113	6	428	425.8
2744	1	401.83	401.03
15345	15	352	307
19414	1	481.21	480.71
10667	4	425	424.5
19609	2	412.9	411.65
2438	9	350.4	345.4
9227	1	400.42	400.32
14967	15	389.3	389.1
6714	9	350.83	347.23
15452	9	356	344
17468	12	365.72	361.52
5212	7	397.86	394.86
17433	2	410.25	409.8
15009	12	332	294
14996	35	401	391
10495	12	428.5	424.5
18765	1	403	401
11052	7	446.4	445.6
18852	4	375.7	374.4
10016	7	399.88	394.88
10306	9	444.3	438.2
10881	18	448.19	447.99
16953	15	320.5	78.5
12826	3	403.3	402.1
18982	3	386.2	385.4
9713	39	393.8	393.2
19231	7	426	358
3098	9	375.81	365.81
14802	2	372.61	368.31
15513	9	370	332
17286	2	374.1	369.1
10623	9	381.98	373.53
19556	3	422.2	421.8
130	11	362.43	358.53
19391	2	385.1	383.5
2079	3	427	426
15247	7	404	390
205	18	351	351
7186	2	472.5	472.1
9392	4	371.74	369.34
12335	6	372.95	372.93
17723	7	469.27	468.27
14992	9	415.86	412.18
16101	18	373.69	371.99
18811	7	368	288
693	2	373.54	370.14
8970	2	398	397.6
11718	1	435.4	432.9
5080	9	392.5	389.8
5222	6	411.49	408.69
5343	2	475.31	472.91
678	4	375.75	371.45
5118	2	402.15	401.15
11812	18	407	139
752	4	419.39	416.14
5405	9	381.51	376.51
11215	4	352.83	348.13
14212	2	377.3	376.5
12116	6	386.31	385.01
2252	1	397.16	396.16
12970	36	472	459
2139	9	441.2	426
8708	1	428.65	428.05
6604	2	413.75	408.65
15203	6	381.32	375.62
9752	12	378.68	377.73
19191	7	447.15	438.3
8872	1	402.7	402.4
5144	12	367.4	346.6
4736	18	470.75	469
16868	7	421.6	416.7
4785	7	393.06	390.86
13463	9	508.7	459.7
19301	7	363.82	359.02
16829	7	427	417
1512	3	417.38	416.58
5036	18	401.15	379.8
16296	9	383.8	380.6
208	18	308.48	304.28
19541	3	423.15	422.25
15721	2	420	419.5
17710	1	449.93	449.73
9519	9	409.52	408.62
298	2	383.86	383.01
11799	6	420.4	413
1238	9	381.8	375.25
8709	1	428.47	427.87
13959	9	382.68	374.8
3935	18	379.62	376.82
8829	18	423.57	398.77
18852	7	308.45	305.9
19703	6	399.3	397.4
570	9	388	372
6784	6	421.62	419.47
10601	18	458.04	348.54
19101	3	401.62	401.42
17446	6	374.05	372.15
160	12	370.08	361.33
12243	2	427.3	426.4
11636	18	406.45	406.3
3947	18	377.01	374.81
10914	7	392.93	377.03
6463	9	354.87	353.57
889	9	384.55	382.45
13211	6	381.1	379.2
19555	1	422.35	422.1
5449	9	388.28	385.18
9632	1	381.37	380.97
13856	18	373.3	261.3
8704	7	400.49	396.69
17454	2	383.58	382.78
19274	4	375	372.1
16851	9	387	365
14194	18	382.64	380.89
11013	18	458.3	456.9
17726	7	461.35	459.55
7159	1	422.7	422.2
14103	18	390.8	390.3
1068	9	335.2	320.35
12838	7	418.69	413.59
17446	1	382.15	381.95
15316	6	427.8	419.5
3255	3	429.65	427.95
113	6	404.26	394.46
5223	2	415.13	411.03
11309	9	386.05	378.05
12922	3	422.7	422.4
11303	9	367.48	354.58
2390	2	427.57	426.17
19761	9	452.9	446.2
14941	18	386.34	378.64
5387	3	412.2	409.8
6345	9	407.88	402.68
1297	12	375.96	373.96
3634	9	368.57	367.62
16857	18	333	175
16048	9	417	389
17172	2	456.08	454.98
19103	9	394.72	387.12
12939	1	384.66	384.46
5647	7	427.5	425.6
1289	12	370.57	361.54
128	12	361.15	345
24	18	377	372.8
5342	12	420	413.8
2906	6	420.45	413.1
11405	7	402.85	400.65
17014	38	401.9	401.6
19333	7	383.63	380.63
2111	12	365.9	354.5
11573	4	407.65	405.2
18911	1	474.31	473.91
1350	12	359.6	353
11558	9	414.33	413.73
3208	18	348.13	344.43
2841	9	384.3	363.6
872	4	369	367.1
3511	2	433.65	432.65
17541	2	386.12	378.72
10696	3	405.35	402.55
17471	3	405	403
2564	7	384.61	382.51
12788	6	418.82	417.52
17827	2	373.2	371.2
6709	9	388	366
5254	7	403.51	403.31
18803	18	411	235
19749	12	436.12	434.22
19753	7	452	444
5896	18	429.6	428.1
2904	38	427.45	425.1
35	9	390.6	375.9
14467	6	425.2	418.1
2910	7	418.55	417.95
15892	18	315	143
15278	18	359	305
19349	7	417.8	407
14333	18	409.7	408.8
17077	1	422.05	421.8
17484	6	418.8	407.6
16957	15	468	264
19122	3	385.6	384.5
10360	1	450.8	450.5
5325	9	454.2	453.6
4384	9	400.43	393.23
1289	1	396.94	395.24
5600	1	414.7	414.3
8165	6	426	420
19155	6	396.88	388.88
13338	9	388.79	386.59
19658	2	375.76	370.76
7392	2	420.24	419.14
7225	9	366.36	364.46
19746	6	399.9	396.5
16448	9	350	332
8633	2	419.27	418.97
18789	6	374.45	371.1
17599	6	415.5	414.35
14248	1	419.42	418.92
5644	18	471.1	468.5
13095	9	402.5	400.5
7176	9	458	451.3
19765	6	464.96	462.31
19650	2	374.74	369.04
3673	18	484.52	481.97
17694	8	403.5	402.8
17333	7	445.3	442.4
53	2	411.07	409.07
14646	38	423	421
6921	18	398.08	397.23
15759	18	363.35	361.85
11405	1	404.65	404.25
10010	7	356.07	330.07
9160	7	383.28	380.08
13358	2	385.22	383.02
13196	18	357	225
19330	2	418.5	418.2
2107	1	374.75	373.85
14032	18	350	218
1985	3	421.98	420.52
15835	18	306	110
11666	12	354.65	349.65
6086	18	412.5	401.3
6588	4	420.2	417.8
4389	18	442.35	441.15
1824	7	400.7	398.1
7061	12	354	342.6
12416	9	368.2	364.81
12334	9	420.33	366.63
7856	18	382.4	381.8
17813	4	374.2	372
1999	1	398.8	398.5
15882	18	353	245
12817	1	422.79	422.39
569	9	390.1	388.5
14788	2	421.75	420.45
16860	15	411	164
15461	18	381	132
3345	1	416.17	415.87
13945	3	427.22	426.72
15937	2	349.23	348.13
13156	9	397	380
19377	2	402.6	401.4
2328	2	412.66	410.21
15686	18	434.85	434.25
14444	18	426.6	423.5
10588	2	422.11	421.31
17704	3	446.66	445.36
13313	3	382.7	380.7
16294	9	396.5	393.8
7592	3	441.6	440.9
17748	18	426	422.5
16813	7	410	362
8057	18	395.7	395.5
12604	6	419.95	417.85
6462	6	403.67	400.17
8232	2	369.5	366.8
14641	9	389	379
553	18	368.35	363.3
4078	12	392.8	388.4
13324	9	395	364.1
10450	18	337.85	330.25
307	9	385.29	376.29
19704	2	402.5	401.5
17351	9	427	385
16923	7	428	422
18855	6	374.57	365.82
2029	18	366.45	362.45
15467	9	388	368
15875	2	448	444
16168	6	401.79	388.39
13892	9	405	393
1664	1	387.4	386.6
19771	9	454.53	446.03
6164	12	366.65	359.65
5256	3	415.94	413.09
15765	18	424.9	412.5
15237	9	319	317
10839	1	457.7	457.4
7184	9	452.4	436.9
15209	2	382.92	382.12
4170	18	368.11	356.51
1610	9	380.8	375.8
16266	18	352.2	350.3
908	18	342.94	333.74
16432	18	317	91
648	18	373.6	362.5
7549	18	410.05	401.65
15045	7	447	401
4644	12	365	358.5
10028	4	378.35	372.9
3054	9	386.17	383.77
12728	4	348.95	343.95
2224	15	369.8	363.8
12841	2	421.68	420.58
16614	7	408.2	401.9
19291	2	445.1	444.8
11214	12	353.7	349.3
2099	1	422.72	422.32
19706	2	400.3	397.9
2074	2	433.3	432.8
4425	4	394	391.5
3653	6	461.7	460.3
12243	6	423.8	419.3
544	9	373.95	363.95
11889	9	369.2	366.2
11125	7	423.1	422.3
2958	18	344.5	338.5
13510	39	396.7	366.7
17075	38	421.55	420.25
16675	1	428.41	427.21
6636	18	396.8	396.5
18989	7	462.3	453.4
5361	1	440.1	439.7
19758	18	435.55	432.55
3628	2	357.84	349.09
10913	6	421.82	417.92
5597	3	413.5	413
1842	9	398.86	395.56
17874	9	385.6	365.6
19670	2	388	386.3
3674	38	484.68	484.08
19131	2	459.06	457.86
6077	9	393.73	375.73
19727	6	414.72	411.02
4015	18	444.5	429.8
17439	4	380.11	377.91
11803	1	359.3	358.6
19541	6	422.25	420
10771	6	411.6	410.85
13068	9	373.45	361.95
3146	9	402.64	399.84
19711	6	369.1	367.85
682	6	375	369.5
16889	1	407.6	407.3
5590	38	411.3	410.2
863	12	366.9	364
10467	9	428.6	427.2
18626	4	372.39	370.49
12535	9	391.25	389.15
18991	7	466.7	461.7
10433	7	413.55	405.1
13787	4	380	364
11528	3	415.3	414.1
2286	3	425.85	424.65
7000	1	420.72	419.92
9763	1	419.65	419.4
19660	2	375.32	370.12
13170	9	377	366.7
13530	18	314.5	311
16696	6	412	410
19610	9	401	381
11582	6	396.7	393.6
17533	11	441.72	423.72
5361	6	439.1	434.75
13502	2	464	458.8
19130	1	460.46	460.36
15014	12	340	308
5259	6	418.53	405.03
9177	6	400	390.1
15394	18	353.77	349.81
13733	12	355.97	349.17
14063	18	330	184
12938	2	386.64	382.64
10033	18	412.54	406.14
2075	1	435.7	435.3
12637	2	424.29	423.99
1765	7	448.05	443.35
9962	9	393	392.3
12117	9	383.23	371.43
7172	4	421.1	419.1
7864	2	422.23	421.63
1839	18	413.91	411.21
7450	9	423.6	413.25
2030	6	421.79	408.39
16826	18	314.14	118.14
687	2	381.95	381.25
8484	8	448.11	446.51
715	18	495.1	494.88
12958	4	390.5	382
11799	1	421	420.4
5751	6	417.99	408.39
15035	9	417	379
10016	3	405.08	404.58
6948	9	395.43	381.53
3016	7	392.79	391.44
15219	6	332.4	330.5
4758	2	391.7	391.6
7674	7	438.15	436.15
19738	6	416.3	414.3
19100	3	-0.6	-1.3
91	18	366	364.56
13086	1	418.64	418.57
12952	4	410	387
19286	7	406.8	405.3
13513	4	400.5	396.75
3509	7	435.5	434.8
913	7	417.92	412.82
531	18	367.57	363.44
13868	18	394	263
892	12	346.1	341.4
407	18	416.54	408.44
19539	2	422.95	422.7
14061	18	367	315
19123	7	379.9	376.95
7544	1	422.37	421.77
8647	3	428.7	427.5
918	9	371.35	362.65
14213	3	375.1	374.4
2171	6	379.51	378.51
16702	4	411.2	403.25
19402	2	400.6	399.9
1003	18	358.25	355.95
14690	3	399.25	398.85
19332	6	418.55	415.8
16715	2	454.58	451.68
5386	2	414.27	413.57
19128	38	456.68	455.58
436	39	384.16	383.16
5330	12	392	389
14968	7	391.4	390.7
5053	18	415.45	410.75
14431	2	423.28	422.48
19313	7	428.5	424.15
1769	2	416.2	415.2
2080	9	383.72	373.92
4068	18	433.64	405.34
19193	1	455.4	455.1
7069	18	353.69	348.79
19015	2	429.85	428.85
17724	18	466.57	463.57
9387	6	408.3	400.7
9701	18	459.45	458.35
895	9	355.69	348.09
13851	18	465	343
17579	36	384.15	378.75
5646	1	426.8	426.4
9046	18	465	464.8
12105	2	394.63	392.73
7528	4	401	399.6
8971	4	394	386.1
11422	7	469.2	467.1
17874	2	416.1	414.6
17437	6	419.17	411.17
19346	7	418.2	414.7
18959	1	426.4	426.2
16635	18	456.8	448
19440	3	416.4	414.7
3862	9	375.02	374.12
17126	7	413.3	411
17195	38	460.9	459.7
2185	9	363.35	357.9
10285	2	414.49	414.09
2359	4	416.91	415.71
7593	1	428.7	428.4
13364	6	406.83	396.43
9710	39	394	393.8
9902	18	486.87	478.75
17102	7	416.4	412.4
16015	9	375.35	367.5
16552	9	403.1	398.3
16525	9	423.1	417.3
19630	1	429	425
16658	9	406	370
3038	38	427.6	426.6
2185	18	357.9	352.6
9357	9	437.7	431.9
3151	18	365.28	358.28
9664	9	391.2	390.5
11327	18	368.23	364.73
3629	9	364.03	348.03
17730	18	444.2	442.8
19325	7	394.62	386.72
9313	7	438.6	437.7
7108	3	420.78	419.68
10849	6	355.57	333.57
15499	12	351	335
18730	18	385.84	77.84
16899	7	408.1	407.8
19223	6	421.5	413.5
3998	9	366.83	363.33
12952	12	387	359
8812	18	385.67	373.27
19535	6	384.8	371.4
19331	6	418.35	415.95
10360	7	450	448.5
1679	4	401.2	400.55
16736	1	439.9	439.8
18967	9	375.17	373.27
5028	18	388.15	370.65
11149	9	396.5	367.95
11344	7	424.65	416.65
19416	1	406.84	406.64
17328	1	442.69	442.29
19249	7	433.26	431.16
8225	9	433.79	428.59
10585	6	401.36	400.26
19389	1	377.1	376.9
13131	18	384	378.6
17285	9	374.1	363
11175	6	427.6	420.4
5230	9	401.2	381.7
18952	1	423.29	422.99
9219	9	387.4	385.4
15766	18	417.4	414
5949	9	367.67	361.17
4719	18	367.5	363.5
8820	7	425.85	402.8
14438	6	417.5	416.5
16923	18	422	190
18856	6	375.21	366.41
16706	9	368.33	365.13
15273	9	354	328
6619	6	413.39	409.14
18774	9	390.9	373.05
15899	18	364	277
435	7	418.75	379.15
549	18	357.59	356.64
19626	1	442	441.85
17748	6	431.95	430.65
4645	18	417.85	414.45
7373	9	381.7	377.2
14453	7	390.7	390
19057	1	413.16	412.96
17428	7	454.73	440.93
3010	9	384.74	359.74
19763	12	442.43	441.43
14573	1	470.73	470.43
19558	7	415.57	409.97
11328	6	425	393
10478	18	447.7	446.8
16826	12	352.14	314.14
208	9	326.68	308.48
17283	15	369.2	363.2
16449	18	448	231
3996	18	442.4	426.4
17822	6	365.5	364.9
11831	9	397.05	392.88
584	18	344.02	325.02
1805	7	370.42	351.02
14059	12	398	322
1123	9	424.52	423.04
5313	3	433.39	432.69
19540	6	422	419.6
2352	38	418.7	417.5
17128	2	418.3	417.8
2620	9	374.8	369.8
10044	18	456.4	453.8
14432	3	422.22	421.72
13804	12	346.35	344.85
19288	18	391	227
3541	6	428.3	405.2
9059	18	435.98	434.28
7658	18	430.35	429.85
10669	4	424.7	424.4
3225	9	386.5	385.2
15304	9	377.1	374.8
17454	6	373.98	373.58
19749	11	444.02	436.12
13832	9	384	371
10448	18	348.18	333.98
18849	12	322	294
18903	2	420.16	419.31
11414	38	416	414.8
15206	2	386.79	384.99
17111	15	447.1	444.8
15917	2	423	421
6598	2	411.17	405.07
7868	1	434.45	434.05
12943	9	387	375
19058	3	412.25	412.05
3897	18	448.15	447.35
17195	15	458.2	435.4
15637	3	379.5	378
2161	1	428	427.5
10181	18	421.75	420.5
16877	14	423.36	421.76
14805	12	345.96	343.16
19770	9	453.93	443.43
15213	2	382.98	382.78
17748	7	430.65	428.1
6062	2	411.5	410
7067	12	355.72	342.72
3269	1	415.5	415
15545	18	380.23	379.83
19743	6	395.9	394.8
3511	7	428.15	425.65
15318	6	427.4	420.1
759	18	362.23	360.23
16060	18	397	203
19243	3	464.9	464.35
13415	9	428.2	419.1
16909	18	423	233
11214	18	349.3	347.3
14414	3	393.32	392.22
17811	7	418.6	353.6
19	9	392.21	372.46
19160	4	380.14	378.64
11529	1	418.2	417.6
12942	18	286	248
15470	9	409	401
1687	6	401.5	399.3
12442	8	418.3	410.7
14059	18	322	288
950	18	409.62	400.52
15393	2	385.23	364.83
7038	7	379.16	377.26
8131	18	391.5	390.6
16966	2	421	417
1540	9	371.54	370.29
8465	2	414.6	413.5
4336	18	372.8	372.3
12970	36	477	473
19698	2	388.79	386.19
5959	3	451.19	450.89
14047	9	305	275
2163	3	428.4	427.5
18940	7	437.1	427.9
4048	9	365.15	357.15
17582	2	426.7	426
11415	6	409	407.9
13076	2	399.47	396.27
14355	12	367	361
2021	2	422.8	420.7
15867	18	340	242
14244	7	398.9	395.5
91	7	368.2	366
12633	9	394.64	366.64
1265	12	364.21	360.91
13944	2	427.51	427.11
12506	4	377.13	374.18
10890	9	376.27	370.37
8537	9	375.2	371.2
16102	18	372.08	371.18
4098	9	384.95	373.95
6065	1	419.44	419.04
33	12	397.1	393.7
1984	7	419.9	400.2
12161	18	433.62	422.52
13948	3	427.47	426.47
10010	15	321.37	314.57
11348	18	436.3	436.2
9743	18	405.68	364.48
18725	1	430.5	430.1
6234	9	387.9	384.4
15637	9	374.5	368.1
7964	5	427.06	425.86
15957	18	370	364
2131	18	422.9	384.7
15345	7	430	416
13895	9	391	383
6954	18	388.56	379.46
17839	18	368.4	366.5
9144	9	393.8	382.7
6462	2	405.77	405.17
13025	12	389	350
16648	9	418	408
16899	6	422.4	408.1
19770	38	456.43	455.93
4255	18	405.96	402.46
871	18	367.8	363.8
116	1	411.3	410.3
16975	7	455	453
9044	18	468.7	466.8
8586	6	419.15	414.15
18853	2	377.93	376.33
3686	7	382.91	376.66
17816	4	374.11	372.11
12486	6	427.8	419.5
14249	1	416	415.1
19240	8	463.4	458
2307	18	429.07	421.97
16200	18	438.49	438.39
12105	4	392.73	389.73
7307	6	418.72	410.12
11812	7	429	427
15490	18	390	284
17448	38	384.01	382.01
12677	3	419	418.4
19049	2	414.7	412.2
5211	9	395.24	390.04
19527	7	378.95	376.1
14038	18	409	273
2652	18	401.06	391.31
2026	9	388.29	384.79
2980	1	427.78	427.38
7947	9	380.01	365.91
9520	9	408.02	405.72
16174	18	418.4	412.7
17336	6	418.17	415.57
18850	9	386.41	385.26
17883	9	396.8	366.8
8212	18	413.91	413.01
7962	2	429.1	428.1
10668	1	426.2	425.9
18960	2	426.27	425.6
16974	7	478	474
13782	18	375	310
13366	18	382.75	382
1118	6	419.17	408.77
158	6	375.02	372.92
8840	9	445.16	442.16
13430	6	391.7	389.9
12202	7	416.42	410.12
7446	9	413.3	408.7
18953	3	421.19	420.39
11175	3	428.9	427.6
13482	18	512	495.6
957	9	371.58	359.53
4219	3	407.67	407.07
17710	18	443.93	443.18
13213	2	390.2	387.1
2341	7	389.18	388.43
9738	3	427.4	427
11156	38	357.5	354.8
11283	7	446.74	444.64
5858	9	409.57	405.07
101	9	367.2	366.2
988	9	362.54	348.44
3955	6	418.37	412.17
12410	1	379.5	379
5597	1	413.9	413.5
17105	7	415.22	411.22
18925	7	431.55	430.2
19703	7	397.4	395.6
8819	9	377.52	372.92
3925	9	402	383.16
11156	4	354.8	352
14048	18	374	299
14152	9	428	378
15448	9	358	344
7392	7	404.64	390.24
14662	7	419.3	418.3
754	2	416.46	414.96
14410	18	468.1	458.9
18756	1	387.9	387.4
17866	2	385.46	383.56
16946	9	394.5	380.5
4805	12	392.3	390.2
10547	6	371.45	360.65
11285	6	402.9	401
17568	9	387.62	338.62
12231	7	423.8	422.5
15563	18	408.18	406.48
13878	18	405	260
12564	9	370.1	368.9
16567	1	417.2	417.1
16630	18	380.29	378.89
6210	7	396.79	396.19
13492	9	507.24	486.04
16596	2	381.6	379.7
17934	2	404.42	403.22
3509	2	438.2	436.7
17510	7	414.15	413.75
17514	15	381.3	359.6
615	18	376.6	372.1
11981	7	382.73	381.03
155	9	375.93	361.98
7989	9	411.13	397.33
6758	7	394.35	391.65
6857	7	374.46	370.66
9526	3	406.63	406.03
747	18	369.37	361.62
4229	1	416.96	416.71
14008	18	266	228
3227	9	386.4	385
7764	18	416.2	414.7
5328	9	388.5	387.7
17811	2	420.6	419.6
19457	7	408	388.3
2866	9	389.07	381.12
5119	1	387.87	387.62
2146	18	376.17	356.12
19411	3	477.75	476.45
14009	18	356	320
8071	12	352.82	342.12
19316	7	428.55	424.65
2680	12	390.15	382.55
5144	9	401.1	367.4
7356	15	354.41	350.61
8535	9	370.4	366.4
14021	9	427	387
16856	6	367	299
15936	2	348.58	347.78
9389	6	421.1	381.8
17585	2	425.45	424.95
4970	18	442.22	430.72
19240	2	470	469.4
14659	7	417.96	414.76
12621	9	367.69	362.99
4758	3	391.6	390.9
18785	7	469.3	390.8
15000	9	416	390
11149	18	367.95	366.5
19395	6	380.9	379.6
13962	7	408.7	388.2
4785	2	404.86	401.76
12370	2	401.53	397.73
11125	1	424.1	423.8
15769	12	432.45	426.6
2979	3	428.33	427.83
2420	9	434.25	430.25
15636	3	379.1	377.1
2554	18	397.51	391.51
9068	9	426.9	424.05
19013	2	428.98	427.88
2001	4	397.3	397.1
17208	1	416.95	416.65
2637	3	428.8	427.7
15480	18	326	174
19770	18	441.43	440.93
8582	15	358	354.5
5956	2	378.23	372.38
11418	6	416.57	410.77
16583	9	369.2	364.4
5120	1	396.15	395.55
10905	18	474.8	474.1
3510	6	431.22	426.97
5164	9	417.3	403.8
13906	9	435.7	434.3
15072	2	409.7	409.3
12539	18	346.37	344.02
6863	7	427.67	418.57
16212	2	460.2	459
10945	9	464.8	463.8
12609	1	420.76	420.46
2031	6	420.88	407.73
9229	9	373.69	371.69
9953	6	421.5	420.5
506	7	409.95	408.05
19307	7	428.85	425.2
2994	18	431.37	427.72
1569	18	370.47	368.97
10011	15	318.6	308
11349	18	419.93	417.23
19121	7	384.55	383.7
2068	1	428.2	427.8
15316	3	428.6	427.8
15629	18	360.9	352
19067	6	425.95	424.7
4114	2	428.4	427.7
16807	7	408	356
8827	8	435.15	433.55
13432	18	387.96	385.2
3231	18	404.92	399.12
3013	2	389.82	381.82
1229	12	359.7	352.5
3267	2	412.9	410.9
1092	2	419.83	418.63
11669	6	369.6	358.1
15470	18	401	253
19629	18	413	252
6818	6	400.97	396.87
6651	9	420.16	417.96
5781	9	428.3	415.4
16916	7	427	398
1682	6	405.62	404.62
19209	4	375	372.45
3008	7	390.16	382.41
18845	6	395.2	390.9
5030	9	410	386.5
11295	18	407.94	407.54
18831	18	398.8	175.8
14038	9	411	409
12777	2	424.85	424.25
11730	18	386.94	379.54
2482	12	391.45	380.85
7058	6	416.2	411
1683	6	408.04	389.84
17191	15	451.8	432
2516	18	444.1	433.3
6176	12	356.2	355.9
3654	7	458.45	457.25
16745	1	434.9	434
8384	9	387.48	386.38
15248	1	454	452
8826	7	435.3	434.3
1535	12	329.36	314.86
12706	7	410.6	409.2
1443	18	478.24	466.29
19422	7	414.49	412.24
19130	2	460.36	458.36
8649	2	428.6	427.4
7909	9	402.17	393.47
2494	3	428.61	427.91
17463	36	434	418
16988	18	346.85	343.85
9931	7	421	402.6
8648	4	426.8	426
14111	3	401.8	399.5
14110	7	393.4	389.1
17053	2	420.96	419.96
15128	6	420.25	418.75
7639	18	368.02	363.57
97	9	376	371.25
15501	18	397	155
9979	18	451.7	449
1290	12	375	365.8
17306	2	351.85	350.95
19663	1	378	377.5
12348	3	418.7	418.1
16625	18	383.95	382.85
6289	9	358.82	355.62
18938	9	424.5	423
15550	7	423.53	423.23
16372	6	405.4	404.8
3025	9	391.25	366.65
16372	9	403.5	391.6
17296	15	366.96	362.96
8531	6	426.9	425
2569	9	393.54	392.54
2332	12	358.56	356.36
13365	6	406.87	397.22
363	18	347.35	339.4
610	18	370.05	362.1
5318	7	491	487.8
10694	3	404.85	402.95
10575	9	400.58	397.78
18710	7	384.03	382.03
8388	9	403.9	403
15705	18	366.17	365.77
14111	9	394.9	390.4
7599	7	0	420.2
19378	2	402.4	401.9
19747	6	396.46	393.86
8867	4	401.2	400.4
7293	9	383.4	382.3
1723	12	357.4	351.8
17542	9	353.66	350.76
17285	7	375.8	374.1
15253	7	357	309
19280	6	414.59	406.29
18937	7	431.4	421.6
5591	3	417.3	416.6
14039	18	329	229
14004	18	309	241
11764	18	367.06	359.06
13602	18	460.8	459
19105	2	391.59	389.99
13084	7	420.91	413.11
19455	7	414.9	411.9
19481	7	430.7	428.4
15954	1	429.11	428.11
13417	15	450.25	450
362	9	355.4	346.05
10406	1	421.2	420.8
12241	6	425.1	423.4
4008	18	442.05	431.35
4595	9	394.35	392.4
5209	6	406.76	398.06
15278	7	425	359
8639	2	418.81	416.81
15812	9	431	383
8368	6	376.81	375.21
13136	2	375.44	374.44
14690	7	359.05	342.75
14300	6	405.6	398.6
10302	7	416.96	414.51
19557	6	417.79	411.14
17208	2	416.65	415.65
19103	7	398.57	394.72
15221	11	328.7	326.3
19494	7	401.1	397.6
19416	2	406.64	394.84
3008	9	382.4	364.71
9441	9	378.2	357.15
7612	12	390.6	389.2
5142	9	416.7	406.9
12912	38	399.38	397.73
17576	6	417.8	413
530	4	371.02	367.55
18750	9	413.5	377.5
10684	18	417.06	414.76
17340	6	419.66	419.06
16272	3	396.11	392.01
15215	9	382.62	368.97
15864	38	412	409
17883	7	404.8	396.8
17534	6	450.83	447.63
2376	9	392.17	386.17
12612	1	420.43	419.93
19332	2	420.75	418.55
11997	6	428.9	425.7
17730	2	458.3	456.2
15706	9	370.4	367.4
17865	6	387.68	379.48
17128	9	410.3	408.3
3547	18	418.32	412.72
9051	9	407.3	405.1
17066	7	427.5	423.45
2435	12	337.5	298.5
8069	9	386.35	368.65
15288	12	349	317
16986	1	350.1	349.4
16986	18	347.1	346.6
14212	18	376.5	365.3
14102	9	406	399.8
1393	1	427.66	427.26
15438	7	412	326
4904	1	425	424.4
2186	4	371.85	367.75
68	12	362.78	330.58
14353	18	437	229
17553	7	414.55	403.55
2618	18	389.6	376.9
2716	14	472.8	465.8
15212	9	382.77	369.97
7180	2	440	424
10246	1	386.4	386.3
11149	7	402.6	396.5
4900	18	402.7	399.5
1903	18	368.32	363.47
19349	6	421.5	417.8
941	18	338.84	322.44
12947	9	378	360
9121	1	410	409.7
16866	38	353.85	350.95
1825	6	429.13	415.13
5825	9	391.8	353.8
3499	9	404.44	395.44
15442	12	351	329
19362	3	442.42	441.92
16457	9	409	401
9838	18	490.54	488.29
19126	2	385.8	375.7
15949	9	392.05	390.25
10160	7	421.15	387.15
13531	18	307.8	307
2162	6	427.4	425.1
18841	1	416.97	416.37
2532	9	374.3	371.7
17129	7	417.4	408.6
17109	2	389.7	370
2390	8	415.27	414.87
17708	38	424.3	423.1
16965	9	407	395
19646	9	379.1	372.1
18968	1	380.32	380.07
12826	1	403.7	403.3
12517	18	418.05	410.25
18754	7	386	338
16795	9	394	379
8867	2	402	401.7
12937	2	385.97	384.07
15602	2	402.04	397.44
16892	9	400.9	396.7
16105	7	398.24	395.64
2914	2	417.38	414.98
17103	6	419.25	418.25
13491	9	507.6	486.4
15050	18	340	195
17692	18	358.08	355.38
829	18	493.15	486.15
19739	6	407	402.6
15469	1	402	400
1492	9	426.6	419.3
14660	3	422.35	421.65
6370	18	357.8	353.5
8263	18	441.09	439.19
3884	18	432.84	425.24
8056	7	426.4	423.1
19057	3	412.46	411.26
8710	1	428.14	427.54
2315	9	418.65	414.65
13815	1	427.54	427.14
16456	9	411.26	401.26
19285	7	405.27	403.77
14837	2	406.97	405.67
101	18	366.2	364.4
361	18	346.2	340.45
15294	7	420	358
12162	18	431.46	420.96
16985	18	344.83	343.83
4458	38	449.4	449.2
12236	1	428.6	427.8
9870	9	370.68	369.58
12937	9	373.27	366.37
2413	9	407.95	393.8
4443	18	451.9	450
17076	1	422.25	422
10546	2	400.05	398.05
17472	39	411	397
17692	7	414.58	398.58
9132	39	423.6	423.2
11178	9	378.05	339.05
2859	12	319.8	317.7
10435	9	355.6	349.25
18844	6	395.7	391.9
5961	2	451.98	450.08
16422	1	459.9	459.4
9391	14	368.94	365.64
19211	2	380	376.4
15238	18	413	283
8178	18	441.6	438.35
19558	1	418.97	418.37
19291	15	437.8	436.1
4733	38	474.4	473.4
7994	18	410.95	407.05
17326	1	441.82	441.62
1391	1	427.36	426.46
5954	6	416.1	395.4
1349	18	357.9	350.9
7066	12	354.3	343.9
6760	7	402.63	400.78
17108	9	381.8	375.5
6041	18	381.39	380.69
19116	2	421	419
5210	6	405.26	395.36
17433	9	402.15	398.8
1512	9	413.08	404.58
12789	7	418.15	408.8
11326	18	368.25	364.85
3038	6	424.1	416.1
6398	7	440.21	439.21
815	9	362.6	361.5
5345	7	458.88	453.08
11569	3	420.1	419.5
7052	9	387.04	375.24
3628	1	358.24	357.84
10096	15	352.08	345.78
14707	6	395.6	364.6
18788	9	379.45	374.15
3534	12	361.16	355.46
11694	1	377.82	376.72
17127	7	413.6	410.6
18979	6	378.9	374.7
19527	1	380.4	380.25
2060	18	319.3	313.1
9642	12	333.5	260.5
8825	7	404.82	398.87
6253	9	407.34	404.19
10597	18	434.04	319.04
13357	6	412	409
10915	6	422.27	420.17
7899	9	450.35	444.75
5223	6	410.33	409.13
19153	2	399.03	395.83
15550	3	425.98	423.53
1582	9	410.87	409.57
2006	2	410.6	408.1
15478	9	394	370
17547	3	384.85	380.55
2618	9	399.4	389.6
2173	2	379.66	378.31
16814	18	372	262
6464	6	361.19	355.99
3483	2	409.5	406.7
16420	18	455.5	448.4
17886	6	426.21	422.71
8639	6	416.81	410.81
17563	15	449.74	430.64
19528	2	385.25	384.75
9928	9	360.9	346.9
2380	9	390.68	386.18
9074	9	350.62	349.12
11671	18	340.05	338.5
14494	1	402.11	401.86
604	12	425.03	415.13
3006	9	392.75	368.8
291	12	378.4	332.4
17540	3	419.55	418.65
1336	2	381.45	377.65
17117	7	430.3	427.8
12148	18	344.8	341.8
16887	6	408	407.1
4646	18	420.75	416.45
13088	7	384.6	382.6
2134	18	459.6	390
19176	7	431.69	427.54
6045	18	380.96	380.06
17542	3	385.26	380.26
14494	2	401.86	401.31
16807	3	412	408
272	18	347.6	343.58
892	9	355.06	346.1
18769	7	448	408
19425	6	415.4	411.8
1041	9	350.8	332
19406	2	429	427.8
17691	2	415.47	414.77
18737	18	411	142
824	12	362.3	360.4
10030	7	352.6	350.7
2391	6	426.13	417.73
2832	18	450.3	443.61
19445	6	420.5	418.4
8213	18	413.46	410.06
1511	3	419.04	415.64
19269	9	393	379
11318	9	409.36	401.96
18881	4	375.46	375.16
4735	18	469.4	468.2
2744	9	393.68	389.83
13489	9	475.7	473.7
2989	9	418.38	417.38
19257	2	437.13	436.33
3951	18	373.57	371.37
9789	18	377.05	373.85
16026	7	461.75	459.05
6620	6	414.83	410.33
6994	1	413.54	413.24
19329	7	416.4	414.5
864	9	370	366.5
40	2	398	396.55
1711	18	347.41	343.41
14588	18	439.63	439.43
16515	3	427.5	427
3630	12	345.73	338.93
15202	9	382.79	378.79
741	7	404.44	395.04
19648	1	379.2	379.05
7020	9	397	391.2
15675	9	424.2	421.7
2163	1	428.8	428.4
17581	36	381.17	375.87
18948	2	428.81	428.56
14241	7	401.5	396.9
1117	6	418.04	397.29
17819	4	369.5	365.4
12786	4	418.24	415.94
9226	7	366.38	360.68
15159	18	435.95	429.65
5489	6	515.3	507.45
14950	1	412.6	412.4
12787	6	419.15	417
16437	18	348	152
19337	18	428.8	426.8
13853	18	360	226
9928	7	370.7	360.9
17844	38	373.5	373.1
8707	6	413.3	412.3
13498	4	513.5	500.4
14487	18	400.34	399.04
3552	9	420.88	417.08
17720	1	433.35	432.95
12231	6	427.9	423.8
15760	2	372	370.6
7959	5	427.73	427.33
15734	9	383	371.4
3339	9	372.03	368.43
2018	3	417.5	415.7
18	1	370	368.5
11213	15	357.7	356.9
14661	7	418.25	417.5
19336	1	457.07	456.57
13414	9	427.3	420.6
6008	9	369.48	368.08
7740	18	368.95	366.05
15306	18	374.1	363.2
12144	18	337.03	334.83
19559	1	418.45	417.95
3126	18	409.85	409.45
19395	2	386.6	383.1
18966	7	378.13	375.43
534	4	388.35	383.75
8261	9	441.88	438.58
15607	6	385.26	383.56
11415	3	410.7	409
18992	18	464.8	454.2
17837	4	369.1	367.6
9487	3	405.7	404.2
5600	6	411.2	408.8
19524	1	381.55	381.4
3036	3	427.9	427.4
19241	2	469.65	469.2
2804	3	428.72	427.37
6473	9	365.78	350.68
350	9	353.15	344.45
11017	9	423.8	423.3
4535	3	422.3	421.4
17449	3	381.35	378.05
5977	18	479.15	479
18963	7	406.78	389.78
19091	7	432.45	413.35
9146	9	397.75	383.65
10894	5	369.7	368
7959	5	427.03	425.93
16820	7	408	392
10121	4	366.5	362.4
552	18	368.5	360.65
17444	3	383.26	377.21
7744	12	368.33	364.23
7449	9	418.75	411.65
9327	14	454	451.6
4550	2	420.44	420.14
13211	9	379.2	371.1
2446	12	343.5	340.7
15782	18	420.77	416.97
8814	9	382.2	380.9
8584	6	398.8	394.8
19771	2	457.03	456.03
1576	1	385.15	384.7
679	4	376.9	373.35
16690	7	421	387
16345	2	420.5	417.8
12233	7	425.9	425.4
3275	1	438.2	437.2
16937	9	411	371
16710	6	414.35	413.9
17582	7	426	411
11668	7	367.5	360.7
15395	6	416.95	402.35
12222	18	381.25	374.25
14926	35	419.58	395.18
13213	9	385.6	371.2
10959	35	387.85	386.05
19780	7	407.19	373.19
46	18	378.5	377.2
1578	1	385.45	385.05
5314	3	434.24	433.74
12093	4	395.6	390
19342	9	386	372
3940	18	442.2	439.7
11694	4	375.42	369.02
1937	3	428.2	426
1392	7	423.05	419.55
18790	6	373.3	366.3
2112	6	389.84	384.04
13956	7	328.72	307.92
6796	9	393.09	390.5
9244	9	393	391.3
15444	12	410	388
15029	18	338	256
295	7	459.9	389.9
19659	2	375.42	369.62
16950	3	482	480
502	36	419.1	418
19242	7	467.25	455.05
246	18	338.25	335
19779	7	409.05	406.05
14264	9	384.03	379.83
985	9	407.9	402.4
17115	2	353.1	348
10737	3	403.2	402.5
15047	18	302	220
14856	1	426.74	426.44
6862	7	428.16	419.06
11187	9	339.61	337.61
16988	18	347.05	346.85
18838	2	428.2	424.8
19519	1	383.4	383.2
12252	6	425.2	421.5
19413	1	481.26	481.06
7869	3	432.92	432.52
3916	7	393.7	385.45
1773	3	419.3	419
4536	6	421.5	418.1
9956	1	425.1	424.8
12127	18	408.2	395.5
9161	2	386.36	384.86
17437	2	421.17	419.17
2458	18	478.04	473.94
44	9	379.05	360.75
12013	18	442.63	438.03
12520	9	388.6	354.7
12241	1	429	427.7
15741	2	376.3	365.3
6535	18	423.98	414.4
12240	1	429	428.2
11322	12	392.55	389.85
12793	18	412.02	409.02
12506	2	381.38	377.13
12480	1	426.4	425.9
7548	7	419.52	414.42
10764	2	373.18	368.08
2710	6	409.7	408.5
5712	18	435	431
15130	9	379.1	375.8
16299	2	403.87	402.67
1724	9	380.1	364.8
17325	3	438.46	437.36
12093	1	396	395.6
5936	6	373.11	365.11
4549	2	417.53	416.83
18911	2	473.91	473.61
1393	7	421.06	417.66
18869	2	377.29	376.04
16615	9	397.7	389.9
14739	9	374.5	373
5705	6	412.1	391.6
3088	18	453.11	449.11
14323	9	381.81	372.21
8626	9	376.3	371.2
1777	9	392.88	391.88
65	6	370.7	359.6
10096	7	377.48	374.98
15592	6	421.3	416.8
19035	9	432.2	424.6
9012	12	345.15	340.25
17461	7	431	429
19217	1	392.8	392.45
12604	7	417.85	415.35
18846	1	395.1	394.8
442	6	366.5	360.3
18969	2	376.13	373.98
2009	39	412.1	411.25
16478	9	400.85	392.8
2011	7	412.9	410.4
17577	1	420	419.8
19451	2	401.11	400.41
18856	4	376.71	375.21
16941	36	422	412
3780	5	371.95	370.45
17487	7	478.2	476.8
3046	6	418.56	409.06
10237	9	371.3	360.2
7933	18	374.74	373.54
14803	9	370.78	346.28
6758	9	391.65	390.05
16739	12	429.1	420.1
1279	18	366.29	364.04
6227	2	455.29	452.09
3619	18	311.9	306.94
7417	18	404	403.5
256	18	335.25	333.65
15222	6	333.2	331.75
5416	9	420.19	416.19
3036	6	426.4	424.8
15144	14	353	186
17725	18	458.07	449.67
1285	9	448.58	429.48
16849	15	445	201
19031	7	438.3	432
10689	18	384	380.2
2859	9	424.2	319.8
15845	9	399	363
11815	18	390.34	375.64
7182	9	427.3	424.3
2251	9	389.84	380.74
15448	18	338	245
19233	7	421	411
17134	6	402.57	401.77
19414	7	479.81	470.41
17326	15	437.32	433.82
3205	2	352.65	352.15
12638	9	419.77	418.07
11157	9	396.2	388.8
671	9	366.9	364.2
1231	12	365.98	357.88
684	7	369.87	369.02
12953	12	388	344
13085	6	419.3	418.3
2654	18	394.02	387.42
6795	12	391	389.65
10899	18	475.7	474.4
19771	6	456.03	454.53
19097	1	433	432.6
17443	4	380.17	377.03
14001	9	399.33	379.33
10586	2	403.49	403.09
4093	1	401.5	401
6270	9	394	392.8
12643	3	428.2	427.15
13913	9	377.3	367
19732	7	416	414.2
19013	1	429.08	428.98
9201	18	373.1	372.6
1768	6	407.87	403.37
16340	6	373.08	342.38
10674	1	424.2	423.9
13126	9	352.39	345.59
17504	15	391.3	379.2
3433	18	448.65	447.9
11823	6	408.04	399.84
9329	14	453.3	448.8
18721	2	393.93	391.83
15914	18	378.3	271.3
14384	3	416.7	415.9
2622	9	400.2	369
16596	9	376.5	373.6
3963	18	383.79	377.49
3171	9	451.35	446.35
14213	18	374.4	364.3
11823	7	399.84	396.64
8473	9	442.58	440.58
9789	12	389.85	377.05
16743	15	430.5	429.5
17456	6	377.18	373.33
19318	7	451	441
8485	2	451.15	448.05
13696	9	407.35	406.25
15368	7	409.2	402
3769	12	376.1	370
1779	9	416.14	412.84
15165	9	376.5	373.1
4750	1	455.8	455.2
14384	7	412.5	405
8615	9	385.6	372.2
12912	6	397.73	396.38
19758	11	454.55	440.45
14744	9	396.6	392.4
17842	3	372.3	370.9
872	18	367.1	361.1
3677	2	418.62	416.52
1230	12	359.57	351.57
6237	9	376	375.2
7530	2	413.83	411.03
8387	18	445.2	443.6
15364	7	405.27	400.17
17545	9	348.16	345.26
13328	9	376.9	373.6
6398	14	438.21	437.31
17431	2	377.08	376.08
10089	9	356.6	353
9655	18	404.31	401.61
17692	12	358.88	358.08
19735	6	416.1	414.7
1224	12	358.2	352.2
3565	7	432.1	430.8
14879	9	395.75	393.9
3734	9	422.32	417.82
1753	9	360.25	359.05
3021	9	387.05	360.54
15452	12	344	290
9216	18	381.6	379.5
12519	2	422	421.1
11562	4	415.15	411.2
16367	2	401.66	401.01
19707	1	402.8	402.3
15856	9	420	380
2166	1	429.8	429.3
14583	9	379.82	379.42
17520	15	435.3	431.8
3557	2	420.64	419.14
3271	9	396.1	350.6
17711	1	413	412.2
17722	7	416.3	415.6
7358	18	361.56	360.26
249	12	347.3	342.4
17485	7	438.65	434.85
10740	3	449.63	449.03
5330	18	389	387.3
9739	7	429.8	428.5
2566	6	419.36	417.76
14616	18	392	268
11026	7	420.1	420
5400	6	404.79	401.14
7371	9	382.9	375.6
8355	9	423.1	416.4
17065	2	422.65	421.45
10741	7	452.7	446.9
17845	12	366.5	363.6
2142	9	438.1	425.95
11718	7	431	429.4
18857	2	377.81	376.61
19230	18	345	142
13399	18	373.7	372.7
15656	7	401.34	397.04
1435	18	333.85	322.54
14364	18	412	277
10010	4	371.07	369.37
16182	6	399.24	396.94
11038	1	425.6	425.3
8369	6	376.8	374.8
3677	9	406.92	403.92
3038	4	426.6	425.4
15912	9	380	350
19301	18	348.32	347.82
7525	3	428.3	427.9
996	18	392.09	386.29
2083	9	382.72	370.52
12230	1	427.4	426.8
12448	18	423.64	421.74
16712	7	413.2	405.5
13130	12	382.4	380.4
4569	18	404.36	398.16
35	1	394.1	393.5
11502	18	362.15	360.75
8482	2	454.4	453.9
3012	9	383.75	357.55
6079	12	369.85	364.65
13494	1	397	395.3
19125	1	385.6	385.3
12519	6	420.7	411
5277	4	373.4	369.85
2362	1	427.9	427.45
9852	9	416.8	416.4
19594	6	424.92	424.52
4600	9	390.1	359
8507	18	406.8	404.8
14046	9	400	374
9167	1	422.5	422.3
893	9	357.4	344.1
13859	18	354.2	242.2
9817	18	485.9	473.5
17503	9	421.41	418.91
17507	7	416.2	414.1
17510	2	417.95	416.85
1418	3	382.29	381.79
1611	1	419.58	419.08
5600	3	414.3	411.2
14181	18	375.72	373.57
11153	9	384.8	366.8
8624	2	386.75	386.25
369	9	359.07	358.37
6271	9	385.2	381.8
4448	9	422.35	411.65
7447	1	426.65	426.25
9556	7	415.7	409.3
9226	9	360.68	358.08
397	15	411.51	400.21
17722	18	415.6	410.8
1439	9	341.65	332.5
19292	2	442.5	442.25
19006	7	399.1	394.2
15518	18	369.8	111.8
13839	18	479.5	469
14408	2	379.76	376.66
1140	9	373.1	363.56
10023	18	446.13	443.33
4605	12	358.1	357.7
1110	1	409.4	408.95
11717	2	435.85	431.15
17893	12	377.81	371.31
7599	1	422.4	0
4380	9	397.22	390.52
17543	2	385.72	385.22
10672	1	426.1	425.8
3768	6	416.95	396.15
366	9	354.35	347
11767	3	380.02	377.02
19063	9	418	413.2
6785	3	421.64	421.09
11863	2	419.88	419.58
11476	4	378.65	374.35
15874	7	412	376
8611	2	375.79	375.09
5209	9	395.66	388.06
15280	9	236	211
17102	4	419.8	419.2
1441	7	414.75	377.35
405	15	419.4	404.15
17305	2	351.95	351.05
19430	3	417.8	416.5
15804	7	391.6	386.4
15710	18	411	299
16253	2	402.3	401.5
16928	7	459.38	439.38
4401	2	420.65	419.65
17345	7	384.46	384.11
19292	1	442.6	442.5
12234	2	427.7	424.1
15846	7	421	399
12115	9	393.12	386.92
7866	7	426.3	423.5
19719	2	376.15	374.85
13418	15	456.75	451
15830	9	351	323
17446	4	378.15	374.05
3936	38	383.46	381.36
13793	18	459	346
6460	1	409.62	409.22
14839	6	403.06	381.96
9161	4	384.86	384.26
1568	18	371.75	370.05
157	2	377.33	376.33
290	18	335	334.1
2113	9	377.03	359.23
1758	9	389.39	369.49
15272	7	444	428
7607	12	380.63	380.13
19116	18	385	111
15638	4	379.6	378.2
7391	7	408.9	390.1
15901	36	428.5	415
11051	1	438	437.8
1370	18	384.23	383.83
3270	1	415.8	415
4109	9	369.58	367.88
17192	15	459	436.2
17444	4	377.21	375.31
5753	6	417.12	396.37
12240	6	427.8	422.1
4348	2	411.62	392.12
12092	38	404.3	403.5
10547	2	374.55	372.75
9413	9	398.55	396.55
12442	7	429	420.7
16564	6	416	399.2
10845	18	420.8	419.6
2414	9	405.05	383.85
11284	6	402.5	400.9
2159	1	419.97	419.22
15636	2	379.9	379.1
9702	18	460	457.1
19748	9	446.53	442.23
16900	6	421.88	412.78
3484	39	400	398
538	38	406.88	406.28
19554	2	469.7	468.55
601	12	424.65	409.1
14991	2	425.4	424
4359	6	419.85	417.5
2072	6	430.5	429.6
6060	2	409.3	406.7
16730	9	340	292
8456	7	420.9	420.1
17733	38	404.89	403.89
13200	9	398	376
1868	18	371.75	368.75
3998	7	370.63	366.83
2108	12	366.7	355
19295	4	366.46	363.41
742	3	404.32	402.12
19019	2	382.1	381.2
957	18	359.53	356.78
789	9	430.4	427.1
1377	9	389.36	387.36
14066	18	388	306
3151	9	403.18	373.13
6864	7	429.31	426.41
10497	9	430.14	429.14
5220	2	414.64	412.94
19480	2	434.7	433.51
7307	7	410.12	408.22
1863	7	472.5	471.7
11417	38	414.9	414.5
13441	18	409.3	409.1
955	9	372.1	362.8
1654	18	362.6	355.7
17516	3	440.5	439.6
250	18	337.6	330
3609	37	391.4	331.4
12410	9	376.4	364.5
12837	7	418.45	413.25
11866	3	435.45	432.4
15929	18	343.2	201.2
5542	2	378.56	374.36
19758	12	440.55	435.55
16913	14	392	190
16299	9	382.87	381.87
6818	1	402.07	400.97
539	35	406.62	396.47
8811	12	406.96	380.46
15844	18	270	254
100	9	369.6	367.05
12251	1	429.2	428.5
1303	3	426.5	412.5
14710	4	409.24	408.84
19390	4	374.3	372.6
15218	9	385.64	363.54
15044	18	384	224
669	9	367.9	364.75
7960	5	427.53	427.23
5333	12	395	393.35
3385	7	415.6	397.6
10525	2	429.36	428.86
15473	7	424	366
19092	9	411.46	403.46
13723	12	358.11	355.01
17433	7	409.8	405.15
19747	1	397.26	396.46
7530	3	411.03	410.73
12518	2	422.6	421.6
3936	7	381.36	376.76
15344	7	373.61	372.11
7607	9	381.63	380.63
3769	6	420.2	395.5
15800	9	415	385
538	35	406.28	391.73
12412	12	336.42	332.42
247	12	349.6	342.9
9390	7	435.98	433.08
15132	9	403.8	398.85
4196	9	360.18	357.23
15037	9	410	370
1399	18	364.3	363.35
17716	2	411.3	407.9
9167	6	420.4	410.5
10573	18	415.33	413.73
798	18	405.15	403.8
2329	1	411.52	411.32
19280	2	415.09	414.59
555	2	372.7	370.3
1805	3	375.62	375.02
15268	15	432	231
7365	9	388	379.77
19290	6	372.5	360.8
17829	2	373	370.8
10814	18	457.6	457.2
11403	1	403.72	403.42
16015	2	382.6	382.2
18890	7	423.4	417.2
5935	2	374.55	372.95
7704	18	367.43	357.33
16697	9	449	418
3784	6	372.6	296.5
1790	6	395.82	392.92
18982	1	386.6	386.2
15440	18	387	253
12824	18	389.8	389.5
15503	18	349	263
12095	7	390.5	389.9
3547	9	422.32	418.32
10246	8	372.9	357.3
5163	9	412.6	402.9
356	18	347.15	337.45
16193	7	415.8	405
19206	9	360.2	308.2
19679	2	388.6	387
7038	4	385.16	379.16
17013	1	422.1	421.9
16741	11	438.15	433.65
12091	4	395.6	392
1712	18	347.89	342.79
6061	6	414.1	402
3953	6	418.67	416.07
12635	9	393.08	369.48
7100	6	420.68	417.18
4861	6	402.5	402.4
12843	6	391.7	390.9
12563	1	429.11	428.51
17505	15	390	380.6
13320	9	383.65	368.85
12480	8	416.7	412.4
17585	1	425.95	425.45
2565	1	389.74	389.44
17281	11	348	338
12484	9	379.55	374.65
19175	1	413.7	413.5
14537	18	398.65	393.55
19175	6	412.4	404.7
16295	9	397	395.2
15589	2	423.1	422.2
3114	6	420.46	419.56
15854	18	332	232
9358	9	443.85	434.75
19769	9	451.87	446.87
11286	2	405.3	404
16354	9	368.35	365.35
19279	2	415.38	414.88
3911	18	442.35	426.1
15919	18	348	173
17841	2	373.5	370.8
19546	1	466.15	465.75
18965	7	403.41	389.91
7332	9	370.3	362.3
14033	9	360	356
16644	6	402	386
10498	9	431.41	430.61
19289	2	375.5	374
16640	7	463	453
12464	18	334.65	333.55
231	12	346.5	342.65
943	18	314.92	303.52
6633	18	394	393.7
298	6	374.86	344.06
20	12	377.1	362.7
15717	18	372	210
9976	18	464.3	463
9129	1	407.2	406.7
3017	9	389.2	372.2
17188	38	376.05	373.95
2230	2	429.8	429
8165	14	390	308
19646	3	385.2	382.6
10346	7	426.4	424.4
5148	18	352.9	337.5
45	18	372.8	371.55
19260	7	436.44	433.54
10981	18	306.34	306.34
16063	14	425	313
8457	1	404.5	404.2
1396	12	363	360.8
14452	6	402.8	389.1
3565	1	433	432.7
6469	18	474.1	470.6
687	3	381.25	378.35
10914	6	421.33	417.23
10030	4	378.4	374.4
5210	1	405.86	405.56
158	1	377.07	375.02
12215	2	444.2	443.6
11344	2	425.8	424.65
3336	9	388.62	375.62
15851	9	363.3	362.3
353	12	344.2	341.45
5342	1	436.15	433.15
13357	2	412	411.5
6042	18	381.57	380.17
14839	9	381.96	374.66
19191	1	448.8	448.5
11569	4	419.5	412.2
2186	2	372.65	371.85
12771	9	386.35	385.5
5209	2	408.06	407.26
1538	12	320	285.31
8369	2	381.6	380.8
17544	7	353.85	352.45
4948	6	422.8	422
15364	1	414.17	413.97
17865	9	379.48	363.28
609	18	370.8	363.85
16869	4	411.59	409.19
18919	4	375.67	371.97
2103	12	369.98	363.03
13937	1	423.1	422.7
1296	9	408.35	368.1
15785	18	423.8	418.85
15837	18	436	212
19441	7	417.51	408.71
12354	9	369.08	361.28
1863	1	472.6	472.5
19682	1	38	37.6
19676	2	389	387
15344	3	402.31	401.81
16710	9	405.3	404.6
5517	9	402.94	394.64
2906	7	413.1	409.1
45	12	376.9	372.8
17466	9	371.3	329.3
12202	1	441.02	440.72
3687	9	375.59	372.34
12674	15	411.7	402.5
17134	6	401.77	401.52
19211	4	376.4	374.5
15450	14	392	307
890	18	342.35	330.8
8391	9	404.7	392.26
3250	3	421.49	419.94
15771	18	442.9	428.9
9963	12	387.1	386
15038	12	384	370
10840	6	457	455.8
6603	4	407.05	405.75
1726	9	438.18	429.58
7864	6	421.63	420.23
17297	15	369.46	367.06
14453	6	402.8	390.7
15828	18	329	247
17708	18	413.2	412.3
1289	9	392.69	370.57
17549	2	385.6	384.55
3054	35	421.77	407.77
14077	12	349.48	347.78
4387	18	446.78	443.63
19553	7	467.45	464.05
2073	1	432.6	430.7
19250	2	433.96	432.06
13859	7	422.2	354.2
12467	18	335.6	333.11
8232	12	352.3	349.5
12940	18	380	272
7307	9	408.22	404.52
3744	9	416.61	412.61
4108	6	419.55	410.95
8392	9	402.14	393.24
14930	35	409.05	400.05
6989	18	413.5	405.2
16265	18	352.85	351.35
14017	4	368.2	363.6
8631	6	420.63	406.23
5754	2	413.31	412.56
790	9	428.3	424.9
19390	1	376.3	376
534	1	390.55	388.35
555	18	368.55	363.95
6991	18	412.2	403.8
8636	2	422.12	421.32
10787	12	396.07	392.57
19725	6	415.56	411.66
9772	2	385.64	383.14
2429	9	395.1	394.5
15294	2	422	420
13803	9	372.56	363.06
19158	1	381.14	380.94
8916	3	473.2	472.9
7868	7	433.95	431.45
12971	9	373	323
1684	6	410.76	401.96
15244	18	376	300
10887	2	381.42	378.62
19050	3	412.1	411.6
19036	9	431.9	424.9
1313	6	417.79	416.69
3541	9	374	329.5
2719	18	388.59	383.09
749	6	415.52	404.62
4107	1	419.3	419
19219	2	382.47	380.87
19414	2	480.71	479.81
3731	9	411.68	409.78
15504	12	313	235
19389	3	376.9	374.6
5259	3	419.13	418.53
13788	18	413	327
19611	2	387.25	370.25
19734	7	415.5	406.5
13464	18	457	422.5
7939	6	421.51	419.41
12267	9	364.15	362.3
4481	9	391.7	381.7
18730	0	-12.66	-39.16
6461	1	407.59	407.39
15045	1	449	447
19436	1	404.35	403.7
6456	18	421.7	415.2
8969	2	398.7	397
17008	18	395	269
16745	7	434	429
6719	9	426.3	420.2
130	12	358.53	348.73
9228	1	400.84	400.34
17444	6	375.31	374.61
6388	9	378.3	377.6
9168	2	422.4	421.8
1169	18	322.07	314.87
18748	7	421	351
17176	9	367.5	364.9
2641	9	411.8	405.26
6095	9	383.96	375.36
19034	3	438.95	438.3
1681	39	401.65	398.05
16677	7	425.49	417.19
18963	2	409.78	408.98
19593	2	423.41	423.01
4101	9	382.95	363.55
16896	2	437.1	436.2
1426	6	421.6	421.1
8532	7	428.6	426.8
8641	9	408.82	407.22
4342	3	428.02	427.12
890	12	343.2	342.35
7954	2	420.81	420.01
7984	9	403.1	395.1
18858	2	377.33	376.38
12232	6	428.5	426
11017	7	424	423.8
12463	9	365.37	333.57
8235	12	353.5	351.8
17725	7	462.77	460.57
6272	9	383.4	381.2
17424	2	455.4	455
12372	9	382.81	382.31
19161	2	385.01	382.21
11325	18	366.42	360.82
7524	1	428.5	428.2
18991	1	469.8	468
16340	2	383.48	382.88
8617	18	456.5	455.1
19749	3	460.22	458.12
6082	9	428.91	368.9
5210	9	395.36	390.86
350	12	344.45	338
14659	6	418.36	417.96
3508	7	433.1	432.9
11475	7	404.7	383.2
12195	18	382.17	376.72
4371	18	389.15	379.45
2836	9	453.81	439.7
11188	18	336.24	335.14
13645	18	488.19	486.69
10696	4	402.55	401.15
5849	4	424.9	423.5
12309	9	373.05	366.58
15849	9	411	369
15737	9	383	381.5
2859	7	430.2	424.2
7915	4	369.7	364.7
15120	7	416.45	409.35
18944	7	443	431.5
12676	3	418.2	417.3
17698	7	467	455
3941	18	439.1	435.9
6299	4	377.4	375.25
16979	1	428	426
119	7	420.05	394.5
4733	18	473.4	470.8
3912	18	442.4	426.1
13118	9	351.85	345.55
15561	18	405.59	404.39
895	18	346.19	336.19
13356	9	406.5	396
12677	15	416.9	414
12203	11	392.05	388.35
15914	6	441.3	420.3
13502	18	456.5	446
12951	18	348	262
2899	7	390.81	387.26
13418	1	462	461.6
15831	18	378	222
9048	2	446.95	445.55
8872	3	402.4	401.9
3654	2	461.05	459.55
14661	6	421.75	418.25
2009	1	413.8	413.2
15368	3	415.2	414.6
502	1	421	420.6
19691	2	388.83	386.03
19354	4	359.5	353.1
6240	9	432.3	431
18841	6	412.37	411.17
7903	9	462.3	450.6
5294	9	399.3	398.5
3286	1	399.8	397.3
19392	6	379.6	375.7
17587	2	380.4	379.7
19423	6	412.9	409.3
1433	9	339.63	332.14
19152	9	385.9	382
15207	6	384.79	383.64
13405	38	400	398
1349	12	363.8	357.9
18853	4	376.33	375.43
17744	7	449.7	440.9
12381	18	367.6	366.9
15053	18	353	255
15886	9	408	392
12608	1	420.38	420.08
16922	18	322	252
16311	1	418.7	418.6
10670	3	426.3	425.6
12799	6	410.73	400.38
298	7	344.06	327.06
7816	1	416.7	416.4
2714	12	398.4	390.5
12955	18	438.1	347.6
19740	6	399.9	397.5
17325	2	439.26	438.46
13783	18	425	265
14969	1	392.2	391.8
14415	7	390.82	389.02
18927	6	421.8	418.8
12572	4	389.35	388.15
13333	9	341.99	332.34
15445	12	380	358
17338	6	418.57	415.37
12348	1	419.2	418.7
17751	7	413.7	413
5592	3	406.9	406.4
1028	9	385.62	374.32
6621	6	415.63	409.88
19745	7	387.8	385.1
1681	6	398.05	392.05
89	2	407.27	404.72
9750	9	394.55	388.15
19109	9	388.6	385.1
18848	18	339	123
42	18	375.75	372.15
3618	18	313.62	311.4
16715	7	451.18	446.08
17541	9	355.52	350.62
2977	1	428.48	428.08
11284	1	405.8	405.6
16850	18	343	249
9387	2	409.7	408.3
17189	9	373.2	369.1
2181	18	380.45	377.25
19228	9	455	449
19225	18	383	205
16986	2	349.4	348.4
18807	9	395	375
13897	18	398	274
19195	7	409.3	391.1
435	2	418.75	417.85
14212	3	377	376.5
19397	1	406.3	405.95
3743	9	416.95	409.85
414	18	346.2	336.2
6819	1	403.2	402.4
2333	9	365.26	357.36
16919	7	404	359
206	4	333.54	326.79
1825	7	415.13	379.13
10358	1	452	451.7
16110	2	422.14	420.04
4276	9	398.2	393.9
19018	2	387.8	386.3
19493	6	462	455
4969	18	441.83	431.78
4112	2	375.48	373.28
19251	2	435.54	434.44
1313	2	418.99	417.79
11570	3	417.75	414.75
1333	1	419.6	419.15
19442	7	419.28	410.78
12172	18	397.15	394.35
2078	1	434.1	433.7
17552	15	406.39	403.19
19552	18	462.8	461
10125	9	416.28	411.38
11582	3	399	396.7
1600	6	395.5	341.75
16393	9	417.6	410.05
4097	9	381	371.05
19011	3	421.45	420.5
13326	6	401.5	398.3
11216	9	353.49	348.09
17871	2	429.8	428
8889	18	378.5	371.4
3953	2	420.17	418.67
12817	3	422.39	421.69
12332	9	390.91	388.01
5750	1	420.83	420.68
6211	6	372.55	355.25
19730	1	416.34	415.54
15797	18	416	134
17727	18	452.2	449.3
19256	7	434.98	432.38
9772	3	383.14	380.34
7222	2	373.38	369.88
2230	6	427	424.7
15817	9	381.6	380.9
3269	9	400.5	349.7
15245	18	475	272
19342	18	372	358
5595	6	415.4	402.8
9195	18	475.4	475.3
6078	12	369.18	357.88
13434	18	413.15	406.75
11113	18	428.4	427.8
5650	18	584.13	540.53
17188	9	373.65	366.05
19174	9	397.8	396.2
752	6	416.14	410.84
2712	9	403.7	398.2
2000	4	398.1	393.2
9005	3	426.1	425.5
15099	18	421.05	415.65
16083	14	414	198
5914	18	439.1	438.9
6400	1	438.54	438.14
8707	2	415.8	415.3
16085	18	392	234
17717	2	412	409.4
11689	9	368.3	359.4
14261	2	453.9	453.1
10663	7	430.7	430.5
3273	7	444.8	424.7
11767	2	383.42	381.92
15277	18	407	139
3267	7	410	389.2
4446	1	458.1	457.7
12782	6	420.36	416.86
14683	18	363.13	357.33
14282	9	419.05	417.65
4025	38	402.79	399.79
6712	9	352.31	347.21
18895	7	423.6	417.4
13308	1	381.13	378.13
12372	7	384.21	382.81
745	5	372.61	370.96
17934	7	391.62	389.12
10773	38	407.45	406.45
6463	6	361.07	355.97
19216	7	388.2	384.2
1864	7	410.32	408.52
19768	6	440.76	437.66
15636	6	376.7	364.9
90	18	368.09	368.09
15715	7	395.4	333.4
18911	7	470.71	469.91
19558	6	418.37	415.57
16272	18	390.61	382.11
19175	9	401.9	398.7
17561	15	444.88	431.08
17421	2	455.4	454.9
1690	18	419.46	410.16
16090	7	377.16	371.96
158	2	377.62	377.07
16941	15	412	122
7166	18	450	449.1
12714	12	374	311
5473	18	379.5	377.9
15862	18	422	256
8171	18	445.4	436
16949	12	304.86	304.36
10602	18	400.96	340.06
13364	2	408.13	406.83
10408	6	407.8	407.3
10554	7	425.9	425.5
16225	38	427.3	426.65
1937	6	426	423.5
1271	12	362.98	354.23
8985	18	389.3	382
7598	7	419.8	418.5
12843	2	394	392.3
16272	2	396.61	396.11
4600	1	399	398.5
17569	6	377.8	364.8
12937	7	384.07	373.27
16646	7	422	404
16515	6	427	419.8
18994	18	469.5	465.2
158	9	369.42	367.12
19417	6	422.5	420
12521	7	394.3	388.8
17485	18	434.85	432.65
1135	18	369.18	365.98
19291	3	444.8	444.65
16163	18	360.67	357.27
4509	18	421	413.6
603	18	421.68	418.43
17499	9	428.12	420.92
19760	2	464.66	464.06
3623	9	343.15	316.95
440	18	327.33	327.18
16822	18	448	260
1064	18	403.72	401.77
9958	18	459.8	458.7
17474	7	390	382.9
7446	1	424.7	424.3
13503	3	429.5	428.55
7820	6	421.72	414.12
10969	9	352.27	346.07
13119	2	352.01	351.41
17163	7	392.72	383.92
3198	9	396.84	390.24
2334	18	351.94	348.64
100	6	390.9	370.9
403	15	422.48	408.28
15487	18	292	268
19540	1	423.1	422.95
18793	2	376.25	375.45
19021	1	424.3	424
12789	3	420.5	419.3
1749	18	382.97	380.07
15473	18	366	274
11704	36	448	430
2483	9	392	385.4
9067	12	421.4	419.5
4341	7	422.34	416.54
6770	12	375.48	354.98
2329	2	411.32	410.82
9332	9	392.91	389.81
11215	9	348.13	345.93
5119	6	387.07	367.12
18995	6	434.89	431.14
14039	7	429	349
17327	7	438.08	435.18
10388	18	386.86	380.16
32	18	386.8	380.6
6494	9	375.9	374.2
19129	1	462.16	461.76
16270	18	367.42	354.32
19438	1	396.91	396.66
14450	9	413.46	413.06
6010	9	364.27	363.27
2441	18	316.59	312.69
15770	12	447	440.35
16397	9	415.49	409.49
17461	18	429	183
263	18	347.6	345
19417	1	423.5	423.3
15040	18	410	278
19369	6	401.5	399.5
13785	18	422	288
6400	14	436.04	434.84
19751	12	428.04	425.54
1322	6	419.41	412.21
17196	2	449.62	448.6
16768	18	323.89	302.41
5270	3	448.6	447.3
6819	6	402.4	398.9
19215	7	402	390
19354	7	353.1	349.5
9849	18	491.97	488.97
15206	9	383.19	369.79
12201	7	439.02	406.02
9329	3	453.9	453.3
5387	7	409	397.5
808	9	412.75	409.45
8826	3	436.8	435.3
19002	2	375.42	371.12
4942	18	376.4	374.6
7364	9	395.2	393.2
14614	3	422.24	421.59
12358	9	369.28	362.38
7186	9	472.1	451.5
15799	18	277	203
17722	6	422	416.3
9328	18	455.2	451.7
10121	6	366.9	366.5
118	9	386.66	346.26
10694	6	399.25	395.05
18757	1	393.3	393.1
16878	2	428.93	427.73
6642	18	389.8	389.6
16970	12	377	301
19014	3	428.57	427.37
15941	39	347.79	345.74
19547	3	465.2	464.8
8547	9	392.3	390.9
10900	18	477.8	474.4
19215	18	375	132
18790	2	376.3	375.6
1925	18	434.53	420.03
18867	4	377.18	374.28
4445	6	456.7	455.6
19255	7	434.36	432.16
13894	9	390.4	386.7
39	9	378.2	374.95
17104	2	420.51	420.06
16598	9	465.97	463.07
17881	7	408.89	393.89
506	2	414.35	413.95
8924	18	434.5	339.1
12534	18	391.9	372.8
6061	3	414.3	414.1
19340	1	384.56	384.06
10586	1	403.69	403.49
16164	3	384.88	380.88
2161	6	426.5	422.8
9638	39	370.87	367.27
682	3	377.7	376.5
17469	18	358.09	356.89
5448	9	386.55	383.15
13356	2	411	410.6
14351	6	467.78	456.88
681	2	379.69	378.39
16852	18	372	188
11691	2	382.04	380.34
678	2	379.75	375.75
503	1	421	420.6
12681	1	413.9	413.5
1335	35	424.02	384.02
1108	9	397.7	386.34
14968	3	391.7	391.4
13462	9	476.6	471
2855	9	378.3	373.3
11001	9	426	423.8
16043	18	354	253
3114	2	421.76	420.96
12823	18	389.8	386.8
8825	9	398.87	361.62
19114	11	365.18	364.08
2438	12	326.6	300.2
2909	3	421.37	420.82
758	9	374.38	363.98
89	7	397.67	392.27
9228	9	369.54	366.34
15267	7	337.5	324.5
5366	2	421.1	415.05
7279	1	471.1	470.8
4757	9	370.81	359.11
2018	1	417.8	417.5
5345	9	453.08	452.58
3265	6	417.3	408.9
19252	1	435.17	434.17
11154	7	416.65	403.25
19493	7	455	450.9
8649	4	426.9	426.3
19730	7	411.94	411.74
12787	7	417	405.65
19121	4	385.9	385.3
19056	3	413.01	411.81
1040	9	381.59	376.39
4226	6	417.19	414.99
13532	18	316	314
9149	9	367.8	362.05
17871	18	398.5	394
1577	1	383.85	383.35
16965	7	411	407
12512	2	425.54	424.24
12684	36	470	450
11527	6	418.55	407.3
9697	14	444.99	443.19
13948	6	426.47	421.77
15805	2	392.44	391.64
15920	3	428	424
8961	18	403.3	402.3
15827	9	324	284
15049	2	422.34	421.24
15841	9	446	442
12780	18	386.45	378.45
8872	3	401.9	401.4
16991	2	351.3	350.2
5574	7	366.99	366.59
13076	6	396.27	380.67
14236	38	421.6	419.4
19452	6	422.06	402.66
1869	9	442.4	428.4
2604	18	374.76	362.76
5671	6	416.41	414.61
6776	18	409.1	399.5
4365	6	419.53	417.73
3953	6	416.07	412.07
415	18	345.15	339.7
19728	6	413.42	409.42
4922	9	405	385
8354	9	422.4	416.6
13434	1	414.75	414.4
1680	6	398.38	393.38
7772	2	423.1	421.9
15078	18	474	470.4
12221	11	395.32	388.42
2223	7	379.7	372.8
9937	2	420.85	420.05
1339	4	380.9	378.9
12240	3	428.2	427.8
7605	15	375.95	374.9
12607	1	420.38	419.93
15806	7	391.64	388.44
14009	9	400	356
6013	18	355.36	347.71
442	9	351	347.3
15828	9	393	371
19286	2	415.3	414.6
18944	2	443.5	443
9906	2	406.18	405.08
15717	9	404	372
14641	12	379	347
15825	9	412	378
10453	1	442.3	441.6
17717	12	401.8	400
15012	9	418	408
2121	7	420.4	412.4
13468	18	474.5	471.9
12243	5	425.7	423.8
5210	3	405.56	405.26
14897	8	369.1	368.3
1680	39	401.38	398.38
15524	18	426	280
2557	6	403.24	390.64
19533	2	414.15	413.7
19382	3	373	372.6
6008	18	368.08	364.08
16337	9	349.7	338.9
2504	9	435.72	435.72
12235	1	429.2	428.8
1036	9	389.4	386.5
3210	18	346.65	342.85
13116	9	351.9	344.8
9147	18	358.7	352.3
19550	6	417.6	414.2
18806	18	387	230
9223	9	400.54	362.59
15312	38	430.1	429.3
18810	18	292	68
13128	9	352.09	344.09
3498	9	399.82	394.92
5227	18	471.45	467.55
111	14	340.2	333.5
5784	9	430.9	416.9
3670	7	419.15	415.15
15740	2	383.6	371
11419	2	419.5	417.8
14009	12	380	356
17694	18	368	365.5
14610	3	422.33	422.03
19750	12	428.27	419.07
7528	1	402.1	401.8
6068	9	426.6	419
15243	7	413	339
12611	6	419.34	416.24
17348	1	387.1	386.93
3977	7	390.11	380.11
13321	6	385.88	382.73
17893	2	429.31	425.31
688	3	382.72	378.22
13794	7	488	464
9324	3	469	466
18998	6	442.17	436.57
12200	18	383.66	380.26
19663	2	377.5	372.9
12411	1	380.99	380.59
14991	7	418	417.25
7847	18	383.8	383
13333	18	332.34	331.64
7532	6	413.97	404.17
643	1	423.44	422.69
2233	12	354.95	353.95
17812	2	402.7	402.3
18879	6	375.1	370.95
12248	2	427.7	426.3
14110	3	402	398.8
17196	15	444.6	441.9
10958	9	395.4	381.3
2158	38	420.02	419.27
8753	9	395.8	395.8
6794	12	391	389.69
1395	9	353.81	348.31
13417	1	462	461.6
11088	9	398.1	396.9
11920	3	438.9	437.8
4266	18	423.44	421.24
9853	18	403.87	400.27
14276	9	405	403.1
16808	18	404	172
13400	1	417.3	417
11575	1	407.9	406.6
12949	12	355	339
6666	9	412.39	402.79
19778	1	383.19	382.19
16212	18	457.9	457.5
16192	7	415.7	403
14761	7	421.54	418.54
2128	18	428.1	389.6
947	18	406.2	396.2
2441	11	345.49	322.69
18912	7	475.8	471.7
12306	2	377.99	376.59
2355	38	420.73	419.98
14640	18	336	262
7092	9	396.94	390.14
16980	36	420	384
12366	9	395.21	381.81
5632	18	393.5	392.7
17013	7	419	410.1
12538	18	393.8	374.3
19429	8	409.8	409
203	9	358.5	350
3139	2	376.91	373.21
17729	7	452.4	450.3
19528	4	384.75	383.9
9147	12	367	358.7
10425	3	396.3	395.2
16855	9	398	328
4219	1	407.97	407.67
15804	18	386.4	142.4
4965	9	407.27	406.27
14969	15	391	390.4
19193	7	451.9	445.4
9657	18	404.39	400.69
16259	18	326.2	252.2
15858	12	382	369
19015	6	426.65	424.2
7184	3	462.9	452.4
19097	6	429.7	429.25
18873	4	376.21	375.81
10623	18	373.53	372.13
2138	18	423.5	390
7593	3	428.4	427.8
15805	18	386.44	142.44
2290	6	404.15	399.4
5137	3	428.1	427.3
17842	12	365.6	363.2
9373	18	407.3	399.3
750	6	415.51	413.91
6080	3	408.9	407.3
12371	9	381.94	367.34
19104	9	394.89	387.09
1042	18	334	331.7
1465	9	407.79	406.39
15606	9	384.55	376.55
11826	9	395.6	395.6
10705	1	407.85	407.55
15854	7	382	366
13296	18	417	406
14541	6	406.2	403.5
19429	8	414.1	413.2
16821	6	431.8	425.8
3993	18	449.05	431.55
19727	1	415.52	414.72
8827	3	436.85	436.15
2166	3	429.3	428.7
7522	7	427.3	425.4
19457	12	388.3	379.3
14333	12	413.2	409.7
6400	3	438.14	437.64
19012	2	421	420.3
3373	3	429.7	429
8555	18	472.7	472.7
745	18	370.96	362.36
19376	2	402.6	401.5
12409	9	372.41	363.41
4194	9	393.93	389.73
12308	9	369.12	361.12
742	7	402.12	395.57
3483	1	410.1	409.5
8611	4	374.09	371.59
19276	6	371.9	369
12237	1	427.6	426.8
15477	9	411	373
19180	2	432.61	431.61
7995	4	369.55	367.5
9007	1	436.5	436.3
13839	2	481	480.5
15858	18	369	235
17710	18	443.18	437.93
19751	9	445.54	435.64
19090	2	433.37	433.12
15956	18	369.45	364.3
3997	18	436.7	425
7604	12	383.32	379.47
4716	6	369.55	363.15
15808	2	452	448
13365	2	407.72	406.87
6369	18	355.7	353.5
12191	9	404.78	400.28
10603	18	404.3	364.3
3616	9	335.03	326.66
12103	3	402.33	401.08
19645	9	379.1	376
15776	18	417	414.72
12518	7	411.2	406.6
12945	12	392	390
19360	7	441.3	433.4
13887	18	380	248
10023	7	449.58	446.13
9092	18	455.5	455
3421	6	418.48	411.23
944	7	352.61	318.06
13947	3	427.15	426.65
19553	2	468.4	467.45
12949	6	423	417
19528	7	383	381.8
23	18	353.88	351.33
7176	3	462.2	458
17413	38	382.29	378.19
10812	9	466.4	465.6
12230	5	426.8	423
16987	18	345.5	342.5
3266	9	380.3	359.8
8505	18	453.7	452.4
11529	3	417.6	416.7
2649	7	407.77	399.17
19640	9	384.5	365.9
13797	9	378.1	368.37
3272	7	385.4	370.5
13983	9	346.46	343.76
295	10	371.7	367.6
8241	9	370.32	366.22
11179	18	335.84	333.99
17726	3	462.45	461.35
13081	9	391.47	374.87
17375	9	361	353
18730	0	-8.66	-12.66
10693	2	407.3	405.2
14550	18	411.75	404.35
2859	6	434.2	430.2
18789	5	377	374.45
6215	3	422.64	422.44
5488	2	463.2	462
16598	2	474.67	468.57
11669	5	370.1	369.6
14182	18	378.57	376.07
15382	9	382.95	376.25
206	9	326.79	313.14
5675	7	434.87	432.49
10453	7	429.3	410.1
15292	18	304	176
9885	18	354.6	353.8
3233	9	411.41	323.91
234	9	349.65	340.1
15529	9	390	348
13202	7	430	400
11245	12	389	389
12878	3	411.2	410.4
4551	6	419.68	408.38
12239	6	426.4	420.6
19160	9	378.64	370.54
15282	7	396	312
6650	9	419.09	418.43
15839	9	258	238
11812	12	417	407
16346	7	389.1	385.6
2328	6	410.21	402.96
19400	6	398.46	395.96
15886	12	392	380
14361	7	430	418
7576	3	420.18	419.08
10626	18	375.63	373.08
4784	2	374	370
14574	7	469.55	465.85
10444	9	422.2	421.5
10792	12	362.23	359.93
607	18	410.16	408.46
15706	6	388.4	379.6
1438	9	339.74	333.4
19174	2	412.7	411.85
14440	2	408.3	407
16643	18	420	206
11086	9	400.3	398.3
1984	1	422.2	421.35
19754	6	463.4	459.4
19090	7	433.12	413.37
19014	5	427.37	425.97
9784	6	421.01	414.21
2005	7	406.7	405.6
936	4	374.55	370.85
18725	18	422.5	421.5
8113	18	368.6	367.5
17547	6	376.55	350.15
1334	1	423.84	422.84
15197	7	384.01	382.31
2579	2	427.56	427.21
2908	6	420.94	413.49
19298	18	346.9	345.7
2823	9	365.45	357.3
19325	2	421.72	419.62
11702	18	380	300
17546	6	376.14	350.14
16606	6	420.98	405.78
13495	39	393.2	380.3
19456	6	421.4	409.4
1985	7	420.52	410.98
12969	6	368.4	367
19538	2	401	400.5
16342	18	290.13	275.93
2640	12	405.48	395
15599	9	373.04	370.24
16638	9	302	282
9007	7	435.5	433.7
2185	4	371.3	368.2
19225	7	435	383
579	4	374.91	369.51
9281	9	400.8	399.1
4091	9	410.97	410.17
11245	9	396	389
2194	2	421.74	421.44
12791	6	421.45	418.7
4434	7	437.2	435.2
17418	2	455.5	455.05
18913	1	475	474.7
16949	1	399.36	399.26
19424	4	414.1	413.6
7771	9	390.3	374.9
5441	7	407.06	399.06
15301	18	375.25	367.25
10028	7	363	362.2
11152	9	384.1	366.2
12469	6	420.26	412.86
17712	2	412.15	411.7
971	9	373.33	367.33
4018	18	456.9	439.6
2912	7	409.69	403.74
14431	3	422.48	422.18
3251	6	419.93	418.03
4446	7	457.7	453.9
9823	1	438.4	438.2
5400	7	401.14	389.74
14854	7	426.35	418.85
13020	5	370.85	370.05
18828	9	393.35	369.95
9964	9	387.9	386.9
6946	18	395.1	391.8
11398	9	399.7	389.2
10598	18	433.3	330.02
13442	18	408.2	408.2
19264	6	419.05	415.3
16722	18	335	119
16326	9	403.9	403.2
14184	18	362.92	362.42
2401	9	367.8	363.3
4285	2	416.77	416.27
14104	18	393.2	391.9
10760	18	373.1	363.1
3577	7	412.26	410.06
896	2	457.8	457.15
1723	7	388.9	381.3
10124	9	413.53	404.63
14819	6	408.43	401.43
17106	2	422.8	422.2
8388	7	410.5	403.9
2099	3	422.32	420.47
8561	9	435.1	434.1
6791	9	391.86	390.52
9536	1	429.1	428.85
8206	9	360.84	356.74
9712	39	394	393.4
13946	3	427.15	426.65
16399	9	413.6	411.6
13838	1	487	486.6
9960	12	402.9	397.2
3161	9	406.28	402.73
13088	11	334.4	321.1
18730	0	-186.16	-200.16
18757	3	393.1	392.75
14663	7	418.9	418.7
16191	6	418.9	416.5
2710	12	399	370.7
7098	6	420.87	417.67
18966	6	379.33	378.13
17389	18	411	141
8801	9	394	392.5
14263	9	382.72	380.52
9642	9	349.5	333.5
16985	18	345.33	344.83
19744	2	406.4	405.1
13719	18	468.61	467
7605	9	381	375.95
9176	6	402.3	400.6
4397	9	407.24	398.74
6097	6	407.5	403
18807	7	439	395
6470	18	472.85	470.65
9961	12	398	397.5
7354	9	372.87	356.07
18787	9	379.15	373.95
15606	2	387.55	386.55
15080	9	378.78	375.98
18867	6	374.28	370.98
14992	3	425.01	424.21
12125	18	408.45	395.1
14706	7	363.3	358.8
10356	9	379.1	378.2
16337	18	338.9	337.1
14555	1	412.35	412.05
18939	7	437.7	424.2
2622	7	404.5	400.2
17756	7	410.4	395.9
16070	36	460	458
19286	6	414.6	406.8
13855	18	373.3	261.3
19216	4	389.2	388.2
11532	2	420.1	419.9
18880	6	374.91	370.91
4787	9	393.02	382.72
7170	1	423.2	422.9
17474	9	382.9	381.3
17884	9	396.68	365.68
8149	1	473.6	473.3
14006	4	417.28	415.28
7508	3	420.92	420.42
8927	9	459.75	446.85
3685	2	394.55	391.8
3252	1	422.58	422.23
3868	9	402.5	362.5
1533	9	389.85	388.8
2664	3	421.05	420.6
12791	3	422.1	421.45
17580	36	383.11	377.81
1617	7	401.99	394.29
13993	9	443.5	435.5
19247	2	468.6	467.4
6096	9	383.82	379.47
15694	18	470.7	467.9
9745	12	373.75	353.35
14689	3	398.97	398.57
5206	9	390.2	386.8
16753	7	436.9	432.2
6909	15	480.6	480.45
16382	9	400.7	397.7
13056	9	399.81	393.31
19712	6	371.25	367.95
19112	9	391.1	381.8
17428	15	430.13	429.33
15285	7	422	408
1034	9	389.13	377.68
17886	9	396.71	373.21
5855	18	435.89	426.24
3053	2	418.07	415.97
16553	9	401.7	398.3
13642	18	486.6	485.25
15048	18	412	266
3158	18	389.8	380.84
16954	36	484	400
10678	7	460.5	459.8
8077	18	470.41	466.16
19295	2	369.01	366.46
11920	3	439.7	438.9
12331	9	390.53	388.03
19214	6	374	373.5
4350	18	380.33	379.53
4944	18	378.5	376
2434	18	314.8	310.4
12266	9	378.92	366.02
9027	18	411.72	408.52
448	9	348.26	345.76
15810	18	358	300
9812	9	456.3	454.3
155	5	377.08	375.93
7702	18	366.51	359.51
2841	1	388.9	388.6
12875	18	438.66	429.96
14485	18	404.2	388.1
18854	6	374	305.45
7299	9	407.17	390.67
9172	18	389.32	386.92
9150	18	362.3	352.5
19610	18	381	173
3502	7	423.02	417.62
7453	3	429.5	428.6
11813	9	425.8	411.8
16911	18	446	266
12637	6	423.99	423.39
19239	9	459.7	409.7
14834	9	402.43	375.83
17468	4	365.82	365.72
11695	9	370.39	357.59
19520	1	422.35	422.1
4112	6	372.98	360.28
14654	2	426.15	425.65
15782	12	426.57	420.77
9227	9	370.82	367.92
11701	18	373.85	372.5
4001	18	439.7	423.7
10494	3	435.6	434.7
17692	9	398.58	367.68
10672	4	425.3	424.6
15413	18	386.03	375.73
2195	6	412.14	408.34
5056	3	411.33	410.53
19425	7	411.8	411.7
6209	6	408.62	395.92
17720	3	432.95	432.45
3677	7	416.32	406.92
3259	9	390.27	381.47
227	9	351.8	339.6
15873	18	355	155
9657	9	408.99	404.39
5487	38	461.9	459.9
5260	6	417.5	415.9
12410	2	379	377.5
1920	18	385.42	376.72
9222	9	393.83	362.53
19002	6	371.12	360.42
18849	18	294	208
17003	1	424.86	424.46
386	18	360.7	359.9
2718	9	401.22	399.72
6707	9	387.75	363.3
12962	12	381	377
5264	18	463	463
2564	9	382.51	380.81
11685	7	419.9	398.1
17294	1	415.18	414.58
6867	7	427.74	425.74
4143	1	379.13	378.93
9671	6	421.5	420.5
15443	9	365	359
3108	9	458.36	452.96
17349	7	422	368
10305	9	445.55	439.9
14942	18	388.92	382.02
18722	2	378.2	375.65
12504	6	392.31	386.61
7369	9	379.79	375.2
3852	9	394.45	392.45
2642	9	414.52	404.62
17352	15	455	213
16454	9	402.75	396.75
15453	9	386	370
5223	4	411.03	410.33
19050	6	411.6	411
15822	18	408	256
7590	9	408.2	407.3
16195	3	419.45	418.25
19729	1	414.92	414.12
15637	7	376	374.5
17549	6	376.05	374.15
15593	3	422.15	421
17346	4	385.72	384.37
5474	18	393.6	392.4
7102	2	421.8	420.9
6980	18	344.73	340.43
579	2	376.91	374.91
7867	1	433.58	433.28
2643	12	409.53	398.83
17483	2	419.9	418.3
4838	6	400.24	390.74
16474	6	399.4	396.15
12766	9	394.58	391.78
19158	9	378.54	375.14
6635	18	388	387.9
329	18	424.45	423.2
15232	18	403	83
13326	7	398.3	392.6
17339	6	417.73	413.23
5316	9	407.71	398.51
10741	1	454	453.7
11128	4	426.4	425.8
14838	9	384.68	375.38
7044	18	446.5	444
12838	6	420.49	418.69
2290	6	406.7	404.15
351	9	353.5	347.95
16967	36	419	417
15437	9	407	394
3421	7	411.23	408.38
1682	6	404.62	395.97
298	1	384.36	383.86
15144	9	370	353
5015	3	397.77	396.57
7055	2	411.9	411.3
13723	18	355.01	352
9413	6	409.95	399.15
7917	18	355.29	348.04
19366	1	374.77	374.37
12086	4	401.9	398.5
11668	12	353.7	353.3
945	5	370.21	369.61
13947	1	427.75	427.65
14745	9	394.03	392.33
8202	7	440.7	439
9410	9	396.35	392.35
17348	4	385.1	384.15
13936	3	422.3	421.9
15355	9	402.6	369.2
13308	7	378.13	375.13
4948	1	423.8	423.5
17756	6	415.9	410.4
16637	9	302	282
5255	2	416.1	413.3
14554	1	414.08	413.78
8390	9	392.8	379
4473	18	455	455
5209	7	398.06	395.66
3653	1	463	462.4
17548	7	352.05	347.65
9741	18	420.54	372.04
861	9	371	367.5
17564	2	448.65	447.95
5654	18	542.66	434.46
16223	3	426.8	426.4
19613	6	377	371
10673	3	424.3	423.9
12118	3	382.05	381.65
19282	6	416.75	402.55
4073	18	418.72	376.67
17721	3	421.5	421.05
19708	2	403.3	400.5
11767	6	374.62	373.42
17292	1	415.17	414.57
15938	3	349	347.9
6879	18	461.65	460.1
17326	7	440.02	437.32
3999	9	364.34	362.82
19335	11	352.7	350.7
19336	18	425.07	423.07
9815	18	487.35	474.95
15016	12	415	407
19119	2	386.2	384.65
464	9	391.45	385.55
16049	18	250	130
17298	1	379.7	378.8
13341	9	386.7	385.09
5149	6	383.57	340.67
19119	9	383.3	382.2
19054	7	384.71	378.86
16877	7	430.86	423.36
12325	4	372.96	368.66
14609	3	422.57	422.32
11800	1	435.1	434.5
531	2	373.47	372.04
17078	6	421.1	417
10840	7	455.8	454.9
12523	8	414.97	411.97
7700	18	366.62	355.92
15445	9	398	380
334	18	428.87	419.97
557	4	373.9	372.2
2060	9	385.3	325.1
8504	9	433.8	433.1
10873	12	347.5	343.3
4734	18	470.9	469.5
15705	7	379.77	376.77
14610	6	422.03	419.23
19631	1	454	452
16736	15	419.9	417.9
7795	18	383	382.6
4580	18	471.75	405.85
15770	18	440.35	426.75
239	9	360.25	338.6
8282	18	361.9	352.5
17075	6	420.25	416.85
5805	18	363.13	362.33
9168	6	421.8	410.6
19060	7	412.39	410.69
13507	1	410	409.7
227	12	339.6	333.75
11128	1	429	428.7
14612	3	422.6	421.9
5219	6	422.7	420.9
16515	1	427.8	427.5
6098	7	402.66	398.36
15808	7	448	436
3481	7	383.64	378.04
19452	9	384.66	364.16
12233	1	430.4	429.8
18964	7	404.42	389.92
18739	18	346	100
7658	7	431.85	430.35
5960	2	452.77	451.87
7939	7	419.41	417.21
1114	5	374.8	371.05
4093	3	401	400.4
15466	18	317	209
10089	6	397.5	356.6
16800	9	384	375
9526	7	398.73	395.33
10030	9	350.7	344.8
13006	9	368.7	356.2
10346	3	426.9	426.4
448	12	345.76	339.56
10161	9	432.2	431.2
5270	1	448.9	448.6
9411	6	410	408
19629	7	432	426
19126	3	375.7	375
16723	18	362	282
2388	6	426.48	418.38
14408	6	376.66	373.76
9059	12	439.28	435.98
13956	8	307.92	304.92
3272	2	420.5	418.6
7961	5	426.57	426.37
341	18	432.08	426.98
2017	7	423.75	413.05
106	9	365.4	361.35
15697	2	415.1	408.5
3875	9	407.85	383.95
19212	2	381	377.6
19123	1	385.2	385
9762	18	386.54	383.14
11688	9	369.27	357.27
7961	5	426.97	426.57
12638	1	424.07	423.67
2980	6	426.98	423.68
13533	18	342	30
11425	15	342.65	331.65
6859	6	417.36	399.76
15353	9	398.76	375.16
13993	36	455.5	443.5
16654	18	345	166
17707	7	416.9	412.9
13399	9	374.1	373.7
2912	2	411.49	411.14
595	7	353.75	344.95
416	12	346.43	332.58
18861	4	377.96	373.96
10176	9	393.6	335.1
9928	5	371.2	370.7
7603	7	438.4	437.15
5242	9	406.7	406.2
2648	7	409.64	402.44
17412	3	380.7	377.6
12101	7	415.87	413.57
3233	8	415.71	411.41
14638	7	420	414
11678	3	404.17	403.37
1992	18	437.34	411.79
11038	9	424.1	423.3
13931	18	368.7	355.5
7108	7	418.08	416.88
15884	12	354	312
742	9	395.57	392.32
19186	2	427.13	425.83
1277	18	391.76	391.36
19176	18	427.54	424.89
356	9	350	347.15
10114	1	479.3	479
3283	4	393.9	391
8403	9	403.16	398.16
2077	14	438.4	436.8
19455	1	421.9	421.7
15917	18	357	263
19556	6	421.8	419.7
19632	18	404	244
1688	2	411.3	407.5
6209	3	409.12	408.62
9411	9	406.5	403.5
15158	18	437.98	432.78
19418	1	422.61	422.41
10257	18	406.2	405
416	9	362.43	346.43
9561	18	433.9	430
4069	18	434.58	412.58
19386	4	372.3	371.8
19018	7	383.4	375.8
10014	18	365.3	360.05
17505	3	390.8	390
3510	7	426.97	425.67
18826	7	436	399
11303	4	377.18	374.68
18859	2	378.11	377.46
13494	35	395.3	381.75
357	9	352.7	347.3
19217	2	392.45	391
10811	12	336.35	332.8
473	6	373.93	357.43
15307	18	374.4	363.5
12290	18	463.37	463.37
14762	18	419.87	416.77
15128	6	418.75	417
19708	6	400.5	400.1
6950	9	391.42	384.42
16051	18	381	311
12606	2	420.01	419.61
15999	11	378.65	374.3
14553	3	416.59	416.29
15604	7	395.2	392.6
2746	9	390.63	381.23
7549	3	416.85	415.6
19387	2	375.4	371.8
5594	6	412.7	401.6
14818	9	395.35	386.55
6621	7	409.88	403.88
16714	2	457.5	454.8
16253	9	368.6	366.3
2331	12	358	354.5
4641	3	431.7	430.9
7574	9	415.59	410.79
16843	35	429	420
7177	9	454.15	442.3
12248	7	422	420.1
753	4	414.11	412.61
3653	7	460.3	459.2
19134	1	421.8	421.4
535	12	335.8	334.5
19422	6	420.19	414.49
7393	2	422.39	421.29
17548	3	382.65	380.65
12843	4	392.3	391.7
1567	18	372.85	372.45
1313	6	416.69	402.99
19454	1	421	420.7
740	7	402.55	395.15
15504	9	329	313
8227	9	428.34	426.14
17551	2	384.98	384.43
19523	2	422.1	420.5
17012	1	421.9	421.7
10426	9	383.65	382.6
7529	4	410.51	409.41
11573	2	409.5	408.4
14938	39	418.6	400.9
12479	1	426.4	426
14360	18	390	385
19559	2	417.95	417.15
14837	6	405.67	392.27
8203	1	422.7	422.4
9313	7	437.4	437.1
19303	9	355.37	348.87
16026	1	462.75	462.45
797	9	426.2	425.25
12501	2	381.03	379.53
16322	9	408	403.2
14078	2	381.57	379.67
3342	9	406.36	405.06
9324	8	459.5	453
19254	7	435.57	432.97
6795	9	392.6	391
4017	18	446.45	435.25
15365	6	416.15	405.75
19108	9	386.1	384.7
5757	9	377.87	361.87
368	9	357.67	355.62
1888	6	420.16	405.51
18769	9	408	388
8283	6	414	396.7
15316	38	429.5	428.6
6482	9	417.93	405.43
15253	12	357	297
12408	9	377.3	357.1
11566	4	411.9	410.05
14265	9	384.42	381.72
18730	0	-99.16	-118.16
17311	1	411.2	410.7
17721	18	413.1	409.7
943	12	332.52	314.92
6623	7	402.65	394.65
608	7	368.78	361.68
7552	2	464.7	463.7
19340	18	359.06	356.56
11528	6	414.1	412.9
15205	9	383.12	370.32
4141	9	379.42	373.12
14967	7	392	389.3
19265	18	375	233
10097	18	358.71	357.01
17825	4	369.7	364.8
5212	9	394.86	390.86
14327	18	427.6	419.05
19461	9	419.15	393.65
10204	9	402.1	395.1
408	18	415.92	408.32
3538	12	364.87	345.97
15047	7	438	428
10160	9	387.15	341.85
10235	4	429.5	426.7
2388	3	426.78	426.48
7170	3	422.9	420.8
19228	7	463	455
5482	9	409.6	406.5
15839	7	374	258
16640	18	453	208
17275	1	454	453
6799	6	418.59	415.39
9028	12	417.67	409.67
14242	6	401.3	400.6
3785	2	382.75	379.15
15516	9	400	362
19178	18	433.09	429.79
1902	9	386.69	383.44
17345	4	385.51	384.46
15133	9	409.03	402.63
16967	15	369	111
15011	18	396	216
15090	7	448.3	446.3
19649	2	374.49	369.79
9388	6	404.6	398.5
16317	7	399.3	398.1
10403	1	421.1	420.8
19354	1	360	359.5
7553	2	465.07	464.57
6832	18	373.58	373.38
17551	4	380.18	376.88
19321	7	430.55	427.4
19751	7	452.64	445.54
5314	2	434.74	434.24
19406	7	427.8	426.5
1353	9	367.7	361.6
9319	3	424.6	423.7
12069	9	451.75	447.75
19402	3	399.9	398.5
15424	18	440.75	437.55
19014	2	429.07	428.57
1453	18	371.4	371.38
12535	18	389.15	373.35
13024	9	406	346
8069	1	387.85	387.35
16063	7	443	429
3539	13	352.9	336.1
19173	2	409.2	408
2356	38	420.93	420.13
12715	9	416	374
18725	7	428.9	424.3
3660	18	496.05	493.15
7204	9	393.84	384.04
1793	11	395.55	391.55
19645	7	383.1	379.1
2820	9	362.85	358.4
6471	18	472.4	468.4
19649	1	374.79	374.49
6224	9	381.52	380.12
9981	18	448.2	445
17305	1	352.05	351.95
3288	1	404.2	402.2
9631	7	389.28	385.58
8210	6	414.73	409.23
17526	7	413.3	410.8
13732	18	359.32	358
15449	18	397	267
17324	9	407.1	400.7
14466	6	425.1	420
19647	9	378.5	374.4
13817	2	422.02	421.12
9823	7	436.2	435.2
19749	18	434.22	433.42
15592	2	422.8	422.1
17451	4	378.84	375.84
12956	9	364	329
6474	7	390.31	361.56
11779	4	408.65	407.2
11283	18	444.64	434.44
2512	9	459.75	442.75
7963	2	429.06	427.66
10741	9	446.9	424
7513	9	390.63	383.93
16918	8	403	395
12494	1	433.99	433.19
16987	2	349.5	346.3
4378	9	397.3	385.1
2442	12	343.6	330.4
9324	18	445.6	445
14654	6	421.75	421.15
12675	1	413.9	411
12496	9	434	430
11301	38	449.1	448.6
12254	6	425.7	422.9
6759	9	389.78	388.38
13882	12	394	389
17008	39	429	395
5341	6	462.42	453.52
14790	2	421.8	420.9
684	4	373.22	369.87
17729	18	446.9	442.7
15217	2	386.79	383.49
12681	7	413.3	409.7
17449	4	378.05	372.85
16758	18	351.55	350.1
19458	7	435.35	434.75
19054	2	385.26	384.71
2074	1	433.9	432.8
2379	9	403.6	394.6
9745	9	418.75	373.75
12085	4	403.4	400.3
16339	9	347.6	339.3
14442	9	424.95	420.75
353	9	354.05	344.2
16990	18	347.1	345.8
15695	18	472.5	467.5
15285	18	388	232
6427	9	404.44	381.54
19303	2	365.87	362.87
16967	2	421	419
15221	1	336.3	335.95
15119	1	419.96	419.81
14012	18	328	316
5070	1	431.4	429.6
6902	4	399.8	398.3
5744	1	412.2	412
19428	3	466.5	465.6
7816	3	416.4	416
12699	18	424.35	423.55
13943	3	427.01	426.51
13496	5	411	409.3
3345	7	409.87	406.17
19118	7	381.6	380.2
19285	6	414.52	405.27
13076	7	380.67	375.97
19283	18	406	296
3373	6	429	427
17486	1	457.97	457.67
5113	2	403.1	396.85
15129	2	421.03	419.98
238	9	357.9	340.9
12533	12	400.45	395.6
8386	2	456.4	455.6
17197	15	448.7	445.6
17702	18	441.63	440.73
13406	9	398	352
15221	6	332.05	329.2
712	18	495.32	492.27
8439	9	375.75	374.75
14060	18	321	225
12363	9	391.61	380.21
1001	18	369.39	365.34
16224	6	426.2	421.4
8223	9	430.61	426.91
11800	6	434.5	431.1
6294	7	369.36	367.06
9027	12	419.42	411.72
11666	2	374.35	369.15
548	9	369.85	343.9
1617	6	403.79	403.04
18996	6	435.25	430
16715	18	446.08	444.58
11293	4	404.9	403.1
3255	6	427.95	420.45
19229	7	455	449
11767	4	377.02	374.62
15016	18	407	331
16051	2	431	427
12504	2	395.61	394.31
8630	3	418.51	417.91
1921	18	383.4	376.56
13962	35	423.2	413.2
13513	7	396.75	390.2
16887	9	405.3	396.5
16649	12	383	343
15912	18	350	140
557	2	379.2	376.9
13459	18	484.55	420.5
18770	18	452.9	202.9
10964	18	414.57	410.57
9744	12	409.73	404.73
4148	9	375.8	375
6819	7	398.9	389.1
12269	35	380.55	378.75
396	15	412.77	387.07
19437	7	400.75	395.85
17521	7	436.2	434.4
5112	2	394.89	391.29
15129	6	419.98	418.38
13499	7	511.16	486.96
17893	7	425.31	409.31
2390	6	425.47	415.27
3535	12	359.81	353.41
19754	1	463.9	463.4
15031	9	416	376
14111	6	399.5	396.3
3289	7	399.4	398.8
15509	18	396	294
3011	9	382	357.58
15562	18	405.49	404.49
13410	9	425.3	418.1
19045	6	399.9	382.2
16958	11	355	334
18992	3	469.5	468.1
3284	1	395.1	394.4
7331	18	360.5	354.9
687	6	373.05	357.47
666	9	367	365.58
12099	6	422.74	414.74
94	9	388.3	387.4
11526	18	446.8	436.9
1759	18	393.4	389.7
16918	18	345	259
19118	9	380.2	375
14042	18	437	247
10725	18	416.4	414.7
296	18	355.65	353
13154	18	362	274
530	18	363.6	359.95
17197	18	451.8	448.7
7510	9	366.58	364.58
16266	12	357.7	352.2
13883	9	411	393
4861	4	403.8	402.5
2981	3	427.24	426.84
661	9	365.95	358.9
90	7	379.59	372.94
9925	9	339.3	332.5
19537	2	404.6	403.8
19122	4	384.5	382.2
5958	7	452.36	445.46
11026	1	421.7	421.4
11688	4	374.07	369.27
17550	2	385.73	384.68
7038	1	386.06	385.86
17882	12	355.82	353.82
5590	9	379.4	377.7
353	18	341.45	338.85
17560	2	451.01	446.41
13095	2	420.5	419.7
2015	7	407.9	403.8
12433	6	404.3	403.7
17534	1	451.33	450.83
16120	9	411.7	407.4
6619	7	409.14	401.74
13038	7	420	344
15886	18	380	198
15469	18	350	312
12071	18	444.8	439.75
5147	18	340.3	332
10056	3	431.3	429
12251	6	425.8	422.7
9959	9	410.7	409.5
13994	18	432	316
12489	3	427.33	426.73
11863	9	385.78	385.18
11824	2	412.65	410.25
19461	7	422.65	419.15
8754	9	389.6	388.4
2356	6	420.13	415.23
17077	6	421	417.35
13088	9	382.6	321.1
18938	2	438	436.9
12513	2	421.74	419.24
15009	18	294	246
207	18	308.34	305.34
17827	6	367.3	366.2
7532	4	414.27	413.97
12524	6	370.6	369.2
5821	9	390.1	388.2
17565	2	392.69	389.59
8773	18	399.4	385.95
4592	9	408.55	401.35
15763	2	383.28	381.93
16658	18	342	128
14930	35	420.55	409.05
17486	7	457.67	443.67
16675	7	427.21	410.91
2620	12	369.8	368.3
16563	6	414.1	398.9
18854	2	378	375
1041	18	332	329.5
14707	7	364.6	360.1
17296	7	411.96	398.46
14157	9	385.64	374.64
19126	7	375	370.5
19430	8	414.7	413.1
15929	12	351.2	343.2
4021	9	381.67	380.27
16071	18	379	237
13440	18	411	409.3
8916	1	473.5	473.2
12508	2	386.99	384.09
14660	7	419.45	417.9
2929	9	403.02	400.02
18756	9	384.3	379.9
14480	6	417.74	416.14
17884	2	414.18	409.68
2663	7	419.77	417.62
10351	7	427.2	425.9
1037	9	388.7	383.6
2642	12	404.62	395.62
1067	9	335.19	317.53
10739	3	450.6	449.8
11683	18	382.6	368.8
17842	7	367	365.6
3778	2	374.2	365.2
17756	8	395.9	388.9
19195	2	415.5	414.7
8489	2	421.29	419.69
15801	9	327	303
15674	9	427.7	421.7
15305	9	378.9	373.8
15147	1	387.75	387.45
11366	9	409.13	400.03
19224	18	503	385
7067	9	367.72	355.72
19653	2	374.51	369.11
18908	18	469.84	469.44
11021	18	431.4	430
12879	3	408.64	407.39
5959	1	452.59	451.19
19153	9	386.13	379.03
5315	9	409.42	398.22
2434	12	342.8	314.8
94	6	393.7	388
19121	2	387.3	386.3
18868	6	373.78	370.78
19484	1	379.4	379.3
5645	2	424.1	423.8
7540	1	422.56	421.96
16637	7	390	302
9160	2	386.28	385.18
19392	2	383.7	379.6
18980	2	382.7	381.2
17110	2	389.3	370.1
19060	3	417.49	415.99
13789	9	403	371
14409	2	379.27	376.77
7664	18	458.5	453.1
12090	1	402.4	402
14867	18	448.2	446.2
17691	7	413.17	408.37
4250	18	433.59	430.19
16949	7	399.26	336.36
3481	9	378.04	374.14
3768	12	376.65	363.45
15447	18	451	199
11175	38	430.4	428.9
11291	1	407.8	407.5
1850	9	412.5	412
3002	18	417.64	415.24
14751	3	400.76	400.06
17810	7	408.25	390.25
14999	12	357	329
11682	18	382.25	368.45
15671	9	429.7	420.2
16738	2	461.83	460.33
16627	18	381.92	378.32
13943	2	427.31	427.01
14764	18	397.6	394.6
18710	11	349.03	348.03
19428	8	462.9	461.6
2305	18	416.04	410.04
6761	7	398.49	390.59
8695	9	386.59	382.59
17696	38	417	416
11580	6	398.75	395.15
13088	12	321.1	296
5343	7	459.31	451.71
5160	9	417.3	402.9
15736	9	384.15	371.5
14926	2	421.18	419.58
19415	7	399.21	396.21
17823	6	365	364.8
4778	6	371.25	368.75
2066	1	427.8	427.5
2098	1	422.57	422.17
17296	9	398.46	366.96
16821	7	425.8	411.8
2195	2	415.94	412.14
7096	2	422.51	421.61
917	9	368.6	365.7
12442	8	420.7	420.4
19762	7	458.68	455.18
1152	9	411.47	406.47
14250	1	415.88	415.68
19111	9	388.8	382.3
12480	2	425.9	425.4
4578	18	476.4	388.4
16185	3	393.03	391.53
15043	12	358	340
3937	38	384.35	382.95
16356	9	368.65	364.45
12609	3	420.46	419.16
15494	6	422	410
6017	18	425.68	420.43
14425	9	370.5	369.4
6593	6	420.3	418.5
2414	12	383.85	380.95
11296	18	403.09	403.09
5208	2	408.82	408.32
12888	18	414.8	412
11779	1	410	409.3
9977	18	461.4	459
15148	18	368.7	367.2
9494	1	470.5	470.2
473	4	377.03	373.93
17187	4	373.7	373.15
2031	1	421.73	420.88
9167	2	422.3	420.4
13358	3	383.02	382.62
16223	6	426.4	420.5
2229	1	429.9	429.65
13848	18	436	314
6950	18	384.42	375.22
19780	9	373.19	362.19
12089	7	397.5	396
6399	7	438.41	436.91
16749	1	436.4	435.9
16040	18	423.8	334.8
19252	7	434.17	431.57
5032	9	401.7	385.2
7537	18	367.39	361.04
18863	6	374.16	370.86
18837	2	428.2	427.8
4373	18	374.25	370.3
15927	9	413	389
12773	1	421.34	420.49
17462	4	374	372
15228	36	387	353
6536	9	394.69	369.49
18958	3	426.3	425.3
19173	9	396.9	394.4
7276	3	446.9	446.4
3621	18	318.5	315.5
18908	2	472.84	472.24
16067	9	420	374
11863	1	420.18	419.88
13789	18	371	311
19556	1	422.7	422.2
15345	14	416	352
1008	9	369.42	366.07
8585	2	420.39	416.89
19047	2	410.3	407.9
10176	11	359.6	335.2
2443	12	345.55	326.75
13164	9	450.6	426.6
14023	7	425	421
9788	18	393.95	378.85
9005	7	425.2	424.4
11885	1	418.4	418
16841	7	389	353
8821	18	370.93	365.43
114	18	329.04	329
8207	7	372.16	359.86
10516	7	417.4	413.8
8612	9	377.4	371
13940	18	369.7	367.25
13814	7	425.34	422.54
14529	2	462.1	460.7
1589	1	413.83	413.23
12448	9	425.44	423.64
17190	15	450.3	447.7
2524	18	447.7	436.45
9935	12	356.45	347.5
16645	2	406	402
3248	12	370.96	369.26
18851	2	414.58	413.53
7451	7	424.7	418.2
406	18	415.64	408.14
4359	6	417.5	407.65
12769	2	408.14	406.99
11695	4	377.29	374.99
18924	2	441.38	439.28
17118	15	428.1	423.9
8511	6	421.3	420.5
267	18	348.66	336.66
19740	7	397.5	396.1
19641	9	386.8	367.7
13751	18	397	393
11868	6	425.9	418.7
19630	18	365	237
15233	7	430	372
13816	2	424.43	423.03
5166	18	389.7	386.6
17189	38	376.1	373.95
19764	12	443.99	440.99
6065	6	412.64	404.34
7658	2	433.05	431.85
11803	6	359.3	353.1
17486	18	419.97	418.22
19227	9	392	370
19547	7	464.8	461.1
11970	3	430.9	428.6
10771	2	413	411.6
44	1	387.55	386.75
17712	3	411.7	411.05
7526	3	429.8	429.5
17502	3	432.51	430.86
15006	7	389	379
15484	18	345	93
2804	6	427.37	421.12
17462	18	308	84
16368	9	396	394.1
12840	6	421	417.9
14022	7	400	352
17473	2	391.21	389.71
6811	9	396.5	395.6
546	9	370.1	348.27
3992	18	441.9	430.5
2377	9	394.52	387.12
1236	9	381.15	371.1
10896	18	478.8	478.2
11668	18	353.3	344.2
2060	8	395.7	385.3
12104	4	392.94	390.09
2169	1	439.7	438.6
13359	1	390.22	389.82
2392	1	427.63	426.93
17844	4	371.6	368.4
8402	9	404.96	390.66
10433	3	414.55	413.55
12606	6	419.01	417.71
11074	18	399.55	392.05
17187	6	373.15	371.6
4208	6	417.48	404.78
12230	7	419.4	418.4
1778	9	422.18	419.43
8120	9	400.39	394.29
17883	12	366.8	355.3
15257	18	369	271
15433	9	395.1	387.7
19372	6	401.6	399.6
232	9	368	349.8
16698	7	424.1	421.3
1772	6	420.96	412.96
16429	6	374	352
13932	18	369.6	355.4
2519	18	437.2	427.2
19541	1	423.3	423.15
10571	18	413.78	410.68
12774	1	420.83	420.48
12681	9	409.7	408.9
14436	12	366	361.5
17715	18	410.3	409.6
7238	15	405.2	403.9
12193	9	405.31	399.21
2166	6	428.3	427
12132	7	415.7	407
5718	18	439.4	436.4
9209	9	403.13	399.73
19647	7	384.2	378.5
10799	18	382.27	377.57
10301	38	424.6	422.3
12808	6	398.44	398.34
10096	15	353.58	352.08
19223	7	413.5	387.5
12774	6	419.88	416.38
17284	38	378	368.5
2936	9	395.93	386.93
7212	18	286.69	279.89
18980	6	381.2	375.3
14024	18	360	210
688	1	383.52	382.72
19768	2	442.96	440.76
941	7	361.64	352.54
3147	9	398.4	396.75
2396	9	410.37	409.37
12244	5	425	422.7
8386	7	454.9	451.3
8597	9	369.01	358.11
18788	2	382.15	380.85
10346	1	427.2	426.9
12572	1	390.85	390.7
4458	14	448.3	445
19764	6	464.99	461.49
16705	9	369.72	364.37
5313	6	432.69	431.69
12109	6	378.75	375.65
2484	12	389.87	373.47
3604	9	387.35	385.6
14366	12	373.22	369.57
14553	6	416.29	404.29
19161	1	385.21	385.01
13358	9	379.8	371.67
17301	12	332	294
14062	7	475	447
451	1	418.43	417.93
19131	18	453.96	448.81
14025	18	336	158
5537	9	390.24	384.24
15368	1	416	415.8
17350	2	410.1	408.1
7822	7	418.38	412.38
3288	7	402.2	401
14742	18	363.3	362.7
12960	12	369	365
6799	7	415.39	415.29
15035	18	379	200
16448	12	332	254
12511	2	409.84	407.84
551	12	367.62	367.2
6307	9	382.48	380.18
12367	7	393.77	392.27
10836	7	426.6	426.5
15252	18	411	276
301	12	354.75	353.25
3936	18	376.76	373.86
3784	2	377.1	372.6
17819	6	365.4	364.1
19245	7	459.4	456.6
10574	15	415.19	414.39
2173	7	378.31	369.36
11353	9	427.31	420.81
10803	18	383.5	381.75
8620	18	453.4	450.8
9354	2	464.79	435.99
5006	9	366.5	359.95
4379	9	399.95	390.95
1333	6	419.15	414.1
534	7	383.75	381.45
9736	18	344.54	344.54
2287	18	427.19	426.79
15758	18	360.33	358.93
12794	18	412.36	410.06
4004	18	444.35	433.55
2378	9	407.43	397.83
11668	8	360.7	353.7
7108	2	421.48	420.78
1747	18	370.2	365.4
17694	7	413.1	403.5
19253	7	432.68	431.48
13213	6	387.1	385.6
16949	6	336.36	331.86
91	6	392.2	368.2
1762	1	451.07	450.47
15504	18	235	179
15224	11	327.7	326.6
4025	6	399.79	385.39
14897	7	371.4	369.1
19755	7	460.7	453.7
5996	18	472.5	471.4
17717	9	409.4	401.8
19050	9	411	410.6
13923	6	397.75	393
12263	9	388.4	383
5154	9	416.4	394.95
12369	2	401.73	398.33
14855	7	424.04	417.54
16858	18	384	212
8403	18	398.16	378.76
10305	7	447.85	445.55
6847	9	369.62	367.02
5224	38	413.23	412.78
5635	6	409.3	408
15393	9	364.83	357.63
12961	12	298	286
9751	9	384.59	380.59
12104	3	393.29	392.94
11301	7	447.3	445.3
15999	6	420.2	396.8
2492	3	428.68	427.33
11752	18	377.23	376.33
9069	18	423.2	420.3
13819	18	374.8	374.8
11681	18	402.5	402.2
13641	36	471	451
19206	12	288.2	280.2
2716	1	475.8	475.5
15742	7	357.5	356.5
729	18	442.75	440.25
15032	18	334	297
4145	9	373.21	369.01
751	7	412.61	412.11
6081	9	429.38	368.4
19255	2	436.16	434.36
10768	18	367.6	361.5
642	7	424.48	417.38
15655	6	410.05	401.85
12441	1	427.8	426.6
14043	18	426	326
827	4	375.25	372.05
730	18	433.79	429.64
2565	9	383.74	381.74
377	18	350.85	345.75
7807	6	418.7	416.2
13866	18	399	291
5520	9	406.73	398.33
15921	18	438	268
6299	6	375.25	371.85
724	9	375.6	368.6
17129	3	418.1	417.4
17865	2	389.08	387.68
4093	6	400.4	398.7
292	9	402.9	371.8
19183	2	433.8	432.9
5694	18	441.64	434.74
9699	7	462.95	460.95
19104	1	399.09	398.89
12771	7	394.9	386.35
19213	2	381	379
13088	2	388	385.2
954	18	397.11	397.01
13078	2	404.06	403.26
6837	18	389.5	386.82
17322	7	407	405.4
17104	4	420.06	419.21
15060	1	415.2	414.9
12212	18	429	425.5
157	6	375.53	374.58
17966	18	362	178
17423	7	454.8	445.3
12962	9	409	381
13601	9	476.5	458.8
2255	2	494.19	489.69
15487	12	348	292
5633	9	391.7	390.9
14351	9	441.25	375.44
1682	38	406.77	405.62
12440	9	413.34	412.24
8822	18	382.43	373.13
16151	18	398.21	394.31
2494	1	429.26	428.61
16692	6	377	363
14366	9	381.67	373.22
5188	9	406.95	400.95
17505	2	392.9	390.8
17733	18	387.79	379.89
725	9	377.3	369
5029	18	385.85	373.05
17894	2	428.55	422.55
12334	2	431.63	429.93
15452	7	390	358
10171	9	360.6	352.4
2069	3	427.8	426.8
17341	6	415.19	413.49
10410	18	426.45	423.15
5330	9	392.2	392
15601	6	397.21	393.41
19274	2	379	375
3421	2	420.48	418.48
15302	18	368.5	367.6
5515	9	400.67	392.67
18938	7	436.9	424.5
12612	3	419.93	419.43
1110	9	405.85	399.15
16899	3	422.7	422.4
2435	9	347.4	337.5
14566	9	369.88	367.98
2523	18	460.8	442.3
13320	2	386.85	386.4
15722	3	413	409
9848	18	488	487.5
16911	7	454	446
3972	38	471.6	471.3
2142	18	425.95	418.9
11885	6	418	395
3206	18	346.08	339.18
16459	9	413.6	400.4
11128	3	426.8	426.4
17297	9	393.06	369.46
3625	9	363.32	352.07
8627	7	384.65	380.55
13457	18	478.2	473.3
12513	7	416.74	414.24
12509	6	368.47	367.27
2112	12	357.04	353.54
19174	7	403.7	397.8
13489	18	473.7	398
14839	3	403.46	403.06
15444	7	420	416
15383	10	376.8	373
4755	18	361.84	349.54
10457	9	410.95	360.25
8925	9	458.45	445.15
5753	9	388.57	386.77
17434	6	418.38	410.88
15253	6	395	357
14945	18	381.85	380.65
12939	9	372.66	366.66
4946	18	380.1	378.6
15657	2	409.13	405.73
6215	6	422.44	419.54
15066	18	349.02	337.82
2017	3	427.55	427.05
2419	9	431.78	427.48
2153	1	423.58	423.28
16937	15	371	225
15219	1	336.1	335.75
17286	6	369.1	361.1
19120	4	384.1	384
6597	3	427.4	426.8
2432	9	384.4	368.55
4447	1	458.6	458.3
19099	6	400.94	397.04
3027	9	381.8	359.35
12192	9	405.88	399.88
13494	9	381.75	362
3608	15	339.5	330.2
19456	18	356.4	340.9
10873	9	363.9	347.5
15238	9	417	413
18966	1	381.43	381.28
7739	18	367.16	365.26
13082	1	397.33	397.03
19400	2	399.96	398.46
19056	6	409.91	406.11
18881	2	377.96	375.46
462	9	404.2	397
18946	7	396.1	386.7
11187	18	337.61	336.31
97	18	371.25	370.75
15493	9	378	360
6600	6	406.5	394.3
12826	4	402.1	400.8
12842	6	421	418.7
15498	18	413	263
14660	2	422.9	422.35
10115	9	388.24	384.34
12537	9	384.4	372.4
15591	6	421.4	416.7
8765	3	421.1	420.4
16644	18	346	252
3483	7	406.4	398.7
12437	18	346.9	346.9
13325	9	397.6	363.6
7268	3	427.5	425.8
14896	8	371.6	363.3
6462	3	405.17	403.67
16810	12	399	391.5
12511	6	406.24	402.34
7755	9	373.3	367.3
3272	6	413.2	387.4
231	18	342.65	339.23
17820	4	370.3	365.5
3737	9	423.73	421.03
14529	18	459.7	459.1
17275	8	452.2	444
5531	18	411.1	404.4
17533	3	452.12	451.22
226	9	349.5	342.75
3068	12	367.56	364.56
2842	9	382.5	375.8
2391	1	427.43	426.83
19226	18	347	157
4308	2	414.24	413.34
15743	9	369.4	353.9
13990	18	437	321
11837	9	427.9	422.8
9906	3	405.08	404.18
4285	7	413.27	411.77
17589	7	374.15	371.85
15011	7	436	396
8069	7	387.35	386.35
10017	7	388.92	384.32
17479	2	436.79	435.94
2512	18	442.75	421.85
1278	18	392.69	390.99
15717	7	410	404
2713	12	399.3	371.4
7159	6	421.2	420.4
3226	9	387.2	386
16275	9	412.85	408.75
12607	7	417.98	415.38
3276	2	392.2	387.45
19441	1	420.71	420.21
15720	18	395.5	198
10011	7	340.4	322.4
10576	9	400.36	397.46
14453	2	404.9	402.8
18756	7	385.9	384.3
19401	6	395.82	394.22
15166	9	370.9	370.5
10801	18	390.27	387.27
4114	6	427.7	425.8
16737	7	446	439.6
4898	18	407.8	406.3
12442	1	430.2	429
14373	18	460.84	459.54
17565	11	387.59	386.69
5859	9	407.2	406.1
11891	9	363.2	360.2
2340	6	395.9	387.2
642	2	425.48	424.98
3972	18	471.3	466.6
12362	7	393.2	391.85
15593	1	422.4	422.15
7603	14	437.15	436.2
19065	3	426.56	424.61
6639	18	394.9	394.6
1226	12	362.35	343.6
19059	12	408.29	405.89
19261	2	437.15	435.85
1074	18	358.2	357.6
18940	2	438.8	437.1
19431	1	397.74	396.89
17127	9	410.6	409.6
10406	6	420.3	417.2
1574	1	384.9	384.1
761	12	312.72	305.12
16439	18	381.6	380.8
13858	18	353	322
5440	3	417.1	414.6
19240	3	469.4	468.85
13840	7	477.7	472.4
16942	15	445	287
17195	7	459.7	458.2
15143	9	369	349
19035	2	439.6	439
2913	1	415.76	415.01
18960	7	424.4	421.6
2286	38	428.05	425.85
16083	36	428	414
15089	18	449.2	443.3
19246	9	449.7	447.4
4254	12	322.5	319.9
19176	1	432.89	432.79
13883	18	393	326
9653	9	415.4	414.7
13911	9	437.03	433.09
17305	14	336.55	335.55
4126	18	445.1	439.9
8883	18	439.8	438.4
15250	1	422	420
7959	5	427.33	427.03
2069	1	428.4	427.8
6620	7	410.33	401.83
4845	1	437.3	435.9
13869	18	400	240
19094	7	429.07	423.17
15214	9	382.48	369.58
15318	3	428.4	427.4
13997	18	348	288
13787	7	364	326
19767	12	444.44	441.34
9700	7	461.3	460.5
4360	6	415.85	405.35
16955	1	378	376
2167	7	431	429.9
15239	7	452	446
16056	7	417	395
8632	2	422.56	422.36
15689	18	441.85	440.25
5443	9	387.1	381.1
15834	18	304	162
17886	1	426.71	426.21
16164	9	380.68	366.58
14013	7	325	321
7773	2	422.8	421.7
1665	2	416.35	412.85
2553	18	397.22	391.52
17841	18	369.4	368.4
1069	9	333.39	321.19
14689	6	398.57	358.77
18756	6	387.1	385.9
11669	7	358.1	353.2
4252	7	422.15	420.3
17713	3	411.3	410.7
18849	11	354	322
443	18	346.14	344.34
865	12	369.6	363.95
552	3	372.7	371
7773	6	421.7	414.8
2006	4	408.1	407.7
15560	18	408.55	407.15
6632	18	397	396.7
17470	1	368.89	365.49
19518	7	379.85	378.55
7089	18	358	355.4
1233	9	372.5	369.65
16600	2	474.59	459.49
5889	18	445.9	445.7
17005	7	424.55	421.35
7526	1	430.1	429.8
4080	12	394.7	388.4
19268	0	416	211
15287	18	436	372
16965	2	413	411
8929	9	455.4	442.9
19729	6	414.12	410.22
5057	18	406.17	399.57
10787	9	396.32	396.07
17452	1	384.07	383.77
6868	7	427.21	425.01
9796	9	427.8	386.1
2077	7	439	438.4
17747	8	427.63	427.13
19361	3	442.26	441.66
16735	1	439.9	439.6
16311	3	418.6	418.3
6985	18	415	411
12785	3	419.65	418.6
16711	7	413.1	404.8
13508	1	415	414.4
13364	7	396.43	394.33
15801	7	391	327
14751	8	384.96	381.66
19548	2	417.85	417.25
19119	3	384.65	384
19319	7	430	426.4
12106	2	376.42	373.62
668	9	365.6	362.4
19708	1	403.6	403.3
11601	1	373	372.5
5056	18	407.23	399.03
5599	6	411.2	400.1
253	18	332.4	330.05
10849	9	333.57	329.57
2448	9	349	344.75
15237	7	375	319
4047	12	384.9	383.6
17748	8	428.1	426
15722	9	397	351
19634	12	367.15	367
16367	6	400.06	395.66
6276	6	396.9	391.5
5070	15	315.3	304.1
14229	9	370.95	369.85
18730	0	6.34	-8.66
19067	7	424.7	420.95
13006	18	356.2	350.55
17443	2	380.52	380.17
19721	2	379	378.5
8483	18	448.29	438.38
15875	7	444	414
1537	18	367.77	364.39
4534	3	422.3	421.2
3271	6	412.1	404.9
13474	18	503.17	461.04
684	2	375.52	375.02
16580	9	365.2	361.1
244	12	347	328.3
9937	7	414.95	392.95
15282	9	312	280
535	1	388	385
19283	7	436	406
11765	3	383	379
19456	7	409.4	393.4
15639	7	369.45	368.75
17424	7	455	445.1
17601	2	417.5	415.9
8601	9	403.57	393.77
8593	9	363.78	347.98
10727	18	481.5	478
4045	12	390.5	387.15
12965	18	396	320
8037	9	332.3	320.3
15637	2	380.1	378.1
19633	1	388.8	388.5
6468	18	474.25	469.45
12238	2	427.7	426.4
10589	6	421.16	419.06
4758	7	387.7	381.3
16567	6	417.1	399.3
12066	18	443.3	440.4
13326	1	402.2	401.5
8688	9	383.67	378.82
13998	18	362.6	200.6
7087	9	413.71	404.31
18968	7	377.12	373.42
12261	7	392.7	388
6016	18	361.01	355.96
16931	3	431.06	428.06
4364	6	418.71	417.61
9389	7	381.8	377.2
13982	6	347.34	346.84
17322	9	405.4	404.5
10683	18	423.66	420.06
3110	1	431.15	430.7
13197	9	405	399
6009	18	359	355.3
17006	3	401.97	401.27
7070	18	350.07	347.47
15668	1	388.64	388.44
17333	9	439.5	434.8
15268	9	462	440
17553	6	417	414.55
17275	9	438.7	438
680	6	371.9	340
16869	7	409.19	395.14
12970	10	473	472
5024	9	419.3	397.3
19768	11	437.66	419.76
17454	3	382.78	378.88
895	12	348.09	346.19
14572	18	458	457
17106	6	422.2	414.8
7818	4	401.6	399.6
1393	3	427.26	426.66
5521	9	407.05	394.15
14836	9	395.26	376.96
14804	1	375.98	375.38
12795	1	415.59	414.84
18	9	368.5	362.85
8708	6	427.15	424.85
5256	1	416.24	416.14
945	11	325.61	323.81
16346	4	390.1	389.1
8234	4	373	369
2968	18	358.2	353
6598	6	405.07	396.17
4984	1	417.36	416.76
6760	2	420.78	419.58
9937	8	392.95	392.05
16335	9	406.6	404.6
19022	7	421.7	408.1
17550	4	380.18	377.73
4626	9	391.5	389
10836	3	428.7	427.5
15298	18	368	232
13451	18	437.55	431.05
15999	2	421.2	420.2
531	12	368.07	367.57
17054	1	379.2	378.9
16614	8	401.9	398.2
13365	9	393.52	391.52
14439	2	416.8	415.5
231	9	351	346.5
14574	3	470.65	469.55
17564	15	447.95	430.25
2975	12	362.2	361.5
10189	18	441.5	439.2
19421	2	423.49	422.09
12133	18	443.9	442.1
2147	18	376.95	352.25
3106	9	411.34	407.44
19426	3	419.9	419.5
13862	9	391	350
15028	18	368	342
12359	2	394.41	392.41
8383	9	386.91	385.5
2513	18	444	428.3
5596	6	411.2	399.4
2158	6	416.02	413.17
10702	4	402.5	401
6871	3	431.54	428.84
6891	18	400.7	399.7
19267	18	311	74
12141	18	346.55	339.4
4948	6	422	421.4
17445	6	378.17	374.57
14573	3	469.63	468.83
2185	2	372.6	371.3
19630	7	425	365
16894	1	401.8	401.7
9982	18	445.3	444.8
13874	15	420	420
15273	12	328	308
5267	7	446.1	445.4
11405	3	404.25	403.95
9927	12	288	274
16398	9	416.85	409.85
15267	18	324.5	225.5
10903	18	483.1	482.2
19287	7	410.87	404.57
4104	2	421	420.5
10595	18	435.85	319.95
1705	9	388.48	375.03
7418	18	384.5	384.1
10017	3	407.52	406.92
15769	9	444.5	432.45
17104	6	419.21	418.21
17419	7	452.5	445.5
12104	7	390.09	388.79
1660	12	420.15	418.15
6664	9	410.46	402.26
3252	6	421.93	419.58
14524	6	421.18	418.38
10671	2	425.8	425.3
14010	18	391	277
6772	12	368.72	349.72
12104	2	394.44	393.29
8628	2	416.38	416.18
17194	15	452.1	449.95
16923	2	430	428
414	12	347.9	346.2
13804	9	370.35	346.35
11704	18	412	404
10017	7	398.62	391.02
7676	1	438.15	437.9
19121	6	385.3	384.55
18966	2	381.28	380.23
17198	7	459.4	457.7
15762	9	369.72	364.52
13435	3	420.1	419.4
6207	3	410.98	409.38
18730	7	413.84	385.84
17718	6	434.09	432.49
10716	18	474.9	474.5
8262	9	440.34	435.24
535	7	382.6	382.4
19422	2	422.49	421.59
13837	18	482.7	471
13495	39	380.3	362.5
17300	7	400	302
12215	18	434.7	433.2
16916	18	398	247
9632	9	379.42	375.37
7955	7	401.59	397.14
8226	9	428.09	425.29
17326	3	440.62	440.02
15313	38	430.2	429
16079	7	412	370
13818	2	418.42	417.82
16918	7	417	403
12242	7	422.1	421.8
17441	6	377.35	371.45
14943	18	386.15	381
11277	18	457	356
10187	18	425.8	425.2
5222	3	411.69	411.49
19119	4	384	383.7
3973	18	473.61	464.76
14646	9	381	363
17703	18	439.19	435.49
13495	4	407	403.85
6103	9	436.69	430.79
5635	6	408	406.4
6956	9	381.65	375.35
12067	18	449	439.6
3249	12	374.82	368.52
11972	1	432.75	432.45
2107	11	371.3	356.75
3194	18	398.55	391.45
14302	18	432.28	429.88
2979	6	427.83	424.43
2982	3	427.32	426.92
10285	7	408.29	404.49
7639	12	368.27	368.02
19608	2	412.9	411.5
4225	1	420.8	420.5
11970	4	428.6	427.3
17521	15	434.4	431
10147	7	409.85	400.85
17747	2	432.13	431.03
3032	12	347.9	339.4
17740	38	455.5	455.2
15219	4	335.75	332.4
17274	6	421.69	410.59
2067	3	427.4	424.6
12964	2	409.86	407.56
67	12	361.3	356.7
19381	1	373.8	373.5
12250	2	429.5	428.2
16876	14	421.96	421.46
17292	7	412.17	393.77
13714	18	372.15	371
9930	7	422.7	394.4
4079	9	395.45	391.85
12531	18	437.57	434.97
15525	18	438	228
12202	6	440.72	416.42
17814	3	375.73	375.03
3619	9	331.14	311.9
16956	15	469	285
14035	18	440	302
5069	2	375.1	370.3
11424	7	384.65	374.35
8175	18	441.8	435.8
5956	9	372.38	360.23
6021	9	406.19	403.19
5126	18	387.41	370.91
3621	9	360	318.5
16261	18	433.3	428.1
7696	12	366.65	357.9
7398	9	360.69	354.34
9629	2	421.73	421.23
10148	2	417.22	416.32
19099	3	401.64	400.94
13790	18	235	230
1142	12	364.25	359.65
8167	18	443.5	435.65
13937	7	410.1	408.1
13465	18	479.9	476.5
16979	9	418	360
19770	7	455.93	453.93
18828	7	397.15	393.35
2066	3	426.3	424.8
19448	2	422.3	420.65
13923	2	399	397.75
16991	18	347.1	346.1
7941	6	414.89	413.19
2354	7	404.74	399.24
4251	6	427.65	426.25
335	18	426.08	419.98
17817	2	376.12	374.12
12232	7	426	425.8
17331	38	415.8	415
11155	6	371.2	368.45
11529	6	416.7	414.9
16951	12	336.5	286.5
10892	7	359.6	351.4
17552	1	419.19	418.39
12776	3	421.99	421.54
17455	2	380.83	380.33
7434	18	468.5	467.2
8872	4	400.9	400
17538	9	398.33	371.13
19543	2	408.35	407.95
17562	2	448.34	447.74
331	18	418.81	416.48
15012	18	408	288
5539	9	388.19	381.39
7058	2	417.1	416.2
8813	18	376.05	374.25
3020	9	393.6	359.6
1437	9	339.44	334.04
10434	14	355.35	64.35
16822	7	458	448
10740	1	449.93	449.63
19664	1	378.55	377.15
17533	7	447.82	441.72
4579	18	468.1	460.1
19242	2	469.25	467.75
13165	9	378.9	366.5
11425	7	456.15	391.15
945	12	323.81	297.61
2527	9	448.1	446.9
12235	6	427.8	424.8
10587	6	421.53	419.63
8523	18	470.2	467.8
17702	38	444.03	442.93
809	9	412.3	408.85
18956	2	419.04	415.94
13846	18	376.2	340.2
10160	12	341.85	338.55
3037	6	423.7	417.7
681	4	376.99	373.29
7995	6	367.5	366
13245	3	380.7	374
15786	18	423.8	419.4
13121	9	350.11	344.31
2403	1	396.05	394.85
15882	9	365	353
19646	7	382.6	379.1
6810	12	376	373.7
1004	9	373.16	359.26
6396	6	372.72	355.12
19770	12	443.43	441.43
16076	18	324	124
18846	3	394.8	394.4
19328	6	418.2	417.75
11154	9	403.25	387.5
2846	9	383.2	376.2
1027	9	388.35	384.05
9166	6	421.7	410.3
16164	2	385.78	384.88
13407	7	454	446
12774	3	420.23	419.88
15137	1	419.95	419.15
8693	9	386.18	385.78
11320	1	404.55	404.25
1809	9	409.52	406.02
3035	12	344.55	307.35
13401	2	418.85	418.4
11424	6	399.15	384.65
4930	1	439.4	438.9
762	12	323.47	312.82
11694	2	376.72	375.42
7608	18	384.04	381.24
16224	3	426.7	426.2
6176	18	355.9	351
16900	3	422.58	421.88
17545	6	377.16	353.96
10694	1	405.05	404.85
19309	1	429.85	429.1
13997	7	408	348
19438	6	396.66	384.91
3069	18	363.84	356.79
16986	4	348.4	347.1
2333	12	357.36	354.01
6949	9	393.47	384.37
2657	18	394.91	387.91
6948	18	381.53	376.63
5137	1	428.8	428.4
19750	3	460.67	455.67
3321	6	422.65	421
4046	18	390.15	389.75
8625	7	383.2	376.5
2403	7	368.55	366.35
17709	38	452.15	451.85
4943	18	376.3	373.5
7938	3	422.04	421.34
5529	18	416.37	410.07
11705	14	431	347
8247	18	425.7	417.6
16690	9	387	379
1425	12	361.6	359.3
19759	1	466.23	465.13
8457	3	403.8	401.8
19125	2	385.3	382.8
12138	18	346.6	328.1
5725	18	421.27	414.67
3257	9	391.71	388.71
17588	7	375.3	375
11317	9	414.82	403.12
10810	12	333.14	328.64
14438	2	418.3	417.5
12937	1	386.37	385.97
10696	1	405.55	405.35
10213	12	368.95	363.4
19001	2	375.02	367.32
387	9	368.9	365.1
1261	1	378	377.2
15496	18	478	328
3047	9	405.24	401.94
8882	18	438.2	437.2
1261	7	377.2	374
14037	18	354	316
6208	1	413.83	413.63
10967	9	434.5	420.6
5954	2	417.4	416.1
17546	2	385.64	382.04
7576	2	421.28	420.18
9354	11	424.39	422.79
2358	6	419.3	413.6
12711	3	420.26	419.51
17816	2	376.11	374.11
18960	3	425.6	424.4
10246	3	386.3	384
11971	4	428.8	427.4
19443	7	418.8	410.35
673	12	352.9	345.2
4114	1	428.8	428.4
17014	39	401.6	396.7
19102	3	401.47	400.87
14648	12	343	265
7101	2	422.07	420.87
17281	15	314	168
15913	9	416	366
15943	39	347.46	345.56
2096	9	401.39	394.84
10854	9	389.76	387.21
3131	18	476.5	475
8625	2	386.3	383.2
269	18	348.16	342.26
2978	3	427.95	427.55
2536	12	365.93	361.93
5033	9	395	383.6
1454	18	378.3	373.1
13946	1	427.55	427.15
828	18	373.47	369.77
7705	9	394	390.1
3956	2	420.38	419.48
19593	6	422.26	419.61
17577	6	417.8	413
6431	9	398.55	386.85
15147	4	377.35	369.75
17325	1	439.56	439.26
2983	9	380.28	378.08
16519	9	423.4	416.6
19096	7	429.95	419.6
13963	18	411.5	393.6
718	18	495.5	494.84
17444	2	384.31	383.26
19748	18	442.23	440.73
5219	1	423.3	422.7
13602	9	478	460.8
2001	7	397.1	395.1
4390	18	438.35	437.3
10494	7	434.7	434.2
14006	7	415.28	411.28
16796	11	433	406
17570	6	418.1	405.45
8627	2	386.15	385.9
16090	4	380.46	377.16
5267	3	448.4	446.1
2851	9	382.7	380.7
4527	9	378.59	376.09
8613	9	385.3	371.9
15460	18	409	203
19284	6	414.16	409.41
2066	3	427.5	426.3
17826	4	370.7	367
10179	9	387.27	383.77
4718	12	369.13	367.18
13998	7	400.6	372.6
8780	18	444.46	442.36
19107	2	389.7	388.7
19545	3	465.55	465.35
14034	7	384	304
2517	18	462.85	450.4
941	2	374.04	371.04
11328	7	393	315
12785	7	414.5	404.4
10543	18	476.7	475.4
13563	6	452.2	448.9
12372	6	396.31	384.21
19298	2	370.7	370.46
1155	9	401.09	398.09
13867	18	366	300
17823	4	369.8	365
19396	4	383.92	381.72
541	9	373.75	364.45
5476	6	420.1	418.9
15713	7	422	325
8921	18	430.87	430.87
12370	6	397.73	390.53
5213	9	394.8	392
7393	6	421.29	419.19
3504	1	426.77	426.37
17540	1	420.15	419.95
8243	18	463.9	462.1
17821	6	364.8	364.4
18995	2	437.14	434.89
4097	2	386.05	384.9
6534	12	422.76	419.36
15486	9	409	369
6955	12	349.85	342.75
13847	9	402.2	376.2
7372	9	384.2	376.4
2798	9	375.88	371.23
6593	1	422	421.3
10624	18	373.79	372.09
19103	1	399.12	398.57
8624	6	385.65	382.35
11320	6	404.25	370.95
15181	12	359.6	358.8
17344	7	385.47	385.22
13465	9	522.7	479.9
10676	3	429.5	428.9
1660	6	450.95	446.45
15446	18	361	265
19398	3	409.7	408.9
13339	9	387.4	386.65
19015	3	428.85	427.25
10545	12	342.2	338.5
10676	1	430.2	429.9
17334	1	445.1	443.6
3053	7	410.87	406.37
6870	2	415.74	413.34
16914	35	444	435
19232	7	429	351
15490	9	410	390
12413	4	382.08	376.58
1134	18	370.99	367.04
15413	9	403.63	386.03
14735	9	390.3	379.8
19345	6	421.3	408.4
6211	2	375.25	372.55
7946	9	382.03	365.43
13749	18	397.23	391
7530	6	409.63	402.83
12042	18	390.1	389.3
4028	9	369.2	369
19130	7	458.36	456.46
17596	2	417.4	416.5
326	18	425.89	423.29
11196	4	374.04	371.39
16421	6	455.65	454.9
19235	18	356	116
5318	1	491.8	491
7007	6	397.77	385.32
10171	18	326.8	320.5
4604	12	360.16	358.46
8820	9	402.8	373.5
18710	9	382.03	349.03
17305	9	351.05	336.55
16255	9	363.3	360.3
8805	18	457	449.1
3009	9	386.1	360.17
8741	1	426.3	426
10773	4	404.25	402.35
17471	4	409	405
17447	4	377.43	373.73
2186	9	362.45	357.2
14234	1	424	423.8
8911	3	433.1	432.9
19264	2	420.75	419.05
8587	7	412.3	404.5
14480	1	418.14	417.94
10537	9	378.42	368.62
17836	2	373.2	371.8
11825	2	412	410.95
2014	7	412.65	398
19453	1	422.48	422.08
276	18	350.3	349.8
17863	18	340.7	339.35
18981	7	384.6	384
4129	12	436.7	432.6
13952	9	339.05	337.05
6176	9	357	356.2
4283	9	413.05	405.05
16164	7	380.88	380.68
530	2	373.05	371.02
12246	7	419.9	419.1
529	2	373.1	370.9
557	3	376.9	373.9
8146	3	425.4	425.1
7102	6	420.9	417.7
9971	18	411	410.7
2564	2	392.51	384.61
3851	9	395.45	392.45
5479	9	381.3	380.9
5124	9	420.78	398.68
12510	6	369.73	367.48
4838	2	400.54	400.24
16942	7	457	453
16065	18	357.8	209.8
17076	2	422	421.2
6384	9	385	383.6
760	18	307.8	305.8
4757	3	374.71	373.71
1999	2	398.5	398
6399	3	439.86	438.41
17697	12	374	302
19015	1	430	429.85
1664	6	383.7	380.8
12131	18	404.35	398.2
16608	2	421.88	421.18
10764	6	363.58	348.18
11685	1	420.1	419.9
16636	18	201	129
14037	12	356	354
5815	9	384.71	379.71
5269	2	450	449.1
13508	39	414.4	409
18827	12	381.4	376.4
19303	7	359.87	355.37
717	18	495.9	494.05
2016	7	411.8	404.65
17881	12	356.89	344.39
15803	2	410	408
10032	18	413.86	407.06
10924	9	349	344.8
15455	18	414	304
2157	6	419.42	415.97
4072	18	418.34	377.14
11049	18	481	480.2
17578	6	420.25	411.8
12307	9	371	366.2
19397	6	405.3	397.3
16106	7	398.31	395.11
19275	2	378.8	375.6
12844	4	393.6	390.6
18856	2	378.41	376.71
2440	9	350.5	334
8482	7	453.9	447.5
3111	9	373.99	369.34
17450	3	381.95	378.05
3292	6	399.2	399
2126	18	422.7	381.1
15284	18	204	186
2302	12	424.32	401.97
15222	9	331.75	330.55
10693	6	401.4	400.2
8460	18	433.45	431.4
11256	2	374.92	371.32
12411	2	380.59	379.69
6600	2	414.2	407.4
12233	6	429.8	425.9
16927	15	391	373
674	9	368	364.8
19762	11	448.08	441.38
5532	18	407.25	401.95
9535	18	437.05	429.8
13816	6	423.03	420.43
7222	6	368.88	368.58
9396	18	447.21	437.06
12784	6	420.77	418.57
16079	12	370	354
16958	6	397	391
17695	38	415.5	414.5
103	18	364	362.25
12784	38	422.77	420.77
10020	38	431.05	430.25
14746	9	399.31	392.01
19013	3	427.88	427.08
1005	18	359.56	353.56
17698	18	455	443
16598	7	468.57	465.97
10555	3	428.4	427.75
14241	3	402.9	401.5
234	12	340.1	335.25
15256	18	407	305
6294	2	375.26	374.21
17283	9	403.2	369.2
14897	8	365.7	365.05
2339	9	386.2	385.2
19519	7	380.5	379.6
7965	5	427.27	427.07
14970	15	392	391.1
15253	9	395	357
10555	6	427.75	427.4
13464	9	506.8	457
6023	18	394.95	388.8
16044	18	354	253
11127	3	429	427.1
9314	1	456.2	455.9
19222	18	471	245
17449	38	382.15	381.35
445	9	357.58	347.98
11580	4	401.25	398.75
15067	18	326.42	318.52
1418	9	375.44	372.59
14391	18	381.15	380.15
19388	3	375.9	373.8
4647	18	423.77	419.67
8742	1	426.5	426.2
12505	9	374.92	368.92
16297	9	383.6	380.8
12246	5	427.1	426.3
15143	38	401	394
18831	7	440.8	436.8
1867	18	402.8	378.8
19408	7	427.05	425.25
14433	18	463.69	457.89
9229	2	403.69	401.29
891	9	353.8	344.2
470	9	404.5	383.7
12564	4	380.1	378.8
14445	18	428.3	424.2
2362	3	427.9	426.9
904	18	365.85	358.29
19154	6	393.21	386.91
17719	3	433.56	432.76
19734	1	416.5	416.1
1754	9	364.7	355.25
18786	2	382.85	382.05
5268	3	447.4	446.6
8283	3	416.2	414
11114	18	427.4	425.7
16803	18	416	230
2014	6	417.4	412.65
8039	9	332.2	318.7
535	4	385	382.6
17349	15	368	122
19000	6	370.68	363.48
14548	18	410.42	403.82
19062	7	423.77	418.47
16739	15	420.1	418.35
8370	4	380.57	377.77
19448	6	420.65	419.55
19429	7	413.2	409.8
15224	1	341.6	341.4
9788	12	412.65	393.95
17499	38	434.92	433.52
18862	2	378	376.45
14156	9	389.5	385.7
14013	4	399	395
1664	4	386.6	383.7
17966	12	370	362
5963	6	418.46	411.86
14480	7	416.14	413.34
17822	2	372.9	369.9
1351	12	361.35	354.1
16340	18	331.88	314.48
17190	2	453.53	451.1
18876	6	376.31	370.31
18957	7	425.7	421.1
8417	18	405.7	404.8
11347	18	437.55	437.5
250	12	349.3	337.6
17508	2	418.45	418.05
1103	39	375.39	363.19
13514	7	390.5	384.1
7059	2	417.4	415.7
208	6	333.38	326.68
5447	9	390.47	385.07
15218	6	386.44	385.64
15023	9	415	405
19287	2	415.57	414.97
7448	9	417.4	410.4
4032	9	369	364
12534	12	396.5	391.9
2579	6	426.91	418.61
13079	9	386.04	377.79
8282	12	362.5	361.9
8305	18	462.6	462.1
8655	9	374.29	366.59
1234	12	372.25	369.1
4238	18	425.41	421.21
15211	9	382.74	369.94
9149	18	362.05	352.6
15783	12	423.01	422.56
18961	7	463.63	456.23
14185	18	374.59	370.79
10955	9	393.2	390.2
19518	2	382.45	379.85
1577	4	383.35	380.05
9150	12	368.2	362.3
12100	2	422.03	420.83
6097	2	408.1	407.5
5211	3	404.54	402.64
17586	9	373	369.6
13788	9	425	413
15147	2	387.45	377.35
112	14	338.7	334.4
12611	3	420.04	419.34
12221	9	400.42	395.32
7453	1	429.9	429.85
9792	9	409.75	387.45
12686	9	394.4	393.2
17895	7	428.3	421.3
1868	12	391.75	371.75
17336	2	421.57	420.17
11364	9	420.42	402.02
7268	2	428.3	427.5
306	9	384.73	376.18
4099	9	380.8	376.8
19393	2	387.74	383.94
6789	9	390.97	388.32
14334	9	431.2	413.5
2127	18	430.2	390.7
13563	1	452.7	452.2
11351	9	425.95	420.35
5081	9	383.5	382.4
15113	9	422.97	415.22
2528	18	441.15	438.2
18882	2	404.48	403.18
12711	6	419.51	416.86
18982	6	385.4	381.1
14367	9	378.74	372.84
4107	6	418.5	410.4
6096	18	379.47	365.52
17450	4	378.05	372.35
15312	6	428.2	420.1
5735	2	427.15	426.9
19444	7	357.4	356.6
8922	18	434.43	432.63
18858	4	376.38	375.03
9763	6	419.4	416.25
12774	2	420.48	420.23
7956	2	420.02	419.02
10893	5	369.7	368.8
3988	18	402.78	397.98
16849	7	451	445
9846	18	483.83	482.43
6758	1	419.75	419.05
4103	1	421.21	420.91
5276	9	549	543.6
2060	8	408.9	406.35
1331	9	395.83	362.2
3254	6	428.11	420.21
3322	6	422.16	421.86
7867	3	433.28	432.18
2908	7	413.49	409.69
19425	1	416.2	416
16555	9	404.5	400.1
5598	3	415.8	415.4
10538	9	366.59	363.19
11475	38	409.2	404.7
17727	38	459.3	457.5
9924	18	378.15	358.55
1114	8	368.9	368.3
16268	12	356	350.6
14383	7	409.7	406.6
2113	12	359.23	353.93
15657	7	399.53	397.33
2030	1	422.39	421.79
17292	9	393.77	385.17
12267	35	379	377.4
19153	6	395.83	386.13
18785	12	371.3	271.8
1029	9	387.78	387.28
9930	6	425.4	422.7
354	18	343.5	338.65
19546	7	465.35	461.55
437	18	371.25	370.95
18812	3	464.46	450.26
8204	7	424.2	423.8
17534	7	447.63	442.43
7452	9	424.9	414.5
17756	2	417.4	415.9
14830	39	423.19	418.79
14614	6	421.59	419.84
12505	2	380.92	377.92
8984	18	389.35	382.05
14435	12	364.76	361.16
1332	15	343.8	336.3
19208	4	375.1	371.75
14300	1	406.2	405.95
3292	2	402	401.7
4113	2	428.2	428
12263	1	393	392.5
1128	9	378.3	358.25
7192	18	397.6	387.1
17452	4	379.77	378.87
10190	18	446.4	444.2
16955	7	312	298
2853	9	384.85	379.1
8636	6	420.52	0
15072	6	408.8	405
879	18	366.5	361.65
14573	7	468.83	464.73
2743	9	393.5	389.35
19778	18	354.19	350.19
7604	9	386.32	383.32
6082	12	368.9	349
6958	9	381.98	375.18
4130	18	449.75	442.75
19001	6	367.32	363.02
17600	6	415.4	413.4
3271	7	404.9	396.1
9208	9	403.6	402.6
9608	18	431.75	425.65
832	18	492.7	485.8
5466	9	391.8	391
6044	18	381.81	380.81
13340	9	388.45	386.05
8401	9	401.03	397.93
381	9	375.12	373.37
8436	9	380.9	379.8
14897	7	365.05	363.5
2081	9	371.03	368.43
2403	9	366.35	363.05
10625	18	377.85	373.3
6067	9	426	417.3
1039	9	392.4	385
1937	1	428.5	428.2
17338	6	419.57	418.57
17545	3	382.66	380.16
19482	6	428.8	418.4
14759	7	428.2	420.7
377	9	354.1	350.85
19711	2	378.8	367.85
15591	3	422.45	421.4
16311	7	412.2	408.7
17984	7	486	480
19	12	372.46	363.36
7955	3	420.84	420.04
6484	4	403.7	400.7
5814	9	395.28	394.21
9398	18	444.64	442.99
14663	6	421.5	418.9
9148	18	361.8	352.4
1101	18	361.77	355.62
129	12	360.6	345
18962	1	466.7	466.5
15860	6	419.2	416.2
9931	2	422.6	421
1273	9	388.62	375.5
11405	4	403.95	402.85
6026	9	395.7	392.9
19683	1	387	386.65
3278	9	384.59	384.29
13962	6	413.2	408.7
17934	9	389.12	378.92
19207	2	377	371
10668	2	425.9	425.3
9844	18	489.34	485.99
2359	1	417.71	416.91
1149	12	366.15	360
14244	9	395.5	393.8
10256	18	406.8	405.2
10235	1	430.3	429.5
10096	2	386.28	384.38
2114	9	366.52	359.17
1304	36	426	378
3037	6	425.7	423.7
12520	18	354.7	353.2
7355	9	369.43	354.03
7185	9	457.7	441.7
16804	9	407	379
14244	2	401.8	400.7
12644	9	413.81	410.01
11679	7	412	411.5
12590	18	499.5	476.3
15888	18	364	130
16344	9	410.47	358.17
6484	6	400.7	400.3
17300	14	275	210
15615	7	432.27	419.87
9127	1	408.3	408
8215	18	419.33	418.93
8116	18	425.35	421.05
15668	2	388.44	367.74
11967	9	395	389.2
2914	7	414.33	402.68
5400	1	405.04	404.79
19188	18	439.3	436.6
5232	12	409.3	373.3
15647	18	381.76	376.86
16851	18	365	163
18967	3	380.74	380.37
7661	18	417.05	417
12089	4	400.2	397.5
16859	18	350	184
10205	9	388.3	385
12963	18	350	296
17117	3	432.7	430.3
10010	8	330.07	321.37
3504	7	424.17	418.77
17721	7	414.5	413.1
17884	6	409.68	405.68
17353	7	436	430
15770	9	454.7	447
5691	18	401.95	400.55
5267	1	449.1	448.9
7300	9	405.62	401.77
16155	3	392.4	391
1303	5	428.5	426.5
17842	38	373.2	372.3
3258	9	392.14	383.14
6953	18	388.8	384.6
1843	18	391.78	389
7019	9	397.23	391.33
3335	9	388.73	376.43
11193	6	470.5	464.7
10148	6	416.32	408.72
17571	8	371.72	364.7
13921	2	398.6	397.4
15286	18	364	278
19483	2	430	429.1
7099	6	421.45	417.15
12562	2	429.53	429.03
4041	18	398.3	392.93
8827	1	437.05	436.85
5589	1	420.31	420.21
6495	9	375.3	373.7
15266	6	355.3	339.3
4149	3	405.76	405.06
17409	6	369.79	368.04
3162	9	404.22	399.22
10924	3	351.3	350.3
18830	7	454.5	451.5
15760	6	370.6	369
15327	9	381.9	374.7
14016	18	367	310
14023	15	407	309
11888	6	408.8	404
5750	6	420.18	410.18
10261	9	397.04	391.14
8121	9	398.61	389.71
15210	2	386.97	386.47
1142	9	376.35	364.25
16496	6	421.62	418.62
15712	18	359	269
9323	9	392.1	389.4
5143	9	421.7	411.4
12003	9	392	389.9
5228	18	397.9	392.5
12914	38	399.03	398.63
9069	12	426.2	423.2
18803	7	435	411
7062	12	354.3	342.8
17441	2	381.45	380.65
15418	18	408.57	406.37
10516	9	413.8	407.9
15917	7	421	371
17194	2	456	454.3
1882	18	425.62	419.32
12779	2	414.22	399.22
14743	9	376.4	371.6
12359	7	389.01	387.41
10756	18	410.48	404.98
19308	7	429.3	425.6
11572	1	409.9	408.7
16867	1	422.3	421.9
16025	1	462	461.7
14966	7	392.8	391.5
10515	9	412.4	407
3251	1	421.53	421.23
13428	4	393	388
4603	9	362.99	357.89
12499	6	408.2	406.25
10763	9	379.52	375.22
12365	7	392.89	392.49
7453	2	429.85	429.5
17559	2	451.62	444.02
2621	9	399.5	367.38
435	9	379.15	347.75
6786	2	422.85	421.9
12202	9	410.12	324.02
6819	9	389.1	357.1
12015	18	449.11	443.41
13086	2	418.57	418.14
2431	9	381.83	376.13
13419	3	381.5	376.5
12362	2	401.7	396.7
17281	7	416	408
7097	2	421.82	421.42
11212	9	386.8	369
4260	9	403.5	391.7
14338	18	418.2	410.8
825	12	360.6	350.6
19364	7	443	442.2
12770	6	417.17	388.47
7445	18	347.8	347.75
18830	7	446.5	442.5
10147	3	415.95	414.15
15247	18	356	244
2176	6	382.63	380.28
7306	9	378.8	371.1
11051	7	436.5	435.3
19161	4	382.21	381.01
18788	5	380.85	379.45
15768	12	442.2	413.4
13514	1	400	399.5
15421	18	414.89	407.92
3480	4	388.81	385.21
15395	2	417.65	416.95
14856	7	426.44	420.74
9673	18	414.75	409.3
15141	2	375.67	375.17
1101	39	375.22	361.77
12503	7	425.08	410.08
11566	3	413.6	411.9
9166	3	422	421.7
19757	11	453.38	435.38
16047	12	326.8	292.8
17716	12	400.2	362.3
1805	5	375.02	373.72
437	4	392.95	387.7
2526	18	458.5	443.6
17843	7	367.6	365.2
12881	6	416.04	405.34
1131	9	364.2	360.8
2537	12	368.76	366.7
17116	2	356.2	344.7
16867	6	420.5	420
16452	9	404	396
4987	9	370.51	369.11
16811	9	383.3	379.3
156	9	377.23	362.9
13814	1	428.04	427.44
14835	7	402.03	400.23
4535	1	422.6	422.3
240	12	339.1	333.5
6849	9	355.78	354.28
7821	7	418.07	413.97
17209	6	415.8	415.3
19315	7	428.85	425.45
12939	2	384.46	381.56
17894	7	422.55	408.55
12504	4	394.31	392.31
8968	6	399.6	391.4
355	9	355.35	349
19057	18	396.76	389.76
10026	9	365.73	363.43
6601	7	401.85	400.55
4359	38	420.65	419.85
19491	2	473.11	460.61
6787	1	422.48	421.98
13710	18	394.7	393.2
12471	18	392.8	392.02
12881	2	420.34	418.84
558	4	373.4	372.8
15288	18	317	155
14371	18	459.69	459.49
6513	9	397.2	396.8
4396	9	377.31	367.91
19488	2	473	468.5
9739	1	431	430.7
2519	9	455.3	437.2
19454	7	412.6	409
15601	2	402.21	397.21
11420	2	419.92	419.02
10026	7	366.63	365.73
15313	6	428	420.2
9988	9	414.4	410
17053	7	417.36	414.96
2610	12	383	371.8
17879	9	422.1	395.1
293	12	376.3	374.2
12190	9	442.2	438.9
19741	1	392.8	392.5
11151	6	406	402.7
16894	6	401.7	393.2
9700	3	461.9	461.3
4103	6	420.46	408.01
11421	1	469.5	468.9
12094	39	395	391.3
2664	1	422.2	421.9
2347	9	391.34	386.34
9816	7	488.6	485.4
4401	6	417.45	408.65
12785	6	418.6	414.5
15598	12	357.8	346.8
4401	6	419.65	417.45
15947	9	391.55	384.55
15355	7	418.6	402.6
6760	6	419.58	400.78
1724	4	385.3	380.1
13509	39	393.3	346.4
12479	8	416.4	412.4
14654	9	412.45	410.15
14063	9	382	346
5860	9	409.3	407.88
14819	7	401.43	395.43
12100	6	420.83	413.03
19126	18	370.5	370
16186	3	420.46	419.76
11981	9	381	363.43
13794	18	464	398
5642	1	463	462.5
15929	9	395.2	351.2
11689	2	377.4	373.4
14664	7	418.5	418.3
17708	7	420.8	413.2
1679	3	402.9	401.2
9700	15	460.5	459.9
15492	18	440	200
2635	18	434.55	429.35
12570	9	408.29	406.89
14575	1	472.5	472.2
15935	39	347.93	347.23
19492	2	473.29	465.29
12562	6	428.43	425.23
3954	6	418.4	405.3
16051	7	427	413
9075	9	421.42	417.02
4386	18	448.1	446.9
10147	2	416.85	415.95
13199	18	391	275
2073	3	430.7	429.7
10587	2	422.53	421.53
4308	7	413.34	402.24
14966	15	391.5	390.9
6860	6	417.27	407.37
1664	9	380.8	367.4
468	9	403.7	387.75
12564	18	368.9	368
19742	6	391.1	390.2
14835	2	409.43	408.73
3736	9	423	420
16722	12	357	335
17290	18	325	256
16800	18	373	267
19761	6	463.9	460.7
2358	1	420.1	419.3
14000	18	306	216
5214	9	393.7	391
14005	12	385	326
19056	7	406.11	405.51
13913	1	380.2	377.3
16508	2	387	383
7560	18	418.2	417.7
3342	6	419.16	408.06
19444	5	373.4	357.4
15705	2	389.77	385.87
19056	3	411.81	409.91
603	9	430.53	425.88
5212	2	405.86	403.46
6014	18	359.07	341.72
17520	3	439.4	436.9
13467	18	483.25	478.55
926	9	366.95	351.7
11182	18	335.67	334.87
7097	6	421.42	417.52
1227	18	314.85	313
12592	18	498.56	485.01
19760	9	452.66	446.81
2015	2	413.8	409.9
17294	7	412.58	394.18
15038	7	432	384
15365	1	416.95	416.7
1611	7	419.08	403.78
13837	7	485.45	484.75
437	7	387.7	371.25
9166	2	422.3	422
255	18	333.2	332.4
92	9	390.75	389.6
8498	3	426.65	426.05
5313	7	430.89	430.29
10220	18	406.9	401.3
7225	18	354.46	348.06
14110	9	389.1	386.8
16229	18	383.9	383.1
16984	18	347	344
16692	9	335	323
17105	6	418.22	415.32
5178	18	397.3	387.3
15160	18	434	430.4
15313	3	429	428
10011	4	370.9	364.8
17566	11	388.12	385.62
13156	12	380	344
11670	6	368.7	363.1
19019	6	381.2	374
16798	7	395.7	375.7
9354	9	435.99	424.39
13889	18	377	249
11816	18	390.22	374.92
10762	18	369.57	365.77
2063	1	427.6	426.8
1790	2	398.32	395.82
1794	9	404.23	395.83
19356	2	444.3	443.9
4095	9	385.15	372.55
12569	9	407.6	406.3
158	7	372.92	369.42
6947	18	385.96	380.56
3480	1	389.76	388.81
12614	3	419.75	419.35
1653	12	368.88	366.68
4286	1	417.46	417.31
8619	2	457	455.2
7964	5	427.26	427.06
10408	6	405.3	403.8
16615	7	406.2	397.7
19522	1	422.5	422.4
15393	18	357.63	349.93
15468	18	417	193
16741	9	443.25	438.15
8627	3	385.9	384.65
301	18	353.25	352.4
2830	18	449.9	437.53
12511	4	407.84	406.24
17344	11	379.17	375.97
14454	7	396.3	394.5
13956	9	304.92	299.02
17327	1	440.48	440.18
10758	18	407.37	401.67
7540	6	421.96	411.06
12771	6	418.7	394.9
12265	9	378.65	365.25
13787	9	326	310
17446	3	381.55	378.15
6236	9	388.2	386.2
7822	1	420.38	419.98
13404	7	408	344
12568	9	408.13	406.33
1147	9	379.42	367.57
12334	7	429.93	420.33
4434	1	437.7	437.2
743	1	409.58	409.28
17387	18	412	142
17812	9	391	363.2
9926	9	306.5	298.4
15844	12	364	270
6856	6	373.44	365.24
11863	7	419.58	385.78
5159	18	399.8	393.3
8470	9	450.6	440.5
15721	18	366	118
12613	1	420.58	420.28
14077	9	396.98	349.48
17703	7	440.89	439.99
13372	9	383.8	383.8
8404	9	403.39	401.79
7675	2	438.65	437.45
5341	1	462.72	462.42
2637	6	427.2	425.2
17874	8	391.6	385.6
2332	9	364.36	358.56
16963	2	403.9	399.7
23	12	366.88	353.88
15263	7	380.2	262.2
6799	1	419.79	419.39
19756	7	462.2	453.8
6597	6	426.8	426.5
19445	7	418.4	416.2
2171	7	378.51	370.61
1763	7	451.61	442.21
19559	6	417.15	413.25
13895	18	351	311
7089	12	364.1	358
17723	18	468.27	464.87
14749	8	458.17	454.97
1010	12	373.86	366.26
8586	2	420.25	419.15
13842	9	400.71	368.71
1382	18	400.88	399.58
11693	9	377.13	361.13
16273	9	412.85	408.75
11158	9	465	421.4
6834	18	371.63	371.43
14243	6	401.3	397.9
16086	7	422	368
14895	9	372.4	367.15
8233	9	366.4	352.1
13894	1	396.7	395.3
5212	6	403.46	397.86
13813	6	427.3	424
14849	9	414.4	408
2907	7	413.04	409.44
13198	18	344	265
10546	12	380.25	364.05
4139	9	375.47	372.17
17826	3	371.4	370.7
16967	11	417	369
1442	18	481.83	460.58
12536	9	408.1	372.9
4715	6	372.6	363.1
7665	18	455.15	451
17812	11	357.95	335.5
11283	38	447.44	446.74
19704	6	401.5	396.5
15845	18	363	201
6806	7	457.5	454.4
9851	18	487.46	485.06
19549	6	416.9	414.2
17570	2	420.75	418.1
2023	1	427.9	427.3
6990	18	411.1	403.9
5220	4	412.94	412.39
2251	6	395.14	389.84
6638	18	402.7	402.4
10954	18	305.91	296.46
19223	9	387.5	355.5
6463	35	371.07	361.07
7594	7	427.1	424.9
720	9	380.4	376.8
12228	9	385.81	381.06
17540	9	411.7	363.15
6601	4	409.75	408.95
3518	18	459.1	458.7
4002	18	438.75	429.55
12090	39	401.2	397.4
17012	7	418.9	409.9
5245	9	383	381
4167	18	369.23	357.33
15718	9	411	377
11056	9	405.62	397.32
12948	18	367	283
17440	6	379.54	372.94
4583	18	389.27	383.32
16898	6	421.3	412.5
17457	4	376.62	374.62
15001	18	382	302
2228	1	429.4	428.6
14761	18	418.54	416.64
15232	7	433	403
8456	3	422.5	421.4
16820	18	378	188
13792	18	372	247
7966	5	427.48	427.28
19490	7	466.5	458.3
10850	12	367.77	348.67
12633	7	402.44	394.64
14237	18	421.5	399.7
17730	9	456.2	444.2
9819	18	485.2	463.8
15314	38	429.7	429
2637	3	427.7	427.2
16927	7	433	427
16714	3	454.8	454.5
15476	12	344	246
19428	7	465.1	462.9
11667	6	368.7	367.4
12622	9	370.5	366.16
19336	9	444.07	425.07
5114	7	379.72	369.02
19741	3	392.5	391.7
8624	3	386.25	385.65
18864	2	377.99	377.29
799	10	409.85	406.45
14237	38	423.7	421.5
16979	12	360	324
5254	2	418.31	417.91
7603	3	439	438.4
11425	3	457.05	456.15
6784	3	422.07	421.62
16048	18	389	241
19106	1	433.2	433
17105	4	418.87	418.22
7307	2	419.12	418.72
1067	18	317.53	310.54
16551	9	394.1	393.3
19683	2	386.65	385
9923	2	393.34	391.54
3928	9	366.88	366.38
1993	18	433.38	411.88
7771	7	393.3	390.3
6461	3	406.89	405.29
9627	18	371.85	370.85
11188	9	352.04	336.24
5671	6	418.91	416.41
9477	1	420.2	419.9
12611	7	416.24	415.44
12614	6	419.35	417.35
13334	9	344.95	332.95
15317	38	429.3	428.2
2981	6	426.84	423.64
3686	2	384.51	383.71
19260	2	437.44	436.44
14248	6	418.92	416.62
19762	2	464.18	463.18
9226	2	399.13	398.88
357	18	347.3	343
6065	3	417.54	415.74
15250	6	420	396
18885	4	372.75	372.15
15142	12	358.01	357.21
16733	18	362	156
19424	3	415.2	414.1
19759	11	453.73	440.23
16047	18	292.8	82.8
2001	1	399	398.6
15053	7	419	393
1335	10	348.22	342.52
16736	6	437.1	435.2
19064	7	424.32	412.32
9324	9	453	445.6
7096	6	421.61	417.41
18793	6	375.45	369.25
8648	1	428.5	428.2
15474	18	330	161
19217	3	391	390
17275	7	443.25	438.7
13984	9	346.51	343.91
8459	18	434.75	427.25
13120	9	349.55	340.35
6488	9	376.2	374.8
12841	7	417.53	413.68
305	9	387.87	381.22
5113	7	379.1	378.4
6097	7	403	396.6
2801	1	429.08	428.28
3556	6	419.49	417.19
13717	18	472.38	467
7915	11	364.7	358.8
15222	11	330.55	326.4
4053	4	390.5	390.2
12463	14	333.57	333.17
15928	9	271.7	257.7
9002	18	463.4	462.6
1825	9	379.13	374.13
10893	18	350.1	347.7
17715	18	409.6	408.6
19495	7	400.8	396.6
7045	18	441.8	435.8
17837	2	373.2	369.1
12466	18	329.46	328.56
10426	1	384	383.65
2387	6	425.53	419.13
5366	1	421.25	421.1
17866	9	375.16	364.96
3293	1	402.5	402.1
2848	9	383.3	377.6
11184	18	335.88	335.08
19679	1	389	388.6
19765	11	447.61	442.26
2299	9	399.28	391.73
1042	9	346.5	334
18868	4	375.18	373.78
2834	18	448	437.54
19716	2	379	375.55
19115	18	367.52	363.72
1093	9	393.44	390.14
11695	2	379.59	377.29
13846	9	402.2	376.2
8583	7	403.2	398.5
9053	18	393.96	379.86
14017	1	370	369.6
2664	2	421.9	421.05
13020	2	374.25	370.85
13167	9	379.1	376
12958	18	329	274
2609	9	398.02	369.82
6601	6	408.95	401.85
4633	7	426.2	425
7921	9	364.57	354.67
3251	3	421.23	419.93
15459	18	360	254
409	9	396.54	390.54
13601	18	458.8	457
14451	9	415.6	411.7
16915	9	397	361
17538	6	422.23	415.03
18964	2	409.92	408.92
2479	6	421.58	416.98
297	9	376.48	355.18
19426	1	420.1	419.9
11528	1	415.9	415.3
17551	6	376.88	372.98
4693	9	415.57	405.17
1796	9	414.07	408.57
19452	7	402.66	384.66
11692	4	379.01	372.21
2897	6	400.39	393.34
16142	12	369	364
15100	18	416.8	415
17466	6	414	386.2
349	9	355.01	346.75
12268	9	362.45	361.25
8114	18	432.4	426.9
15803	18	374	160
943	6	371.12	364.42
17333	1	445.9	445.3
1336	9	375.85	356.45
2153	7	422.38	408.58
9930	3	426.1	425.4
9772	4	379.14	374.14
7225	12	364.46	354.46
13815	7	423.54	421.04
4599	9	398	360.6
11208	2	418.28	417.88
4228	1	417.64	417.44
763	12	334.25	332.8
11180	9	349.62	336.62
7206	9	403.43	398.73
17712	18	409.8	408.3
16319	9	393.9	392
18962	3	466.5	466.2
16633	18	440.7	431.6
3267	1	413.2	412.9
7699	9	393.95	389.9
2097	7	412.63	412.03
1005	9	371.36	359.56
3151	12	373.13	365.28
2566	6	416.31	404.51
10984	18	304.52	304.52
19328	2	418.5	418.2
17544	6	377.15	353.85
10359	1	451	450.7
15295	18	310	170
19492	6	465.29	458.29
17594	2	417.45	416.65
5957	2	378.02	373.82
10025	6	450.77	449.47
15047	12	324	302
19191	9	438.3	433.8
19301	9	359.02	348.32
15043	18	340	96
10842	12	332.03	325.78
16854	2	471	469
15248	7	452	422
15134	18	384.96	377.16
7531	6	412.94	404.24
2214	9	427.21	417.41
12068	18	450.5	439.7
15251	7	426	332
227	18	333.75	332.18
354	12	344.1	343.5
16112	12	379.9	369.9
2624	12	395.2	366.8
5312	2	434.48	433.88
399	15	417.91	392.91
2013	1	416.9	416.5
19644	1	384.5	383.6
10141	9	383.88	377.78
5028	9	418.85	388.15
11324	9	393.95	393.65
4000	18	437.2	422.7
15550	18	423.23	413.53
380	9	370.49	367.34
17078	2	421.65	421.1
8972	4	393.2	387.9
16831	18	413	272
17509	7	415.22	413.92
3478	9	382.95	377.95
14834	3	409.13	408.23
8885	9	426.8	426.2
5576	9	389.95	388.1
3540	9	384.7	331.7
11116	18	435.9	431.5
6209	9	395.42	394.72
19520	6	421.15	418.55
15271	12	324	297
15203	4	383.02	381.32
19184	18	433.1	430.7
19557	7	411.14	409.14
14389	18	382.15	381.15
7548	3	421.72	419.52
15499	9	387	351
15387	18	358.1	351.9
11026	3	421.4	421.1
9168	1	422.6	422.4
7353	18	362.34	359.94
16338	18	339.5	338
1828	9	376.82	371.32
10170	2	399.3	397.5
16730	12	292	228
12247	5	428	427.1
13934	2	416.65	415.45
2982	1	427.72	427.32
3768	7	396.15	376.65
7805	9	387.9	386.7
12808	3	401.04	400.54
9699	8	460.95	458.95
8232	9	366.8	352.3
19133	6	420.5	420
9880	6	418.1	404
16608	1	421.98	421.88
7745	12	367.61	363.31
5258	2	418.02	417.92
2010	3	413.5	412.8
9702	2	461	460
4019	18	444.9	432.3
17105	2	419.32	418.87
4254	15	319.9	314.5
116	3	410.3	408.3
19453	18	364.48	359.48
8497	1	428	426.6
14354	12	377	345
14101	9	393.4	390.5
11996	1	430	429.65
16451	9	375	337
15344	2	403.31	402.31
1575	4	383.85	379.75
19403	2	398	396.8
1412	9	411.06	406.56
17734	18	418.8	415.1
1840	6	410.7	403.6
17011	12	373	369
351	18	347.95	337.55
559	6	369.5	361.9
14105	9	395.1	382.8
5003	9	364.91	355.66
15051	18	415	279
16419	2	461.9	459.5
19000	2	375.48	370.68
15481	18	412	222
1092	7	418.63	410.73
16985	2	349.23	348.93
12254	1	428.9	428.1
2148	18	374	348.91
10536	9	356.11	350.71
19723	7	421.6	420.6
5113	9	378.4	366.1
12772	7	398.01	385.76
2522	1	463	462.9
12017	9	394.52	393.52
12242	6	426	422.1
4783	7	365.83	365.43
15906	18	485	325
8637	3	419.72	418.62
16691	12	418	412
239	12	338.6	317.8
14525	6	421.92	417.22
13818	6	417.82	412.92
15273	7	422	354
17307	7	407	398
11866	6	432.4	431.6
18878	4	377.06	375.06
12368	9	390.45	367.65
1658	7	416.13	408.13
8585	7	416.89	404.39
12498	2	428.6	427
4536	3	422.3	421.5
2479	9	410.38	407.28
11185	18	335.41	334.41
19162	1	384.8	384.6
13813	1	427.9	427.3
19119	7	383.7	383.3
19270	1	488	487.2
1104	9	404.16	393.71
10411	18	426.65	422.7
3382	18	459	452.24
11155	1	371.8	371.2
17813	38	376.2	374.2
7305	9	378.89	370.69
11213	9	367.1	357.7
7927	9	359.3	358.1
14262	9	383.18	381.38
19172	6	384.1	380.5
16164	18	362.48	361.78
2908	1	421.69	421.29
19780	6	409.19	407.19
19638	1	385.4	384.6
2636	3	429.2	427.6
6761	1	419.49	419.09
16814	9	374	372
11882	18	418.1	409.7
19380	1	373.8	373.5
15014	9	382	340
19355	2	360	358.6
10672	2	425.8	425.6
19767	11	447.44	444.44
18730	0	-118.16	-141.16
19315	1	429.55	428.85
8970	6	395.3	388
5754	7	392.06	386.26
13981	9	347.4	342.55
1824	2	404.6	402.8
5146	9	402.6	381.45
5937	5	373.13	372.23
19253	2	435.08	432.68
17601	6	415.9	413
10258	18	413.4	412
3275	7	437.2	432.1
12359	6	392.41	389.01
17078	1	421.9	421.65
18862	1	378.25	378
17112	9	344.9	337.7
10986	18	306.6	306.6
12538	12	401.3	393.8
2387	1	427.13	426.68
4285	6	416.27	413.37
17172	3	454.98	451.08
2706	12	395.6	371.6
18934	6	412.3	408.6
17830	2	373.2	369.8
6667	9	413.26	403.27
2308	18	426.17	421.17
11584	6	389.25	385.95
2494	6	427.91	426.61
17583	1	427	426.6
1792	9	387.2	383.9
10886	9	374.29	371.09
3576	9	380.09	373.89
16823	18	406	162
2580	1	427.21	426.86
16524	9	423.7	417.6
18908	1	473.44	472.84
1130	18	360	359
10151	18	414.65	412.35
14186	18	364.35	362.75
17350	18	377.1	160.1
2446	18	340.7	328
12092	7	399.3	399.2
10148	7	408.72	403.22
13647	18	475.97	473.57
13957	18	315.22	311.02
12266	35	380.47	378.92
12465	18	331.2	329.19
12235	2	428.8	427.8
6912	1	429.1	428.8
9170	18	404.8	401.9
19761	2	464.5	463.9
14739	18	373	370.6
16170	9	402.35	399.55
13308	9	375.1	367.13
4045	18	387.15	386.85
15297	18	296	224
5589	7	418.96	410.31
1388	9	407.98	406.88
11669	12	346.5	343.1
4038	18	399.6	397.02
7855	18	385.3	383
3582	18	417.97	415.77
12777	7	423.05	403.85
15302	9	376	368.5
1355	9	403.79	403.09
16697	2	478	475
15137	7	418.15	399.95
17163	2	403.62	401.92
17412	6	377.6	374.7
19700	2	388.06	385.06
3508	6	435.8	433.1
15715	18	215.4	85.4
2678	9	378.4	377.8
10517	9	413.25	410.15
13435	7	419.4	418.7
5268	7	446.6	446.1
1448	18	482.66	405.86
12564	7	370.7	370.1
6208	6	413.23	396.23
8919	18	432.46	430.16
3458	9	401.31	395.56
16915	18	333	147
583	18	338.45	322
679	2	379.95	376.9
12837	38	421.25	420.75
17484	2	419.6	418.8
1271	18	354.23	348.73
4457	38	447	446
1663	9	388.25	366.25
8867	1	402.2	402
18850	7	404.36	386.41
14029	18	416	284
9928	2	374.4	371.2
3101	12	391.94	388.94
2492	6	427.33	426.08
19123	18	376.95	372.4
14035	9	446	440
19246	2	468.4	460.6
13166	9	378.8	366.5
4151	9	403.49	401.49
12521	6	397.5	394.3
10916	6	422.02	418.02
13202	18	400	250
833	18	489.65	484.5
20	1	386.75	385.85
1148	12	362.5	338.25
8237	9	370.1	364.3
18981	1	391.4	391.1
11575	6	405.7	401.9
18840	7	484	468
9632	2	380.97	380.52
9928	14	353.3	346.2
15901	18	417	179
3256	38	429.59	428.69
7658	1	433.25	433.05
14333	9	428.7	413.2
13428	2	393.6	393
6856	2	375.84	373.44
12637	1	424.84	424.59
14998	18	401	269
7528	3	401.4	401
3273	8	424.7	423
17521	1	439	438.5
11996	6	428.8	425.65
3622	18	314.64	310.64
3345	6	415.17	409.87
9148	12	366.4	361.8
10246	9	357.3	350.9
17737	9	443.7	426.4
894	12	346.27	345.12
2859	1	437.2	434.2
12595	18	502.55	479.15
12088	1	401	400.7
8842	9	445.4	441.7
1536	18	280.32	277.07
14357	18	344	250
17508	6	418.05	417.45
14613	1	422.6	422.3
2578	1	428.78	428.08
17588	4	379.7	375.3
11356	18	413.57	409.77
15247	9	390	356
17346	9	384.02	383.02
17278	1	454.75	453.75
7940	7	419.89	417.19
11216	18	348.09	342.89
19031	2	439.1	438.55
5645	7	423.8	421.9
1268	9	373.85	371.35
16761	18	349.55	348.55
17119	1	410.7	409.7
4604	9	368.56	360.16
5444	9	387.61	385.61
6866	7	429.18	426.98
8488	2	420.39	418.79
15872	18	384	278
11704	14	404	298
7818	3	401.6	399.6
17747	7	431.03	429.63
19765	9	452.91	447.61
9313	8	437.7	437.4
17524	38	415.7	414.8
4143	9	374.38	364.13
14452	2	404.4	402.8
15105	9	383.81	375.01
13872	18	412	164
16731	18	337	115
13419	6	374.2	373.4
15946	39	347.29	345.79
4838	1	400.74	400.54
17840	4	371.5	370.9
11567	3	413.83	412.43
8774	18	399	380.35
12482	9	369.89	363.69
9319	1	424.9	424.6
14932	1	420.53	420.03
3247	12	372.03	367.88
19654	2	374.79	368.79
1269	9	373.68	371.18
18857	6	374.01	365.81
3266	7	386.2	380.3
15960	9	399.2	395.6
16983	15	347.58	346.58
3031	12	345.53	306.63
1680	3	401.93	401.38
10171	11	352.4	351.7
13891	18	393	283
16626	18	384.96	382.86
16924	7	409	313
18809	7	368	292
11997	3	429.7	428.9
16722	9	409	357
13840	18	472.4	464.9
3655	9	383.12	373.62
5707	18	372.8	370.6
15263	38	382.2	380.2
19754	11	453.8	439.4
17706	18	418	411.3
19219	6	378.87	356.97
13455	18	485.5	480.15
16156	2	394.5	392.1
18970	3	383.5	382.3
6995	2	412.99	412.29
2578	6	426.78	418.78
2145	18	375.52	361.62
10030	2	389.8	383.5
7942	4	410.05	409.55
19046	9	394.3	389.7
19401	2	397.22	395.82
13169	9	378.5	374.4
13454	18	468.45	462.6
9410	7	398.05	396.35
11404	7	403.2	400.3
18845	3	395.7	395.2
13479	9	566.55	548.7
12608	6	419.38	417.48
8393	9	394	392.41
5070	7	429.6	408.6
14453	9	390	389.7
2633	18	435.02	429.22
4510	18	414.7	406.9
16853	18	408	190
5675	2	435.64	434.87
13867	9	371	366
19393	4	383.94	382.24
19159	3	380.22	379.92
5332	9	388	387.8
6588	1	421.8	421.5
3625	1	370.07	369.72
5660	9	410.18	409.28
6867	38	429.14	427.74
19340	9	380.26	359.06
19449	18	406	234
5536	9	391.93	387.03
4381	9	392.77	384.67
10809	12	327.62	308.72
12217	12	350.3	349.9
3293	6	400.7	400
12360	9	385.76	380.36
19281	2	417.55	416.75
15735	2	386.6	384.2
10836	4	427.5	426.6
6223	9	383.02	381.82
14646	6	421	410
10541	18	366.8	361.5
5057	6	410.47	406.17
6294	6	372.46	369.36
7524	7	427.7	426.2
19643	9	378.9	366.5
13200	6	424	398
2525	18	423.6	416.1
7223	12	358.22	356.82
1377	7	395.06	389.36
555	4	370.3	368.55
10491	9	397.1	396.5
13821	18	375.53	373.33
5123	9	414.92	384.52
14003	18	457	349
16949	7	308.36	304.86
19449	7	434	406
15206	6	384.99	383.39
13861	18	347.7	249.7
7867	7	431.58	430.18
19780	12	362.19	340.19
16677	9	417.2	380.5
18837	3	427.8	425
15486	18	369	273
3944	6	409.2	407.8
19109	2	390.1	389.3
3673	1	485.07	484.87
19724	2	417.63	416.83
11196	6	371.39	369.44
15220	14	309.7	306.2
7101	6	420.87	417.37
647	18	380.55	372.45
4097	3	384.9	383.65
19185	3	432.75	432.05
19642	9	382.6	367.7
2386	1	427.23	426.78
15549	18	419.63	417.73
7431	14	481.6	480.6
14970	3	392.6	392
16890	1	405.9	405
16874	7	413.4	403.7
4474	18	463.5	462.2
10490	9	399.5	398.4
9744	18	404.73	343.43
17103	2	420.9	419.25
12710	6	419.3	416.6
8276	18	452.9	441.1
16982	2	351.07	350.47
8709	6	427.87	424.57
13189	12	374	358
1339	9	376.5	370.6
2800	3	428.77	427.07
17811	6	419.6	418.6
12245	5	423	420.4
19356	3	443.9	442.7
5123	18	384.52	379.62
15251	18	332	302
17323	1	414.74	413.54
10546	7	398.05	391.25
72	9	396.09	384.39
19092	7	432.26	411.46
13358	6	382.62	380.37
4751	18	373.56	369.56
17308	15	395	222
11666	6	369.15	366.75
2286	18	424.65	424.35
17111	7	450	447.1
17079	6	420.45	416.4
18873	6	375.81	371.01
130	10	365.68	362.43
19180	3	431.61	431.01
11690	9	371.71	360.11
4843	18	448.83	445.63
15255	12	326	316
1827	18	372.82	368.62
19709	2	378.8	369.5
17297	2	415.06	414.16
18872	2	377.97	375.17
4242	18	426.77	417.97
3561	7	429.4	428.5
2716	14	465.8	464.15
18860	2	378.73	377.08
943	7	364.42	361.82
10525	3	428.86	426.76
3620	18	313.4	308.83
15858	9	409	382
10236	6	400.8	386.1
14441	9	426.05	421.05
10432	38	413.08	412.83
16749	7	435.9	427.4
6464	9	355.99	353.99
16450	18	361	259
12433	3	408.6	405.1
4254	9	379	322.5
16976	15	376.3	216.3
17749	4	351.4	347.9
3781	2	374.7	371.9
2340	2	396.2	395.9
1261	9	374	343.6
14029	7	436	416
4718	18	367.18	361.53
13433	18	421.95	409.45
5268	1	450.2	450
17436	2	421.26	420.26
1657	2	418.22	416.52
4021	38	410.27	406.27
19161	9	381.01	373.21
6535	12	424.38	423.98
7877	9	403.34	395.48
10295	6	418.3	416.4
10585	2	403.76	403.06
4335	18	375.4	372.6
3584	9	389.5	387.2
16981	15	348.07	347.47
13937	6	422.3	410.1
16711	2	413.6	413.1
15768	18	413.4	409.8
102	18	365.4	364.79
18886	2	375.05	374.45
15230	36	412	406
17461	1	433	431
15243	18	317	223
2267	9	380.27	377.47
9999	2	428.3	427.3
13499	18	486.96	476.26
3273	9	423	353.1
16116	18	388.92	383.77
17471	18	395	111
6993	6	407.83	390.53
15722	18	351	248
4243	18	423.28	413.18
11193	18	445	444.8
13837	2	486	485.45
19688	1	388	387.6
15019	7	386	318
17751	18	413	412
13356	6	411	406.5
410	9	399.03	390.03
10515	7	416.7	412.4
17344	2	387.82	386.22
19429	2	417.8	417.5
2024	18	384.46	373.96
386	9	366	360.7
16300	9	394	389.2
10836	1	429	428.7
5332	15	387.8	386.7
4319	18	368.61	361.81
19295	18	351.61	349.01
19538	3	400.5	400.2
17719	1	433.86	433.56
8811	9	411.76	406.96
1366	1	494.5	494.15
5440	1	418	417.1
920	9	368.5	365.5
12775	3	422.76	420.66
11287	2	405.4	403.9
3182	9	412.38	411.58
11567	6	410.73	408.83
16107	7	394.76	389.96
5070	35	376	354.55
13942	3	427.16	426.46
4168	18	368.1	357.1
12483	7	376.66	366.46
6738	9	404.4	398.5
8388	1	421	420.8
2782	9	451.91	450.91
4053	2	392.2	391
2386	6	425.88	424.98
17347	1	387.02	386.85
10667	1	426.2	425.9
12510	2	373.98	371.68
15081	9	390.43	387.03
10028	3	382.5	379.7
4715	2	375.1	372.6
15940	39	347.19	346.19
16055	18	360	246
17715	3	410.5	408.6
5266	3	448.7	446.1
3511	4	432.65	431.8
2174	2	380.62	378.62
3103	18	404.95	404.75
15019	18	286	216
12240	7	422.1	420
2112	9	381.04	357.04
2710	2	410.7	409.7
19108	2	389.7	388.3
7597	3	422.2	421.1
16908	7	454	442
9047	2	447.47	446.47
19162	3	382.5	382
798	10	409.15	405.7
3540	12	331.7	326.1
18748	18	351	125
11215	15	345.93	341.03
14790	6	419.9	419.5
7769	9	388	375.1
155	12	361.98	361.08
4364	6	417.61	404.81
16371	9	401.3	391.9
17003	7	424.46	420.86
17589	6	376.35	374.15
440	9	351.83	331.63
19482	2	430.4	430
15250	11	348	322
7942	35	416.05	414.35
21	18	352.5	344.59
5224	4	412.78	410.23
11892	9	362.7	359.7
1765	14	443.35	441.85
3122	9	405.25	399.7
11128	3	428.7	426.8
3172	9	454.46	445.36
4364	2	419.81	418.71
8708	3	428.05	427.15
158	10	367.12	366.52
8911	3	433.9	433.1
19054	9	378.86	377.26
449	9	357.94	355.64
15469	12	370	350
14308	18	436.55	429.25
15920	7	424	348
10719	9	456.4	455.1
252	18	332	329.8
16719	18	421.4	416.7
2453	9	444.75	423.95
17882	2	415.32	412.32
15250	7	396	376
10784	2	437.7	437.5
14997	18	368	222
1841	1	422.48	422.08
2002	3	404.35	403.1
5227	9	476.5	471.45
1057	9	374.4	366.6
2442	18	330.4	323.73
19445	2	422.2	420.5
13078	7	385.46	379.96
17977	18	353	348
16570	9	386.7	384.7
5298	18	459.23	458.13
3479	9	384.43	379.53
14706	2	395.9	391.4
204	18	345	341
7308	9	407.67	404.12
1354	9	368.54	367.54
7391	6	417.9	408.9
8602	6	370.13	367.73
19030	1	397.5	397.15
6759	7	394.83	389.78
1748	18	369.43	365.93
11403	4	402.52	401.62
16908	18	442	204
17718	7	432.49	428.99
19014	1	429.17	429.07
19755	1	466.7	465.1
5937	2	375.33	373.13
1007	9	369.05	365.65
205	9	372	351
17456	3	381.83	380.18
1444	18	475.33	452.48
10913	38	422.62	421.82
18937	2	436.6	431.4
551	18	367.2	362.67
1805	6	373.72	370.42
2607	18	380.04	368.49
3537	12	365.86	357.86
17411	38	391	390
14455	6	399.4	397.3
1333	18	302.6	296.6
16898	3	421.9	421.3
3678	9	407.62	403.42
10117	9	413.74	407.74
1844	9	414.02	409
5190	9	391.82	387.12
18852	6	374.4	308.45
1276	18	390.58	390
15873	7	405	355
17985	18	464	210
11688	2	379.27	374.07
9565	18	438.1	432.7
2707	12	392.5	370.6
11286	6	403	401
15317	6	427.6	419.3
14883	9	383.8	383.3
8281	18	359.45	352.45
12091	2	397.4	395.6
17331	7	410.7	408
19175	7	404.7	401.9
9493	9	418	417
9669	18	486	484.1
10146	18	418.85	408.05
14023	39	421	417
7963	5	427.26	426.96
11822	1	408.26	407.16
15856	18	380	194
333	18	424.48	420.28
4786	9	387.57	384.07
15916	18	433	223
1723	9	381.3	357.4
12805	2	401.59	401.39
10897	18	478.9	477.8
681	6	373.29	369.69
14576	3	472.21	471.91
5589	2	420.21	418.96
3054	7	407.77	398.87
13514	4	399.5	390.5
17420	7	454.9	445.4
10011	2	373.5	370.9
12502	2	379.11	377.21
4365	38	420.63	419.53
7103	9	386.18	378.08
13086	6	417.34	416.54
11679	6	413.8	412
18859	6	373.41	366.11
16982	1	351.47	351.07
3872	6	403.4	376
5597	6	413	403.4
16361	9	349.25	340.65
10443	9	399.5	393.2
1575	9	379.75	369.75
3768	8	376.65	372.65
11214	1	356	355.6
14486	18	404.6	400.4
12238	5	421.2	419.7
17460	18	476	194
5312	1	434.98	434.48
12493	6	441.49	427.09
2803	1	429.1	428.3
8013	6	410.84	407.14
9937	9	392.05	390.85
12466	9	347.96	329.46
16372	7	404.8	403.5
2003	4	405.3	403.9
9821	18	490.4	475.6
13462	18	471	461.9
5826	7	401.9	393.9
12408	4	380.7	377.3
13005	3	422.29	420.69
13842	18	368.71	334.71
15850	18	379	127
15037	18	370	260
17433	1	410.8	410.25
3284	4	394.4	391.5
12589	18	499.9	486.94
14220	9	371.6	368.4
13908	9	435.22	433.52
4993	9	420.5	419.81
11692	2	380.21	379.01
8638	2	420.27	418.57
10236	38	401.1	400.7
2852	9	383.8	374.1
18861	6	373.96	307.96
8911	1	434.2	433.9
6064	1	419.34	419.04
15354	9	397.11	371.71
19127	18	453.37	450.67
3770	6	420.4	398.2
18710	3	387.73	384.03
19551	2	463.05	462.1
7536	18	367.38	361.23
15739	9	384.2	383
5220	6	412.39	408.64
1112	2	412.14	410.44
7053	9	387.63	375.23
6790	9	390.72	389.12
15460	9	421	409
5545	18	348.95	337.7
18919	6	371.97	361.17
1541	18	345.31	343.01
11151	9	401.2	365
10041	9	425.6	425.1
14414	2	398.42	393.32
15072	3	409.3	408.8
13856	9	396.3	373.3
16059	9	398	368
5118	6	399.75	398.95
19451	9	383.11	366.61
15394	2	385.01	364.11
19096	3	430.6	429.95
3383	7	416.1	399.2
16495	6	420.42	418.52
3027	12	359.35	337.3
1870	9	439.8	427.8
5522	9	409.24	397.54
15120	3	418.75	416.85
7922	9	365.27	359.77
585	18	342.35	325.2
8370	6	377.77	373.47
10893	8	352.7	351.2
73	7	329.34	322.74
869	2	372.8	368.7
3509	6	436.7	435.5
13877	18	430	328
15251	1	428	426
17422	7	453.8	445.2
869	18	367.75	363.8
17163	1	403.92	403.62
15705	12	367.77	366.17
19740	3	400.5	399.9
2064	6	424.1	421.7
5295	9	407.45	402.95
12265	7	379.75	378.65
5751	3	418.59	417.99
15637	6	376.9	376
7178	3	462.1	451.1
7985	9	396	394
17704	38	447.66	446.66
751	4	420.11	416.21
4383	9	392.76	385.36
5735	1	427.3	427.15
3033	12	346.8	340.6
14383	3	407.6	412.3
6534	18	419.36	413.4
1703	9	383.24	375.34
18126	2	414.8	413.7
10385	18	373.63	367.53
4777	9	381.82	365.02
11580	1	401.95	401.25
16344	18	358.17	353.17
11087	9	400.1	398
11996	3	429.65	428.8
4385	9	370.9	366.1
13481	18	522.8	407.4
6759	1	417.58	416.78
295	6	466.1	459.9
16724	12	354	332
17820	6	365.5	365.2
17507	9	414.1	408.2
10254	18	428.59	421.69
10286	1	417.03	416.73
130	9	369.68	365.68
11823	2	408.44	408.04
12362	9	391.85	381.7
12434	18	346.7	346.2
8231	12	355.1	348
14524	7	418.38	414.58
19299	7	362.9	359.4
5141	18	430.2	383.3
14690	9	342.75	339.55
16313	3	418.6	417.5
7022	9	399.35	395.25
15810	9	370	358
10843	12	331.25	326.75
2518	18	446.25	441
17882	6	412.32	408.32
2439	18	308.5	300.8
11316	18	402.43	394.53
13214	9	390.5	386.3
14051	18	345	243
19519	2	383.3	380.5
11186	18	336.65	335.55
19093	7	432.97	419.27
2897	1	403.34	402.24
2421	9	427.53	426.13
7063	12	356.07	342.92
15889	7	386	346
16989	38	349.58	348.18
415	12	346.25	345.15
11193	9	464.7	445
17119	7	409.7	406.1
9677	18	411.6	406.9
19158	4	379.34	378.54
751	6	416.21	412.61
19753	1	453.5	452
12844	2	393.8	393.6
14966	3	393.3	392.8
19099	2	401.94	401.64
14659	3	418.96	418.36
9399	18	454.55	447.45
18955	7	416.72	411.92
19262	2	438.28	436.98
6966	18	350.39	343.59
14813	9	401.61	361.91
12261	9	388	383
19227	12	370	322
3321	3	423.2	422.65
12666	7	454	448
10914	8	407.63	392.93
4023	9	378.76	376.66
17735	18	418.5	415.1
96	7	370.4	369.2
12891	9	388.08	383.18
73	6	368.04	329.34
17116	9	344.7	341.2
16898	2	422.4	421.9
13212	9	383.3	371.4
10642	6	405.9	404.4
11972	4	429.85	428.35
8584	15	360.3	357.25
7222	14	357.58	353.18
19209	2	379	375
941	6	368.74	361.64
2130	18	413.9	380
15417	12	408.8	407.1
5140	18	408.2	363
19527	6	379.6	378.95
14235	38	417.8	415.6
7278	7	455.7	454.3
17113	9	344	339.7
11878	9	377.13	373.63
4904	7	423.4	422.4
12960	9	393	369
8841	9	445.21	442.01
16649	9	399	383
6623	6	415.45	402.65
9177	8	383.8	382.9
12413	9	376.58	347.18
11008	1	428.6	428.3
15304	18	374.8	363.8
18805	18	445	261
7276	2	447.3	446.9
18722	9	362.5	357.2
9998	7	427.28	424.68
12409	2	378.41	377.41
19749	7	458.12	444.02
19299	2	370.4	367.85
6597	7	426.5	425.9
9744	9	421.73	409.73
5633	15	390.9	390.9
17293	3	414.91	412.71
16834	18	400	238
15006	9	379	371
17697	3	392	388
6220	1	403	402.7
17540	7	418.65	411.7
11865	1	437.1	436.5
155	1	378.18	377.08
12479	5	420.4	419.5
3485	18	393	123
6533	9	423.79	419.75
7447	7	-3	418.25
15548	18	420.14	416.44
11600	9	373.5	358
15506	12	330	316
15909	7	429	407
3627	9	368.39	365.19
9161	9	381.66	366.36
1997	18	420.07	413.37
6098	2	410.36	409.76
16833	9	408	403.1
8545	18	391.2	390.5
15806	2	392.44	391.64
8582	6	398.2	394
11419	6	416.9	411.5
4945	18	377.8	376.3
10453	6	441.6	429.3
8370	9	373.47	369.47
5744	2	412	411.5
19712	4	375.4	371.25
5277	6	369.85	362.6
15515	9	413	387
14881	9	392.85	389.1
15106	9	387.42	379.87
1109	9	401.26	396.73
535	9	382.4	335.8
15832	18	378	336
13088	4	385.2	384.6
8741	9	425.1	423.3
2444	12	335.6	324.8
19423	4	413.3	412.9
5314	7	433.74	431.34
14838	3	403.78	403.38
7915	2	373.8	369.7
19608	3	411.5	409.8
19767	18	441.34	439.54
15220	6	332.55	331
5952	9	373.11	370.31
14950	2	412.4	412.3
19592	2	423.33	422.83
17587	4	379.7	375.6
9355	2	464.04	423.54
17428	1	455.33	454.73
3035	18	307.35	301.45
12593	18	502.38	489.68
5366	6	415.05	413.5
16063	14	429	425
1350	18	353	350
13942	1	427.36	427.16
7934	18	372.38	371.48
19686	2	386.65	385
12102	3	409.05	407.8
16340	5	382.88	377.58
18838	7	424.8	423.2
17489	14	470.1	462.7
10425	1	396.8	396.3
19206	7	389.4	360.2
5113	6	396.85	379.1
16982	15	348.47	346.97
10586	3	403.09	402.49
8638	6	418.57	410.27
2701	18	378.5	375.1
2515	18	451.1	438.6
10056	1	431.7	431.3
18849	9	372	354
16641	18	445	270
3608	1	392.2	391.8
16796	38	434	433
12099	2	424.74	422.74
12232	1	429	428.5
2414	18	380.95	375.05
18490	18	402.5	114.5
19268	9	441	416
2354	1	417.24	416.84
11301	3	448.6	447.7
16822	1	460	458
16193	2	420	417.1
15864	18	352	192
8820	12	372.5	362.5
12216	9	352.77	350.27
7531	2	418.24	414.04
17375	14	353	247
17487	2	478.9	478.2
2176	2	383.43	382.83
15343	9	378	369.3
15276	7	426	366
6369	12	362	355.7
10252	9	442.55	441.65
19375	2	403	402
16973	7	454	450
3267	10	357	356.1
12163	18	429.56	424.06
6011	18	360.17	355.02
17451	3	384.04	379.14
17176	2	386.1	367.5
10356	12	378.2	376.2
2557	7	390.64	388.04
15697	4	408.5	407.6
4112	5	373.28	372.98
9956	3	424.8	424.1
14055	18	319	265
2537	18	366.7	349.96
10434	36	428.35	355.35
13086	9	406.54	368.64
4144	9	374.69	365.14
5403	9	384.05	376.85
16955	15	298	98
19761	11	446.2	441.1
12474	18	390.5	389.4
12842	7	418.7	413.5
227	1	352.4	351.8
7354	12	356.07	355.87
1620	18	301.68	295.03
17526	38	415	414.5
10487	6	421	419.1
18725	18	424.3	422.5
13896	18	359	221
2439	12	343.1	308.5
10937	6	420.7	418.3
14576	1	472.51	472.21
15939	9	348.45	340.6
4445	2	457.1	456.7
8486	2	422.74	422.04
1951	7	410.19	398.99
15395	7	402.35	397.65
226	12	342.75	333.7
10740	7	449.03	448.88
13417	36	460.8	450.25
3928	18	366.38	363.38
2663	6	420.72	419.77
3876	18	377.7	368.7
17531	12	419.51	419.11
5671	2	420.61	418.91
12959	18	458	330
3213	1	428.61	428.01
9999	7	427.3	420.4
4382	9	393.59	385.39
18927	2	422.8	422.5
1235	9	383.35	372.8
10959	9	386.05	368.85
17820	3	371.5	370.3
3209	18	348.02	340.02
19397	3	405.95	405.3
14335	9	429.6	421
3214	6	427.89	421.69
12567	9	411.03	405.83
3577	2	417.56	416.26
7954	6	419.76	408.11
10232	7	435.4	433.7
3027	18	337.3	325.02
12796	7	423.6	418.95
19173	6	408	400.4
19346	6	418.7	418.2
5036	9	417.8	401.15
5489	18	487.4	413.6
11822	6	407.16	401.16
9330	3	453.9	453.2
12102	2	410.95	409.05
12133	12	446.2	443.9
17333	15	434.8	431.9
18990	1	466.8	464.6
95	6	390.9	387.8
17845	4	371.4	368.1
12643	4	426.75	426.35
19759	6	465.13	460.73
13020	12	355.15	353.45
5584	12	420.4	415.3
11980	9	394.15	385.6
10815	18	453.2	450.6
3436	18	419.9	417.9
15171	9	372.6	371.5
9818	18	484.75	464.2
12116	9	383.21	381.11
7064	12	354.98	346.28
9494	3	470.2	469.3
11672	3	419.96	419.36
19091	9	413.35	403.45
12189	18	438.1	434.3
8530	4	428.6	427.6
15228	18	353	182
14014	18	416	247
16966	35	417	367
9370	18	409.9	402.9
19330	7	418.2	415.5
13948	1	427.77	427.47
11703	9	370	336
15457	3	428	426
12676	15	415.9	405.2
226	1	350.4	349.5
3089	18	457.47	454.17
12203	9	394	392.05
19762	12	441.38	440.18
5959	7	450.89	445.39
15527	18	353	157
14785	9	389.18	387.2
255	9	365.3	333.2
15444	18	386	274
8915	3	437.3	436.8
14067	18	360	237
14455	9	393.6	386.8
8437	9	379.7	379
13815	6	427.14	423.54
10698	4	402	400.9
1439	15	332.5	321.17
12479	7	418.6	416.4
16888	1	406.4	406
1331	12	362.2	355.93
5833	15	429.5	429
1288	9	443.65	437.4
19227	7	402	392
14247	1	418.86	418.66
3549	18	424.61	417.96
15487	9	400	348
18940	9	427.9	423.8
3581	18	423.05	418
8926	9	454.2	446
17744	9	440.9	439.2
19100	2	401.81	401.41
14555	6	408.25	406.8
4043	9	387.39	383.9
10678	18	459.8	459.2
16688	18	377.38	371.88
14493	6	405.53	397.93
11365	9	415.42	407.02
3016	2	395.24	392.79
14104	9	405.3	393.2
6469	1	477.6	477.35
15000	18	360	278
3029	9	379.85	358.92
15355	1	419.2	418.6
472	9	410.8	382.37
13490	9	508.5	486.3
5840	18	387	386
4692	9	418.18	400.68
10946	18	405.4	404.6
11182	9	351.07	335.67
12118	4	381.65	381
7203	9	388.4	383.5
4604	2	372.96	370.06
1765	3	451.2	450.35
14751	7	397.86	384.96
11734	9	376.46	371.16
16582	9	368.7	357.1
13995	18	416	294
10404	3	420.8	419.9
3127	9	387.1	385.6
13944	6	426.81	421.51
3046	6	419.06	418.56
6838	18	389.5	385.13
1428	18	333.11	316.87
12325	6	368.66	354.26
17125	1	422.7	422.3
15779	11	447.3	434.67
17501	9	423.48	419.38
16212	7	459	457.9
15119	2	419.81	419.36
362	18	346.05	333.5
10702	3	405.6	402.5
2389	3	426.97	426.77
6482	18	405.43	375.73
18957	1	427.1	426.8
912	9	412.05	399.15
16702	7	403.25	399.6
14354	9	413	377
13850	9	425	413
5513	9	410.47	403.37
10479	3	421.9	421.3
2330	2	409.84	409.14
4142	4	380.72	376.52
11217	18	348.34	342.94
11124	7	423.2	421.9
7816	6	416	414.5
7026	9	397.01	395.81
17704	18	443.76	443.56
16712	6	414.5	413.2
17324	7	413.3	407.1
11422	1	471	469.8
10362	18	400	380
8530	1	430.2	429.9
16712	9	405.5	404.7
2163	6	427.5	424.8
15020	12	390	377
5500	9	419.3	416
2912	3	411.14	410.74
4480	9	397.32	381.72
4125	1	421.5	421.2
2430	9	385.75	377.1
2285	2	414.22	413.42
5585	12	421.19	414.99
18841	4	416.37	412.37
13503	4	428.55	426.2
10638	12	364.65	363.05
17080	1	421.5	421.25
13412	9	427.4	418.3
16549	9	395.2	394.3
19550	2	418.15	417.6
16509	9	372	366
12564	2	383	380.1
17757	11	365.7	359.2
19486	6	377.1	375.5
1391	7	422.66	412.36
13318	6	385.15	383.75
13748	18	387.08	385
8483	7	454.88	448.68
15303	18	376.6	363.7
13646	18	514.06	511.86
2386	3	426.78	425.88
10114	3	479	478.4
15853	18	338	62
6401	1	441.73	441.23
14016	4	405	399
17587	9	375.6	371.4
340	18	425.2	423.1
19682	2	37.6	36
18903	12	371.56	368.16
10894	18	351.4	346.7
2162	1	429.2	428.7
16429	7	352	310
17538	3	425.53	422.23
15462	2	417	413
3254	38	430.21	429.41
161	12	356.4	347.2
16855	7	410	398
9171	18	404.5	403.2
2005	3	409.1	407.8
6343	9	412.68	403.28
14351	2	469.38	467.78
10670	7	425.1	424.6
19387	1	375.6	375.4
15889	1	392	386
2800	6	427.07	425.57
12512	3	424.24	422.94
2098	3	422.17	421.47
5112	1	395.19	394.89
15214	2	385.58	384.98
2110	12	371.7	355.2
11149	1	404.5	404.1
19062	6	426.67	423.77
7519	2	423.56	423.26
7438	2	424.6	421.9
15512	18	393	281
11573	6	405.2	403.8
10247	12	362.9	353.7
14541	4	407.8	406.2
19706	6	397.9	394.3
12505	4	377.92	376.72
1070	18	320.51	314.63
16212	1	460.4	460.2
15843	12	341.5	263.5
17010	9	430	426
3293	3	401.3	400.7
15275	9	410	366
602	12	425.34	410
7451	9	418.2	414.2
2712	12	388.2	370.2
12189	12	439.5	438.1
16702	3	411.8	411.2
14770	9	353.6	346.5
17336	6	420.17	418.17
15038	18	370	192
3985	18	282.2	279.2
15027	18	392	276
17186	9	364	348
7220	9	368.24	362.54
10590	2	422.29	421.49
10286	6	415.93	412.73
16264	12	360.06	353.96
8911	7	432.9	431.1
4206	9	385.44	378.54
19756	11	453.8	441
10359	7	449	448.5
1375	5	373.86	372.26
4044	12	387.6	385.5
18716	5	382.85	378.95
19715	2	377.6	376.8
6858	2	418.75	416.35
14819	9	395.43	385.63
19553	1	468.65	468.4
9847	18	486.7	484.7
11008	3	427.9	427.2
13920	2	398.8	397.6
17079	1	421.5	421.2
3438	18	420.15	417.8
17513	38	443.6	443.1
13428	7	388	387.6
3049	9	408.77	407.32
19763	9	452.63	447.43
987	9	407.55	397.15
687	5	378.35	376.4
2853	4	388.7	384.85
15276	7	366	340
2521	18	449.94	441.54
13117	9	351.37	345.07
11287	6	402.5	401.4
17174	38	466.25	465.15
15944	3	349.29	348.34
11322	9	392.75	392.55
2663	2	421.02	420.72
17317	6	416.79	414.79
5416	3	427.99	427.74
1864	1	411.07	410.32
19779	2	418.05	415.2
5161	18	402.3	393.35
17966	9	394	370
6489	9	376.3	374.6
2495	6	427.85	426.6
7222	4	369.88	368.88
12146	18	338.4	336.1
8389	9	402.9	402
9629	6	421.23	413.73
3686	6	383.71	382.91
9176	7	388.7	383.2
2436	12	340.8	308.4
2186	18	357.2	346.65
17506	2	387.2	385.4
19612	2	381.1	377.1
13403	7	480	450
2437	12	343.6	342.15
19751	3	461.04	452.64
6080	7	386.1	383.2
5146	12	381.45	348.4
10808	12	327.55	323.3
2008	1	412.2	411.9
10012	18	364.3	355.8
1466	9	393.75	388.6
444	12	346.42	344.02
14430	6	422.25	417.35
11702	7	425	380
17	18	365.5	360.22
15318	38	429.1	428.4
4414	9	394.8	391.5
13814	6	427.44	425.34
7055	6	411.3	402
7866	1	427	426.8
7436	18	472.6	470
12713	9	348.15	346.95
9791	9	416.85	378.95
2047	9	413.8	407.8
19636	3	389.6	388.7
5265	7	447.5	446.8
284	38	421.12	419.32
6496	9	376.75	376.15
16677	1	426.69	425.49
2441	12	322.69	316.59
19320	7	431.25	427.63
19388	1	377.8	377.5
19613	9	371	350
15934	39	347.76	347.16
19444	1	373.6	373.4
6600	4	407.4	406.5
2858	9	355.9	347.1
5329	15	388.5	387.4
3279	2	391.28	388.43
6397	3	438.31	437.56
4600	6	398.5	394.2
16713	7	412.8	404.8
15146	4	381.1	371.6
2905	18	423.13	417.13
5164	18	403.8	399.3
15265	18	330	225
295	9	389.9	371.7
18837	7	425	420.2
4261	9	402.3	392.3
12893	9	385.24	383.34
16691	18	412	192
12086	1	402.3	401.9
19065	2	432.96	426.56
2516	9	446.8	444.1
5313	8	431.69	430.89
2304	18	435.25	430.45
646	18	377.65	371.35
15354	7	416.41	397.11
15541	6	419.75	416.15
8282	9	368.8	362.5
4444	18	451	449.7
4930	7	438.9	437.4
17453	4	379.21	374.71
3973	38	474.26	473.61
4361	6	419.17	416.37
8633	6	417.77	404.47
948	18	406.2	396.2
2160	6	426.1	422.4
15937	39	348.13	347.03
11531	6	413.05	410.75
16723	7	422	362
16900	1	422.78	422.58
13875	18	407	293
8203	3	422.4	421.1
2158	7	413.17	405.02
12254	7	422.9	419.9
2021	7	420.7	418.4
12964	9	392.56	367.86
8041	18	463	462.7
10170	9	369.1	359.3
442	4	373.7	366.5
2007	7	408.9	408.6
16186	7	419.46	415.76
13119	9	350.91	344.51
371	9	360.2	359.1
913	9	411.77	408.97
19408	2	429.05	427.05
867	12	367.6	362.1
17340	6	419.66	415.46
258	9	376.76	373.56
18812	9	449.11	422.11
12126	18	409.05	394.85
14999	9	373	357
2800	1	429.57	428.77
2827	9	368.9	360.7
19175	2	413.5	412.4
1092	9	410.73	407.83
2088	9	434.43	424.43
6493	9	376	373
17493	15	389.91	381.41
11775	18	335	323
15598	7	402	390.3
15861	18	403	253
17440	4	381.14	379.54
3994	18	441.6	437.6
11308	9	378.59	374.94
16654	7	415	399
14390	18	380.05	379.35
19739	1	407.9	407.7
14455	2	404.8	399.4
12948	7	413	397
13201	9	410	376
10547	7	360.65	359.05
8173	18	443.35	436.65
5714	18	433.8	429.8
16596	4	379.7	376.5
13750	18	399.16	394
13907	9	438.98	433.58
7090	12	370.56	369.5
2764	2	377.37	371.37
17529	1	447.8	447.6
694	4	370.5	367.82
121	9	410.5	373.5
17313	1	411.5	411
9936	2	419.55	418.65
19097	3	432.6	429.7
1341	18	383.37	381.07
14260	2	452.3	451.8
13020	18	353.45	344.25
945	7	349.71	341.71
1578	9	379.75	368.85
2543	9	413.9	412.9
10589	2	422.26	421.16
8262	12	435.24	428.34
16858	12	392	384
14054	18	347	295
15716	18	450	172
2415	9	407.11	392.11
19100	1	402.01	401.81
7176	2	463.8	462.2
17430	6	375.03	373.78
4284	7	414	412.7
8917	7	455.4	452.5
19380	4	372.8	371.8
13715	18	371.6	371
2603	18	371.25	366.35
18830	2	455	454.5
13945	6	426.72	421.72
19535	2	388.5	384.8
3298	6	426.4	425.4
16815	18	385	139
750	4	419.81	415.51
19349	1	422	421.5
5710	18	439.4	434.9
16829	9	417	363
8388	6	419.9	410.5
14706	9	358.8	355.9
19360	2	443.4	441.3
8272	18	444.4	439.2
8472	9	443.01	441.41
14581	9	378.58	376.78
4021	6	405.72	381.67
18750	18	377.5	127.5
10234	4	429.9	426.7
9489	6	403.25	402.45
15508	18	406	278
13850	18	413	315
15034	18	458	310
2843	9	383.1	376.3
4695	9	405.93	401.93
14041	12	355	260
157	7	374.58	367.38
19270	18	487.2	268
12945	9	420	392
19446	2	420.05	416.2
6784	1	422.77	422.07
17411	6	387.85	383.55
17817	4	374.12	372.62
7549	1	417.15	416.85
16964	6	401.5	394.7
3024	12	396.75	363.95
13123	9	350.06	344.06
19703	3	400.2	399.3
10805	9	381.63	377.88
7576	6	419.08	411.48
15390	12	363.95	357.65
8465	3	413.5	412.8
17894	9	408.55	371.55
9537	7	426.3	415.1
5145	18	423.6	342.6
4150	9	394.96	392.46
12441	6	426.6	424.3
5341	9	448.82	442.62
19725	1	416.36	415.56
2984	9	429.93	429.93
12507	9	377.56	368.26
11183	18	336.65	335.45
9613	9	364.26	337.16
19626	7	441	439
19381	3	373.5	372.8
7522	3	427.7	427.3
6621	1	415.88	415.63
2139	18	426	389.9
5717	18	438.9	435.9
3503	3	425.51	423.71
12935	7	445	441
16821	18	370.8	365.8
12371	7	382.34	381.94
14241	2	404.9	402.9
4841	18	417.53	415.53
10681	9	451.05	448.95
17874	11	365.6	356.1
15488	7	400	378
3096	18	472.09	470.59
19766	1	466.47	466.17
1686	2	413.63	406.73
3539	7	374.9	366.7
11352	9	425.71	422.81
15444	2	424	420
15101	18	418.4	414.45
2624	9	401	395.2
1773	7	417.85	415
13945	1	427.72	427.22
12369	6	398.33	391.53
12501	9	379.53	360.03
10915	6	420.17	417.57
6703	2	427.22	426.02
8559	18	422	418.9
1658	2	418.13	416.13
12472	18	392.76	391.92
17757	7	410.2	390.2
10302	38	424.51	421.66
15943	2	348.96	347.46
10023	6	450.83	449.58
19117	6	381.7	378.8
16156	7	390.8	386.5
13754	18	388.6	386
15040	7	428	410
16419	18	459.5	448.5
2039	3	426.68	425.48
15942	2	348.57	347.17
5057	3	411.57	410.47
16945	1	388.09	387.89
17163	6	398.12	392.72
6298	6	376.86	374.16
12614	1	420.15	419.75
2165	1	430.8	429.7
11547	12	372	358
18738	7	403	365
12606	1	420.11	420.01
3876	7	422.6	395.3
7047	18	452.1	448
12944	18	393	300
10538	7	375.49	366.59
13934	7	408.25	404.65
366	18	345.2	336.05
15850	9	401	379
3204	18	347.15	343.75
3247	9	374.53	372.03
10842	9	334.58	332.03
19417	3	423.3	422.5
6390	9	379.2	375.4
19760	11	446.81	440.66
17984	18	476	226
1501	9	398.77	391.37
7736	9	385.4	379.5
19754	7	459.4	453.8
19176	2	432.69	431.69
16932	1	429.46	428.96
4144	4	376.34	374.69
10627	18	376.54	373.64
19535	9	371.4	368.5
11668	2	372.7	370.5
861	12	367.5	365.5
18854	7	305.45	303
19394	6	381.1	379.4
3193	18	399.05	391.75
18895	6	427.8	423.6
3965	9	366.24	361.94
17829	4	370.8	366.8
3502	3	423.97	423.02
6462	1	406.17	405.77
6758	6	419.05	394.35
18886	3	374.25	372.85
2056	6	426.15	423.85
318	18	313.22	312.67
361	9	365.35	346.85
17714	18	410.5	409.4
4948	3	423.5	422.8
4124	7	410.61	406.81
19295	7	363.41	360.01
15898	18	462	312
12372	2	402.31	396.31
18846	6	394.4	390.4
15874	18	376	112
9412	6	411.07	409.47
11972	2	432.45	432.15
19214	4	379.5	374
17343	1	414.5	414.3
19062	9	418.47	412.87
2065	1	427.1	426.8
7962	5	427.9	427.2
6604	6	407.95	398.75
19637	9	387.6	369.5
13469	18	467.1	462.6
19483	3	429.1	427.5
19675	2	389	387
19010	6	373.8	371.9
16798	9	375.7	371.7
16973	1	456	454
6702	6	425.82	424.12
6890	18	401.9	399.7
8210	2	418.83	417.48
15212	2	382.97	382.77
16383	9	402.87	401.37
3510	2	433.67	431.22
8704	1	404.69	404.34
18992	18	466.1	464.8
121	7	414.9	410.5
3114	3	420.96	420.46
3359	18	421.1	417.3
7638	18	367.61	363.41
10791	9	392.25	383.65
10347	7	425.9	424.4
9202	9	405.4	405.1
644	4	419.1	417.3
19058	2	413.15	412.55
12364	2	401.3	398.3
7902	9	459.3	448.7
12004	9	391.45	389.95
2336	18	354.56	349.96
12943	18	352	307
4781	6	373.12	367.12
9355	9	423.54	419.04
1765	1	451.85	451.2
14555	7	406.8	404.35
19240	7	468.85	463.4
503	36	417.5	414
11671	12	341.5	340.05
10719	7	458.4	456.4
19741	7	390	388.8
3777	2	373.95	370.35
17691	9	408.37	367.97
2804	1	429.12	428.72
5296	9	403.28	400.08
19751	11	435.64	428.04
8710	6	425.64	424.14
19429	1	418	417.8
5023	9	410.2	403.4
13860	7	404.3	344.3
17811	18	352.2	350.6
2907	1	421.44	421.14
12238	5	426.4	421.2
4265	9	393.8	384
1066	18	319.56	313.78
19096	1	431.6	430.6
12637	7	423.39	418.84
17074	38	421.1	420.2
2445	9	351.2	339
5005	9	367.13	359.48
14664	3	422.25	421.4
6912	3	428.8	427.9
550	18	352.7	351.3
6082	18	349	308.91
16638	18	282	90
10358	3	451.7	451
15817	3	399.6	398.9
17278	8	453.75	443.95
9526	1	407.33	407.23
4129	9	439	436.7
2450	18	371.5	365
17549	4	380.35	376.05
17599	7	414.35	413.15
5706	18	369.54	368.84
15852	11	411	349
2930	9	405.19	404.79
10890	2	380.97	379.27
5125	9	418.77	384.57
15047	9	428	378
9412	1	412.47	411.07
12519	7	411	406.1
10982	18	307.45	307.45
33	7	397.1	393.7
2086	9	428.08	422.78
14931	35	399.75	394.75
8628	1	416.58	416.38
9119	18	467.3	465.9
17810	2	414.25	411.25
9732	18	344.27	338.62
2167	3	431.9	431
8469	9	453.1	441
17324	6	414.5	413.3
16974	15	474	292
16419	1	462.7	461.9
15845	7	421	399
16066	18	286	176
16702	2	412.6	411.8
6868	38	428.31	427.21
11320	7	370.95	354.55
1004	18	359.26	355.26
19631	7	452	421
14654	4	425.65	421.75
1511	9	412.14	408.14
18943	7	443	432.5
5489	7	507.45	487.4
11052	3	447.6	446.4
12785	1	421.4	419.65
19256	2	436.38	434.98
11419	6	417.8	416.9
10937	1	421.4	421.1
10894	7	364.1	355.6
6533	12	419.75	415.3
2448	11	344.75	325
12776	1	422.19	421.99
16724	18	332	118
18988	7	462.3	453.1
5705	9	388.1	385
19412	1	479.7	479.5
5823	18	431.3	431
13153	9	375.2	370.7
18890	1	427.8	426.6
10785	2	437.5	436.4
15030	6	406	362
18851	6	413.53	404.88
17566	9	388.37	388.12
18961	2	466.23	464.58
15142	3	374.51	373.41
16796	18	406	214
7608	12	387.04	384.04
19134	7	418.7	415
7731	9	384.62	377.42
4782	2	374.29	370.29
7529	3	411.41	410.51
3546	9	416.46	407.46
3338	9	387.88	371.53
7941	7	413.19	406.39
2002	7	403.1	401
2230	3	429	427
6284	9	390.42	389.72
10171	6	370.4	364.2
19325	6	419.62	394.62
348	18	346.75	335
4949	18	455.5	450
19263	7	437.09	434.79
2121	1	422.4	421.8
16432	9	375	317
10347	3	426.5	425.9
73	2	373.14	368.04
2448	2	355	354.5
12245	7	420.4	418.2
945	18	293.21	286.91
17541	7	356.92	355.52
2060	3	434	432.9
17882	7	408.32	391.32
9536	7	428.4	417.1
15389	18	364.1	354
12216	12	350.27	349.37
13076	9	376.17	369.47
16735	15	430.4	428.8
8635	2	422.16	421.76
2495	1	429.1	428.35
9397	18	437.64	436.64
9487	1	406	405.7
17190	15	447.7	445.7
3550	18	431.1	424.33
8170	18	443.2	436.4
17464	18	368	224
13055	9	400.95	397.45
17077	2	421.8	421
17322	3	414.2	413.7
14967	1	392.8	392.4
17563	2	451.04	450.34
5489	1	515.6	515.3
14183	18	373.44	370.84
10678	2	461.3	460.5
13030	18	347.8	347
4046	12	392.5	390.15
8368	9	375.21	369.41
16732	18	390	140
293	9	378.65	376.3
16743	7	436.3	430.5
11208	7	417.88	416.38
17697	39	388	374
14613	6	421.8	419.4
567	9	390.6	382.98
17811	18	353.6	352.2
15472	18	392	220
3863	18	374.34	373.84
19758	1	466.55	464.55
17532	6	447.39	446.39
17547	7	350.15	348.75
12681	3	413.5	413.3
10989	18	309.54	309.54
5114	2	397.02	394.82
18848	7	423	343
11303	6	374.68	367.48
2857	9	379.1	374.3
17011	7	385	381
13453	18	465.93	460.13
13005	6	420.69	417.89
1332	9	382.8	343.8
12969	7	367	362
6208	3	413.63	413.23
17703	18	439.99	439.19
17443	6	377.03	370.83
19120	2	388	385.1
11124	1	423.9	423.6
15669	2	388.68	368.68
15915	18	397.5	272.5
15831	9	420	378
3036	3	427.4	426.75
12571	7	397.2	393
1237	12	368.25	366
14234	18	423.8	408
19335	7	384.7	381.7
11414	6	412.4	410.5
17599	2	417.05	415.5
9330	14	453.2	448.7
2074	18	431.1	430.8
11669	9	353.2	346.5
10305	2	448.7	447.85
11667	2	373	368.7
3673	3	484.87	484.52
8038	9	332.1	324.6
15500	9	401	369
19015	7	424.2	423.5
8623	18	446.9	446.4
2608	18	381.7	362.7
10840	1	457.3	457
1441	1	419.85	418.75
15030	1	410	408
13037	9	450	443
13956	2	379.02	375.82
16049	7	380	366
10494	1	435.9	435.6
18737	7	417	411
6597	1	427.7	427.4
7523	7	427.1	425.3
15439	18	399	227
15219	11	329.7	326.1
14758	18	418.71	416.91
17548	4	380.65	377.05
6623	1	415.85	415.45
473	5	379.33	377.03
127	18	353.8	346.8
15344	9	372.11	363.31
8089	9	366.25	365
435	1	419.95	418.75
15027	9	434	392
11886	2	429	428.2
10017	2	409.32	407.52
17308	6	405	395
6594	6	422.3	421.3
13858	7	423	353
5475	18	452.1	450.1
9703	3	462.4	461.1
17312	1	412.6	412.2
11149	6	404.1	402.6
15292	12	306	304
3998	6	376.58	370.63
10916	7	379.92	377.22
12945	18	390	284
17724	18	463.57	451.67
12263	7	392.5	387.8
19117	3	385.6	384.6
16932	3	428.96	426.46
14932	35	399.03	394.51
6949	18	384.37	379.47
18918	2	381.3	380.7
8707	4	414.1	413.3
17113	2	351.7	344
556	6	373.7	344.2
13882	9	408	394
14659	38	422.76	418.96
2164	6	426.2	425
13870	18	383	274
17538	1	426.13	425.93
15221	4	335.95	332.05
865	9	387.75	369.6
16262	18	429	425.9
10358	7	451	449.2
17705	18	417.9	413.5
3885	18	432.14	424.89
14017	7	363.6	361
17526	6	414.5	413.3
19743	1	397.3	397.1
2389	6	426.77	418.57
9424	18	391.9	390.8
2640	9	408.68	405.48
12700	18	425	424.2
557	6	372.2	344.2
2354	4	416.84	415.44
17440	2	382.94	382.59
2544	9	412.69	411.19
3276	7	387.45	384.45
5232	18	373.3	367.3
19064	6	425.32	424.32
15183	12	360.7	358.6
2018	7	415.7	412.7
15268	12	440	432
2224	7	398.1	394.4
16953	4	378.5	370.5
2518	9	452.9	446.25
1335	7	384.02	381.42
14242	3	402.5	401.3
2176	9	372.93	368.43
17836	3	371.8	370.1
11692	9	372.21	358.21
10408	1	407.8	407.3
7054	9	390.14	379.34
10673	1	424.6	424.3
19121	9	383.7	381.3
17053	6	419.96	418.06
11817	18	388.26	374.96
6634	18	395.8	395.55
2703	9	398.55	390.15
559	2	373.4	371.4
19123	6	382.55	379.9
12962	18	377	289
96	9	369.2	368.8
10078	18	459.75	457.9
19216	2	392.2	390.4
15866	9	377	372
9327	2	455.5	454.9
10542	9	414.89	386.89
8295	9	400.53	400.18
3685	18	346.5	339.55
19592	6	422.33	420.13
14553	1	416.79	416.59
10767	14	367.2	360.9
4752	18	368.37	366.47
14326	18	409.24	408.04
19766	6	465.47	462.77
16984	4	348.6	347.2
10434	35	-1250.65	-1707.65
12969	1	372	370
10547	12	348.75	346.55
17445	3	383.57	380.17
17134	2	406.22	403.87
100	18	367.05	365.53
16141	18	438.92	437.82
11568	3	414.75	412.05
3768	6	419.4	416.95
5166	9	426.1	389.7
4240	18	419.26	411.06
19650	1	375.04	374.74
18967	7	378.47	375.17
19025	7	421.1	407.5
9356	9	455.4	442.9
10585	4	401.86	401.36
8177	18	443.6	434.8
19753	9	444	442
19430	7	413.1	412
15598	9	390.3	375.8
17278	7	443.95	439.15
4994	1	426.7	425.9
8820	1	426.5	426.25
2225	9	394.65	386.7
13947	6	426.65	421.75
8704	6	403.69	400.49
800	12	405.7	403.25
15564	18	406.35	404.45
1043	9	346.5	336.6
13402	9	328	315.5
2447	18	349.7	346.8
17723	18	464.87	453.97
15825	18	378	130
10970	12	341.51	340.61
19643	6	386.4	384
17006	1	403.07	402.97
66	6	373.2	356.9
4747	6	416.5	413.5
3199	9	397.18	389.18
745	3	374.36	372.61
247	18	342.9	339.7
15805	7	391.64	386.44
12789	1	420.8	420.5
19527	2	380.25	379.6
2541	9	415.78	414.83
19524	2	381.4	380.85
113	12	357.46	356.86
2159	6	419.22	416.32
19221	6	376.16	362.46
2352	6	417.5	406.7
9658	9	406.04	405.74
6486	18	451.51	450.41
19316	1	429.55	428.55
19771	18	444.03	442.43
1392	1	427.55	427.25
15590	2	423	422.5
17532	3	448.59	447.39
11420	6	416.72	411.92
3935	2	385.32	384.82
18884	2	375.34	374.24
3006	12	368.8	365.1
1394	3	427.31	426.41
14613	3	422.3	421.8
672	9	367.1	365
3322	3	423.16	422.16
19131	1	459.16	459.06
16107	9	389.96	384.56
14855	3	424.99	424.04
19425	3	416	415.4
15903	7	410	350
16825	1	428	426
17126	1	421.3	421.2
5137	2	428.4	428.5
1838	12	426	417.3
15018	18	430	260
1996	18	422.7	413.1
15382	10	376.25	373.05
18949	3	420.94	420.74
15944	39	347.79	346.29
10555	1	428.9	428.4
2954	9	377.81	375.81
16155	4	391	389.3
15049	6	421.24	416.34
3670	9	415.15	412.15
15672	9	428.4	422.3
3991	18	443	432.3
19382	1	373.3	373
17490	7	467.2	466.4
19748	1	462.73	461.23
1124	9	425.08	422.03
2854	9	378.8	378.3
17076	6	421.2	417.5
4861	3	404.5	403.8
7179	2	446	430
19767	1	466.54	466.34
602	9	429.74	425.34
116	7	408.3	397.55
12265	35	381.3	379.75
6593	3	421.3	420.3
19418	3	422.41	421.11
16984	2	350	348.6
13838	2	486.6	486
8626	7	382.9	376.3
245	18	337.05	335.9
4787	2	406.82	402.82
11684	18	410.55	410.15
16843	7	420	411
15469	7	400	380
15141	7	370.87	358.67
6259	9	450.4	447.4
11570	4	414.75	412.15
5333	18	393.35	392.6
9224	3	376.23	374.63
16508	7	383	372
12778	6	419.81	415.81
19183	3	432.9	429.4
4309	7	409.52	399.32
3556	2	421.49	419.49
14751	7	381.66	380.96
753	6	412.61	406.61
17529	6	447.6	445.8
12415	9	370.4	365.53
11185	9	347.51	335.41
15676	9	425.2	423.6
5027	18	387	372.7
13400	2	417	415.8
2829	9	362.5	360.8
2441	9	349.99	345.49
14005	9	390	385
6460	3	408.82	407.02
4584	18	391.58	385.48
2704	12	395.9	369.4
19021	7	421.2	408.3
10255	12	426.33	422.63
4043	12	383.9	382.89
15526	18	418	160
17691	18	367.97	365.47
11668	5	370.5	369.7
17448	3	382.01	378.11
9530	9	368.14	361.74
15954	6	428.11	420.61
3031	18	306.63	297.83
3503	3	423.71	423.26
18830	8	451.5	446.5
12637	3	424.59	424.29
8815	9	382.13	380.03
14771	18	346.4	345.4
9797	9	430.85	389.35
11057	9	405.65	395.75
6869	2	416.27	413.87
2619	18	380.4	375.8
18806	9	403	387
10286	3	416.73	415.93
15758	9	369.63	360.33
19300	7	359.58	356.38
19065	6	424.61	423.56
17750	7	413	412
16899	1	422.8	422.7
11705	36	447	439
15738	9	383.3	380.5
17191	38	457	456.2
14028	18	384	263
9739	3	430.7	429.8
9048	7	445.55	437.95
12411	12	336.39	332.99
7065	12	354.78	342.23
17524	6	414.8	413.8
14685	9	355.67	351.47
16045	18	473	235
13320	6	386.4	383.65
18983	2	464.1	462.1
2898	6	398.94	391.94
15910	18	393	235
18785	1	470.8	469.3
19127	2	458.67	457.67
14944	18	377.17	376.97
754	6	413.76	401.96
1261	12	343.6	343.25
209	18	316.02	305.2
11995	1	430	429.7
18884	18	374.24	374.14
12365	6	396.59	392.89
10212	12	369.18	363.83
5260	1	417.7	417.5
15895	18	395	125
10171	2	374.5	372.3
260	12	345.16	333.7
10761	9	376.41	366.71
10432	7	411.68	407.08
19055	9	377.47	376.97
3277	4	393.36	391.46
12958	3	396	390.5
16892	1	406.7	405.5
2976	12	363.45	361.45
15141	9	362.17	358.67
19662	2	377.33	371.73
10380	9	402.86	395.46
3632	18	348.9	344.8
17306	9	350.95	336.45
2567	9	400.35	395.6
598	1	374	372.35
12675	7	411	409.8
14930	1	421.05	420.55
12493	2	442.09	441.49
293	18	374.2	373.85
14239	18	426.7	408.3
19707	2	402.3	399.65
19374	6	402	399.9
3276	38	392.45	392.2
11893	18	381.08	380.68
7813	3	424.7	423.5
13200	18	376	274
7277	7	450.5	449
9390	2	437.18	435.98
17836	6	367.4	366.8
12775	1	423.06	422.76
18830	1	455.5	455
4006	18	441.75	433.75
10398	9	387.57	382.57
2290	3	408.2	406.7
1102	39	374.65	362.9
18787	5	379.55	379.15
2186	7	367.75	362.45
11130	9	404.85	400.3
18969	9	373.43	371.28
6785	1	422.09	421.64
13993	18	435.5	335.5
1884	18	427.16	422.76
10889	2	381.47	378.57
19712	2	378.9	375.4
16026	2	462.45	461.75
2070	1	428.5	427.8
13325	6	403.1	397.6
12881	6	418.84	416.04
8634	2	420.45	420.25
13086	3	418.14	417.34
9489	4	404.15	403.25
19435	6	417.65	416.05
8484	6	450.91	450.61
3775	18	349.25	347.45
7024	9	402.25	396.35
11250	9	405.9	404
17699	9	455	445
12095	1	395.3	395.1
19290	4	374.7	372.5
15860	1	420.2	419.2
4275	9	396.8	396.2
7084	9	408.27	401.17
3536	12	366.49	363.49
15141	12	358.67	356.17
9441	1	395.6	395.1
13933	18	368.3	355.5
17510	6	416.85	414.15
12522	2	430.87	426.87
2969	18	357.25	350.75
3503	7	423.26	418.21
15170	9	375.5	372.5
6459	9	396.8	389.9
385	18	365.2	363.5
5709	18	434.4	431.2
7059	6	415.7	414.7
16980	9	384	382
9412	9	407.67	404.47
3269	7	415	400.5
17757	9	380.7	365.7
18926	7	419.2	407
13337	9	387.75	386.84
15035	1	427	423
12371	2	399.34	396.84
6952	18	387.8	374.7
2329	6	410.82	401.52
8928	9	456.8	442.4
14759	18	420.7	418.8
8078	18	471.02	466.77
11402	7	404.15	402.05
14238	7	430.6	426.3
19267	7	322	311
17486	12	428.97	419.97
16827	9	347.8	326.8
10432	3	412.83	411.68
3504	3	424.52	424.17
12247	5	427.1	421.6
3037	4	426.25	425.7
19420	3	376.25	375.55
15920	18	348	173
3597	18	377.74	377.14
8584	3	399.4	398.8
9742	18	445.21	391.01
19451	6	398.11	383.11
17346	7	384.37	384.02
10025	18	443.87	438.07
3293	2	402.1	401.3
19713	2	379	374.6
17532	1	449.39	448.59
3213	7	421.61	420.61
5632	9	395	394.6
6104	9	436.85	430.35
2898	1	402.94	402.14
12094	6	391.3	389.8
14555	2	412.05	411.05
6243	18	461.7	459.5
1279	12	368.64	366.29
13313	2	383.5	382.7
10096	6	384.38	377.48
9121	9	407.3	407.3
680	2	380	377.35
19243	2	468.7	464.9
1774	3	420.17	419.57
604	9	428.13	425.03
17281	2	418	416
11180	18	336.62	334.72
12070	18	449.3	440
7993	18	410.85	407.95
14367	12	372.84	366.99
19245	8	456.6	456.4
12091	1	397.8	397.4
3268	1	421.2	420.2
10809	18	308.72	304.57
9023	18	384.23	375.93
14357	9	406	392
11864	9	404.52	387.02
13324	6	401.9	395
11530	3	419.2	418.6
4754	9	366.91	363.51
12149	18	345.6	337.85
4971	18	442.8	433.4
16707	12	377.9	374.32
5165	18	396.8	394.7
2851	3	390.5	389.3
8576	18	380.3	378
15068	18	321.17	308.67
11575	4	406.6	405.7
18868	2	377.78	375.18
13364	9	394.33	392.13
3769	2	421	420.6
18981	6	390.8	384.6
1574	4	384.1	380.1
16888	9	403	394.4
17836	4	370.1	367.4
17428	9	440.93	430.13
17828	4	370.1	369.2
1577	9	380.05	367.85
4313	9	349.94	349.74
4735	1	470.7	470.4
19443	6	419.45	418.8
1699	9	432.83	428.73
9985	18	422	420
19106	6	432.5	432.1
580	6	373.73	368.13
10171	4	372.3	370.4
5024	18	397.3	380.3
3776	18	349.15	347.35
16965	15	381	193
12564	6	378.8	370.7
18885	2	374.55	372.75
10913	6	417.92	407.62
17053	6	418.06	417.36
15781	12	427.3	418.9
19276	2	379	376.6
3937	7	382.95	379.05
14061	7	425	373
9413	1	410.55	409.95
1264	18	397.7	391.5
17545	4	380.16	377.16
12413	2	382.18	382.08
17588	1	380.1	379.7
18960	8	421.6	420.4
7036	9	373.21	372.81
16910	36	413	357
2385	1	427.64	427.24
11547	7	412	372
19242	3	467.75	467.25
6715	9	349.34	347.44
242	18	340.42	336.27
1843	12	395.18	391.78
11573	1	410	409.5
6865	7	428.08	425.68
17439	2	382.31	381.71
16166	8	393.03	391.93
16112	14	369.9	366.5
15476	9	358	344
15914	7	420.3	388.3
14432	2	423.32	422.22
1805	38	376.02	375.62
3541	2	429.5	428.3
19381	4	372.8	371.3
6027	9	411.37	403.37
11344	1	426.55	425.8
10453	9	410.1	356.31
2362	6	426.9	417.9
10894	9	351.9	351.4
16979	15	324	128
17115	9	348	341.1
18860	4	377.08	374.68
5583	12	423	419.7
3944	6	407.8	394.5
9440	18	355.9	344.98
7425	6	421	419.5
10734	9	470.1	469.6
156	7	380.53	377.23
229	12	338.35	329.85
8634	6	419.55	405.65
11667	18	350.2	344.9
301	9	357.55	354.75
19766	11	445.72	442.47
13781	18	372	246
2644	9	410.75	403
19056	2	413.36	413.01
4602	12	359.62	357.22
19427	3	464.7	463.6
17425	2	455.5	454.9
4576	18	477.2	471
13459	9	520.6	484.55
5960	7	451.87	445.77
12012	18	447.54	440.54
3267	9	389.2	357
14007	18	262	226
5160	18	402.9	399.1
12239	5	427.3	426.4
7772	6	421.9	415.1
11866	1	435.6	435.45
12108	2	378.5	376.5
10909	18	481.6	480.8
9073	9	350.36	348.66
8271	18	449.7	441.5
12634	9	395.03	368.23
12115	2	402.92	401.22
1512	7	416.58	413.08
15341	9	385.87	373.67
19233	9	411	371
18934	3	413.6	412.3
16714	18	450.25	447.5
8389	6	418.4	408.5
16928	14	427.38	417.38
7277	3	451.2	450.5
2161	3	427.5	426.5
12571	9	393	389.2
5538	9	389.46	386.96
19206	1	390.2	389.4
12363	2	400.21	396.71
9060	18	441.57	435.82
8202	1	441.5	441.2
14689	9	358.07	345.47
325	18	428.67	424.82
16540	7	410.85	404.45
2619	9	386	380.4
6020	9	408.58	407.43
1149	9	375.8	366.15
18830	9	442.5	427.5
16867	7	420	416.3
3266	4	389.3	386.2
19753	11	442	440.5
7447	3	426.25	423.65
1775	9	371.21	362.21
2010	1	414	413.5
19767	6	465.54	461.74
19431	6	396.89	382.74
17313	15	411	401.5
5825	7	396.8	391.8
10890	4	379.27	376.27
3661	18	496.7	494.1
4229	6	413.96	411.96
16800	12	375	373
12066	9	451.4	443.3
8430	3	428	427.4
17733	7	392.89	387.79
17306	1	351.95	351.85
7998	7	367.1	365.4
1131	18	360.8	358.6
10839	7	456.5	455.2
15207	9	383.64	369.79
4786	6	402.17	387.57
10890	1	381.37	380.97
14173	18	381.28	379.88
16804	18	379	245
2346	9	396.69	387.09
5256	2	416.14	415.94
7737	9	387.5	377
8649	3	427.4	426.9
15354	1	416.71	416.41
18765	12	357	307
19235	9	398	394
18862	4	376.45	374.65
17412	38	385.9	380.7
19291	6	444.65	443.4
10535	7	373.87	367.07
19107	4	388.7	386.1
2250	9	389.21	377.11
19591	6	422.07	420.37
11196	2	375.44	374.04
17342	2	421.32	419.02
15741	7	360.8	359.3
5556	9	376.49	365.99
2229	2	429.65	429.3
15195	9	400.05	397.45
17895	12	379.3	377.3
15777	12	440.2	421.86
9222	3	397.23	396.53
6917	2	440.3	437.8
9965	9	383.7	383.25
11765	6	374.7	373.8
19724	6	416.83	413.23
5112	9	372.64	369.19
9840	18	489.93	488.43
17757	2	416.2	414.5
10301	6	422.3	418.3
13469	9	471.5	469.1
16945	12	351.09	350.09
8401	18	397.93	376.43
17419	2	455.5	454.5
6820	4	353.7	351.5
249	18	342.4	338.05
2079	6	426	425.4
14857	1	428.41	427.91
8088	9	369.22	365
19651	2	373.98	368.78
2649	6	408.17	407.77
17547	1	385.65	384.85
8636	1	422.42	422.12
6995	7	393.29	387.99
15383	2	388	384.9
3268	7	420.2	401.7
16284	6	394.6	390.1
15454	7	469	441
15612	11	376.9	375
14002	10	437	419
15894	7	429.4	414.4
15614	7	419.9	415
15950	6	425.36	422.81
15950	1	425.81	425.36
14002	35	337	321
15339	7	428	384.8
15614	1	421.2	419.9
14809	9	414.8	390.9
14809	18	390.9	390.4
16284	2	395.4	394.6
14481	7	435.82	432.52
15339	1	428.6	428
14481	6	436.62	435.82
14482	1	437.17	436.77
14809	7	423	414.8
14481	1	437.42	437.02
15650	1	422.9	421.9
15793	2	428	427.2
15650	7	421.9	412.9
14002	7	447	437
15613	9	406.64	374.94
14482	6	436.17	435.52
14811	12	365.9	365
15454	18	431	294
15613	7	417.44	406.64
15894	9	414.4	390.4
15613	1	418.54	417.44
14811	6	405.5	398.1
14807	9	405	378.7
14811	9	398.1	365.9
15894	18	358.4	289.4
15613	12	374.94	373.74
15952	6	430.24	421.72
16285	6	390.9	386.7
14481	3	437.02	436.62
15612	1	422.9	421.8
15793	6	425.2	422.3
14483	7	436.22	432.22
15612	7	421.8	411
14482	7	435.52	432.17
16285	2	392	390.9
14807	7	406.7	405
15612	9	411	376.9
15269	36	480	455
15454	9	441	431
14807	1	408.8	408.6
15793	3	427.2	425.2
14807	18	374.5	362.6
14809	1	424	423.6
14809	1	423.6	423
12264	6	415.04	411.74
14807	6	408.6	406.7
15951	6	425.91	423.06
14807	1	409	408.8
14483	1	437.12	436.72
12264	2	415.54	415.04
15951	1	426.06	425.91
15793	7	422.3	408
15339	14	384.8	376.6
15952	1	430.72	430.24
15614	12	377.9	377.2
15614	9	411.5	377.9
14807	12	378.7	374.5
14002	18	419	337
14483	3	436.72	436.22
15269	15	455	380
15894	12	390.4	358.4
14811	1	406	405.5
14482	3	436.77	436.17
20040	2	376.6	369.7
20041	2	376.65	369.15
20040	5	369.7	369
20041	6	369.15	366.25
20040	6	369	366.3
20046	1	428.45	428.25
20060	18	332	230
20042	2	428.07	426.87
20044	1	427.53	427.23
20056	18	412	198
20059	7	399	381
20049	7	382	368
20061	7	378	370
20059	9	381	359
20061	12	348	326
20053	18	451	199
20058	18	325	156
20054	7	436	415
20058	2	399	397
20044	7	426.13	423.53
20061	9	370	348
20044	2	427.23	426.13
20057	18	457	242
20049	12	346	272
20056	7	433	412
20055	18	406	172
20045	7	426.4	424
20060	7	392	388
20059	11	359	295
20047	7	430.43	427.43
20045	2	428.2	427.4
20046	7	428.25	424.55
20054	18	415	202
20055	7	422	406
20045	1	428.3	428.2
20047	1	431.43	431.23
20050	7	376	282
20049	5	368	346
20057	7	477	457
20047	2	431.23	430.43
20059	18	295	156
20058	9	383	363
20048	18	470	178
20061	18	326	178
20058	12	339	325
20050	18	282	168
20048	7	478	470
20042	7	426.87	410.07
20060	11	346	332
20043	1	403.23	402.23
20060	6	398	392
20058	6	397	389
20053	7	457	451
20058	11	363	339
20043	7	402.23	385.23
20060	1	400	398
20050	2	378	376
20058	7	389	383
20060	9	388	346
20085	1	419.19	418.19
20127	9	383.44	365.44
20073	7	411.68	411.13
20062	9	343	301
20067	6	375	363
20072	2	416.24	414.74
20128	7	365.92	361.22
20128	11	358.22	355.72
20063	6	318	278
20083	2	418.94	418.14
20065	7	427	409
20074	2	417	416.3
20080	1	419.12	418.32
20065	18	389	271
20073	2	416.98	415.68
20070	7	423.82	417.42
20076	7	467.7	464.4
20082	7	397.24	353.24
20085	6	418.19	416.59
20127	11	365.44	350.74
20081	6	417.7	406.45
20066	7	432	404
20079	1	463.4	462.7
20082	2	415.24	414.94
20068	7	391	365
20128	1	391.22	390.72
20070	6	424.82	423.82
20071	18	382.8	380.4
20076	1	468.1	467.7
20065	2	431	427
20086	1	413.14	412.84
20075	7	472	465
20129	2	386.4	364.7
20068	9	365	347
20069	7	423.82	418.32
20064	11	410	402
20072	6	414.74	410.74
20070	9	417.42	412.52
20071	3	387.1	385.05
20077	1	465	464.6
20064	18	378	216
20078	18	456.8	456
20128	2	390.72	367.82
20080	6	418.32	409.12
20067	11	349	312
20066	18	404	232
20062	7	381	343
20075	18	465	222
20071	7	385.05	382.8
20127	7	390.94	383.44
20063	18	268	204
20065	9	409	397
20129	7	364.7	356.4
20071	2	388.4	387.1
20068	18	263	191
20084	1	419.47	418.67
20127	1	394.44	390.94
20128	6	367.82	365.92
20086	6	412.84	410.14
20082	6	414.94	397.24
20067	18	312	165
20078	7	458.8	456.8
20064	12	402	378
20073	7	410.28	396.58
20069	9	418.32	414.32
20084	6	418.67	416.97
20070	2	432.52	424.82
20065	12	397	389
20072	7	410.74	395.94
20074	6	416.3	407.1
20062	2	383	381
20069	6	426.62	423.82
20074	7	407.1	395.7
20129	11	356.4	353.4
20082	18	353.24	345.24
20069	2	432.32	426.62
20064	7	426	410
20083	18	344.44	338.94
20077	18	462.4	461.7
20078	1	459.8	458.8
20083	7	401.94	344.44
20079	18	461.3	459.7
20079	7	462.7	461.3
20128	9	361.22	358.22
20081	1	418.45	417.7
20083	6	418.14	401.94
20062	11	301	283
20063	7	278	268
20068	12	347	263
20063	7	384	318
20073	6	415.68	411.68
20128	18	355.72	354.62
20067	7	363	349
20077	7	464.6	462.4
20073	6	411.13	410.28
20100	4	380.07	378.37
20091	6	372.17	365.27
20102	4	379.15	377.95
20091	2	374.02	372.17
20103	4	377.55	373.75
20130	9	360.65	354.05
20097	6	420	404
20092	7	423.15	414.45
20105	4	373.02	369.92
20106	2	374.08	368.73
20087	6	410.56	408.91
20103	3	378.75	377.55
20094	7	424.65	414.95
20101	4	377.39	373.74
20090	2	373.99	372.39
20105	2	376.02	375.02
20107	11	351.25	335.25
20099	3	384.46	378.91
20104	2	376.39	375.39
20090	7	371.19	365.99
20106	4	368.73	366.38
20097	18	345	200
20103	2	380.65	378.75
20095	4	381.7	373.7
20096	2	382.3	380.8
20099	5	378.91	377.51
20105	3	375.02	373.02
20087	1	411.81	411.71
20097	7	404	362
20107	9	361.25	351.25
20092	2	424.45	423.15
20091	7	365.27	362.02
20100	2	383.97	380.07
20087	18	404.51	401.81
20089	2	410.9	410.4
20088	7	407.8	407.4
20099	6	373.21	371.86
20093	1	424.56	422.96
20105	6	369.92	367.17
20094	2	424.95	424.65
20107	1	421.25	419.25
20101	2	382.29	381.54
20107	7	419.25	361.25
20101	5	381.54	377.39
20087	7	408.91	404.51
20097	9	362	345
20104	6	367.64	365.39
20104	4	375.39	367.64
20088	1	411.2	410.6
20103	6	373.75	372.2
20130	2	383.85	362.95
20096	4	380.8	375.95
20090	6	372.39	371.19
20089	6	410.4	406.6
20100	6	378.37	376.97
20095	6	373.7	367.8
20098	18	422	260
20098	7	430	422
20102	6	377.95	374.95
20088	6	410.6	407.8
20130	7	361.65	360.65
20089	1	411.1	410.9
20099	4	377.51	373.21
20093	7	422.96	414.56
20096	6	375.95	369.3
20099	2	386.31	384.46
20101	6	373.74	371.84
20095	2	382.2	381.7
20106	6	366.38	365.08
20087	2	411.71	410.56
20130	12	347.05	346.15
20102	2	380.95	379.15
20130	6	362.95	361.65
20113	7	432.95	418.95
20123	2	413.1	412.4
20121	6	412.4	411.4
20111	18	372	144
20122	6	412.5	411.2
20112	18	374	144
20109	6	369.76	367.96
20120	35	413.2	412.7
20119	6	412.05	410.9
20114	18	369	223
20124	1	413.8	413.2
20124	6	413.2	411.8
20110	18	371	143
20121	7	411.4	408.7
20119	2	414.2	412.05
20108	6	369.55	368.15
20116	18	372	222
20108	4	372.85	369.55
20126	3	417	413
20109	2	374.46	372.86
20110	7	443	371
20125	2	413.3	412.3
20112	7	444	436
20126	7	413	401
20116	9	400	372
20109	4	372.86	369.76
20117	7	459.2	445.2
20118	6	412.3	410.5
20111	7	444	438
20126	18	371	242
20126	9	401	371
20122	2	414.2	412.5
20121	2	414.2	412.4
20111	9	438	372
20115	18	357	203
20117	18	445.2	207.2
20108	2	374.15	372.85
20113	9	418.95	374.65
20113	2	434.95	432.95
20125	6	412.3	410.3
20120	2	414.2	413.2
20114	9	393	369
20118	2	413	412.3
20123	6	412.4	411.1
20116	7	412	400
20114	7	425	393
20112	9	436	374
20113	11	374.65	372.95
20115	7	423	357
20133	2	380.02	366.22
20144	12	410	405
20132	1	378.99	376.49
20132	6	368.79	360.89
20131	9	358.85	354.65
20133	7	366.22	364.02
20144	18	405	137
20133	1	381.22	380.02
20133	18	353.42	349.72
20145	18	359	242
20133	12	359.72	353.42
20145	7	425	359
20132	9	360.49	350.19
20144	7	437	427
20132	18	348.99	347.79
20133	9	364.02	363.52
20131	18	354.65	353.05
20132	6	350.19	348.99
20144	9	427	410
20131	2	385.05	366.05
20131	6	366.05	358.85
20131	1	386.05	385.05
20132	7	360.89	360.49
20133	11	363.52	359.72
20132	2	376.49	368.79
20134	7	354.77	350.37
20135	9	359.07	345.77
20136	2	384.88	365.88
20135	6	365.17	363.37
20136	12	350.88	349.38
20135	2	377.77	365.17
20136	6	365.88	350.88
20134	11	348.07	318.57
20135	1	378.37	377.77
20134	9	350.37	348.07
20134	4	375.37	354.77
20135	11	345.77	330.87
20135	18	330.87	328.67
20134	1	375.77	375.37
20135	7	363.37	359.07
20137	2	421.6	420.2
20143	12	393.55	389.35
20146	4	425.17	424.27
20146	18	367.47	307.27
20137	9	407.8	368.6
20137	7	418.1	407.8
20143	7	400.75	395.85
20142	6	410.4	397.5
20140	7	406.14	391.44
20141	6	410.45	397.85
20146	1	427.27	425.97
20140	6	409.84	406.14
20139	7	402.55	400.75
20146	6	424.27	390.87
20137	18	368.6	367.2
20137	6	420.2	418.1
20141	2	411.85	410.45
20139	2	411.95	410.35
20143	18	389.35	388.35
20143	9	395.85	393.55
20142	2	411.5	410.4
20146	3	425.97	425.17
20141	7	397.85	391.85
20139	6	410.35	402.55
20140	2	411.44	409.84
20143	6	412.75	400.75
20143	2	414.35	412.75
20142	8	397.5	391.5
20146	7	390.87	367.47
20147	1	440.08	439.08
20147	7	393.48	387.58
20147	18	387.58	384.08
20147	6	439.08	393.48
20151	6	429.8	414.9
20150	2	431.4	429.3
20148	6	428.2	413.8
20151	2	429.9	429.8
20148	1	429.8	429.6
20150	6	429.3	417.4
20149	6	433.1	413.2
20148	3	429.2	428.2
20149	2	433.2	433.1
20148	2	429.6	429.2
12983	1	400.8	400.5
15357	2	374.7	373.7
15447	7	199	451
12983	3	400.5	400.2
15357	5	373.7	369.7
14683	4	371.13	365.83
16053	2	456	448
12983	6	400.2	397.8
14683	2	373.33	371.13
17496	2	481.25	480.75
16673	9	415.19	375.34
16944	9	384	360.5
17495	14	479.2	478.9
17872	7	404.7	385
18816	7	470.28	426.78
17868	9	332.5	328.5
18822	6	467.85	408
16681	7	422.6	406.5
16680	9	411.6	406.6
18928	1	426.5	426.2
18814	3	469.01	450.56
16672	12	370.7	369.3
17972	9	405.4	368.4
18816	9	426.78	415.98
16680	1	424.6	423.55
17868	7	338.5	332.5
18930	8	411.5	411.3
16672	9	402.5	370.7
18816	12	415.98	407.78
16670	12	374.5	373.6
18814	11	407.01	405.31
16670	9	405.8	374.5
17868	18	328.5	326.5
18821	18	367.4	358.4
16678	9	411.3	407.7
17973	7	354.3	350.3
18816	1	478.28	477.98
16669	12	373.9	371.3
18816	3	477.98	470.28
16669	7	421	405.7
18814	9	450.56	407.01
17900	7	505.9	498
16669	1	422.3	421
18815	7	453.47	442.47
17872	2	408.5	407.25
16729	6	412.2	404.2
18821	6	468.25	406.4
18930	3	419.5	419.2
17494	1	482.63	482.23
18821	9	406.4	367.4
17482	7	486.2	483.1
17482	1	486.5	486.2
17976	18	322.4	321.4
16665	3	431.8	431.1
18929	8	415.15	414.65
18930	1	419.7	419.5
16672	7	421.8	402.5
17497	14	482.5	481.7
17872	1	409	408.5
18815	11	428.27	417.5
17972	18	368.4	365.4
17976	9	363.4	322.4
17282	2	418.4	417.65
16944	7	419	384
17494	14	481.83	481.13
17497	2	483.4	482.5
16669	9	405.7	373.9
16665	7	431.1	429.7
17872	12	360	359.5
17282	7	416.05	409.5
16750	7	431.5	419.4
17973	18	330.3	324.3
18821	1	468.4	468.25
16944	11	360.5	360
17972	1	450.4	449.4
18928	7	426.2	414.5
16673	7	421.39	415.19
17972	8	413.4	409.4
17976	7	401.4	363.4
17481	8	483.6	483
16750	1	432.4	431.5
18489	18	454.5	358.5
18815	3	474.47	472.97
17973	3	357.3	354.3
16729	9	355.2	336.2
17975	18	338.1	326.1
17282	7	409	403.4
18930	7	419.2	411.5
17872	18	359.5	358
18929	2	426.65	423.65
16678	1	425.7	424.9
17481	1	486.5	486.2
16673	1	424.34	421.39
17282	6	417.65	416.05
16670	1	424.7	423.7
16672	1	422.5	421.8
18489	7	456.5	454.5
17900	2	508	505.9
18815	3	472.97	453.47
16665	1	432	431.8
17868	6	407.5	338.5
16944	1	420	419
17282	8	409.5	409
17872	6	407.25	404.7
18814	1	470.01	469.01
18489	1	458.5	456.5
16678	7	424.9	411.3
16670	7	423.7	405.8
16729	3	416.2	412.2
17972	7	409.4	405.4
17872	9	385	360
16681	1	424.2	422.6
17976	3	403.4	401.4
16729	18	336.2	332.2
17973	2	358.3	357.3
17495	2	479.75	479.2
17975	9	405.1	338.1
16729	7	404.2	355.2
17481	7	486.2	483.6
18815	9	442.47	428.27
17868	1	408.5	407.5
17496	14	480.75	480.25
17975	6	410.1	405.1
16680	7	423.55	411.6
17972	7	449.4	413.4
18822	1	468	467.85
17495	1	480.1	479.75
16681	9	406.5	404.2
18814	12	405.31	402.51
17494	2	482.23	481.83
18929	7	423.65	415.15
17973	9	350.3	330.3
20170	7	373.2	340.2
20172	18	339.2	235.2
20170	18	340.2	235.2
20173	7	374.2	339.2
20172	7	374.2	339.2
20172	1	375.2	374.2
20173	18	339.2	235.2
20171	1	375.2	374.2
20171	18	339.2	235.2
20170	2	375.2	373.2
20173	1	375.2	374.2
20171	7	374.2	339.2
20168	6	386.96	383.96
20168	2	391.16	386.96
20168	9	383.96	361.16
2844	1	375	384.65
2847	9	386.4	384
2847	1	377.5	387.3
2843	4	376.3	383.1
2846	4	385.7	383.2
2845	4	384.9	381.7
2842	4	375.8	382.5
2844	4	384.65	381
2846	1	376.2	385.7
2845	1	375.2	384.9
2847	3	387.3	386.4
16375	6	462.1	445.5
14069	18	344	306
16487	6	414.88	405.78
14109	1	400.9	400.6
14318	6	420.65	419.75
16486	3	415.74	415.24
16516	3	428	427.1
14318	7	419.75	417.85
16486	6	415.24	406.29
14316	7	420.4	418.9
16381	1	472	470.8
14109	7	390.7	386.4
16469	6	399.93	398.38
16377	7	452.25	443.5
14489	7	413.81	413.61
14071	6	336.7	335.3
14328	7	441.6	440.5
16389	9	405.4	393
14162	3	428.85	427
14358	7	470	428
14303	3	441.65	441.15
16377	6	462.4	452.25
16423	2	425.15	424.3
14162	2	428.9	428.85
14079	2	380.81	379.11
16424	7	424	422.9
16378	7	447.6	439
16443	6	417.65	409.5
16426	1	425.85	425.2
14161	3	427.6	426.2
16467	6	399.99	398.14
14317	6	420.6	419.6
14489	3	417.11	415.31
16532	7	402.6	401.7
16378	1	467	465.5
14073	36	387.7	372
16497	6	421.65	418.5
14161	2	427.9	427.6
16377	1	463.5	462.4
14489	8	413.61	413.51
16487	2	415.78	414.88
16532	3	409.4	408.6
14320	7	420	417.9
16424	1	425.5	424.9
14301	3	440.91	439.91
16389	7	410.8	405.4
14303	18	439.15	432.75
16497	3	422.2	421.65
14109	3	400.6	399.7
16378	18	439	438.8
14303	7	441.15	439.15
16388	9	402.6	375
16668	9	406.5	374.8
16516	1	428.4	428
14330	18	436.4	432
16424	2	424.9	424
16375	1	463.5	462.1
14319	7	419.3	417.9
16470	2	400.73	400.13
14317	3	421.1	420.6
14053	9	447	429
14073	1	388	387.7
16425	7	423.35	422.25
14073	18	372	263
14489	6	415.31	413.81
14075	18	365.6	365.4
16532	6	408.6	402.6
16668	12	374.8	372.5
14053	18	415	307
16427	7	424.2	423.1
14079	9	378.81	359.51
16532	1	409.7	409.4
14330	3	437.4	436.4
14318	38	421.75	420.95
14053	6	457	447
14198	4	372.62	371.22
14330	2	438.2	437.4
16378	6	465.5	447.6
16388	18	375	366
14198	6	371.22	370.92
16389	1	413	412.6
14328	2	442.4	441.6
16380	6	445.4	442.5
14301	7	439.91	433.81
16426	2	425.2	424.35
14316	3	422.1	421.2
14076	9	393.6	364.6
14329	2	444.2	443.1
16466	2	400.78	400.33
14317	7	419.6	417.8
15953	2	425.25	424.48
14489	1	417.31	417.11
16376	1	465	463.5
14489	7	413.51	411.81
14328	18	440.5	434.3
14075	9	390.9	367
16443	2	419.5	417.65
16388	7	414.2	402.6
14071	9	335.3	329.7
16423	1	425.8	425.15
14069	7	414	366
14329	7	443.1	441.9
14319	6	420.6	419.3
14358	18	420	375
16469	2	400.58	399.93
16425	2	424.25	423.35
14320	38	421.9	421.4
16466	6	400.33	398.68
14329	18	441.9	434.75
16380	2	453.4	445.4
16487	7	405.78	405.08
16465	6	400.45	397.95
16379	7	451.8	438.4
16487	18	405.08	402.88
14162	1	429	428.9
14317	38	421.7	421.1
14074	6	375.7	364
16423	7	424.3	423.2
14162	6	427	426.6
14320	6	421	420
14074	1	376	375.7
14074	18	364	136
15953	6	424.48	414.75
14161	6	426.2	424.9
14316	2	422.7	422.1
14075	1	391.9	390.9
16150	2	438.45	436.85
16376	7	447.6	446
16388	1	416	415.8
14069	9	366	344
14071	1	337	336.7
14303	2	442.75	441.65
14319	3	421.35	420.6
16468	6	400.29	398.34
16388	3	415.8	414.2
16150	7	436.85	430.45
16516	6	427.1	420.4
14318	3	420.95	420.65
14161	1	428	427.9
16381	7	470.8	452.2
14109	6	399.7	390.7
16468	2	400.64	400.29
16375	7	445.5	441.5
16470	6	400.13	398.63
16486	18	406.29	403.74
14320	3	421.4	421
16427	1	424.8	424.2
16380	1	454.5	453.4
14358	12	428	420
14301	18	433.81	431.51
14057	18	387	255
14198	2	375.92	374.62
16376	6	463.5	447.6
14301	2	441.51	440.91
16668	1	426.5	424.8
16668	7	418.8	406.5
16497	1	422.55	422.2
14079	7	379.11	378.81
16379	1	453	451.8
16426	7	424.35	423.25
16465	2	400.75	400.45
14069	6	418	414
14053	12	429	415
16467	2	400.64	399.99
16425	1	424.85	424.25
16389	2	412.6	410.8
16668	6	424.8	418.8
14076	1	394.6	393.6
14319	38	421.9	421.35
14198	3	374.62	372.62
14057	12	395	387
14316	6	421.2	420.4
14075	12	367	365.6
14492	4	416.15	413.95
16664	3	432.1	431.3
16620	8	414.55	412.6
14491	6	418.78	417.88
16590	2	413.6	409.5
16639	9	407	377
14496	7	372.95	369.4
16634	2	459.7	459.5
16676	9	409.3	407.5
16431	18	447	305
16584	7	412.5	410.1
16561	7	411.49	410.79
16436	6	425	417
14491	7	417.88	415.68
16622	1	421.1	420.6
14492	7	413.95	413.75
16621	7	415	402.3
16435	2	421	419
16062	18	367	250
16619	3	419.7	418.9
14499	1	376.79	376.49
16623	3	421.9	421.4
16536	2	420.2	419.1
16617	7	410.2	401.3
16590	8	406.5	405.6
16617	6	412.5	410.2
16679	9	411.4	407
16620	8	410	408.5
16620	7	420.9	414.55
14496	5	373.3	372.95
16062	7	425	391
16584	6	413.5	412.5
16430	18	390	308
16538	3	415.3	414
14497	1	375.32	375.02
16622	3	420.6	420.2
16584	2	415.1	413.5
15507	14	379	239
16591	2	412.6	410.3
14495	3	376.3	376
16667	2	425.9	425.2
16621	3	416.1	415.5
14495	1	376.6	376.3
16667	12	376.8	375.1
16624	1	422.1	421.4
16431	7	453	447
16538	1	416.2	415.8
16671	9	408.2	381.5
16679	7	421.7	411.4
16674	7	426.07	407.27
14497	3	375.02	374.22
16664	8	430	429.2
16538	18	406.8	406.2
16620	1	421.5	420.9
16436	18	327	138
16537	18	414	412.5
16639	6	413	407
16666	1	433	432.6
16624	6	421	420.4
16537	2	420.5	419
16537	7	415	414
16666	3	432.6	432.1
16617	2	413.3	412.5
16616	7	414.3	410.5
16623	7	420	410.6
14491	1	420.18	419.88
16536	18	414.7	412.2
16536	7	419.1	414.7
16590	7	409.5	406.5
14495	7	376	371.2
16671	7	425.5	408.2
16622	7	418.3	409.1
16639	18	377	213
14499	7	376.49	371.79
16676	7	426.45	409.3
16538	2	415.8	415.3
14490	7	419.57	415.07
16435	9	403	371
16664	7	429.2	429.1
16616	3	415	414.3
14497	7	373.72	371.82
16623	1	422.6	421.9
16619	1	420	419.7
16599	9	466.31	461.91
16621	6	415.5	415
16537	8	415.8	415
16622	6	420.2	418.3
16667	9	407.9	376.8
16619	8	412.9	410.8
16624	3	421.4	421
14497	6	374.22	373.72
16671	12	381.5	378
14496	3	373.8	373.3
14492	1	418.05	417.65
16538	6	414	406.8
16585	2	413.6	410.7
16664	2	432.3	432.1
15507	9	401	379
14492	3	417.65	416.15
16621	1	416.3	416.1
16435	18	371	121
16616	8	410.5	403.9
16616	1	415.4	415
16674	1	427.27	426.07
16676	1	427.5	426.45
16634	7	459.5	457.9
16599	2	473.91	466.31
15507	7	439	401
16561	6	417.99	411.49
16616	7	403.9	402.2
16430	7	428	390
16664	7	431.3	430
16667	1	427.1	425.9
16634	18	457.9	449.7
14496	1	374.3	373.8
14491	3	419.88	418.78
16591	7	410.3	404.6
16619	7	418.9	412.9
16679	1	423	421.7
14490	1	420.07	419.57
16623	6	421.4	420
16436	12	359	327
16537	7	419	415.8
16585	6	410.7	409.6
16671	1	426	425.5
16667	7	425.9	407.9
16062	9	391	367
16624	7	420.4	407.4
16620	7	412.6	410
16436	9	417	359
16619	7	410.8	408
16666	7	432.1	430.7
16431	2	455	453
16435	6	419	403
16561	2	418.79	417.99
297	4	378.5	376.48
1177	6	416	400
257	1	368.2	367.2
297	1	355.18	378.5
296	1	355.65	388.55
257	39	367.2	333.7
296	4	388.55	381.7
1177	9	400	356.5
1177	1	420	416
20155	7	385.6	367.6
20155	6	389.7	385.6
20155	2	391.2	389.7
13804	2	346.35	370.35
11178	7	339.05	378.05
20155	18	367.6	361.6
20181	7	377.6	375.1
20185	1	409.8	409.7
20185	7	408.2	399.8
20185	3	408.8	408.2
20183	2	384.8	383.9
20183	1	385	384.8
20181	3	382.4	380.3
20183	7	383.9	377
20181	1	383.1	382.8
20181	6	380.3	377.6
20185	2	409.7	408.8
20181	2	382.8	382.4
20184	1	409.8	409.65
20182	7	385.6	383
20184	3	409.3	407.5
20182	3	392.4	391
20182	2	393	392.4
20184	7	407.5	399.8
20184	2	409.65	409.3
20182	6	391	385.6
20186	1	393.3	393.2
20190	18	349.97	347.97
20187	2	385.01	383.01
20186	9	315.5	314.3
20186	6	392.95	351.3
20190	1	414.97	413.97
20186	7	351.3	315.5
20186	11	314.3	314.05
20190	9	356.97	349.97
20187	7	383.01	376.01
20187	18	360.01	358.01
20190	7	413.97	356.97
20187	9	376.01	360.01
20186	18	277.3	268.3
20186	12	314.05	277.3
20186	2	393.2	392.95
20192	11	344.45	342
20192	9	368.45	344.45
14731	6	372.2	364.1
14722	3	444.4	443.7
14812	1	432.5	431.8
14768	7	419.88	412.98
14732	18	360.5	353.3
14732	6	353.3	360.5
14766	1	422.18	421.98
14810	6	419.1	414.8
14812	18	422.3	421.7
14810	9	410.9	390.6
14722	2	444.8	444.4
14808	1	418	417.3
14774	5	369.4	369.15
14766	7	420.58	414.18
14812	6	431.8	422.3
14716	1	414.7	414.3
14716	7	412.3	408.7
14768	2	420.88	420.48
14767	2	421.35	420.55
14716	3	414.3	413.3
14810	18	390.6	389.8
14768	6	420.48	419.88
14731	18	364.1	358.2
14810	7	414.8	410.9
14810	1	420	419.1
14768	1	420.98	420.88
14767	1	421.45	421.35
14773	6	369.6	354.6
14808	18	394.3	392.3
14722	7	444.4	437.8
14808	9	409.5	394.3
14716	6	413.3	412.3
14774	6	369.15	344.2
14772	6	369	343
14767	6	420.55	419.05
14766	2	421.98	420.58
14767	7	419.05	413.45
14808	6	417.3	409.5
20205	11	406.5	375.1
20204	7	416.3	410.4
20205	18	375.1	373
20202	12	445.6	438.6
20202	9	449.9	446
20205	15	373	369.7
20204	2	416.7	416.3
20205	1	416.7	416.4
20202	7	452	449.9
20205	7	415.4	407.9
20204	18	387.9	381.4
20205	9	407.9	406.5
20202	11	446	445.6
20204	11	410.4	387.9
20202	1	453.6	452
20205	3	416.4	415.4
19575	35	-1490.44	-1566.44
19575	35	-2048.44	-2228.44
19575	35	-2396.44	-2409.44
19575	35	-2030.94	-2048.44
19575	35	69.56	62.06
19575	35	-2409.44	-2482.44
19575	35	-215.44	-252.44
19575	35	-2482.44	-2527.44
19575	35	-1356.44	-1403.44
19575	35	-62.44	-103.44
19575	35	-167.44	-192.44
19575	35	-2027.44	-2030.94
19575	35	-509.44	-650.44
19575	35	-2539.44	-2551.44
19575	35	-1144.44	-1356.04
19575	35	-771.44	-1023.44
19575	35	-1740.44	-1847.44
19575	35	-312.44	-346.44
19575	35	-1847.44	-2020.44
19575	35	-2527.44	-2539.44
19575	35	-1403.44	-1490.44
19575	35	-650.44	-771.44
19575	35	432.56	69.56
19575	35	-1566.44	-1588.44
19575	35	-1108.44	-1114.44
19575	35	-1356.04	-1356.44
19575	35	-1588.44	-1670.44
19575	35	-2228.44	-2396.44
19575	35	-346.44	-509.44
19575	35	-1670.44	-1732.44
19575	35	-2020.44	-2027.44
19575	35	-252.44	-312.44
19575	35	-1023.44	-1108.44
19575	35	-192.44	-215.44
19575	35	62.06	-62.44
19575	35	-103.44	-167.44
19575	35	499.56	432.56
19575	35	-1732.44	-1740.44
20194	1	458.2	458
20194	7	456.7	455.6
20201	3	459.5	458.8
20207	1	415.5	414.5
20199	3	459	458.5
20200	3	460	458.8
20196	1	458.9	458.6
20200	1	460.3	460
20194	3	458	456.7
20208	2	413.2	410.5
20206	2	416.3	415.9
20208	7	410.5	403.2
20198	3	459.1	458
20206	7	414.9	404.8
20207	3	414.5	413.5
20207	11	406.5	380.5
20193	7	456.2	456
20199	7	458.5	457.5
20193	3	457.8	456.2
20196	3	458.6	457
20201	7	458.8	458.2
20207	7	413.5	406.5
20193	1	458.4	457.8
20199	2	459.7	459
20201	1	459.9	459.5
20206	11	404.8	381.3
20198	1	459.4	459.1
20206	3	415.9	414.9
20198	7	458	456.7
20196	7	457	455.8
20210	9	378.4	354.8
20210	7	382.1	378.4
20210	12	354.8	353.1
20210	1	382.6	382.1
20210	18	353.1	352.6
20200	7	458.8	458.1
1534	9	388.6	378.6
13497	39	398	358
2705	7	401.4	394.7
13293	2	374	365.95
14840	2	415.27	414.27
13293	6	365.95	360.7
13292	2	374	365
14841	7	414.1	405.5
13292	6	365	361.4
2705	2	409.3	408
14841	2	415.5	414.1
13292	7	361.4	360.1
13293	7	360.7	358.65
14840	7	414.27	405.27
2705	12	394.7	369.3
2705	6	407.5	401.4
15086	6	381.46	374.06
15064	7	404.7	403.6
15064	6	407.4	404.7
15063	7	411.2	406.1
15085	7	377.93	374.83
15063	1	412.1	411.8
15063	9	406.1	398.1
15064	9	403.6	396.7
15064	3	408.4	407.4
15086	1	383.66	383.26
15085	3	382.03	381.13
15085	1	382.83	382.03
15086	2	383.26	381.46
15063	3	411.8	411.2
15064	1	408.7	408.4
15086	7	374.06	373.66
15085	6	381.13	377.93
15115	7	434.51	419.01
15422	3	451.85	446.35
15360	6	409.39	402.19
15116	7	433.07	414.17
15140	2	396.8	396
15412	1	407.25	406.85
15359	7	403.6	402.8
15136	7	420.9	402.35
15404	7	423.79	412.69
15315	6	427.8	420.5
15406	3	425.08	423.03
15422	2	452.35	451.85
15140	6	396	392.8
15198	9	351.5	311.5
15402	2	423.36	422.86
15115	9	419.01	415.71
15359	2	410.8	409.9
15412	7	402.65	392.25
15199	9	356.2	341.2
15405	7	423.28	413.78
15406	2	425.38	425.08
15116	2	434.17	433.07
15422	18	446.35	436.55
15396	7	449.7	445.2
15360	8	402.19	397.99
15405	6	425.38	423.28
15404	2	424.69	424.19
15328	9	373	360.4
15315	3	428.8	427.8
15396	9	445.2	440
15199	6	403.2	356.2
15406	6	423.03	422.28
15115	2	435.71	434.51
15359	6	409.9	403.6
15404	3	424.19	423.79
15198	6	397.5	351.5
15402	7	422.06	413.36
15198	12	311.5	298.5
15315	38	429.5	428.8
15198	18	298.5	295.5
15406	7	422.28	413.38
15328	11	359.7	351.9
15396	2	470	449.7
15405	2	425.78	425.38
15328	2	381.7	373
15412	6	406.85	402.65
15328	10	360.4	359.7
15402	3	422.86	422.06
15360	2	409.99	409.39
15136	2	422.35	420.9
15635	2	444.24	443.84
15565	3	410.46	409.66
15634	3	445.19	444.39
15635	3	443.84	442.84
15565	6	409.66	402.76
15670	2	389.77	369.67
15634	1	445.29	445.19
15553	7	435.23	431.53
15552	7	438.1	433.8
15701	2	422.51	417.81
15665	2	389.23	371.23
15667	2	389.06	369.96
15670	9	369.67	364.77
15682	7	398.43	392.23
15667	9	369.96	364.06
15634	7	444.39	433.29
15699	1	379.3	378.2
15704	1	395.81	395.51
15651	2	424.9	421.9
15699	7	378.2	369.3
15635	6	442.84	441.84
15665	9	371.23	364.23
15566	3	407.69	406.39
15553	3	436.03	435.23
15682	3	404.08	403.63
15635	7	441.84	434.24
15701	6	417.81	416.11
15682	2	403.63	398.43
15633	2	447.09	445.99
15567	7	408.2	404.6
15682	1	404.23	404.08
15567	3	409.7	408.2
15540	1	402.9	400.9
15698	1	374.3	373.4
15567	8	404.6	401.1
15566	1	408.19	407.69
15539	1	401.2	400.9
15552	1	439.1	438.9
15537	4	401.3	398.3
15553	1	436.23	436.03
15565	1	410.76	410.46
15566	6	406.39	400.19
15698	7	373.4	368.3
15704	7	394.81	385.81
15539	4	400.9	397.9
15552	3	438.9	438.1
15701	7	416.11	415.51
15537	1	401.6	401.3
15651	7	421.9	414.9
15704	3	395.51	394.81
15567	1	410.1	409.7
15633	7	445.99	435.09
17875	7	430.12	422.12
17877	12	378.1	374.1
17875	12	375.12	370.12
17877	9	422.1	378.1
17876	9	422.1	378.1
17878	9	422.1	401.1
17876	12	378.1	377.1
17875	9	422.12	375.12
15787	7	408.3	407.3
15791	7	412	410.4
15794	1	427.91	427.81
15985	7	421.25	400.9
15966	8	425.5	420.5
15795	6	427.9	424.7
15955	1	429.94	429.39
16002	1	413.9	413.65
15965	2	432.1	431.3
15993	7	427.6	422.8
15993	1	428.4	428
15980	1	421.2	421
15795	3	428.2	427.9
15791	1	414.8	414.5
15966	7	426.9	425.5
15794	2	427.81	423.21
16002	2	413.65	413.35
15998	3	425.05	424.35
15788	7	411.6	407.5
15789	1	414.3	413.7
15794	6	423.21	422.21
15963	7	430.2	425.12
15994	1	430.5	430.1
15984	7	421.15	401.3
15965	8	427.1	422.1
15997	7	424.7	421
15816	8	471.3	470.6
15998	7	424.35	421.35
15993	2	428	427.6
15981	1	421.2	421
15993	18	422.8	422.6
15795	2	428.8	428.2
15789	7	411.9	410
15816	3	476.5	476
15816	8	473.3	472.8
15791	6	414.5	412
15966	3	430.1	426.9
16003	7	411.95	408.65
15997	1	425.3	425
15795	7	424.7	408.9
15963	1	431.6	431.1
15963	9	425.12	421.6
15795	1	428.9	428.8
15816	1	476.8	476.5
15963	3	431.1	430.2
15816	7	472.8	471.3
15997	3	425	424.7
15966	2	430.5	430.1
15955	6	429.39	420.94
15985	1	421.4	421.25
16003	1	412.2	411.95
15998	1	425.35	425.05
15788	1	411.9	411.6
15981	2	421	419.3
15787	6	411.4	408.3
15981	7	419.3	418.5
15790	1	413.1	412.6
15816	7	476	473.3
15794	7	422.21	419.91
15787	1	411.7	411.4
16002	7	413.35	410.4
15980	2	421	419.2
15790	7	412.6	408.7
15980	7	419.2	418.4
15994	7	430.1	424.3
15789	6	413.7	411.9
15965	7	431.3	427.1
15984	1	421.3	421.15
16037	6	421.72	419.12
16021	2	402.2	401.95
16014	2	443.4	442.5
16011	1	440	439.8
16012	3	439.05	437.95
16010	3	442.4	441.9
16039	6	420.7	418.15
16014	18	433.9	432
16010	1	442.6	442.4
16021	1	402.5	402.2
16037	3	422.72	421.72
16030	7	421.3	417.7
16028	1	421.3	421
16021	7	401	398.95
16030	1	421.7	421.45
16021	6	401.95	401
16030	3	421.45	421.3
16004	7	411.55	407.9
16011	7	438.5	435.1
16013	2	443.4	442.55
16013	7	442.55	435.6
16005	7	410.4	406.7
16012	7	437.95	434.45
16011	3	439.8	438.5
16010	7	441.9	437.6
16028	3	421	420.6
16004	1	411.8	411.55
16005	2	410.6	410.4
16005	1	410.8	410.6
16035	6	421.63	419.13
16028	7	420.6	417.3
16035	2	423.13	421.63
16014	7	442.5	433.9
16037	2	423.12	422.72
16039	2	423.15	420.7
16013	18	435.6	433.1
16012	1	439.25	439.05
16310	11	406.35	404.55
16309	11	407.1	405.6
16309	9	407.6	407.1
16129	1	401.5	400.6
16303	9	410.1	407.5
16177	1	429.2	428.7
16187	4	372.5	372.35
16180	6	398.3	396
16282	6	407.95	395.15
16183	3	398.56	397.56
16305	7	410	409.2
16308	11	407.7	406.1
16219	1	424.12	423.12
16180	3	398.6	398.3
16303	11	407.5	404.6
16308	1	412.6	412.3
16286	6	384.6	383.1
16240	3	394.72	394.22
16188	6	375.21	373.91
16187	7	370.8	370.4
16308	9	407.9	407.7
16177	7	428.7	423.4
16287	2	381.5	380.4
16305	9	409.2	408.9
16306	11	405.3	404.2
16308	7	412.3	407.9
16304	11	404.9	404.1
16183	1	399.26	398.56
16305	11	408.9	406.3
16187	1	373.8	373.5
16187	6	372.35	370.8
16309	7	410.1	407.6
16218	7	425.06	418.16
16177	18	423.4	419
16129	6	400.6	397.9
16240	7	394.22	391.72
16307	9	409.1	408.9
16286	2	385.7	384.6
16282	2	409.15	407.95
16240	1	395.12	394.72
16306	18	404.2	403.4
16187	3	373.5	372.5
16306	7	410	409.1
16219	7	423.12	416.12
16286	7	383.1	380.4
16306	9	409.1	405.3
16180	1	399	398.8
16304	7	410	409.7
16188	2	375.91	375.21
16307	11	408.9	407.1
16287	6	380.4	376.3
16310	7	408.55	406.35
16307	7	413.4	409.1
16304	9	409.7	404.9
16180	2	398.8	398.6
16188	1	376.21	375.91
16218	1	426.16	425.06
16304	18	404.1	403.7
28	6	375.62	364.92
28	2	379.92	375.62
16885	6	364.4	349.8
17038	3	448.7	448.3
17041	7	422.8	419.3
16939	7	432.5	429.4
16366	4	352.52	346.72
16747	1	435.3	434.7
16364	4	352.76	344.16
17041	2	425.3	422.8
17044	1	468.2	467.3
17029	3	437.15	436.3
17094	1	417.12	417.02
16883	5	365.4	364.7
17019	1	471.3	471
17045	7	465.1	463
17092	9	413.55	409.75
17046	1	466.3	465.3
17072	1	426.65	426.45
17037	7	444.35	441.05
17038	1	448.9	448.7
17044	7	466.8	464
16882	6	364.3	344.2
16779	1	416.2	415.8
16748	1	436.3	435.6
17070	1	427.2	426.95
17029	8	435.6	435.1
17037	1	445.35	445.15
16687	2	429.04	427.84
16747	7	434.7	422.8
16782	1	409.3	408.9
16742	7	433.05	422.1
16938	7	432.5	430
16939	3	433.5	432.5
16742	15	422.1	421
6365	6	370.87	355.47
16687	1	429.84	429.04
17092	7	418.6	413.55
16875	7	412.4	403.5
16882	5	364.8	364.3
17018	7	467.3	463
17072	7	426.05	422.25
16366	18	346.72	343.02
17067	3	427.4	427.1
17020	7	463.7	461.1
17030	7	435.7	434.4
16364	2	354.16	352.76
9634	6	370.91	365.01
17037	3	445.15	444.35
17018	1	468.4	467.3
16875	6	414.4	412.4
17030	3	437.4	436.9
16891	1	404	402.9
17067	7	427.1	423.2
17029	1	437.4	437.15
16995	1	405	404.85
16746	1	438.8	437.9
17072	3	426.45	426.05
16751	7	434.4	422.7
16752	7	438.6	430.2
16752	1	439.4	438.6
17020	1	466.4	465.8
17094	2	417.02	416.42
16891	9	397.1	392
17068	3	427.25	427.05
16779	3	415.8	415.5
17029	7	435.1	433.7
16995	2	404.85	402
17046	2	465.3	464.7
17068	7	427.05	423
16363	4	355.39	347.59
16751	1	434.9	434.4
17019	2	471	468.6
16996	6	400.98	398.08
17019	3	468.6	467.8
17092	2	419.75	419.1
16780	3	412.9	411.7
16782	6	407.6	403.8
17040	2	425.45	422.15
16782	3	408.9	407.6
16875	1	415.5	414.4
17040	7	422.15	419.45
9634	5	374.31	370.91
17094	4	414.22	413.32
16940	3	434.5	433.7
16366	2	353.02	352.52
16780	7	411.7	409.3
17045	6	465.7	465.1
16742	1	434	433.05
16996	2	407.78	400.98
16886	6	367	352.2
16782	7	403.8	403.7
16996	1	408.08	407.78
17030	1	437.7	437.4
17044	6	467.3	466.8
17029	7	436.3	435.6
17094	5	416.42	414.22
17070	7	426.5	423
16995	6	402	396.65
16886	5	367.7	367
16779	7	415.5	412.6
16940	7	433.7	431.4
16938	3	434	432.5
9634	2	375.01	374.31
16891	6	402.9	397.1
16883	6	364.7	345
16363	2	355.79	355.39
17046	7	464.7	461.9
17092	3	419.1	418.6
16687	18	385.34	377.84
17030	8	436.9	435.7
16746	15	426.6	425.8
17067	1	427.6	427.4
17020	2	465.8	463.7
16884	5	365.8	365.4
16363	9	347.59	345.79
17019	7	467.8	463.3
16746	7	437.9	426.6
16687	7	427.84	385.34
17070	3	426.95	426.5
16884	6	365.4	350
16885	5	365	364.4
17038	7	448.3	445.6
17068	1	427.45	427.25
17045	1	466.5	465.7
6365	2	375.47	370.87
16780	1	413.3	412.9
16748	7	435.6	427.3
17220	1	427.5	427.1
17266	2	422.45	422.15
17279	1	454.37	453.77
17595	2	418.35	417.75
17130	1	420.8	420.6
17591	7	415.65	397.85
17251	2	433.2	432.9
17218	6	426.3	425.3
17223	1	427.1	426.9
17222	1	427.1	426.7
17218	1	427.3	426.8
17595	6	417.75	415.15
17219	1	427.3	427
17248	1	414.1	413.9
17218	7	425.3	412.3
17221	7	425.9	412.1
17219	7	426	419.3
17492	15	387.15	380.85
17276	1	453.75	452.2
17598	6	416.85	415.45
17220	6	426.5	425.5
17269	6	421.87	416.67
17279	7	452.77	451.37
17221	6	426.4	425.9
17491	38	386.89	383.69
17595	7	415.15	414.35
17219	3	427	426.8
17266	6	422.15	416.3
17222	3	426.7	426.3
17248	2	413.9	413
17217	2	455.42	452.82
17222	6	426.3	425.4
17216	2	455.27	452.37
17219	6	426.8	426
17217	1	455.52	455.42
17251	7	432.9	429.2
17220	7	425.5	412.5
17223	7	425.1	412.1
17491	15	383.69	380.59
17223	3	426.9	426.5
17173	7	464.53	450.63
17279	7	443.37	438.37
17223	6	426.5	425.1
17270	6	422.34	416.99
17591	2	417.65	416.6
17221	1	427.1	426.7
17218	3	426.8	426.3
17252	7	427.05	424.55
17270	2	422.99	422.34
17252	3	427.55	427.05
17591	6	416.6	415.65
17597	2	417.15	416.35
17266	1	422.55	422.45
17130	7	414.4	413.6
17248	7	413	409.75
17173	38	465.63	464.53
17276	8	451.95	447.75
17598	2	417.95	416.85
17130	6	420.6	414.4
17598	7	415.45	413.95
17597	7	414.65	413.15
17492	38	389.15	387.15
17216	1	455.57	455.27
17276	7	447.75	439.75
17222	7	425.4	412.1
17279	8	451.37	443.37
17220	3	427.1	426.5
17221	3	426.7	426.4
17276	7	452.2	451.95
17217	15	452.82	452.72
17269	2	422.67	421.87
17252	1	427.85	427.55
17276	9	439.75	433.75
17591	1	418.05	417.65
17251	1	433.4	433.2
17279	3	453.77	452.77
17597	6	416.35	414.65
17873	8	389.1	383.1
18709	11	358.21	356.71
16933	1	421.36	420.36
17429	2	458.11	457.41
17873	18	368.1	361.6
17873	6	415.6	412.1
16933	7	420.36	408.36
17429	7	457.41	444.81
19341	9	379.63	358.93
17873	7	412.1	389.1
17873	9	383.1	368.1
16934	1	422.2	420.2
16934	9	398.2	368.2
16935	7	421.28	409.28
17429	9	444.81	433.81
16934	7	420.2	398.2
16935	9	409.28	358.28
19341	1	383.93	383.43
18709	2	384.71	383.71
20188	7	383.15	378.15
20188	9	378.15	360.15
20188	2	385.15	383.15
18709	7	383.71	380.71
19341	7	383.43	379.63
20188	18	360.15	357.15
17429	1	458.81	458.11
16933	9	408.36	365.36
16935	1	422.28	421.28
18709	9	380.71	358.21
17873	2	416.6	415.6
19341	18	358.93	356.93
12097	6	425.58	422.13
344	4	384.85	380.05
13810	6	427.23	425.03
13811	1	428.16	427.61
12098	7	424.3	421.8
12097	38	428.13	425.58
12098	6	426.3	424.3
13811	6	427.61	423.66
12098	2	428.3	427.15
12098	3	427.15	426.3
13810	1	427.63	427.23
13810	7	425.03	421.63
13811	7	423.66	422.66
344	9	380.05	357.85
344	1	384.85	384.55
15977	2	375.6	368.45
15976	6	369.65	351.5
16407	2	374.83	370.53
15977	6	368.45	350.6
15976	2	376.5	369.65
16409	6	369.52	339.72
17137	1	406.6	406.45
16407	6	370.53	346.83
17137	2	406.35	403.6
16409	2	374.72	369.52
17138	2	375.15	373
17137	6	402.9	402.6
16408	2	374.75	369.45
16408	6	369.45	346.75
17137	5	403.6	402.9
17138	6	373	354.15
17137	3	406.45	406.35
18017	2	381.1	369.5
18012	2	381.45	369.85
18414	3	430.65	429.5
17432	2	410.6	408.3
17525	7	414.1	411.4
18613	3	413.45	413
18016	9	369.8	367
18340	4	375.5	373.2
17517	15	436.8	433.1
17514	35	359.6	435.6
18009	2	382.6	378
18414	1	430.7	430.65
18416	1	421.57	421.52
18415	6	418.81	416.31
18009	9	378	374.6
17515	15	376.4	354.7
17523	7	412.18	396.88
18409	3	421.87	420.32
18613	6	413	411.1
17515	18	431.9	376.4
17527	7	412.3	409.8
18415	2	422.91	420.31
17432	6	408.3	405.4
17856	2	388.7	371
18412	7	428.3	421.8
17517	7	438.3	436.8
18344	2	376.1	375.3
18179	2	387	384.9
18410	8	419.55	418.9
18414	7	429.5	420.7
18016	2	380.9	369.8
18411	7	429.8	422
18416	7	415.37	411.57
18613	7	411.1	401.6
17523	8	396.88	395.98
18416	2	421.52	415.37
18412	3	429.9	428.3
17856	1	389	388.7
18012	9	369.85	368.05
17432	7	405.4	404.6
18011	9	374.6	372.5
18409	1	422.02	421.87
17514	18	435.6	381.3
17527	38	414	412.9
18409	7	420.32	416.02
18344	4	375.3	373.1
18411	3	430.3	429.8
18415	7	416.31	411.91
18412	38	430.8	429.9
18410	3	422.4	421.15
18613	1	413.6	413.45
18415	3	420.31	418.81
18017	9	369.5	367
17525	38	415.4	414.8
17856	18	347.5	347
18010	2	382.2	376.1
17523	9	394.88	394.38
17525	6	414.8	414.1
18011	2	382	374.6
18340	2	376.2	375.5
17523	7	395.98	394.88
17856	12	350.5	347.5
18010	9	376.1	374.2
18410	7	418.9	416.45
17517	1	441.1	440.3
17523	6	413.18	412.18
17523	38	414.38	413.18
18410	1	422.45	422.4
18411	38	431	430.3
17517	3	440.3	438.3
18410	7	421.15	419.55
17527	6	412.9	412.3
18180	2	386.5	384.4
17515	35	354.7	431.9
17856	9	371	350.5
20220	18	318.06	315.06
20222	6	457.9	410.2
20221	6	411.86	408.86
20212	18	375	227
20212	7	427	407
20219	6	376.7	374.7
20220	7	437.36	414.16
20216	4	378.52	375.52
20213	7	413.5	373.5
20222	9	410.2	328.2
20214	12	357.72	354.72
20223	12	320.73	316.73
20222	1	458.2	457.9
20217	2	437.23	435.23
20214	7	383.72	380.72
20221	9	402.86	373.36
20223	9	408.73	320.73
20218	18	387	385
20222	11	328.2	324.2
20216	2	380.02	378.52
20220	1	440.06	439.61
20218	7	436.8	434
20219	9	374.7	369.7
20215	18	381.1	379.1
20213	9	373.5	356.5
20214	2	384.72	383.72
20223	6	436.43	408.73
20221	7	408.86	402.86
20218	1	437	436.8
20220	9	414.16	318.06
20221	18	373.36	370.86
20215	7	436.1	427.1
20217	12	383.23	381.23
20218	9	434	387
20215	9	427.1	381.1
20220	4	439.61	437.36
20219	18	369.7	360.2
20221	1	412.86	411.86
20217	9	429.23	383.23
20217	7	435.23	429.23
20219	38	380.2	376.7
20212	9	407	375
20214	9	380.72	357.72
20223	1	436.73	436.43
20216	9	375.52	369.72
8401	7	424.43	401.03
8401	2	376.43	424.43
13291	2	382	364.2
744	9	384.05	383.95
744	7	402.15	384.05
744	1	407.55	406.55
13036	2	377.15	373.55
13291	6	364.2	360.15
744	12	383.95	375.8
13036	7	373.55	369.85
13036	9	369.85	361.15
744	6	406.55	402.15
15779	1	434.67	464.07
15779	7	459.97	447.3
15780	1	425.29	462.79
15778	2	419.47	458.77
15780	6	462.79	458.59
15776	2	414.72	442.27
15776	6	442.27	436.7
15779	6	464.07	459.97
15780	7	458.59	441.3
15778	6	458.77	454.67
15778	7	454.67	442.4
14190	3	375.91	374.81
14177	4	376.54	369.44
14190	2	360.91	375.91
14184	4	373.72	362.92
14186	4	369.02	364.35
14177	7	369.44	368.19
14184	2	362.42	373.72
14177	2	367.74	376.54
14186	2	362.75	369.02
14190	4	374.81	362.01
18432	6	361.3	357.8
17388	7	457.4	448.5
17321	3	414.3	413.9
17388	2	458.5	457.4
17388	1	458.9	458.5
17426	7	458.7	449.2
17321	6	413.9	409.2
17321	9	405	404.5
17321	7	409.2	405
17321	1	414.5	414.3
17426	2	459.2	458.7
18432	5	363.8	361.3
14191	3	377.07	375.97
16178	7	429.5	422.7
14191	2	377.47	377.07
16178	1	430.5	429.5
16176	7	426.4	419.1
14191	4	375.97	364.27
16176	1	428	426.4
16178	18	422.7	418.5
16176	18	418.4	415.6
16176	9	419.1	418.4
14192	4	376.01	362.61
14192	2	377.51	376.01
16336	4	349.5	347.6
16336	9	347.6	339
16336	3	349.8	349.5
16336	18	339	337.8
11176	3	416.5	413.4
11782	1	407.09	406.49
18617	1	414.69	414.54
18444	1	436.7	436.5
11783	6	422.3	421.4
18619	7	407.95	403.55
18617	7	411.79	396.69
18467	1	431.5	431.3
18467	3	431.3	430.7
18439	6	406.15	404.25
18444	2	436.5	436.2
11560	6	412.5	410.6
11559	3	423.16	422.11
11780	6	408.5	406.7
11782	4	406.49	402.69
18465	1	431.5	431.3
11559	6	414.11	413.16
11560	4	418.1	412.5
11579	6	402.5	399.7
18475	1	453.9	453.3
18475	8	450.15	449.3
11785	4	413.4	410.4
11576	2	404.95	403.45
11574	4	405.4	404.85
18466	7	430.7	428
11563	3	423.19	422.39
18459	1	430.5	430.1
11565	3	417.78	417.33
11564	4	422.69	415.29
11592	1	420	419.6
11594	3	415.3	415
18463	3	473.7	473
18463	6	473	472.7
11176	2	417.1	416.5
18444	3	436.2	435.7
18439	2	407.15	406.45
18464	1	473.7	473.5
18467	7	430.7	428
11784	1	424.3	424
11781	6	408.7	407.6
11574	3	407.1	405.4
11565	6	412.03	409.78
11564	6	415.29	414.09
11583	6	390.25	386.95
18459	2	430.1	429.3
11781	4	413.7	408.7
11577	4	404.8	400
18461	7	473.1	470.2
11578	1	402.35	401.95
18458	6	419.3	418
11583	1	391.95	391.45
18458	7	418	416.2
11574	1	408.9	408.4
18465	7	430.8	428.1
11176	6	411.85	409.9
18459	6	429.3	429.1
11594	4	415	410.8
18445	7	435.4	429.6
11559	4	422.11	414.11
18619	6	412.25	407.95
11786	1	410.3	410
18466	1	431.5	431.3
18619	2	413.25	412.25
11574	6	404.85	400.1
11579	3	404.7	403.3
11578	6	399.95	395.75
11563	4	422.39	415.19
11577	6	400	398.6
18460	7	472.9	470.2
11578	4	401.3	399.95
11781	2	415.6	413.7
11565	4	417.33	412.03
18459	7	429.1	426.8
18466	2	431.3	430.7
18463	1	473.8	473.7
11176	4	413.4	411.85
18438	2	407	406
11782	6	402.69	400.89
18460	1	473.7	473.5
11560	3	419.6	418.1
18461	1	473.7	473.6
11574	3	408.4	407.1
11785	2	414.4	413.4
11177	6	413.2	411.5
18438	6	406	404
18438	7	404	403.5
11579	1	405.3	404.7
18476	1	453.3	452.2
11594	1	415.8	415.3
11581	3	403.9	403.2
18476	7	452.2	448.2
11571	6	413.9	412.1
11581	6	403.2	399.2
18475	7	451.6	450.15
11577	1	405	404.8
18458	1	420	419.3
18465	3	431.3	430.8
18460	3	473.3	472.9
11784	6	418.3	418.1
18475	3	453.3	451.6
11780	4	410.2	408.5
11581	1	404.2	403.9
18617	6	412.99	411.79
11576	4	403.45	400.7
18619	1	413.55	413.25
11780	2	411	410.2
18440	2	407	406.1
18439	3	406.45	406.15
18464	7	472.9	472.7
11563	6	415.19	413.19
11786	4	410	406.3
18463	7	472.7	471.8
11583	3	391.45	390.25
11592	4	419.6	416
11576	6	400.7	398.85
18444	7	435.7	430.7
11578	3	401.95	401.3
11571	1	418.1	417.5
18460	2	473.5	473.3
11784	4	424	418.3
11783	4	428.9	422.3
11786	6	406.3	405.8
11571	4	417.5	413.9
11576	2	405.45	404.95
18618	1	413.32	412.52
18618	7	412.52	398.32
18440	6	406.1	404.2
11176	1	417.5	417.1
11579	4	403.3	402.5
18440	7	404.2	403.5
18464	2	473.5	473.4
11783	1	429.4	428.9
18439	7	404.25	403.65
18617	2	414.54	412.99
11564	3	423.09	422.69
18461	3	473.6	473.1
11177	1	417.5	417.2
11177	4	417.2	413.2
18445	2	435.6	435.4
18464	3	473.4	472.9
11725	3	368.58	368.08
11199	3	379.37	378.37
12107	2	376	375.2
12525	2	377.4	375.9
11198	2	383.63	382.03
8652	4	375.4	374.05
8366	4	377.61	373.91
8653	2	377.95	376.8
12423	2	379.2	376.8
11198	3	380.48	377.13
12305	6	373.67	362.97
12423	4	376.8	374.9
8652	2	378.1	375.4
12305	2	377.97	377.47
11724	2	369.64	368.44
11199	4	378.37	374.92
8366	3	382.91	381.51
11724	6	364.24	363.64
11201	4	377.8	376
11199	2	383.67	381.17
12107	4	375.2	373.3
11724	3	368.44	367.54
11725	2	369.78	368.58
11198	4	377.13	374.93
12377	4	384.1	375.9
12526	6	372.1	370.6
12423	6	374.9	374.2
11200	1	384.55	383.8
11198	3	382.03	380.48
8651	6	373.15	358
11724	4	367.54	364.24
12525	4	375.9	372.9
11201	3	383.55	379.8
11201	1	384	383.8
11723	2	375.39	373.79
8366	2	384.11	382.91
11200	6	376.25	374.55
12305	4	376.37	373.67
12107	1	376.1	376
12305	3	377.47	376.37
11201	2	383.8	383.55
8651	2	378	374.8
8653	4	376.8	373.8
8653	6	373.8	357.95
11725	6	364.68	363.78
12525	6	372.9	371.4
11725	4	368.08	364.68
8366	5	381.51	377.61
11200	2	383.8	382.9
9158	6	376.85	362.35
11723	3	373.79	373.29
12377	2	384.4	384.1
8652	6	374.05	358.1
11198	6	374.93	373.63
8651	4	374.8	373.15
12526	2	378.6	376.7
12526	4	376.7	372.1
9158	1	378.35	377.55
11200	3	378.7	377.95
12107	6	373.3	371.9
9158	4	377.55	376.85
8366	6	373.91	369.11
11723	4	373.29	369.39
11201	3	379.8	377.8
11199	6	374.92	373.67
11200	4	377.95	376.25
11199	3	381.17	379.37
11200	3	382.9	378.7
13138	3	375.31	373.81
13137	6	369.95	368.4
12992	3	374.34	372.84
13138	6	369.66	368.11
13110	4	376.84	375.04
13135	6	368.99	367.39
13108	2	379.18	374.68
13109	2	379.2	375.4
13134	6	369.05	367.35
13104	2	382.32	380.92
12992	2	377.04	375.04
12936	7	383.44	364.24
13138	2	376.11	375.31
12992	4	368.04	365.94
13134	3	374.45	373.05
13110	2	379.34	376.84
13110	6	375.04	374.34
12992	3	375.04	374.34
13109	4	375.4	374.1
13135	4	373.49	368.99
13098	2	381.46	380.66
13135	2	375.39	374.69
13137	2	375.4	374.95
12936	2	386.24	383.44
13104	4	380.92	377.52
13137	4	373.8	369.95
12992	4	372.84	370.34
13137	3	374.95	373.9
13108	4	374.68	374.08
13104	6	377.52	362.32
13138	4	373.81	369.66
13097	4	378.05	372.1
13097	2	379.6	378.05
13135	3	374.69	373.49
13108	6	374.08	372.08
13134	4	373.05	369.05
13098	4	380.66	378.66
12992	6	370.34	368.04
12992	6	365.94	364.84
13098	6	378.66	374.46
13134	2	375.35	374.45
17154	6	372.73	358.93
15757	5	373.84	369.94
14714	2	374.87	373.27
16595	2	374.4	372.6
15757	2	374.94	373.84
14714	5	373.27	371.27
14714	6	371.27	370.17
17131	2	375.98	372.88
16595	5	372.6	360.4
17154	2	373.93	372.73
11382	6	372.77	369.87
8280	2	376.43	373.23
8280	7	367.23	366.43
11841	5	370.3	367.1
10070	6	370.69	359.99
10070	3	372.89	370.69
8477	6	366.84	349.84
7208	2	374.28	369.98
10008	7	358.4	354.3
14565	6	380.35	380.15
8279	2	377.92	373.12
6748	7	355.8	345.4
10008	5	372.6	370.9
6748	5	372.5	369.5
8477	2	374.84	372.44
8479	6	374.2	371.8
14565	1	368.05	381.1
10008	2	374.3	372.6
8279	6	373.12	371.92
10070	2	374.99	372.89
11257	2	375.68	371.08
11841	2	374.9	370.3
10008	6	370.9	358.4
6748	2	375.4	372.5
8479	2	376.4	374.2
8280	6	373.23	367.23
7208	6	364.98	361.58
14565	7	380.15	370.35
11841	6	367.1	366.9
6748	6	369.5	355.8
7208	5	369.98	364.98
11811	2	375.9	371.8
8477	5	372.44	366.84
11257	6	371.08	363.28
11382	2	375.87	372.77
8479	7	371.8	358.4
14565	3	381.1	380.35
11811	6	371.8	349.75
18492	4	418.8	418.3
18524	3	425.7	424.4
18483	3	413.15	412.9
18513	1	428.3	427.4
18510	1	427	426.4
18482	7	412	410.4
18543	3	479.5	479
18491	3	420	418.55
18492	3	420	418.8
18457	2	430.6	429.2
18753	12	445.66	445.36
18511	1	426.75	426.15
18483	2	413.3	413.15
18457	7	427.5	427.1
18544	18	480.37	479.47
18731	35	-707.15	-734.15
18544	2	480.67	480.37
18751	1	460.21	459.86
18753	3	455.66	455.36
18731	35	-514.15	-555.15
11174	1	427.7	427.4
18523	6	426.4	424.9
18731	7	408.45	372.85
18543	7	479	477.6
18507	7	427.9	424.4
18506	1	428.9	428.2
18497	1	426	425.6
18731	35	-734.15	-861.15
18731	4	410.85	408.45
18751	12	446.61	445.21
18498	3	424.9	424.5
18510	7	426.4	424
18482	2	412.5	412.4
18512	7	426.9	423.5
18751	9	459.71	446.61
18511	7	426.15	424.25
18752	7	455.42	454.12
18542	1	480.57	480.27
18495	1	425.6	425.1
18542	7	479.77	477.67
18497	7	425.2	423.7
18544	1	480.97	480.67
18457	2	430.8	430.6
18731	35	-219.15	-342.05
18542	3	480.27	479.77
11174	6	426.75	422.2
18752	3	456.72	455.42
11174	3	427.4	426.75
18513	7	427.4	424.1
18495	3	425.1	424.8
18731	35	-585.15	-707.15
18751	18	445.21	442.21
18752	12	445.52	445.02
18731	35	-468.15	-490.15
18731	35	-359.05	-431.15
18731	35	-1021.15	-1044.85
18496	3	425.1	424.8
18492	1	420.4	420
18495	7	424.8	423.5
18524	1	425.8	425.7
18752	9	454.12	445.52
18483	7	412.9	412
18498	1	425.3	424.9
17978	18	352.3	348.3
17978	3	376.3	374.3
18496	1	425.8	425.1
18512	1	427.6	426.9
17978	4	374.3	373.3
18543	18	477.6	477.3
18497	3	425.6	425.2
18542	18	477.67	476.97
18731	35	-490.15	-514.15
18753	7	455.36	450.66
18752	1	457.32	456.72
18523	3	426.9	426.4
18457	6	428.7	427.5
18731	18	372.85	-199.05
17978	7	365.3	352.3
18523	7	424.9	423.8
18523	1	427.3	426.9
17978	6	373.3	365.3
18482	3	412.4	412
18498	7	424.5	423.5
18491	4	418.55	416.75
18751	7	459.86	459.71
18731	35	-555.15	-585.15
18507	1	428.6	427.9
18753	18	445.36	444.36
18752	18	445.02	443.02
18731	35	-861.15	-1021.15
18731	35	-431.15	-468.15
18753	1	455.96	455.66
18506	7	428.2	424.9
18753	9	450.66	445.66
18543	1	480.5	479.5
18731	35	-199.05	-219.15
18496	7	424.8	423.3
18524	7	424.4	423
18491	1	420.25	420
18492	2	420.9	420.4
18457	3	429.2	428.7
18794	7	443.78	442.88
18935	2	416.17	415.97
19007	3	397.9	397.7
18909	7	469.35	467.95
18836	3	412.5	410.9
18834	4	408.6	406.2
18804	7	421	403
18909	6	471.35	469.35
18909	18	467.95	467.15
19007	1	398.8	397.9
18931	3	418.3	417.4
18795	8	444.15	443.75
19004	4	393.5	391.2
18835	6	407.6	406.4
18973	2	434.6	434
18935	7	407.27	405.97
18836	1	413.4	412.5
18834	6	406.2	405
19005	7	397.3	392
19017	3	433.16	432.31
18795	1	445.95	445.55
18973	7	433	424.6
18795	18	443.75	441.45
18794	6	445.48	444.88
19004	1	394.1	393.5
19017	9	427.36	426.91
18910	6	473.1	472.1
18794	8	444.08	443.78
18834	2	410.8	409.7
18896	9	394.1	393.5
19007	7	395.5	392.8
18910	7	472.1	469.1
19020	6	423.8	421.55
18931	1	421.5	421.45
18931	7	411.9	409.5
18525	3	425	423.4
18795	3	445.55	444.75
19020	7	421.55	408.2
18794	7	444.88	444.08
18971	2	434.5	433.7
18797	1	393.4	393
18804	18	371	151
19005	3	397.8	397.3
18935	6	414.07	410.87
18777	2	421.1	419.7
18794	18	442.88	442.08
18887	7	384.65	372.05
18910	1	473.6	473.1
18931	8	413.3	411.9
18835	1	411.4	410.5
18796	6	447.72	446.62
19017	7	432.31	427.36
18777	7	419.7	417.7
18887	2	385.05	384.65
18525	6	423.4	421.1
18835	3	410.5	409.3
18796	7	446.62	445.02
18935	7	410.87	407.57
19007	4	397.7	395.5
18794	1	446.88	446.08
18777	1	421.3	421.1
18917	1	385.4	385.1
18834	3	409.7	408.6
19005	1	398	397.8
18977	2	432.7	431.2
18525	7	421.1	420.8
18795	7	444.75	444.15
18896	2	403.43	402.5
18796	18	445.02	444.62
18971	18	423.2	421.8
18977	8	428.5	426.9
18932	7	418.6	407.4
18525	1	425.2	425
19016	2	433.28	431.53
18804	9	403	371
18932	3	419.1	418.6
18932	1	419.4	419.1
18977	7	431.2	428.5
18973	3	434	433
18794	3	446.08	445.48
19016	9	429.38	425.28
18836	6	408.9	407.4
18836	4	410.9	408.9
18935	3	415.97	414.07
18796	1	448.32	447.72
19020	1	424.2	423.8
18971	18	421.8	420.4
18931	7	417.4	413.3
18834	1	410.9	410.8
19017	2	434.91	433.16
18909	1	472.15	471.35
18887	7	371.55	370.05
18977	7	426.9	422.7
18935	8	407.57	407.27
18933	7	413.95	405.25
19004	6	391.2	388.1
19016	7	431.53	429.38
18887	8	372.05	371.55
18971	3	433.7	433.1
18797	6	393	386.4
18896	1	403.5	403.43
18917	7	385.1	382.4
18971	7	433.1	423.2
18933	3	415.45	414.35
18933	1	415.75	415.45
18931	2	421.45	418.3
18896	7	402.5	394.1
18835	4	409.3	407.6
18933	6	414.35	413.95
568	9	390.3	382.5
2172	6	372.79	372.39
2172	7	372.39	367.94
1531	9	388.25	377.45
2172	9	367.94	361.79
2172	2	376.79	372.79
5938	2	376.09	370.09
18784	1	436.01	435.61
18784	12	352.01	348.41
18784	18	348.41	344.6
18784	7	435.61	414.31
18784	9	414.31	352.01
16929	7	454.22	450.22
19165	3	371.7	370.8
19201	7	406.05	400.2
19029	8	418.6	410.6
19165	7	370.8	368.9
19199	1	415.45	415.15
19202	1	415.25	414.95
19189	8	444.2	443
19032	7	431.7	430.9
19199	6	415.15	409.75
19165	1	372.1	371.7
19190	3	449.1	448.1
19029	7	410.6	408.6
18775	9	413.19	368.19
19166	3	360.65	356
20197	7	458	457.7
19198	6	415.45	409
19334	2	418.02	417.52
19148	7	420.21	416.86
19008	1	398.8	397.9
19170	12	369.2	368.5
19150	1	420.9	420.3
19189	2	451.6	450.7
17207	6	415.9	415.6
15876	18	424	282
9317	6	405.9	405.1
16929	14	425.22	420.22
19008	7	393.7	392.8
19032	7	437.4	433.8
19190	7	443.7	442.7
20203	2	424.9	423.6
19198	7	409	406.8
19145	6	420.64	417.34
19032	9	430.9	426.9
19166	1	361	360.65
20203	3	423.6	423.3
20195	7	456.1	455
19136	7	421.15	412.5
19170	3	372.2	371.15
19043	1	438	437.45
15876	36	282	424
19033	7	430.7	430.5
19201	6	415.15	406.05
19194	7	456.4	450.5
18976	3	433	430.7
19190	1	449.5	449.1
19334	12	354.52	352.02
20197	2	459.5	459.5
17207	2	417.9	416.15
20203	7	421.6	414.4
19033	8	432	430.7
20203	18	403.9	397.9
19205	7	411.35	411.15
19029	9	408.6	374.6
19033	9	430.5	423
19194	8	450.5	449.05
17207	6	416.15	415.9
19170	7	371.15	369.2
20195	1	457.6	457.5
20189	9	359.15	351.15
19029	12	374.6	372.2
19190	7	448.1	445
19198	7	405.7	400.45
19145	1	421.34	420.64
19198	6	406.8	405.7
16929	9	450.22	425.22
9317	1	407.2	406.9
19190	8	445	443.7
20197	3	459.5	458
19194	9	446.9	442.3
19205	1	415.55	415.2
19032	1	438.4	438.1
19198	1	415.8	415.45
19170	1	372.5	372.2
19169	1	365	364.5
19194	1	457.3	457.1
19150	6	420.3	417.1
19334	9	406.52	354.52
19149	1	421.87	421.27
19095	9	422.7	420.5
19033	7	436.5	432
19095	7	430.7	422.7
20189	1	416.15	415.15
18775	1	419.19	418.19
18976	2	434.2	433
20189	18	351.15	345.15
19008	4	397.7	393.7
18775	11	368.19	362.19
18976	7	430.7	428.2
19202	6	414.95	411.55
19194	2	457.1	456.4
19008	3	397.9	397.7
19171	1	360	359.6
19189	7	449.5	444.2
19203	6	415.4	412
19171	12	355.9	354.7
19194	7	449.05	446.9
19171	3	359.6	355.9
20203	9	414.4	407.4
20203	12	407.4	403.9
19146	6	421.27	418.17
19136	9	413	410.54
19032	8	433.8	431.7
19189	7	443	441.8
19029	7	424.6	418.6
19165	12	368.9	368.1
19149	7	421.27	417.87
19189	1	451.8	451.6
19201	1	415.55	415.15
19148	1	420.86	420.21
17207	7	415.6	413.2
9317	3	406.9	405.9
19095	3	432.1	430.7
16929	1	456.22	454.22
19199	8	406.85	400
19334	6	417.52	414.52
19136	1	421.4	421.15
19189	3	450.7	449.5
19203	1	415.8	415.4
20189	7	415.15	359.15
19199	7	409.75	406.85
19190	9	442.7	439.5
19029	38	431.6	424.6
19042	1	438	437.35
19146	1	422.17	421.27
19205	6	415.2	411.35
20195	3	457.5	456.1
19032	3	438.1	437.4
20203	6	423.3	421.6
19169	3	364.5	360.2
19033	3	437.7	436.5
19033	1	438	437.7
19095	1	432.5	432.1
19334	7	414.52	406.52
18775	7	418.19	413.19
9641	2	374.17	371.07
12096	6	426.57	421.97
12096	2	428.57	426.57
9641	6	369.57	367.07
9641	5	371.07	369.57
20224	18	345	275
20232	9	404.27	386.27
20232	7	420.27	404.27
20230	6	374.2	344.2
20236	2	441.18	437.18
20236	18	421.18	193.18
20240	9	419.06	370.06
20227	7	439.88	425.88
20236	1	443.18	441.18
20227	18	425.88	193.88
20241	9	421.09	372.09
20228	7	463.58	441.58
20228	8	441.58	427.58
20227	2	443.88	439.88
20241	7	437.09	421.09
20228	18	427.58	235.58
20238	7	422	308
20229	2	376.33	372.33
20229	9	360.33	326.33
20239	18	439	233
20224	7	437	425
20228	1	465.58	463.58
20224	9	425	383
20233	7	461.5	459.5
20225	18	381.75	375.95
20232	1	422.27	420.27
20238	18	308	292
20226	9	388.37	358.37
20229	6	372.33	360.33
20233	18	459.5	321.5
20224	12	383	369
20240	7	435.06	419.06
20226	7	400.37	388.37
20239	7	463	439
20225	7	431.15	381.75
20236	9	437.18	421.18
20234	2	506.94	504.94
20240	11	370.06	365.06
20226	18	358.37	150.37
20234	18	504.94	366.94
20229	18	326.33	126.33
20230	18	344.2	102.2
20224	12	369	345
20230	2	382.2	374.2
20232	18	386.27	302.27
18897	2	399.9	398
20245	9	395	382
20252	35	374.99	347.34
20253	35	374.96	347.26
20255	2	431.81	430.56
20248	4	377.01	374.81
20251	6	372.35	340.25
20249	6	373.71	338.81
20252	35	378.99	374.99
20255	7	430.56	426.06
20253	35	379.26	376.16
20253	35	376.16	375.46
20249	4	377.36	373.71
20243	6	368.3	364.3
20244	12	378	354
20244	7	415	399
20243	7	405.3	368.3
20247	18	400.02	100.02
20251	4	376.95	372.35
20254	7	433.37	426.97
20254	1	434.97	434.57
20242	18	404	228
20245	7	425	395
20244	18	354	155
20249	2	378.81	377.36
20252	35	347.34	344.84
18897	7	398	391.5
20254	2	434.57	433.37
20252	35	344.84	338.99
20245	18	382	161
18897	1	400	399.9
20248	2	378.51	377.01
20253	35	375.46	374.96
18897	9	391.5	390
20255	1	432.06	431.81
20244	9	399	378
20242	7	438	404
20248	6	374.81	348.51
20243	18	364.3	255.3
20246	18	402.05	102.05
20243	2	406.3	405.3
20251	2	379.25	376.95
16454	2	421.75	418.75
15684	2	430.25	425.35
1645	2	397.16	395.16
15684	7	415.55	411.25
1645	9	385.86	379.16
1645	7	395.16	385.86
16454	7	418.75	402.75
15684	6	425.35	418.05
15684	8	416.55	415.55
15684	7	418.05	416.55
12872	7	424.02	415.12
12870	6	424.13	422.93
12874	2	425.27	424.87
13074	1	430.56	428.76
15431	2	431.7	430.5
12038	3	396.2	395.6
15555	7	438	435.2
10552	6	425.78	424.58
10561	7	416.99	410.29
12041	8	390.2	385.3
11621	2	448.96	447.21
14296	8	422.7	421.8
15641	7	432.5	426.6
12044	8	389.3	386.9
12038	6	395.6	391.9
9996	7	421.1	413.2
11619	2	447.72	446.02
10561	2	423.29	416.99
15431	7	430.5	419.7
13074	7	428.76	422.56
12339	7	426.55	415.55
10552	2	430.38	426.08
12040	8	390.9	385.1
11620	2	448.85	446.45
11343	2	426.24	425.59
12874	3	424.87	424.37
10552	7	424.58	416.38
10928	2	425.8	424.8
11343	7	422.94	412.54
11608	2	448.5	445.5
9768	1	441.47	441.07
13075	2	428.92	426.47
9518	7	432	422
9767	3	443.34	441.24
12037	3	397	396.3
12874	7	424.37	415.27
12041	3	394.7	393.6
10558	6	417.72	417.32
10363	2	441.47	440.17
11620	7	446.45	438.85
12037	6	396.3	392.3
15556	2	443.2	441.75
12044	2	394.9	392.7
10553	6	424.84	418.74
15555	2	443.2	442.2
15554	5	441.85	440.6
14947	8	385.24	377.84
12871	2	424.54	424.24
11057	7	416.15	405.65
11343	1	426.54	426.24
9769	7	439.92	432.32
12041	2	397.3	394.7
12871	3	424.24	423.84
14947	7	388.24	385.24
10553	2	426.74	425.44
15641	2	434.6	432.5
10558	3	418.12	417.72
11057	2	417.25	416.15
11342	7	423.56	412.61
10552	3	426.08	425.78
10558	7	417.32	410.72
9768	3	441.07	439.77
10559	2	423.83	417.53
12871	7	423.84	414.54
12870	7	422.93	414.73
11343	6	424.74	422.94
15659	6	407.7	401.9
15556	5	441.15	439.65
12040	7	392	390.9
13073	2	428.42	427.62
15555	6	439.2	438
10255	7	431.93	426.33
10558	2	423.72	418.12
10255	2	432.63	431.93
11342	4	426.61	426.11
11619	7	446.02	437.72
9518	2	434	432.9
9996	3	422.6	421.1
14296	3	425.6	423.9
11621	1	449.21	448.96
10559	7	417.53	411.83
12872	3	424.82	424.02
12040	3	397.1	396.2
15554	2	443.2	441.85
11609	7	446.3	441.3
11608	7	445.5	436.5
13072	2	430.53	429.83
11342	6	424.36	423.56
12038	8	391.9	385
10928	9	424.8	423.8
12037	8	392.3	386.1
10363	7	440.17	431.47
9996	2	423.2	422.6
12044	6	392.7	389.3
12038	2	397	396.2
11343	3	425.59	424.74
14296	7	421.8	417.6
14296	7	423.9	422.7
12037	2	398.1	397
9768	7	439.77	430.47
13075	7	426.47	420.92
10553	3	425.44	424.84
13072	7	429.83	422.53
14947	2	393.04	388.24
13073	7	427.62	420.42
15659	7	401.9	398.8
12870	2	424.73	424.13
12040	6	396.2	392
15659	2	408.8	407.7
15556	3	441.75	441.15
9767	7	441.24	432.34
12041	6	393.6	390.2
15556	7	439.65	438.2
11621	7	447.21	439.21
12339	3	427.55	426.55
15555	3	442.2	439.2
11609	2	449.3	446.3
11342	2	426.11	424.36
12872	2	425.12	424.82
9518	3	432.9	432
9769	38	440.32	439.92
1584	3	372.22	370.82
6244	7	442.66	433.06
15685	2	431.97	428.37
2933	7	432.86	424.16
2933	1	434.16	433.71
1674	38	433	431.7
2933	2	433.71	432.86
1674	6	431.7	430.45
4289	6	423.46	422.76
4290	2	427.11	426.31
1673	1	430.5	430
1584	2	372.62	372.22
1673	7	426.6	420.5
2932	7	426.52	417.52
1584	4	370.82	369.3
2931	7	433.5	420.25
1673	2	430	426.6
4289	3	423.76	423.46
4290	7	426.31	417.31
2932	1	432.52	431.92
1674	7	430.45	422.4
4289	2	424.66	423.76
1672	2	430.5	425.5
1672	7	425.5	415.3
1491	1	428.14	427.74
1381	7	433.34	421.34
4289	7	422.76	415.96
4289	1	414.86	424.66
15685	7	428.37	412.97
2931	2	435.5	433.5
2932	6	431.92	426.52
1491	7	427.74	418.14
6244	1	443.06	442.66
4290	1	427.31	427.11
20157	8	391.1	366.6
20169	6	389.75	386.75
20169	2	390.5	389.75
20156	2	391.1	390.05
20157	18	365.8	361.9
20156	7	387.5	382.9
20157	7	366.6	365.8
20169	18	379.95	369.3
20156	18	382.9	358.7
20156	6	390.05	387.5
20169	8	386.75	379.95
20279	12	361	273
20279	7	391	379
20278	18	452	291
20276	18	395.36	139.36
20277	7	413	397
20278	7	474	452
20277	9	397	375
20278	2	476	474
20279	11	379	361
20276	18	397.36	395.36
20276	7	399.36	397.36
20277	18	375	203
20260	7	393.02	386.52
20262	9	377.5	343.5
20275	1	424	423.7
20160	2	391.5	390.1
20274	2	423.7	423
20267	1	481.2	480.8
20260	3	394.72	393.02
20266	1	480.1	479.6
20267	7	477.3	477.1
20161	18	357.2	356.6
20270	7	414.7	412.1
20269	3	418.25	417.5
20256	2	397.83	396.13
20259	2	398.93	395.43
20266	3	477.9	476.2
20271	2	415.2	414.1
20268	7	418.9	415.4
20161	2	391.6	390.1
20161	7	386.5	382.1
20269	1	418.5	418.25
20264	7	416.1	408
20258	7	393.51	390.31
20271	7	414.1	411.7
20274	7	423	420.8
20275	7	422.6	420.8
20263	18	404	228
20262	18	343.5	219.5
20267	3	479.3	477.3
20264	6	420.4	416.1
20259	3	395.43	394.93
20259	7	394.93	386.93
20265	2	419.65	419.25
20268	2	419.4	419.2
20258	3	394.06	393.51
20257	6	395.39	382.59
20265	7	415.25	410.65
20266	2	479.6	477.9
20160	18	365.5	357.7
20262	7	407.5	377.5
20270	1	415.8	415.65
20258	2	399.31	394.06
20159	6	388.2	376.8
20260	1	398.52	398.02
20268	3	419.2	418.9
20159	7	376.8	371.9
20273	2	423.8	423.3
20267	2	480.8	479.3
20159	12	371.9	367.1
20271	1	415.3	415.2
20269	7	417.5	414.5
20274	1	424	423.7
20272	2	423.4	422.9
20261	7	465.7	456.7
20257	2	397.59	395.39
20272	7	422.9	420.2
20272	1	423.8	423.4
20159	18	367.1	358.8
20268	1	419.5	419.4
20160	12	377.8	365.5
20273	7	423.3	420.8
20161	12	382.1	357.2
20265	6	419.25	415.25
20264	2	421.3	420.4
20260	2	398.02	394.72
20273	1	424.2	423.8
20270	3	415.65	414.7
20265	1	419.95	419.65
20256	6	396.13	382.83
20275	2	423.7	422.6
20159	2	391.3	388.2
20262	2	409.5	407.5
20160	6	390.1	377.8
20263	7	438	404
20161	6	390.1	386.5
20261	18	456.7	165.7
20013	18	371.96	368.96
20009	18	362.11	362.01
20164	6	390.2	373.9
20015	2	392.64	391.69
20003	6	391.26	390.46
20013	2	391.36	390.36
20006	7	384.82	380.82
20021	2	412.2	408.7
20029	2	388.4	386.9
20038	18	383.6	371.8
20014	2	390.6	389.2
20012	2	391.24	390.69
20013	8	376.36	371.96
20035	7	382.1	380.8
20038	6	389.4	387.05
20021	9	399.2	392
20028	2	392.2	390.6
20025	11	369.7	365.9
20003	8	389.71	386.06
20036	2	391.9	386.5
20005	2	392.1	385.4
20013	6	390.36	380.86
20162	2	391.3	390.5
20009	2	392.01	391.61
20004	9	379.95	365.65
20004	7	382.75	379.95
20028	7	386.2	381.45
20029	7	386.9	379.95
20009	6	390.81	385.91
20009	3	391.61	390.81
20037	18	384.05	376
20163	2	391.3	389.9
20007	2	386.56	385.76
20025	6	405.1	396.4
20034	2	392.9	387.7
20003	12	359.41	358.11
20000	7	386.93	384.43
20009	7	385.91	362.11
20016	2	391.43	391.03
20004	2	391.65	386.9
20011	18	383.6	368.8
20024	2	411.5	408.1
20038	1	392.2	392
20008	7	385.78	373.68
20011	6	386.5	383.6
20004	6	386.9	382.75
20025	12	365.9	365.7
20037	6	390.6	384.05
20024	7	408.1	402
20163	7	388.9	387.1
20035	2	391.1	385.1
20028	9	381.45	357.6
20036	6	386.5	383.8
20008	18	373.68	370.78
20035	6	385.1	382.1
20033	2	392.8	388.7
20029	9	379.95	359.4
20021	7	406.2	399.2
20016	7	391.03	389.43
20037	3	391.6	390.6
20025	7	396.4	395.7
20014	1	391.2	390.6
20034	7	387.7	382.65
20164	7	373.9	367.2
20162	12	369.5	357.3
20024	9	402	371.5
20025	9	395.7	369.7
20008	2	391.58	390.98
20008	6	390.98	385.78
20002	2	389.8	382.25
20038	2	392	390.7
20006	6	385.92	384.82
20164	18	367.2	359.3
20013	7	380.86	376.36
20012	18	389.44	369.24
20025	2	406.1	405.1
20037	1	391.8	391.6
20003	7	390.46	389.71
20006	2	387.82	385.92
20162	9	386.5	369.5
20028	6	390.6	386.2
20003	2	393.41	391.26
20163	6	389.9	388.9
20002	9	382.25	355.8
20015	6	391.69	386.49
20162	7	389.6	386.5
20014	6	389.2	379.2
20163	12	362.5	361.3
20011	2	391.1	386.5
20038	7	387.05	383.6
20021	6	408.7	406.2
20164	2	391.9	390.2
20003	9	386.06	359.41
20006	9	380.82	357.82
20012	6	390.69	389.44
20163	11	364.3	362.5
20007	7	385.76	383.56
20033	7	388.7	383
20162	6	390.5	389.6
20000	2	389.43	386.93
20016	9	389.43	385.43
20000	9	384.43	365.43
20007	9	383.56	365.56
20163	9	387.1	364.3
20036	7	383.8	375.7
20038	3	390.7	389.4
15748	2	376.2	372.7
20019	7	388.04	387.24
20209	9	415.29	377.29
16861	7	386	382
16861	9	366	350
20019	9	387.24	361.24
20209	6	425.09	420.29
20018	12	378.02	361.62
976	2	375.57	368.77
20018	9	381.02	378.02
20209	7	420.29	415.29
20019	2	391.24	388.04
976	18	366.02	359.97
20209	11	377.29	373.79
976	6	368.77	366.02
20018	2	391.62	390.32
16861	18	350	130
20018	7	390.32	381.02
15748	6	372.4	366.2
20017	6	389.1	386.4
20017	2	391.6	389.1
20209	2	426.29	425.09
15748	5	372.7	372.4
20298	7	414	398
20286	6	407	406.5
20286	4	408.3	407
20298	9	398	392
20286	1	409.9	409.65
20298	12	392	358
20296	12	392	356
20291	6	394.1	390.6
20286	2	409.65	408.3
20297	12	390	356
20290	7	390	389.8
20291	3	394.55	394.1
20291	1	394.8	394.55
20297	9	395	390
20297	18	356	140
20290	6	393.4	390
20298	18	358	140
20296	18	356	144
20296	9	406	392
20290	1	394.1	393.85
20297	7	414	395
20296	7	414	406
20290	3	393.85	393.4
20307	7	486.17	471.67
20311	1	484.84	484.54
20307	1	486.67	486.17
20311	7	484.54	469.84
20314	7	481.94	479.84
20313	1	484.88	484.28
20322	7	420	368
20320	7	449.28	435.38
20324	7	404	330
20316	2	483.1	481.3
20321	9	340	272
20309	1	484.53	484.13
20324	18	330	244
20317	2	432	430
20312	1	485.38	484.38
20308	2	484.65	481.95
20325	18	394	184
20325	7	413	394
20313	7	481.98	480.68
20319	3	450.21	449.01
20322	11	368	342
20317	11	374	370
20309	7	480.03	476.53
20323	7	384	344
20314	1	484.64	484.04
20315	2	483.97	481.97
20314	2	484.04	481.94
20315	7	481.97	480.97
20319	2	450.91	450.21
20315	1	484.37	483.97
20320	1	452.08	451.68
20316	7	481.3	480.2
20324	6	414	404
20316	1	483.7	483.1
20310	2	484.27	482.07
20318	3	451.42	449.72
20321	7	376	340
20312	7	484.38	480.38
20317	9	428	374
20310	1	484.67	484.27
20320	3	451.68	449.28
20308	1	484.95	484.65
20321	18	272	94
20308	7	481.95	469.95
20317	3	430	428
20313	2	484.28	481.98
20322	18	342	270
20319	7	449.01	442.91
20318	7	449.72	444.02
20320	18	435.38	431.08
20323	11	344	270
20323	18	270	134
20310	7	482.07	480.67
20318	1	452.02	451.42
20309	2	484.13	480.03
20329	2	429.8	428.8
20347	3	383.8	383.3
20352	18	429	309
20335	3	416	410.75
20353	2	430	428
20343	7	377.6	375.1
20334	18	399	221
20346	18	370.8	366.9
20332	7	430	424
20351	7	425	411
20345	2	377.45	376.8
20327	1	392	390
20351	18	411	215
20336	6	410.05	404
20357	7	423	420.8
20358	1	424	423.7
20355	2	423.4	422.9
20334	7	441	437
20343	3	382.4	380.3
20338	18	389	253
20337	4	408.3	407
20346	7	373.7	370.8
20331	7	426	422
20342	2	421.65	420.7
20342	1	421.9	421.65
20337	3	412	408.3
20339	3	429.74	428.39
20326	2	462	460
20343	1	383.1	382.8
20350	18	413	170
20343	6	380.3	377.6
20335	6	410.75	398
20330	1	430.3	430.1
20339	7	428.39	425.49
20347	1	383.9	383.8
20356	2	423.8	423.3
20348	18	381.5	368.4
20331	18	422	270
20356	1	424.2	423.8
20352	7	445	429
20332	38	432	430
20348	7	383.3	381.5
20331	38	430	426
20354	38	430	426
20355	1	423.8	423.4
20333	18	394	232
20338	2	423	421
20341	7	434.42	429.32
20357	2	423.7	423
20349	3	383.5	383.2
20340	7	430.33	428.13
20358	2	423.7	422.6
20330	6	427.3	420.3
20337	6	407	400
20328	9	399	365
20326	7	460	446
20340	3	431.33	430.33
20354	18	360	176
20328	7	413	399
20348	1	383.8	383.6
20338	12	401	389
20356	7	423.3	420.8
20355	7	422.9	420.2
20352	2	447	445
20344	2	376.1	375.8
20338	11	409	401
20339	2	430.49	429.74
20354	7	410	360
20332	18	424	152
20353	18	358	176
20345	7	376.8	376.2
20326	18	446	284
20343	2	382.8	382.4
20342	7	419.75	409.9
20350	7	430	413
20347	18	383.3	368.9
20354	6	426	410
20327	7	390	344
20358	7	422.6	420.8
20349	7	383.2	380.2
20346	1	374.9	373.7
20344	7	375.4	371.6
20349	2	384	383.5
20349	18	380.2	369
20348	2	383.6	383.3
20334	9	437	399
20342	3	420.7	419.75
20344	18	371.6	368.1
20333	7	432	398
20336	3	414	410.05
20333	9	398	394
20344	3	375.8	375.4
20329	3	428.8	426.8
20353	6	428	422
20328	18	365	128
20345	18	376.2	369.2
20330	3	430.1	427.3
20353	7	422	358
20327	11	344	292
20329	6	426.8	419.8
20341	1	434.82	434.42
20340	2	432.83	431.33
20345	2	377.7	377.45
20357	1	424	423.7
20338	7	421	409
20366	3	374.7	374.2
20365	4	373.85	372.35
20365	6	372.35	370.05
20366	6	372.75	370.5
20368	18	404	402.8
20366	4	374.2	372.75
20368	1	404.5	404.3
20367	7	403.5	401
20368	3	404.3	404
20365	3	374.45	373.85
20367	1	407	406.75
20367	6	406.1	403.5
20367	3	406.75	406.1
16921	1	430.08	429.38
16921	11	368.08	367.08
16921	7	429.38	401.08
16921	9	401.08	368.08
20369	18	402	182
20369	7	432	402
20389	7	391.55	388.15
20382	2	412.84	412.14
20388	2	394	393.5
20388	7	393.5	391.9
20370	12	279	263
20380	2	412.78	412.08
20381	2	412.68	412.18
20378	6	412.35	409.75
20395	1	429.75	429.65
20386	7	391.7	388.3
20382	7	410.34	409.14
20379	7	410	409.1
20372	7	482	458
20397	7	417.7	414.5
20383	6	411.75	409.6
20381	1	412.98	412.68
20393	9	433.2	430
20393	1	434.5	433.2
20375	7	434.3	422.1
20377	1	431.5	431
20395	2	429.65	427.2
20385	1	396.4	396.3
20377	7	431	429
20372	18	458	282
20376	1	434.65	434.25
20390	1	433.51	432.31
20385	2	396.3	395
20384	7	396.65	393.4
20381	6	412.18	410.08
20383	2	412.4	411.75
20395	7	427.2	419.75
20379	6	412.35	410
20373	9	423.07	415.77
20376	9	433.05	416.65
20389	1	392.15	391.55
20391	9	431.96	428.66
20381	7	410.08	408.98
20384	1	397.1	396.95
20386	1	392.3	391.7
20387	7	390.05	386.75
20387	1	390.75	390.05
20371	7	456	444
20378	1	413.15	412.35
20380	6	412.08	410.18
20375	9	422.1	416.6
20396	7	417.14	413.84
20394	1	434.2	433.05
20382	1	413.14	412.84
20383	7	409.6	408.7
20377	9	429	413.5
20385	7	395	392.4
20391	1	433.26	431.96
20375	1	434.6	434.3
20392	1	433.85	432.6
20388	1	394.1	394
20397	1	418.5	417.7
20392	9	432.6	429.25
20370	7	381	303
20374	2	436.5	406.6
20378	7	409.75	409.15
20379	1	413.1	412.35
20396	1	417.84	417.14
20373	1	435.77	435.57
20382	6	412.14	410.34
20370	6	303	279
20373	2	435.57	423.07
20374	9	406.6	403.8
20371	18	444	228
20376	7	434.25	433.05
20394	9	433.05	429.6
20380	1	413.08	412.78
20374	1	436.8	436.5
20390	9	432.31	429.01
20380	7	410.18	409.08
20383	1	412.7	412.4
20384	2	396.95	396.65
20415	1	467.58	466.58
20406	1	378.35	378.2
20428	2	466.6	465.6
20406	7	374.15	365.75
20412	3	404.08	403.23
20427	6	466.49	466.29
20422	6	388.79	385.59
20410	3	402.6	401.85
20414	1	467.3	467.15
20404	2	434.85	433.6
20411	2	403.91	402.91
20399	7	434.95	431.65
20407	2	407.47	407.17
20428	6	465.6	464.8
20407	2	406.87	405.47
20418	2	385.62	384.82
20402	2	437.55	436.75
20415	8	466.08	465.08
20411	1	404.51	403.91
20428	1	467.4	466.6
20398	7	418	414.7
20428	7	464.8	464.6
20419	3	386.65	385.75
20424	8	421.4	420.65
20421	6	388.55	385.25
20401	2	437.6	436.1
20409	3	403.5	402.35
20408	1	403.5	403.3
20409	2	404.76	403.5
20404	1	435.05	434.85
20409	7	400.95	400.8
20407	6	404.87	402.87
20399	2	435.3	434.95
20421	1	389.25	389.05
20405	6	374.65	373.85
20404	7	433.6	425.05
20427	1	467.79	466.99
20409	6	402.35	400.95
20426	1	468.22	467.42
20399	1	435.65	435.3
20425	2	466.77	463.57
20424	1	432	431.55
20409	1	404.85	404.76
20414	7	466.2	465.1
20427	7	466.29	464.69
20420	3	385.61	384.61
20398	1	418.7	418
20415	7	466.58	466.08
20416	1	467.21	467.01
20407	1	407.17	406.87
20423	1	388.32	388.12
20405	18	352.85	352.15
20416	7	466.01	465.21
20418	1	385.82	385.62
20416	2	467.01	466.01
20418	3	384.82	384.32
20422	3	389.39	388.79
20426	2	467.42	466.72
20410	6	401.85	401.3
20401	1	437.9	437.6
20406	2	378.2	376.15
20427	2	466.99	466.49
20421	3	389.05	388.55
20403	7	434.2	425
20423	6	386.12	384.32
20420	1	385.81	385.61
20401	7	436.1	433.9
20412	2	405.08	404.08
20408	1	406.7	406.05
20403	1	435	434.9
20408	2	406.05	403.5
20412	6	403.23	401.83
20422	1	389.59	389.39
20402	7	436.75	433.85
20423	2	388.12	386.12
20405	2	376.78	374.65
20410	2	404.5	402.6
20407	3	405.47	404.87
20405	1	377.15	376.78
20400	1	435.75	434.55
20405	9	363.25	352.85
20424	7	420.65	420
20418	6	384.32	381.82
20420	6	384.61	381.81
20413	2	466.71	464.21
20403	2	434.9	434.2
20419	6	385.75	383.85
20406	9	365.75	353.35
20402	1	437.85	437.55
20414	2	467.15	466.2
20400	7	434.55	431.75
20419	1	386.85	386.65
20424	7	431.55	421.4
20408	3	403.3	401.7
20412	1	405.58	405.08
20411	6	402.91	400.51
20406	6	376.15	374.15
20405	7	373.85	363.25
20436	2	418.67	418.37
20441	7	413.88	412.18
20450	7	413.08	410.73
20438	7	414.6	413.3
20459	2	445.45	444.95
20449	2	416.25	415.1
20448	6	397.04	382.79
20447	6	413.66	410.96
20460	2	447.25	446.45
20442	2	417.29	415.49
20452	9	409.86	401.86
20455	2	443.4	443.05
20451	7	415.56	412.86
20440	7	413.6	412.15
20450	2	414.73	414.03
20437	2	417.8	417.2
20433	7	407.8	403.5
20453	1	440.6	439.75
20439	2	416.8	416.4
20432	7	406.95	395.95
20437	7	417.2	407.9
20446	3	415.85	414.3
20441	3	415.68	414.88
20456	1	442.7	442
20430	1	420.75	419.65
20449	9	404.85	403.95
20446	2	416.1	415.85
20454	7	440.9	439.8
20451	2	416.86	415.56
20453	7	439.75	436.1
20436	7	418.37	408.67
20433	6	417.6	407.8
20458	1	446	445.4
20430	6	419.65	408.75
20449	7	414.15	404.85
20441	1	416.18	415.68
20447	1	414.56	413.66
20446	4	414.3	413.9
20442	7	415.49	414.29
20434	38	396.65	396.15
20431	6	419.3	416.25
20445	2	416.07	415.77
20437	1	418.2	417.8
20454	1	441.8	440.9
20435	1	418.27	417.97
20439	7	414.2	412.8
20440	4	414.35	413.6
20431	7	416.25	399.75
20449	3	415.1	414.15
20435	7	417.77	408.07
20457	1	443.7	443.1
20440	3	415.65	414.35
20438	3	416.3	414.6
20434	6	396.15	384.65
20452	7	415.31	409.86
20441	4	414.28	413.88
20446	7	413.9	413.1
20433	2	418.5	417.6
20447	7	410.96	400.86
20443	2	416.47	414.67
20457	7	443.1	441.7
20439	4	414.9	414.2
20436	1	418.97	418.67
20438	2	417.3	416.3
20458	7	445.4	442
20432	2	415.1	414.1
20430	7	408.75	400.75
20432	6	414.1	406.95
20445	3	415.77	414.37
20455	7	443.05	441.4
20452	2	416.86	415.31
20444	7	415.02	413.02
20450	3	414.03	413.08
20432	1	415.95	415.1
20443	7	414.67	413.47
20431	2	419.75	419.3
20448	2	397.79	397.04
20444	2	417.02	416.52
20445	7	414.37	413.07
20444	3	416.52	415.22
20439	3	416.4	414.9
20440	2	416.15	415.65
20456	7	442	440.2
20444	4	415.22	415.02
20435	2	417.97	417.77
20463	7	422.7	389.7
20463	9	389.7	373.2
20463	2	425.7	423.1
20463	3	423.1	422.7
20463	12	373.2	368.7
20483	5	371.1	370.1
20467	18	396	208
20480	6	368.4	338.8
20467	9	412	402
20175	35	380.95	370.05
20477	6	368.3	348.8
20480	5	368.8	368.4
20469	7	375	363
20467	7	416	412
20482	6	368.45	338.8
20176	35	392.8	363.2
20482	5	368.8	368.45
20483	2	375.1	371.1
20481	5	368.6	368.3
20477	5	368.8	368.3
20174	35	300	288.8
20469	2	379	375
20481	6	368.3	338.6
20467	12	402	396
20476	6	368.7	349
20476	5	369	368.7
20469	18	363	129
20177	35	382.42	374.42
20483	6	370.1	368.1
19066	3	427.52	426.87
18076	2	403.78	395.78
18076	9	395.28	348.48
19066	2	432.97	427.52
18076	6	395.78	395.28
18076	1	403.88	403.78
18076	12	348.48	346.68
19066	7	426.87	420.97
20284	2	421.3	420.8
20285	6	421.1	418.5
20285	8	418.3	418.2
20280	1	436.95	436.65
20282	7	434.55	432.05
20280	7	435.45	432.45
20283	3	387.15	384.65
20284	7	419.5	418.5
20281	2	436.55	435.15
20281	1	436.85	436.55
20283	1	387.35	387.15
20280	2	436.65	435.45
20285	7	418.5	418.3
20285	1	422	421.7
20284	1	421.7	421.3
20282	1	435.65	435.35
20285	3	421.7	421.1
20283	6	384.65	382.85
20281	7	435.15	432.35
20282	2	435.35	434.55
20284	6	420.8	419.5
20484	6	447.8	427.8
20508	18	346.53	345.33
20508	12	358.63	346.53
20508	10	373.33	367.58
20508	2	416.83	415.33
20508	7	415.33	385.23
20484	2	449.8	447.8
20485	1	405.44	403.44
20485	13	369.44	367.44
20485	6	403.44	393.44
20508	1	417.33	416.83
20508	11	367.58	358.63
20508	8	385.23	378.83
20485	12	375.44	369.44
20485	9	379.44	375.44
20484	9	408.8	403.3
20485	7	393.44	379.44
20508	7	378.83	373.33
20484	7	427.8	408.8
20490	4	372.58	370.78
20490	2	374.18	372.58
20490	6	370.78	359.18
20494	2	373.5	371.65
20493	4	371.75	371
20500	1	389	388.75
20493	1	374	373.55
20494	1	374	373.5
20498	1	388.9	388.55
20492	1	374	373.6
20499	2	388.7	386.8
20493	2	373.55	371.75
20492	2	373.6	371.95
20496	1	389	388.7
20497	2	388.7	386.6
20499	1	389	388.7
20497	1	389	388.7
20500	2	388.75	386.9
20494	4	371.65	371
20496	2	388.7	386.8
20498	2	388.55	384.9
20492	4	371.95	371
8851	6	416.8	416
10477	3	418.3	416.6
8415	6	413.9	413.6
7241	1	418.8	418.5
9348	3	416	415.4
9243	6	417	416.7
8136	1	419.7	419.4
9348	4	415.4	414.5
9243	3	419.2	418.8
8851	3	418.3	416.8
7241	3	417.9	415.8
8852	6	418.33	416.63
9348	6	414.5	414.3
8415	1	416.1	415.8
8193	3	416.4	415.7
8193	1	416.7	416.4
8193	3	415.7	414.9
8135	3	419.4	417.4
8415	4	414.3	413.9
8136	3	419.4	417.4
20292	7	427.5	425.1
20293	7	427.5	424.15
17095	4	414.29	413.39
20534	2	406	404.6
18336	4	374.1	372.9
20294	2	428.35	427.45
17095	2	417.24	416.89
17093	2	417.33	416.78
8852	1	420.33	420.03
20295	7	427.25	425.45
18336	2	375.9	374.1
17093	4	414.88	413.98
17095	5	416.89	414.29
8851	2	419.6	418.3
20293	6	427.9	427.5
17095	1	417.39	417.24
8851	1	419.7	419.6
9243	4	418.8	417
20294	7	427.45	426.05
10477	4	416.6	416
20295	2	428.55	427.25
9243	1	419.4	419.2
17093	7	413.98	413.28
17093	5	416.78	414.88
20294	1	428.55	428.35
8415	3	415.8	414.3
20292	2	428	427.5
17093	2	417.48	417.33
8135	1	419.7	419.4
9348	1	416.8	416
10477	2	418.6	418.3
20292	1	428.2	428
20293	2	428.25	427.9
7241	2	418.5	417.9
20293	1	428.45	428.25
8852	3	420.03	418.33
20505	2	388.75	385.5
20505	1	389	388.75
20502	2	389	385
20504	2	389	385
20501	2	389	386.9
20503	2	389	385.1
20596	7	433.5	433.4
20573	6	431.79	429.59
20595	2	395.5	393.5
20570	1	434.69	434.54
20602	2	420.8	420.6
20542	1	407.81	406.31
20625	2	380.5	380.1
20602	6	420.3	418.6
20535	2	405.96	404.46
20620	1	392	391.9
20561	2	410.5	409.2
20620	6	390.1	389.4
20603	2	421.2	420.9
20621	1	392	391.9
20563	6	431.97	431.67
20594	6	420.33	417.13
20602	3	420.6	420.3
20619	2	391.9	389
20622	6	390.2	389.9
20540	2	406.78	405.28
20543	1	408.61	407.81
20567	1	434.75	434.68
20568	2	433.83	431.7
20547	2	409.9	408.4
20541	2	407.01	405.51
20568	6	431.7	428.9
20621	6	390.1	389.7
20593	1	421.24	421.14
20622	1	392	391.8
20599	1	435.2	434.9
20564	2	434.55	433.55
20591	2	420.98	420.51
20602	7	418.6	416.5
20550	35	405.4	404.5
20594	2	421.13	420.33
20567	6	431.85	429.85
20600	7	431.8	431.7
20552	2	403.76	403.16
20537	2	405.99	404.39
20553	2	403.78	402.98
20601	3	421	420.6
20565	2	434.68	431.78
20601	1	421.2	421
20536	2	405.81	404.31
20549	2	405.98	404.78
20569	6	431.59	429.59
20626	3	375.9	373.2
20623	1	392	391.8
20600	2	433	431.8
20623	2	391.8	389.4
20597	2	434.7	433.5
20559	2	410.5	408.9
20625	3	380.1	375.8
20622	2	391.8	390.2
20571	2	434.66	431.91
20549	35	404.78	404.28
20548	2	405.74	404.44
20557	2	403.84	403.24
20556	2	403.85	403.45
20544	1	408.46	406.86
20619	1	392	391.9
20599	2	434.9	434.2
20603	6	420.9	418.4
20620	2	391.9	390.1
20570	2	434.54	432.19
20602	1	421	420.8
20551	2	405.86	405.36
20593	2	421.14	419.84
20563	2	434.57	431.97
20596	2	434.7	433.5
20571	6	431.91	429.81
20592	6	420.07	417.27
20601	6	420.6	416.7
20545	1	409.05	408.25
20598	7	433.8	433.5
20567	2	434.68	431.85
20573	2	434.19	431.79
20597	7	433.5	433.4
20551	35	405.36	404.36
20556	35	403.45	402.35
20572	2	434.41	431.81
20572	6	431.81	429.41
20624	3	377.7	376.3
20552	35	403.16	402.26
20566	1	434.64	434.54
20592	2	421.14	420.07
20626	4	373.2	372.6
20546	2	408.7	408.2
20553	35	402.98	402.28
20596	1	435	434.7
20591	6	420.51	416.71
20539	2	406.51	405.01
20592	1	421.27	421.14
20597	1	435	434.7
20624	2	380.1	377.7
20560	7	408.8	407.5
20624	4	376.3	374.5
20555	35	403.2	402.3
20546	1	408.2	407.2
20621	2	391.9	390.1
20560	2	410.5	408.8
20603	7	418.4	417.1
20626	2	378.1	375.9
20603	1	421.5	421.2
20565	6	431.78	431.38
20555	2	403.8	403.2
20618	2	391.9	390.1
20595	6	393.5	390.5
20568	1	433.9	433.83
20599	7	434.2	433.7
20557	35	403.24	402.34
20554	35	403.51	402.23
20550	2	406	405.4
20558	2	410.5	408.5
20618	1	392	391.9
20566	6	432.14	431.94
20591	1	421.21	420.98
20538	2	406.53	405.03
20598	2	434.7	433.8
20600	1	433.8	433
20562	2	410.4	407.7
20598	1	435	434.7
20571	1	434.81	434.66
20570	6	432.19	429.89
20554	2	403.73	403.51
20569	2	434.29	431.59
20593	6	419.84	416.24
20566	2	434.54	432.14
12699	6	432.05	431.85
12699	3	432.85	432.05
12699	1	433.25	432.85
12699	7	431.85	425.55
20638	1	382.8	382.73
20695	2	401.5	400.8
20691	6	401.1	398.1
20633	2	383.07	382.23
20631	2	381.05	377.7
20670	3	426.9	426.3
20656	6	374.2	373.2
20658	2	419.3	417.4
20673	7	428.7	427.4
20690	1	401.7	401.6
20659	2	418.7	416.8
20725	7	425.9	423.1
20664	2	427.9	427
20697	2	401	400.4
20630	3	378.9	376.9
20665	3	428.6	427.9
20664	3	428.5	427.9
20700	2	400.9	398.8
20697	6	400.4	396.9
20693	6	400.9	399.2
20674	7	427.2	426.9
20696	6	400.1	397.1
20634	2	380.6	380
20690	2	401.6	401.1
20672	7	425.2	425
20662	4	417.5	416.9
20703	6	399	397
20630	1	380	379.95
20640	1	385.35	385.28
20689	6	401.02	398.42
20661	2	419.3	416.4
20670	2	426.3	425.4
20666	7	426.65	426.5
20720	14	359	164
20665	7	426.9	426.8
20666	1	428.3	427.95
20724	1	426.2	425.9
20678	2	427.5	426.3
20633	1	383.13	383.07
20642	2	383.13	381.83
20681	1	426.7	426.3
20674	3	428.5	427.8
20676	2	427.2	426.2
20725	2	427	426.4
20628	1	381.8	381.72
20684	6	401.27	397.77
20691	2	401.8	401.1
20698	2	401.2	400.5
20699	6	400.7	398.8
20638	3	380.5	379.5
20668	7	426	425.8
20640	3	380.65	379.35
20670	7	425.4	425.1
20676	7	426.2	426
20700	6	398.8	397.7
20677	3	427.65	427.3
20677	7	426.7	426.4
20703	1	401	400.7
20679	2	426.5	426.3
20636	2	382.67	381.57
20691	1	401.9	401.8
20665	1	428.8	428.6
20680	1	427.3	427
20688	1	401.5	401.4
20672	3	426.7	426.1
20685	2	401.41	401.21
20720	7	392	362
20669	7	425.5	425.1
20676	3	427.75	427.2
20699	2	401	400.7
20668	2	426.9	426
20669	3	426.9	426.5
20724	6	425.9	423.3
20671	7	425.1	424.9
20663	2	419	416.9
20667	1	427.5	427
20682	1	401.6	401.5
20702	2	398.9	398.5
20656	2	376.2	374.2
20693	2	401.4	400.9
20634	3	380	377.7
20679	1	427.1	426.9
20687	1	401.5	401.43
20696	2	401	400.1
20681	2	425.7	424.7
20627	3	379.68	376.33
20627	4	376.33	375.18
20672	1	426.9	426.7
20725	1	427.2	427
20683	1	401.86	401.76
20689	1	401.62	401.52
20635	1	383.16	382.75
20641	2	383.02	380.83
20629	1	380.1	380.05
20689	2	401.52	401.02
20627	2	380.44	379.68
20628	2	381.72	380.9
20632	2	383.2	379.68
20628	3	380.9	377.6
20685	6	401.21	398.41
20685	1	401.51	401.41
20677	1	427.9	427.65
20686	1	401.5	401.45
20630	2	379.95	378.9
20632	1	383.28	383.2
20666	2	427.5	426.65
20668	3	427.55	426.9
20680	3	427	426.7
20639	2	383.07	380.85
20670	1	427.3	426.9
20634	1	381.3	380.6
20686	2	401.45	400.7
20654	2	375.9	373.6
20698	6	400.5	397.3
20671	3	426.5	426
20657	6	373.8	373.4
20674	2	427.8	427.2
20683	2	401.76	399.66
20674	1	428.8	428.5
20725	1	426.4	425.9
20723	1	428.09	427.84
20678	7	426.3	426.1
20675	1	428.6	428.4
20671	2	426	425.1
20679	7	426.3	425.8
20684	1	401.57	401.47
20635	2	382.76	379.65
20677	2	427.3	426.7
20686	6	400.7	398.3
20680	2	426.7	426.1
20688	2	401.4	400.7
20628	6	377.6	376.5
20631	1	381.1	381.05
20682	2	401.5	398.9
20692	1	401.8	401.7
20637	2	383.03	379.53
20675	2	428.4	427.6
20669	2	426.5	425.5
20663	1	419.3	419
20673	1	429.2	428.7
20702	1	399	398.9
20684	2	401.47	401.27
20659	1	419.3	418.7
20692	6	401.1	398
20676	1	428	427.75
20701	2	400.5	398.2
20720	1	394	392
20668	1	427.8	427.55
20694	2	401.7	400.9
20660	2	419.9	417.4
20683	6	399.66	398.06
20638	2	382.73	380.5
20642	3	381.83	379.53
20678	1	427.6	427.5
20680	7	426.1	425.8
20695	6	400.8	397.5
20669	1	427.1	426.9
20720	14	362	359
20641	1	383.13	383.02
20639	1	383.15	383.07
20639	3	380.85	379.65
20662	1	419.3	417.5
20687	6	400.7	398.3
20667	2	426.8	425.7
20687	2	401.43	400.7
20723	2	427.84	427.09
20724	2	427	426.2
20688	6	400.7	398.3
20627	1	380.48	380.44
20724	1	427.2	427
20636	1	383.17	382.67
20654	6	373.6	372.9
20671	1	426.9	426.5
20701	1	401	400.5
20681	3	426.3	425.7
20723	1	427.09	426.49
20657	1	376.4	375.9
20675	7	427.6	427.1
20690	6	401.1	397.9
20666	3	427.95	427.5
20640	2	384.4	380.65
20664	7	427	426.8
20724	7	423.3	423.1
20665	2	427.9	426.9
20693	1	401.7	401.4
20667	7	425.7	425.5
20702	6	398.5	395.3
20636	3	381.57	379.57
20657	2	375.9	373.8
20640	1	385.28	384.4
20655	2	376	373.9
20664	1	428.8	428.5
20629	2	380.05	379.1
20667	3	427	426.8
20723	7	426.49	424.09
20703	2	400.7	399
20694	6	400.9	398.2
20682	6	398.9	398.1
20629	3	379.1	376.8
20692	2	401.7	401.1
20658	4	417.4	417.1
20672	2	426.1	425.2
20633	3	382.23	379.53
20700	1	401.5	400.9
20641	3	380.83	379.63
20679	3	426.9	426.5
20746	6	419.7	419.1
20727	1	434.15	434.12
20739	6	421.6	421.25
20744	2	397.5	397.4
20730	7	420.9	418.2
20743	6	396.9	395.8
20729	1	434.4	433.8
20731	6	420.7	419.75
20727	7	432.95	430.65
20748	6	419.9	419.5
20734	2	422.15	421.55
20728	2	433.2	432.8
20737	2	421.8	421.7
20741	3	398.2	397.7
20737	6	421.7	421.3
20734	6	421.55	421.25
20733	6	421.65	421.4
20738	6	421.65	421.3
20742	6	397	395.8
20749	3	420.9	420.3
20738	1	422	421.8
20727	2	434.12	432.95
20748	1	421	420.7
20729	6	433.8	433
20729	7	433	431.8
20741	6	397.7	394.8
20740	1	398.6	398.5
20749	1	421.8	421.4
20730	2	422.3	421.6
20746	1	421.2	420.6
20732	2	422.3	421.6
20749	2	421.4	420.9
20742	3	397.5	397
20736	2	422	421.4
20730	6	421.6	420.9
20743	1	397.5	397.4
20726	1	434	433.97
20738	2	421.8	421.65
20735	6	421.6	421.3
20735	2	422.2	421.6
20729	2	434.6	434.4
20747	2	421.2	420.6
20728	7	432.8	430.7
20731	7	419.75	418.1
20731	2	422.2	420.7
20743	2	397.4	396.9
20742	1	397.6	397.5
20726	2	433.97	432.4
20745	2	397.5	397.4
20740	3	398.5	398.1
20744	2	397.4	397
20733	2	422.2	421.65
20745	2	397.4	396.6
20748	2	420.7	419.9
20736	6	421.4	420.7
20740	6	398.1	394.1
20746	3	420.6	419.7
20749	6	420.3	419.7
20726	7	432.4	430.4
20739	2	421.9	421.6
20747	3	420.6	419.4
20741	1	398.3	398.2
20732	6	421.6	421.4
20758	1	384.5	384.4
20773	1	402.7	402.6
20775	38	426.8	426
20770	3	430.9	429.8
20752	6	420.5	419.5
20773	6	400.7	399.7
20758	6	383.9	381.8
20759	6	381.9	380.9
20764	3	414	413.7
20777	6	426.4	424.6
20753	2	421.4	420.5
20763	1	417.1	416.85
20776	6	425.5	423.8
20751	38	421.6	420.6
20757	1	384.76	384.67
20758	2	384.4	383.9
20755	6	420.3	419.8
20754	1	421.3	420.3
20756	2	384.58	382.05
20765	8	408.2	407.7
20768	2	432	431
20753	3	420.5	420.3
20757	6	383.46	381.86
20777	38	427.4	426.4
20761	6	416.2	413.7
20761	3	416.65	416.2
20760	2	383.17	380.97
20759	2	383.1	381.9
20767	1	410.4	410.1
20774	2	402.3	400.7
20774	6	400.7	400
20763	3	416.85	416.4
20765	6	411.1	408.9
20766	1	410.4	410.1
20764	6	413.7	413.5
20768	3	431	430.6
20765	1	411.8	411.5
20751	6	420.6	419.9
20764	1	414.3	414
20780	1	348.7	348.4
20750	3	420.2	420
20761	7	413.7	412.4
20752	1	421.4	421.3
20752	2	421.3	420.5
20780	4	348.4	346.7
20777	7	424.6	422.4
20765	7	408.9	408.2
20753	6	420.3	419.9
20754	6	420	419.6
20762	3	412	411.5
20765	3	411.5	411.1
20764	7	413.5	411
20762	6	411.5	407.7
20755	1	421.5	420.6
20750	1	421.2	420.2
20763	7	416.4	413.2
20762	1	412.3	412
20767	6	409.4	405.4
20772	6	400.8	400.3
20767	3	410.1	409.4
20761	1	416.9	416.65
20774	1	402.7	402.3
20771	3	431	429.9
20769	2	432.1	431
20756	1	384.65	384.58
20770	2	431.9	430.9
20766	6	409.8	405.7
20772	1	402.7	402.5
20775	7	424.2	421.7
20773	2	402.6	400.7
20776	7	423.8	421.4
20775	6	426	424.2
20769	3	431	430.7
20766	3	410.1	409.8
20776	38	426.3	425.5
20750	6	420	419.3
20755	3	420.6	420.3
20754	3	420.3	420
20771	2	432	431
20757	2	384.67	383.46
20753	1	421.5	421.4
20772	2	402.5	400.8
20763	8	413.2	412.8
20836	2	420.45	418.9
20790	4	349.2	346
20815	6	380.49	377.29
20814	1	381.01	380.71
20825	7	401.91	399.41
20815	2	381.19	380.49
20835	7	425.35	421.65
20825	1	403.41	403.11
20813	2	380.74	380.09
20836	1	420.9	420.45
20839	5	390.4	389.2
20823	7	393.62	390.72
20825	6	402.61	401.91
20839	7	388.2	384.2
20789	4	349.8	347.1
20824	7	402.9	399.7
20813	6	380.09	377.29
20836	6	418.9	418
20814	2	380.71	380.11
20835	3	425.65	425.35
20813	1	380.99	380.74
20788	4	349.7	347
20787	2	350	349.8
20787	4	349.8	346.6
20784	4	348.3	346.1
20834	3	425.25	424.85
20786	4	350	346.8
20815	1	381.39	381.19
20837	2	419.2	417.1
20837	1	419.6	419.2
20788	1	350	349.7
20834	1	425.5	425.25
20814	5	380.11	377.26
20824	3	403.4	402.9
20835	1	425.95	425.65
20837	6	417.1	416.4
20823	1	394.42	394.12
20839	2	392.2	390.4
20823	3	394.12	393.62
20784	1	348.6	348.3
20825	3	403.11	402.61
20838	2	417.6	416.85
20838	6	416.85	412.6
20789	1	350	349.8
20834	7	424.85	421.3
20824	1	403.7	403.4
20839	4	389.2	388.2
20790	1	350	349.2
20840	1	392.8	392.45
20857	14	435.21	276.21
20855	14	435.21	315.21
20841	4	391.2	390
20862	14	434.21	276.21
20859	7	446.21	434.21
20865	7	420.9	418.9
20869	15	294	234
20855	15	315.21	166.21
20861	14	435.21	276.21
20862	15	276.21	166.21
20858	15	276.21	166.21
20857	15	276.21	166.21
20856	14	434.21	281.21
20840	4	390	389.8
20858	7	446.21	434.21
20860	7	446.21	435.21
20841	1	392.5	391.2
20869	2	404	402
20858	14	434.21	276.21
20869	7	402	350
20859	15	276.21	166.21
20865	2	421.9	420.9
20860	15	276.21	166.21
20860	14	435.21	276.21
20845	7	429	404
20853	1	416.1	415.75
20853	6	415.75	401.1
20861	15	276.21	166.21
20857	7	446.21	435.21
20856	7	446.21	434.21
20869	12	336	294
20840	5	391	390
20866	2	422	421
20856	15	281.21	166.21
20859	14	434.21	276.21
20869	9	350	336
20845	2	430	429
20840	2	392.45	391
20866	7	421	419
20862	7	446.21	434.21
20855	7	446.21	435.21
20866	1	422.5	422
20845	15	404	200
20861	7	446.21	435.21
20865	1	422.4	421.9
21010	38	463	459
21007	18	452.5	414.5
21007	7	462.5	452.5
21010	7	459	447
21010	18	447	421
21007	1	464.5	462.5
20511	1	421.8	421.6
20507	1	415.3	415
20517	6	418.6	416.8
20518	6	419.5	416.8
20512	1	421.8	421.5
20518	38	421.8	421.75
20518	2	421.75	419.5
20511	2	421.6	420.6
20507	4	415	410.8
20519	2	421.75	418.8
20513	6	421.8	416.8
20510	38	421.8	421.5
20521	6	418.9	407.5
20521	1	419.3	418.9
20515	1	421.8	421.77
20510	6	419.5	409.8
20509	2	421.2	419.8
20507	6	410.8	408.3
20512	2	421.5	420.6
20519	1	421.8	421.75
20506	3	378.65	378.45
20520	1	419.3	418.7
20516	1	421.8	421.75
20506	1	378.85	378.65
20506	7	378.05	374.45
20517	2	421.75	421.3
20516	2	421.75	420.8
20509	1	421.8	421.2
20510	2	421.5	419.5
20517	1	421.3	421
20515	2	421.77	420.8
20516	6	420.8	411.8
20517	1	421.8	421.75
20519	6	418.8	416.8
20511	6	420.6	410.8
20517	2	421	418.6
20520	6	418.7	413.6
20506	2	378.45	378.05
20515	6	420.8	409.8
20514	6	421.8	416.8
20509	6	419.8	416.8
20512	6	420.6	404.3
6084	1	434.6	434.2
4174	1	434.8	433.95
8163	6	425.6	421.7
4171	1	435.8	434.9
4171	6	434.9	428.8
4173	1	434.8	433.9
4172	1	435.4	434.7
7842	1	434.6	434.1
8163	1	426.4	425.6
6083	1	434.8	434.5
4176	6	433.3	427.5
6084	3	434.2	434
6084	6	434	428.1
4172	6	434.7	428.7
7842	6	434.1	429.6
4175	1	434.6	433.85
4176	1	434.5	433.3
6083	6	434.2	430.8
4174	6	433.95	428.5
6083	3	434.5	434.2
4173	6	433.9	428.55
4175	6	433.85	428
20992	2	435.19	434.19
20992	3	434.19	433.29
20992	7	432.84	430.74
20991	7	431.18	430.73
20992	6	433.29	432.84
20990	7	429.29	427.59
20991	6	433.83	431.18
20991	2	435.03	433.83
20997	7	395.71	387.81
20991	8	430.73	429.23
20990	2	435.19	430.69
20997	3	397.56	396.36
20997	2	400.21	397.56
20997	9	387.81	380.21
20990	6	430.69	429.29
20997	6	396.36	395.71
20990	8	427.59	429.24
20929	7	369	365
20913	18	463	453
21036	4	391	386.5
21042	2	419.44	418.44
20913	18	439	263
20882	2	442.8	440.8
21040	35	419.66	413.66
21042	35	413.44	403.44
21043	35	415.45	403.45
20911	18	451	175
21036	6	386.5	351.5
21041	35	397.95	397.25
21039	4	380.59	373.59
21039	2	383.59	380.59
21042	35	403.44	394.14
20913	18	453	439
21037	18	368.35	319.35
20912	35	463	453
20917	18	445	207
21051	13	364.67	334.67
20911	18	453	451
20929	12	365	297
21043	2	420.45	417.45
21038	6	374.62	317.12
21051	1	436.67	434.67
20911	35	463	453
21038	7	317.12	312.12
21039	6	373.59	317.59
20929	5	387	381
20929	13	297	261
20917	38	457	455
20882	9	422.8	362.8
21051	11	380.67	364.67
20917	7	455	445
21041	35	419.45	413.45
21039	9	317.59	316.59
21043	35	403.45	395.05
21038	2	382.12	379.12
20882	7	436.8	422.8
21051	9	430.67	380.67
21036	9	351.5	325
20882	18	362.8	196.8
21040	35	400.66	397.46
20912	18	453	443
21037	7	419.35	369.35
21037	11	369.35	368.35
21038	9	312.12	308.12
21051	18	334.67	332.67
20929	18	261	127
21051	7	434.67	430.67
20929	6	381	369
21040	35	413.66	400.66
21038	4	379.12	374.62
20882	6	440.8	436.8
21041	35	413.45	397.95
21043	35	417.45	415.45
20912	18	443	263
21042	35	418.44	413.44
20832	18	442.1	438.3
20830	1	449.8	449.3
20832	7	444.7	442.1
20867	12	373.1	361.1
20867	7	431.1	427.1
20832	1	447.1	446.8
20850	1	406.5	406
20831	3	449.1	448.3
20863	2	421.9	420.7
20867	13	361.1	359.1
20830	7	448.3	443.8
20864	2	421.8	420.1
20870	2	422.64	420.04
20854	1	425	424.7
20850	6	406	402.1
20831	1	449.4	449.1
20831	7	447.4	442.5
20863	7	420.7	413.9
20833	6	421.32	402.72
20868	2	432.47	430.47
20868	12	372.47	370.47
20832	3	446.8	446.3
20851	1	405.9	405.1
20867	2	433.1	431.1
20831	2	448.3	447.4
20870	7	419.79	411.64
20854	7	422	417
20851	6	405.1	401.6
20867	9	427.1	373.1
20854	6	423.5	422
20830	18	443.8	437.4
20868	7	430.47	426.47
20850	7	402.1	400.5
20868	9	426.47	372.47
20831	18	442.5	436.6
20864	7	420.1	413.8
20851	7	401.6	399.9
20830	3	449.3	448.3
20833	1	422.72	421.32
20832	2	446.3	444.7
20870	6	420.04	419.79
20854	3	424.7	423.5
20820	18	325	256
20821	7	406.79	396.09
20819	18	325	256
20826	7	391	365
20827	18	263	191
20827	9	365	347
20828	7	391	365
20829	7	398.3	387.3
20820	12	352	325
20821	2	408.09	407.49
20826	4	365	347
20828	18	263	191
20822	7	398.65	387.25
20826	12	347	263
20822	3	399.05	398.65
20827	7	391	365
20826	18	263	191
20829	1	399.3	398.3
20820	6	406	352
20822	1	399.25	399.05
20827	12	347	263
20828	12	347	263
20821	6	407.49	406.79
20819	12	352	325
20828	9	365	347
20819	6	406	352
20781	4	349.8	345.8
20910	18	414	322
20811	12	325	213
20606	7	428.44	426.04
20608	7	428.55	426.15
20779	4	348.4	346.5
20607	1	429.7	429.35
20645	1	412	411.3
20781	1	350.1	349.8
20793	3	406.83	406.23
20611	1	428.76	428.46
20785	1	348.6	348.3
20778	4	350	345.8
20643	6	414.7	414.2
20804	11	355	325
20905	7	442	414
20809	18	213	184
20611	3	428.46	427.86
20605	7	428.87	426.77
20908	18	414	322
20645	6	411.3	410.8
20905	18	322	240
20644	6	415.55	414.65
20604	7	428.82	426.62
20609	1	429.01	428.61
20843	1	402.43	402.28
20646	2	414.4	413.2
17427	2	454.6	453.95
20910	18	322	240
21052	9	392	353
20903	7	442	414
20906	18	322	240
20793	18	368.13	364.43
20778	1	350.3	350
20809	7	379	355
20608	3	429.25	428.55
20843	3	402.28	400.83
20844	2	399.15	396.7
20907	18	414	322
20809	12	325	213
21053	9	385.7	355.3
20843	6	400.83	396.43
20608	1	429.65	429.25
20611	7	427.86	427.36
20906	18	414	322
20907	18	322	240
20648	2	415.3	413.3
20811	11	355	325
20810	7	379	355
20818	9	436	418
20904	7	442	414
20779	1	348.7	348.4
20906	7	442	414
20908	18	322	240
17427	9	440.15	429.85
21052	1	412	411.55
17427	3	453.95	453.85
20782	1	348.4	348.2
21052	7	405.6	392
20783	1	348.4	348.1
20610	1	429.46	429.11
20905	18	414	322
20590	6	402.61	401.91
20842	6	404.45	399.05
20644	1	416.35	415.55
20816	9	436	418
20908	7	442	414
20606	3	429.14	428.44
20647	2	414.3	413.2
20810	11	355	325
20782	4	348.2	346.4
20589	7	402.9	399.7
20903	18	322	240
20804	7	379	355
21053	11	355.3	353.9
20793	7	406.23	404.03
20590	1	403.41	403.11
17427	1	454.85	454.6
20646	6	413.2	412.9
20647	6	413.2	412.8
20907	7	442	414
20809	11	355	325
17427	7	451.05	445.75
17427	7	443.75	440.15
21052	6	411.55	405.6
20785	4	348.3	345.1
20604	3	429.47	429.12
20590	3	403.11	402.61
20810	18	213	184
21053	1	412.1	411.5
20817	18	418	160
20844	6	396.7	393.3
20793	9	404.03	394.43
20810	12	325	213
20609	7	427.71	425.51
20609	3	428.61	427.71
20589	1	403.7	403.4
20607	3	429.35	428.95
20804	12	325	213
20844	1	399.3	399.15
20804	18	213	184
20649	2	414.2	413.8
20607	7	428.95	426.2
21052	11	353	351.5
20842	1	405.05	404.45
20903	18	414	322
20909	18	414	322
20604	1	429.82	429.47
17427	8	445.75	443.75
20604	8	429.12	428.82
20793	13	390.43	368.13
20793	12	394.43	390.43
20590	7	401.91	399.41
20817	9	436	418
20605	3	429.47	428.87
20816	18	418	160
20605	1	429.77	429.47
20589	3	403.4	402.9
21053	6	411.5	406.5
20606	1	429.54	429.14
20909	18	322	240
20818	18	418	160
20904	18	414	322
20649	6	413.8	413.2
20610	3	429.11	428.51
20910	7	442	414
20811	7	379	355
20643	1	415.5	414.7
21053	7	406.5	385.7
20610	7	428.51	425.96
20783	4	348.1	345.9
17427	6	453.85	451.05
20648	6	413.3	412.8
20793	2	408.43	406.83
20909	7	442	414
20030	9	383.1	360.2
20709	7	433.3	433.2
20651	7	427.33	424.53
17990	7	467	445
17867	7	376	345.4
17986	14	361	217
17700	18	358	160
18755	7	391.77	390.57
18975	7	425.5	419.9
20711	3	434.5	433.2
18736	12	406	368
18975	8	429.6	425.5
17573	7	364.04	362.14
20717	7	435.35	434.75
18972	2	433.3	432.75
18829	1	460	459.5
17700	9	388	384
17746	9	441.3	439.4
15241	12	346	336
18766	1	412	410
18972	7	430.9	429.8
17892	7	426.97	392.47
18975	1	433	432.8
17700	7	412	388
20713	3	433.5	432.2
17746	8	446.4	444.4
19197	7	411.7	411.2
17701	18	331.7	307.7
18978	7	429.5	425.9
20032	7	382.6	381.2
15838	9	302	274
15241	18	336	286
18829	7	459.5	443
18006	7	383	372.6
17738	9	441.9	426.9
19135	7	409.55	405.87
20718	3	418.85	418.3
20652	7	426.11	422.81
18978	7	424.4	415.7
17555	15	370.3	347
17890	9	387.15	377.1
19197	8	411.2	410.05
20711	7	433.2	433.1
19132	12	389.2	388.15
20010	7	384.63	372.73
15908	18	396	236
17567	7	401.8	394.3
20023	9	388.8	379.6
15838	7	400	302
20487	5	402.3	401
14815	35	411.69	410.99
18727	1	377.03	376.33
18818	11	404.39	402.09
19132	18	388.15	388
18736	9	422	406
17567	9	394.3	357.3
13999	7	383	351
20711	2	434.9	434.5
19132	6	411.95	409.2
18727	2	377.58	377.03
18817	11	421.77	406.57
20039	18	362.8	360.2
20026	2	403.5	402.7
18975	7	431.8	429.6
18978	1	430.7	430.5
20032	11	359.4	358.4
17926	7	411.5	402.2
20026	12	363.5	363.3
20712	2	434.2	433.8
20023	2	414.6	413.5
17867	12	335	333
18798	6	387.7	383.2
20717	2	436	435.35
18817	1	471.57	471.37
20708	3	435	434.6
19196	18	360	178
19124	4	385.9	385.65
17890	18	359.5	355
20032	2	387.4	384.55
20022	6	412.6	405.8
17936	6	437.9	416.1
18742	18	361	207
17870	1	394.7	393.7
18758	1	422	421.8
18766	18	326	212
20010	2	391.23	387.03
18802	1	444	442
17892	1	430.47	426.97
18018	2	381	370.9
17557	36	418	388
18974	7	431.1	429.6
17890	7	418.5	387.15
18825	18	399	203
17869	9	337.4	323.65
20026	11	370.4	363.5
17280	7	445.79	445.29
20010	6	387.03	384.63
18842	6	408.75	407.25
18768	7	375	371
17867	2	425	423
18889	8	372.54	372.24
17741	7	454.8	448.9
15908	7	426	408
18015	2	380.6	371.4
13988	7	428	418
17745	6	453.9	452.9
17742	8	450.2	449.2
17701	7	425.7	331.7
20039	6	388.7	385.6
18813	11	401.79	400.04
20705	2	436	435.35
18818	2	471.89	471.29
17890	1	423	422.7
17745	8	450.5	449.45
20718	1	419.1	418.85
13988	14	366	292
20489	7	399.9	398.9
15908	9	408	396
17567	1	402.3	401.8
17870	7	355.7	346.7
17746	38	455.4	454.85
17869	1	416.4	414.9
17745	8	449	443.8
20719	3	416.6	415.1
20487	18	401	400.8
20650	1	426.7	425.6
19124	1	386.3	385.9
18758	6	420.65	414.7
20704	2	436	435.4
20491	2	374.6	372.8
17738	11	426.9	423.2
17280	1	453.34	452.44
20653	1	428.64	427.74
20716	7	435.4	434.9
17926	1	414.2	414
19132	1	413	412.8
17741	9	437.45	435.2
18015	9	371.4	360.4
20488	18	398.8	398.3
20712	7	431.9	431.7
17590	8	408.3	399.8
20022	2	414.4	412.6
20026	6	402.7	392.8
17892	9	392.47	380.47
18974	2	435.4	434.4
20030	7	385.5	383.1
20026	7	392.8	392.3
20032	6	384.55	382.6
17731	38	463.3	462.7
17869	7	393.9	337.4
20707	3	432.8	432.7
20031	12	360.2	354.5
20022	7	405.8	401.8
17731	9	454.7	445.5
17745	7	449.45	449
17870	6	393.7	355.7
18766	12	366	326
18800	18	372	186
17870	18	325.7	324.2
17280	7	444.54	443.34
14815	9	395.69	383.69
18798	1	390.2	388
18813	9	463.09	401.79
19124	7	380.2	377.95
19124	6	385.65	380.2
20491	6	370.4	359.6
18972	7	428.1	423.3
17987	8	433	415
18726	9	376.65	360.75
20710	2	434.2	433.8
17926	6	413.8	411.5
18818	1	472.09	471.89
18766	9	380	366
17742	9	443.7	438.2
17567	18	357.3	351.8
18726	1	379.75	378.35
20651	1	428.53	427.33
20489	2	401.9	399.9
20706	7	433.1	433
20489	18	398.9	397.7
17743	8	453.3	452.65
17556	15	370.9	346.3
18888	8	378.22	376.62
17924	2	409.06	407.46
13988	9	418	391
17590	2	417.8	417
17870	12	327.2	325.7
17558	15	404	-112
19197	8	403.95	399.5
17924	6	407.46	398.56
18813	3	464.39	463.09
17890	12	377.1	359.5
17573	1	371.14	370.04
16038	2	423.25	421.75
17280	7	452.44	451.24
17590	7	416.3	408.3
17558	1	418	416
17892	11	380.47	378.47
18889	7	383.59	372.54
17869	12	323.65	317.9
18802	7	438	404
17731	7	458.8	454.7
20032	9	381.2	359.4
17990	14	445	171
17924	7	398.56	394.06
20714	2	434.3	432.8
17280	8	451.24	445.79
20488	5	399.4	398.8
18726	7	378.35	376.65
17556	1	376.3	370.9
18740	18	441	225
18766	7	410	380
18798	3	388	387.7
19197	7	410.05	403.95
19197	6	414.35	411.7
15242	12	390	360
17927	6	413.9	412.8
18006	9	372.6	360.1
19197	1	414.95	414.35
17701	38	427.7	425.7
17745	9	441.1	439.4
19003	6	389	387.1
20653	7	427.74	424.64
18015	11	360.1	350.6
15242	7	436	428
18802	18	398	224
20719	2	417.55	416.6
19124	8	377.95	372.2
20704	7	435.4	434.9
17745	38	455.4	454.7
18018	9	370.9	366
19003	4	390.6	389
16038	6	421.75	413.25
18978	2	430.5	429.5
17745	7	443.8	441.1
20031	2	386.7	385.9
15242	18	360	276
15241	9	358	346
14815	7	404.59	395.69
17867	9	345.4	335
18825	7	436	399
18726	2	380.75	379.75
18736	18	368	264
18975	2	432.8	431.8
17926	3	414	413.8
15242	9	428	390
17743	7	457.7	453.3
17745	7	452.9	450.5
19124	7	372.2	369.1
19132	2	412.8	411.95
17746	7	451.8	446.4
17280	8	445.29	444.54
20039	7	385.6	362.8
20030	2	386.7	385.5
17590	6	417	416.3
17743	7	452.65	450.3
18727	9	375.93	359.83
17990	1	471	467
17927	3	414.2	413.9
18755	1	392.47	392.17
20031	7	385.9	380.7
20487	2	405	402.3
19135	1	421.2	420.6
18972	8	429.8	428.1
20713	7	432.2	432.1
20715	3	433.9	432.6
18727	7	376.33	375.93
17927	1	414.5	414.2
17987	18	415	183
18726	1	380.95	380.75
18832	2	427	425
17890	6	422.7	418.5
18006	2	383.6	383
17867	6	423	376
15838	18	274	190
18813	12	400.04	398.09
20718	6	418.3	414.3
20710	3	433.8	431.9
14815	6	407.79	404.59
18842	2	415.25	413.75
20031	9	380.7	360.2
17971	7	438.65	429.15
17870	9	346.7	327.2
20650	7	425.6	422.7
18800	7	426	372
17986	36	401	361
18802	2	442	438
19003	5	392.2	390.6
18888	7	382.92	378.22
18740	7	445	441
17927	7	412.8	402.5
18972	3	432.75	430.9
20719	1	417.8	417.55
18842	4	413.75	408.75
20707	2	434.8	432.8
18888	7	376.62	370.22
18889	2	385.24	383.59
17742	7	458.7	450.2
18843	6	408.1	407.4
18006	10	360.1	359.6
18742	7	427	361
20708	7	434.6	434.2
18755	9	390.57	384.47
20712	3	433.8	431.9
17743	38	459	457.7
17741	7	448	435.45
13999	9	351	335
18802	9	404	398
18758	2	421.8	420.65
17742	7	449.2	443.7
18817	9	452.07	421.77
17742	38	459.2	458.7
20705	7	435.35	434.75
18978	8	425.9	424.4
17936	38	439.1	437.9
18813	2	465.39	464.39
13999	18	335	233
20022	9	401.8	384.4
18888	1	383.22	382.92
17971	1	440.15	439.85
18817	3	471.37	452.07
20652	1	426.81	426.11
19132	7	409.2	396.3
17731	18	445.5	443.8
18975	8	419.9	417
17741	38	455.2	454.8
18818	3	471.29	464.29
17731	6	462.7	458.8
20488	3	402	399.4
17573	4	370.04	364.04
18818	9	464.29	404.39
20715	7	432.6	432.5
18832	18	417	277
17745	3	454.7	453.9
19003	1	393.1	392.2
17971	2	439.85	438.65
18974	7	434.4	432.4
15241	7	422	358
17572	1	368.65	367.75
18974	1	435.6	435.4
14815	3	410.99	407.79
17280	8	443.34	441.94
18832	7	425	417
17557	15	388	300
20716	2	436	435.4
20023	6	413.5	407
20709	3	434.5	433.3
17867	18	333	332
17557	1	420	418
19135	6	420.6	409.55
17280	7	441.94	437.34
18767	18	408	238
18768	18	371	75
18974	8	432.4	431.1
18015	10	360.4	360.1
20039	2	391.3	388.7
17869	6	414.9	393.9
20488	1	402.3	402
20026	9	392.3	370.4
18758	7	414.7	402
17700	12	384	358
17558	36	416	404
17986	9	407	401
17986	7	427	407
17572	4	367.75	354.65
19132	9	396.3	389.2
18843	4	415.2	408.1
17741	8	448.9	448
20491	4	372.8	370.4
20706	3	434.3	433.1
17746	3	454.85	453.4
17746	7	444.4	441.3
17555	1	377.5	370.3
18736	7	434	422
18829	9	443	424
18843	2	416.4	415.2
17743	7	449.4	443
20023	7	407	388.8
18889	7	372.24	365.24
18767	7	438	408
19196	7	428	360
18727	1	377.83	377.58
17743	8	450.3	449.4
20030	12	360.2	353.7
13988	12	391	366
17731	18	443.8	442.3
18755	3	392.17	391.77
20010	18	372.73	364.63
17746	6	453.4	451.8
17738	7	457.2	441.9
20708	2	435.3	435
16880	6	422.3	417.2
16068	7	444	440
16948	9	287.79	265.29
15281	7	406	336
15456	7	420	396
14814	1	405.43	404.93
15538	4	401	398
20304	2	390	371
16824	7	423.7	373.7
15992	3	415.7	414.7
14814	6	404.93	399.13
20299	2	390	370
20303	2	390	370
17271	1	422.87	422.77
16693	2	424	420
15259	7	413	371
2708	9	375.7	368.9
17175	9	368.9	366.1
15033	9	412	364
17267	2	422.6	422.15
15464	18	323	209
16365	4	351.63	344.23
15523	18	387.22	226.22
15683	7	401.6	393.9
16907	38	412.1	410.1
16846	6	427.3	422.9
15714	36	470	444
16801	1	425.85	421.85
15465	18	345	213
17262	7	403.4	401.7
16809	1	431	430
15700	6	417.57	416.37
14843	5	383.81	379.26
20287	1	409.8	409.5
16799	7	463	451
15823	18	370	228
16734	18	380	130
14031	7	461	457
15887	18	321	247
17277	7	449.42	447.62
16280	2	423.47	421.17
16881	7	416.6	413
14753	7	384.04	382.04
16842	1	382	378
15594	6	421.8	412.7
16835	1	425	423
15296	18	452	333
15868	1	413	407
15026	7	431	380
15521	18	365	111
16145	7	408.24	406.44
16726	12	315	290
15403	3	423.88	423.08
14936	2	422.06	421.76
16802	9	401.9	395.9
16842	7	378	357
14027	14	486	302
16845	2	428.3	427.8
15190	7	411.92	403.67
15300	12	394	336
17107	3	422.4	421.9
15883	9	392	354
16819	7	427	393
15522	7	421	359
16041	14	408	289
15289	18	338	112
15842	7	417	403
16819	18	393	117
14753	8	384.84	384.04
15792	6	423.25	422.05
14050	7	436	412
15798	18	373	297
16828	2	436.94	426.94
15262	18	368	122
16948	7	293.79	287.79
15423	18	442.85	436.2
16087	18	396	260
15792	2	427.05	423.25
16846	3	427.8	427.3
16881	1	423	422.8
16948	7	400.69	300.79
16832	18	449.7	314.7
15887	12	367	321
16064	9	403	383
20250	6	375.1	349.3
14056	7	418	376
15719	7	432	404
14050	14	408	246
14922	4	424.26	405.76
15191	1	417.72	417.27
14752	1	401.34	401.04
14924	4	420.81	402.41
15260	18	382	271
16695	12	390	364
16948	15	265.29	262.29
15425	7	408.7	403.5
15411	6	392.45	384.85
15190	3	413.47	411.92
15296	7	470	452
17267	1	422.65	422.6
15464	9	333	323
15818	9	373.3	372.5
15924	2	427.88	425.88
14921	1	428.81	428.51
15792	7	422.05	407.05
15456	3	422	420
15880	9	458	444
15483	18	449	319
20289	1	410.2	409.7
15594	1	422.7	422.5
15258	18	376	259
16802	7	413.9	401.9
20288	6	408.9	406.5
17042	7	425.2	420.9
14026	5	363	275
15223	1	344.3	343.7
14752	7	385.44	381.34
15088	7	371.47	361.37
15521	7	421	365
17272	1	422.72	422.62
16693	7	420	398
15893	14	403	267
16802	18	391.9	205.9
15879	9	456	440
15088	6	372.47	371.47
16087	7	410	396
15924	18	343.88	267.88
15258	7	434	386
15033	18	364	292
14971	2	357.5	356.1
14752	4	401.04	398.34
16365	18	344.23	342.63
15293	7	427	365
17175	2	387.3	368.9
15121	6	415.65	408.6
16316	5	403.9	395.3
15003	18	472	301
16694	18	368	124
17268	6	422.42	416.82
16901	3	421.9	421.1
15062	8	411.5	405.5
16832	7	464.7	449.7
16373	6	415.7	410.2
16971	1	430.08	429.08
16036	6	421.68	415.08
20289	4	408.9	406.7
15283	18	364	300
16694	2	424	422
15403	7	423.08	413.08
17261	8	400.1	395
14843	2	384.76	383.81
16948	9	300.79	293.79
14645	9	368	356
17042	8	416.25	415.1
15519	7	423	374
17015	39	400.15	396.95
14639	8	416	400
16184	7	426.12	403.82
17015	18	396.95	393.55
17262	7	392.6	382.8
15451	2	451	449
20288	1	410.4	410.1
15900	7	470	448
15463	18	345	213
16971	11	368.08	367.08
14935	6	419.54	411.74
17177	9	385.9	382.6
14352	9	387	343
14920	4	427.29	425.19
15520	7	421	374
20250	1	379.3	379.1
16828	12	387.94	385.94
16280	3	421.17	420.37
17263	7	394	382.8
16830	18	422	187
16816	18	391	219
16907	7	408.1	366.1
15289	9	382	358
14925	4	420.88	399.08
15073	1	402.6	401.7
15836	8	354	352
16879	6	422	418.3
16362	4	355.26	347.76
15847	18	394	262
20305	2	390	370
14752	8	388.14	385.44
15881	18	361	273
15880	18	444	216
14934	2	425.48	422.88
15008	18	385	313
16902	7	418.6	407.5
16064	18	383	233
16802	12	395.9	391.9
16828	9	404.94	387.94
15528	18	279	205
15300	7	420	404
15087	1	382.1	381.4
14639	9	400	386
17007	18	464	230
15003	7	476	472
15991	3	414.45	413.5
17042	8	420.9	420.55
16146	6	365.76	357.66
15855	18	362	134
15456	18	386	282
16685	18	373	205
15329	10	361.9	360.5
17262	8	401.7	392.6
14056	18	376	298
15192	7	417.02	402.87
16901	7	417.6	407
16145	4	411.24	408.24
15869	18	379	233
15528	4	375	346
16041	4	422	418
14806	1	392.33	389.73
15300	18	336	266
14363	18	377	257
15246	7	440	404
15073	8	399.2	393.5
15426	7	406.24	401.04
16809	18	381	231
15088	4	373.97	372.47
16824	18	339.7	243.7
16801	18	401.85	275.85
17042	7	420.55	416.25
17277	8	447.62	444.92
15456	9	396	386
16880	3	423.3	422.3
15235	7	431	423
15991	7	406.7	404.4
16279	1	409.28	408.88
15904	7	432	370
15519	18	374	126
15223	3	343.7	342.7
15962	1	438.37	437.37
16787	3	406.3	405.4
20287	6	406.9	406.3
14814	12	361.43	360.43
17273	1	422.99	422.59
20287	2	409.5	408.3
15033	7	452	412
14026	14	275	221
15836	18	330	168
15087	7	374.4	374.1
14928	4	426.4	405.7
15234	9	352	336
16901	1	422	421.9
15062	9	405.5	402.2
14644	7	421	377
17277	9	437.92	436.62
17268	2	422.92	422.42
15121	1	417.7	417.5
15719	18	370	310
15289	11	358	338
14927	1	427.96	427.46
14639	12	386	324
16845	1	428.5	428.3
14933	6	423.69	411.69
14363	7	433	417
16971	7	429.08	401.08
14644	18	359	207
15823	7	386	382
15887	9	407	367
15880	7	466	458
20250	4	376.3	375.1
9573	1	426.3	425.8
15293	2	429	427
15798	9	417	373
16969	12	355	289
15260	7	431	382
15423	3	448.6	442.85
16184	2	428.82	426.72
16936	15	473	280
15073	9	382.1	379.6
16283	6	401.2	388.5
16772	6	426.1	415.4
15021	7	461	457
16373	2	416.5	415.7
16828	7	426.94	404.94
14044	9	348	240
15719	9	404	370
14356	7	483	475
15262	7	418	368
15087	6	380.4	374.4
15234	14	336	282
16365	2	352.63	351.63
15411	2	394.85	392.45
15821	36	487	459
16280	7	411.07	408.47
16650	6	373	305
16041	7	418	408
15464	7	409	333
14924	2	424.41	422.91
15249	18	441	207
16693	12	374	364
16787	6	405.4	401.7
15283	7	438	410
15746	1	431.2	429.4
15523	6	426.22	423.22
16373	7	410.2	405
16315	1	405.6	405.1
15007	36	445	397
15465	7	413	367
15192	9	402.87	401.42
15714	14	444	250
15007	18	397	295
14050	9	412	408
16901	6	421.1	417.6
15798	7	427	417
16279	8	390.98	388.48
14753	7	398.74	384.84
15005	9	414	364
15881	7	443	409
14843	4	379.26	375.56
15475	9	340	336
15062	7	415.3	411.5
16799	9	451	445
15855	7	404	396
15991	18	404.4	403.1
16373	8	405	400.2
16280	8	413.57	411.07
16184	3	426.72	426.12
14639	18	324	126
16146	4	368.66	365.76
15073	7	393.5	382.1
16873	2	423.08	421.98
17261	7	401.7	400.1
13992	18	362.5	301.5
17263	6	402.4	400.7
14925	2	422.08	420.88
17261	7	395	391.7
15896	18	396	230
15451	10	425	399
16279	7	388.48	386.98
15281	18	336	216
15434	2	425.4	423.35
16879	1	423.7	423.4
15017	7	432	416
16880	7	417.2	413.3
15823	5	428	420
15855	9	396	362
15523	7	423.22	393.22
15191	7	416.52	402.22
17263	8	400.1	394
16036	2	423.08	421.68
15992	1	416	414.8
15262	2	422	418
16077	18	372	314
14814	9	399.13	361.43
15992	6	414.7	407
15061	6	410.9	402.5
14971	9	356.1	343.7
15517	6	457	455
16881	6	422.4	416.6
15259	14	365	273
14645	7	418	368
9887	6	432.2	428.1
17272	2	422.62	422.12
16280	8	415.97	415.37
16280	7	420.37	415.97
16689	15	438	350
20288	3	409.7	409.4
15528	7	346	279
15426	2	410.94	409.74
17042	7	415.1	413.85
15425	2	413.9	413.1
17272	6	422.12	416.72
15847	9	402	394
15823	7	420	398
15017	18	372	312
15026	18	380	301
20288	4	409.4	408.9
15517	7	455	429
15746	6	429.4	415.2
15061	7	402.5	399.3
16068	18	440	324
17261	6	403.1	401.7
16693	18	364	274
14026	7	381	363
16034	2	423.08	421.63
16830	7	437	422
9573	1	425.8	425.5
15235	18	423	261
15868	7	407	331
15279	7	405	393
15021	14	457	301
14752	7	398.34	388.14
15425	7	393.7	383.9
16799	18	445	268
15883	7	410	392
16064	7	423	403
15451	14	399	326
16726	9	359	315
15002	18	377	331
16695	18	364	124
16802	1	415.9	413.9
17277	1	453.62	452.92
16041	3	426	422
15192	1	419.42	419.07
15842	18	375	85
16835	7	423	400
15088	1	374.57	373.97
14924	3	422.91	420.81
15869	7	433	411
15809	9	369	366
14937	6	431.27	422.37
14923	3	420.27	418.87
15700	2	422.37	417.57
15483	7	469	449
16650	12	305	223
15517	18	429	291
17271	6	421.97	414.67
15246	18	404	260
15231	7	430	394
9887	1	432.9	432.2
17273	2	422.59	421.69
17042	1	425.85	425.7
14753	4	400.94	398.74
15329	2	377	376.8
16077	2	424	418
15818	7	387.7	373.3
17107	6	421.9	415
17262	3	407.6	407.4
15475	12	336	262
15426	6	409.74	406.24
16824	9	373.7	343.7
16846	1	428.1	427.8
14919	1	429.75	429.55
16879	3	423.4	422
15329	11	360.5	347
17261	7	390.7	383.8
15961	1	439.62	438.87
20289	2	409.7	408.9
13992	7	446.5	406.5
15017	9	416	372
15842	1	419	417
17015	38	400.75	400.15
15283	1	440	438
16315	5	405.1	395.6
14919	4	426.75	421.75
20306	2	390	369
16772	1	426.4	426.1
15423	2	448.95	448.6
15425	6	413.1	408.7
15403	2	425.08	423.88
16279	7	403.48	390.98
15991	6	413.5	406.7
14922	3	424.76	424.26
15836	9	346	330
16684	18	394	132
15869	9	411	379
15823	9	398	386
15809	7	423	369
16801	7	421.85	401.85
15279	2	407	405
16647	18	410	228
16316	1	405.3	403.9
16902	6	421.1	418.6
15463	9	357	345
17261	1	403.8	403.65
16816	7	407	393
15279	18	365	237
16907	18	366.1	344.1
15924	7	409.88	343.88
15962	6	437.37	429.37
14920	4	425.19	416.19
15022	9	350	314
14753	1	402.04	401.84
8164	6	425.8	422.8
14937	38	433.07	431.27
14928	1	426.9	426.4
15961	6	438.87	430.62
15465	9	367	345
15904	12	370	362
16689	7	468	438
16034	6	421.63	415.08
15022	7	428	350
16693	9	398	374
15890	18	365	131
15062	1	416.2	415.8
15887	7	417	407
16936	7	476	473
17268	1	423.02	422.92
2708	7	399.6	375.7
16816	9	393	391
16881	3	422.8	422.4
15992	18	407	403.7
16694	7	422	396
14936	6	421.76	410.76
16879	7	418.3	413.7
16971	9	401.08	368.08
14352	7	425	387
17263	1	402.8	402.65
16082	18	436	292
16948	1	400.79	400.69
16647	7	418	410
16145	2	414.44	411.24
16362	2	355.96	355.26
16873	6	421.98	417.08
14044	7	380	348
15818	2	389.5	387.7
15896	7	430	396
16695	7	424	402
15425	8	403.5	393.7
16726	7	391	359
15842	9	403	375
14647	9	404	322
16907	4	410.1	408.1
15258	12	380	376
15538	1	401.3	401
15426	8	401.04	391.84
15192	3	419.07	417.02
14044	18	240	220
15879	7	462	456
15451	8	449	439
15329	3	376.8	376.4
15879	18	440	212
16684	12	412	400
20250	2	379.1	376.3
14922	1	426.76	424.76
17277	7	444.92	437.92
14352	18	343	309
15259	9	371	365
16077	7	418	372
15300	1	422	420
15279	9	393	365
17007	36	470	464
14923	4	418.87	402.67
15234	7	412	352
15904	18	362	282
17261	3	403.65	403.1
16694	12	372	368
15881	9	409	361
15847	7	452	402
15520	18	374	111
15121	3	417.5	415.65
15293	18	337	239
17263	3	402.65	402.4
17273	6	421.69	410.49
14753	3	401.84	400.94
15809	18	366	123
15231	9	394	392
15836	7	352	346
14934	6	422.88	413.28
17271	3	422.77	421.97
15062	3	415.8	415.3
16936	1	480	476
15883	18	354	235
14921	4	428.51	411.81
16809	7	430	404
16969	11	369	355
14647	7	416	404
14920	2	429.19	427.29
15434	1	425.6	425.4
15087	4	381.4	380.4
9573	6	425.5	422.1
16902	1	422.5	422.35
14971	11	343.7	342.5
14919	2	429.55	426.75
17261	8	391.7	390.7
15022	18	314	238
16835	18	400	265
15283	9	410	364
14363	9	417	377
2708	2	400.9	399.6
15434	7	423.35	417.6
13992	9	406.5	362.5
15451	9	439	425
15893	36	437	403
16280	7	415.37	413.57
16694	9	396	372
16082	7	442	436
15683	2	410.9	401.6
16087	3	412	410
17177	1	386.6	385.9
16734	7	430	380
15231	18	392	278
15300	9	404	394
15249	7	443	441
15258	9	386	380
16902	3	422.35	421.1
16824	12	343.7	339.7
16816	1	409	407
15890	7	381	365
17175	1	388.1	387.3
15991	1	415.1	414.45
16362	9	347.76	340.96
16373	9	400.2	398.3
15426	7	391.84	380.94
16650	18	223	123
16689	3	470	468
16685	7	425	373
15190	1	413.67	413.47
17267	6	422.15	416.65
14935	2	423.94	419.54
15002	7	431	377
15088	15	361.37	359.27
15522	18	359	111
16969	7	379	369
15005	7	452	414
15008	7	423	385
15329	9	376.4	361.9
16146	2	369.66	369.06
15223	6	342.7	329.3
14806	9	389.73	363.33
17107	2	423	422.4
14031	18	457	291
16845	6	427.8	420
15868	18	331	243
8164	1	426.6	425.8
15900	18	448	220
16809	9	404	381
17262	1	407.8	407.6
15924	6	425.88	409.88
15463	7	413	357
15523	9	393.22	387.22
16787	1	406.7	406.3
15475	7	388	340
20288	2	410.1	409.7
14639	7	426	416
14927	4	427.46	406.16
16283	2	402.5	401.2
15594	3	422.5	421.8
16695	9	402	390
15836	7	378	354
17277	8	452.92	449.42
14027	7	502	486
15293	12	365	337
17042	2	425.7	425.2
16078	18	450	320
15823	9	382	370
15519	6	426	423
15191	3	417.27	416.52
15061	1	411.3	410.9
14923	2	425.17	420.27
14645	18	356	278
16726	6	410	391
16146	3	369.06	368.66
15073	6	401.7	399.2
16279	6	408.88	403.48
16279	9	386.98	379.28
17263	7	400.7	400.1
15289	7	412	382
15005	18	364	292
14929	1	426.74	426.24
20287	4	408.3	406.9
14843	6	375.56	374.76
17262	6	407.4	403.4
14929	4	426.24	405.44
14644	9	377	359
15821	18	459	347
14356	18	475	303
16842	9	357	262
21045	9	431.63	351.63
20165	7	382	381.2
21048	18	314.5	313.5
20158	6	389.2	383.2
21047	1	440.71	440.21
20158	2	391.3	389.2
21046	9	425.75	366.75
20167	7	384	381.1
21045	1	440.63	440.13
21046	7	440.25	425.75
20211	38	340	339
21049	12	315.5	315
21048	9	339	315.5
21046	1	440.75	440.25
20158	7	383.2	361.3
21047	7	440.21	431.71
21048	38	340	339
21049	38	340	337.5
21048	12	315.5	314.5
20165	6	385.4	382
20166	2	391.2	386.2
20167	6	389.1	384
20211	9	339	315.5
20167	2	391.1	389.1
21045	7	440.13	431.63
21049	9	337.5	315.5
20165	2	391.2	385.4
21055	18	353	229
21044	18	400	208
21055	7	429	353
21044	7	428	400
2109	9	376.4	372.3
1758	2	394.69	393.49
1757	7	393.35	390.15
2109	38	395.5	393.3
3702	9	392.98	392.38
5514	7	408.87	396.47
454	7	408.39	398.27
2109	35	380.5	376.4
2111	6	391.8	385.4
454	6	412.29	408.39
8392	2	413.24	411.64
3702	6	406.98	404.38
867	38	410.2	407.85
3702	38	407.38	406.98
6755	2	407.96	406.56
3702	7	404.38	392.98
454	1	413.29	412.29
6755	6	405.96	403.76
1098	7	408.73	404.43
866	1	407	405.65
1892	7	407.18	399.48
1893	7	406.72	397.97
866	7	405.65	398.1
1757	2	394.55	393.35
1758	7	393.49	389.39
4119	38	403.02	402.42
867	7	407.85	406.2
4119	7	402.42	393.02
5514	2	414.47	413.67
5514	3	413.67	413.27
1098	9	404.43	397.23
3015	2	392.88	391.78
9208	7	411	403.6
3704	2	408.07	407.27
1892	2	408.18	407.18
3015	7	391.53	386.88
9208	2	411.6	411
8392	7	411.64	402.14
2102	2	384.95	382.65
1893	2	407.97	406.72
2111	2	393.4	391.8
3704	7	405.87	398.07
2102	7	382.65	376.7
1098	1	409.23	408.73
5514	6	413.27	408.87
2109	6	393.3	387.5
6755	7	403.76	400.96
3014	7	390.89	385.54
6755	3	406.56	405.96
3704	6	407.27	405.87
20587	2	428.36	426.66
20586	7	426.93	424.63
9209	7	411.43	403.13
4707	6	404.89	404.89
5367	6	417.85	407.8
20576	1	432.48	431.88
12192	3	409.08	408.48
20588	1	428.84	428.54
12191	7	409.18	404.78
5050	6	404.8	402.8
4709	1	407.54	407.24
20576	6	431.88	429.48
20587	1	428.66	428.36
5367	1	418.2	417.85
20530	2	421.6	420
20580	7	474.5	470.9
20525	6	421	409.8
20529	2	421.8	419.1
20533	2	421.7	420.9
12192	7	408.48	405.88
20523	6	418.9	411.3
20528	6	419.1	407.8
5051	6	405.2	403.3
4406	3	400.7	399.8
4708	3	406.71	405.91
20574	6	431.56	430.16
20526	2	421.8	418.5
20575	1	432.56	431.76
20524	6	418.9	411.3
20586	2	428.53	426.93
20578	7	431.03	427.13
4709	3	407.24	406.84
20522	1	419.3	418.9
20579	6	431.95	430.65
20585	2	474.2	470.7
20574	7	430.16	426.56
20532	2	421.3	420.7
2282	38	406.12	405.52
20581	7	470.9	470.4
20579	18	426	422.5
5050	3	405.4	404.8
20574	1	432.56	431.56
12191	3	409.78	409.18
20577	6	431.78	429.58
20530	6	420	401.6
20579	2	434.3	431.95
20531	2	421.3	419.3
4406	1	401.2	400.7
20527	6	418.5	407.3
20584	2	473.4	471.2
20586	1	428.93	428.53
20582	7	472.9	470.2
9209	2	411.73	411.43
12191	2	410.28	409.78
20581	2	475.1	470.9
20524	2	419.3	418.9
4708	1	407.11	406.71
20522	6	418.9	414.3
20578	2	432.13	431.03
20529	6	419.1	403.8
20525	2	421.8	421
20533	6	420.9	410.7
20523	2	419.3	418.9
20531	6	419.3	411.3
5051	3	405.9	405.2
4406	6	399.8	399.5
4708	6	405.91	403.21
12192	2	409.88	409.08
20583	2	474.5	468.3
20532	6	420.7	405.3
20580	2	475.1	474.5
20582	2	474.4	472.9
20527	2	419.3	418.5
20528	2	421.8	419.1
4707	3	405.94	404.89
4707	1	406.34	405.94
20577	1	432.58	431.78
20587	7	426.66	425.36
20578	18	427.13	420.13
2282	6	405.52	389.12
20579	7	430.65	426
20588	2	428.54	427.04
20575	6	431.76	429.56
4709	6	406.84	404.14
20526	6	418.5	409.8
20584	7	471.2	469.8
5673	6	403.55	399.95
11378	7	404.95	402.65
8462	7	400.9	398.4
8034	6	409.28	402.38
8461	6	406.7	399.4
8031	7	410.6	405.3
8107	1	407.4	407.3
11376	6	406.8	395.8
11378	1	412.85	412.65
8244	6	408.5	401
5371	6	409.67	402.77
5369	1	414.85	414.55
8461	7	399.4	396.7
11378	3	412.65	411.65
8107	2	407.3	406.6
8108	6	404.95	396.55
8029	6	418.35	405.95
8034	7	402.38	401.28
8022	6	415.45	405.05
5370	2	411.76	411.21
5371	1	411.17	410.97
8244	1	409.7	409.3
8104	2	408.9	408
8244	3	409.3	408.5
8032	6	417.05	409.65
8108	3	405.85	404.95
5368	7	403.15	400.25
8034	2	411.28	409.68
5368	6	417.45	403.15
8106	3	407.8	407.1
8103	2	410.5	409.3
7142	1	391.07	406.57
8463	7	399.85	396.95
8106	6	407.1	393.4
8033	6	417.53	415.03
11376	3	408	406.8
8028	2	422.1	419.9
8027	2	422.36	421.96
8021	1	422.85	422.45
8034	3	409.68	409.28
8022	2	416.95	416.55
8021	6	420.75	407.85
8462	6	406.5	400.9
8105	6	405.4	397.6
8022	3	416.55	415.45
8245	1	410.96	410.56
5370	6	411.21	399.51
11379	1	410.15	409.75
8105	2	407.6	406.5
8245	3	410.26	409.26
8463	6	406.95	399.85
8022	7	405.05	402.25
7141	2	380	404.1
8104	7	397.7	396.9
8103	7	397.7	395.5
11377	1	410.05	409.7
8022	1	417.25	416.95
8103	6	408.4	397.7
5673	38	404.15	403.55
8027	2	421.96	421.26
11379	6	408.95	399.95
8031	6	418.6	410.6
8028	6	419.9	407.1
5368	1	420.5	420.1
8030	6	415.55	406.45
8106	2	408.3	407.8
8029	2	420.95	418.35
8032	2	419.65	417.05
8021	2	422.45	420.75
7141	6	404.1	384.1
8106	1	408.4	408.3
8027	6	421.26	407.36
8033	7	415.03	410.83
8104	6	407.7	397.7
8030	2	421.45	415.55
8244	7	401	389.7
5371	2	410.97	409.67
5369	6	414.55	401.85
8245	6	409.26	398.06
5368	2	420.1	417.45
8107	6	406.6	395.4
8103	3	409.3	408.4
8104	3	408	407.7
8245	7	398.06	390.96
11379	3	409.75	408.95
5370	1	411.91	411.76
8033	2	418.83	417.53
11377	6	408.85	397.85
8031	2	420.3	418.6
8105	3	406.5	405.4
8245	2	410.56	410.26
11377	2	409.7	408.85
11378	6	411.65	404.95
8108	2	406.55	405.85
2277	2	402.34	401.74
20998	2	391	388.8
2280	1	400.78	400.38
21012	7	427.7	423.6
21004	1	428.2	427.9
20995	4	390.3	389.6
2279	3	402.53	402.13
20989	2	392.3	391.4
21008	7	426.15	424.25
21012	1	428	427.7
21000	2	391	389.3
20996	4	390.7	390
20994	2	392.4	391.3
2277	3	401.74	401.44
21006	7	426.4	424
21005	1	427.5	427.2
21009	7	426.9	423.5
21005	2	427.2	426.8
20989	1	392.5	392.3
20993	2	393.5	392.1
2276	2	403.93	403.38
20995	5	391.2	390.3
2155	1	401.62	401.02
21011	1	428.3	427.4
2279	6	402.13	393.13
20989	7	388.5	386.5
2276	3	403.38	403.13
21005	7	426.8	423.6
20995	2	392.3	391.2
20996	5	391.3	390.7
2283	1	403.6	403.4
21001	7	428.1	423.1
2283	6	402.75	395.6
21004	2	427.9	427.7
20996	2	392.7	391.3
20988	2	393.1	392.05
21002	1	428.9	428.2
20999	2	391	388.8
2280	2	400.38	399.63
20989	5	391.4	390.35
21002	7	428.2	424.9
21006	1	427	426.4
2156	6	399.29	396.19
21004	7	427.7	424
21001	1	428.7	428.1
2276	6	403.13	398.23
21003	1	428.6	427.9
20994	4	390.4	389.7
20993	4	391.5	391.2
20993	5	392.1	391.5
2279	2	403.13	402.53
2156	1	400.49	399.29
21009	1	427.6	426.9
20989	4	390.35	388.5
21003	7	427.9	424.4
2155	6	401.02	385.82
21008	1	426.75	426.15
2276	1	404.23	403.93
20988	4	392.05	389.8
21011	7	427.4	424.1
2277	6	401.44	396.34
20988	7	389.8	387.3
2283	2	403.4	402.75
20994	5	391.3	390.4
2280	6	399.38	394.78
2280	3	399.63	399.38
20988	1	393.3	393.1
20979	6	415	414.2
20977	2	415.55	411.6
21014	6	405.55	404.5
20984	2	373	371.6
21032	7	473.03	471.33
6674	2	402.93	402.63
7833	1	402.26	401.86
6674	3	402.63	402.23
20986	2	373	370
21035	1	473.65	473.05
7834	1	401.69	401.39
21030	7	388	387.9
21031	2	476.14	475.34
20977	3	411.6	411.4
20983	4	372.5	369.5
21028	2	386	384.3
20983	2	373	372.5
4204	3	401.49	401.09
6671	3	402.38	401.78
21018	1	406	405.55
21023	6	406	404.5
20982	4	370.5	369.5
21013	6	406	404.5
20970	4	370.7	370
20964	2	373.5	370
20971	6	399	396.3
20979	2	416	415
20980	2	373	371.5
20987	4	372.2	371.6
21025	2	374	371.9
21034	1	474.76	474.16
20966	2	373.5	371.3
20973	1	400.4	400.2
20967	2	373.5	370.8
20984	18	369.9	369.5
20987	2	373	372.2
20974	2	399.9	399.7
6671	2	402.68	402.38
6674	6	402.23	388.13
20968	2	373.5	371
20978	2	416	413.8
20970	2	373.5	372.1
20983	18	369.5	369
20972	2	400.2	400
21018	6	405.55	404.5
21033	7	476.05	472.95
6671	6	401.78	387.78
4202	1	402.19	401.99
6675	3	401.22	400.62
7834	3	401.39	401.09
20972	2	400	399.3
21033	1	476.65	476.05
21015	1	406	405.55
4203	6	400.78	393.58
21014	1	406	405.55
4202	6	401.69	398.69
4204	6	401.09	393.69
20975	6	413.2	412.7
20974	6	399.2	396.3
7833	6	401.06	387.26
20969	2	373.5	371
21030	2	390	388
21031	1	476.54	476.14
4201	6	401.94	394.74
6672	3	402.25	401.55
6676	2	400.94	400.14
20980	4	371.5	370
20973	2	400.2	398.9
20980	18	370	369.5
20973	6	398.9	396.9
21060	2	390	388.3
6675	1	401.52	401.22
4204	1	401.69	401.49
6673	3	402.49	402.19
20982	2	373	370.5
6673	1	402.79	402.49
7833	3	401.86	401.06
20965	3	372	371
20984	4	371.6	369.9
20960	2	373.5	370.9
20962	2	373.5	370.9
4203	2	401.58	401.38
6673	6	402.19	387.79
21031	3	475.34	473.54
21021	6	406	404.5
6671	1	402.78	402.68
6676	1	401.14	400.94
20985	2	373	372
20981	4	372.1	370
6672	1	402.65	402.25
4203	3	401.38	400.78
6676	3	400.14	399.84
6672	6	401.55	387.65
20961	2	373.5	371.2
21034	7	474.16	471.16
20963	2	373.5	371
20961	3	371.2	370.9
20986	4	370	369.5
4201	3	402.34	401.94
20985	4	372	371.6
21019	6	406	404.5
21017	1	406	405.55
21031	7	473.54	472.94
21024	6	406	404.5
6675	6	400.62	386.52
20970	3	372.1	370.7
21026	2	374.3	372.2
21032	1	476.03	475.33
21015	6	405.55	404.5
20981	2	373	372.1
21035	2	473.05	472.05
21016	6	406	404.5
20975	2	415.9	413.2
20975	1	416	415.9
21022	6	406	404.5
4201	1	402.74	402.34
21027	2	383	381.2
6676	6	399.84	386.14
20982	18	369.5	369
21020	1	406	405.5
20966	3	371.3	371
21029	7	384.7	384.2
7834	6	401.09	386.69
20971	1	399.9	399.7
21029	2	386	384.7
21060	7	388.3	388.2
4202	3	401.99	401.69
20976	2	416	411
21020	6	405.5	404.5
21017	6	405.55	404.4
21028	7	384.3	384.2
21035	7	472.05	470.45
6674	1	403.13	402.93
20965	2	373.5	372
20971	3	399.7	399
20972	6	399.3	396.3
21032	3	475.33	473.03
20974	3	399.7	399.2
20977	1	416	415.55
20611	8	427.36	426.56
20611	7	426.56	425.26
20614	2	427.23	426.73
20614	7	426.73	424.03
20615	8	425.76	424.76
20612	1	429.05	428.65
20615	7	424.76	422.76
20616	3	427.32	426.32
20616	7	426.32	424.32
20791	7	450.1	413.6
20613	3	427.01	426.01
20617	8	426.76	425.81
20791	18	378.6	372.6
20614	1	427.53	427.23
20791	9	413.6	378.6
20617	1	427.61	427.26
20617	7	425.81	423.61
20792	6	388.1	379.3
20615	1	426.76	426.61
20615	3	426.31	425.76
20613	7	426.01	424.21
20612	3	428.65	428.15
20612	7	428.15	425.85
20616	1	427.82	427.32
20615	2	426.61	426.31
20613	1	427.41	427.01
20792	2	388.3	388.1
20617	3	427.26	426.76
20791	1	450.6	450.1
21080	7	478	474
21056	7	370	366
21078	6	426	423.1
21057	18	375.1	372.6
21056	18	274	144
21064	7	431.57	414.67
21065	7	435	409
21077	1	426.19	425.89
21063	18	402.42	399.92
21077	7	423.19	416.19
21069	2	373.65	369.15
21067	4	369.91	367.28
21068	4	370.92	369
21064	18	402.87	400.17
21066	7	451.9	445.6
21063	7	412.42	411.92
21066	1	452.6	451.9
21072	2	373.92	369.72
21071	1	374.7	374
21075	9	372.5	362.3
21080	18	474	228
21068	2	374.1	370.92
21078	7	423.1	416.4
21056	11	308	274
21065	18	409	135
21068	6	369	367.1
21070	2	373.89	369.89
21067	2	373.83	369.91
21066	9	445.6	432.6
21064	9	414.67	402.87
21073	1	374.57	373.57
21069	9	369.15	352.65
21063	2	415.92	412.42
21056	9	366	314
21056	12	314	308
21063	9	411.92	402.42
21075	2	384.3	372.5
21071	2	374	369.6
21067	6	367.28	366.83
21069	1	374.65	373.65
21057	7	426.6	409.1
21072	1	374.52	373.92
21074	1	374.65	374.15
21070	1	374.69	373.89
21056	5	374	370
21057	9	409.1	375.1
21073	2	373.57	369.57
21064	2	432.17	431.57
21078	2	426.4	426
21074	2	374.15	369.75
21077	6	425.89	423.19
7835	3	400.4	399.75
7835	6	399.75	385.7
9554	6	403.3	401.3
9555	6	403.2	400.6
9889	1	433.1	432.6
7836	3	400.07	399.47
10748	6	403.06	398.66
11630	2	402.69	401.69
11726	3	405.6	405.1
7841	1	403.1	402.8
7838	1	400.81	400.41
9890	1	432	431.3
10747	6	402.34	398.34
9891	6	432	427.9
10750	3	400.89	400.09
9889	6	432.6	428.5
7840	3	401.59	401.19
7841	6	402.45	388.1
12276	6	400.57	378.62
7840	6	401.19	386.99
9888	6	432.2	427.8
10748	1	404.16	403.81
11629	6	402.09	399.39
1139	2	384.48	383.48
9892	6	432.4	428.2
10752	6	399.81	396.51
10747	1	403.74	403.34
12276	2	403.72	401.42
1139	7	383.48	381.68
7840	1	401.99	401.59
10749	3	404.25	403.05
7839	3	401.11	400.71
11726	6	405.1	388.5
9549	6	403.35	400.15
7838	3	400.41	399.36
10747	3	403.34	402.34
7839	1	401.46	401.11
10749	6	403.05	398.85
9892	1	432.8	432.4
10750	6	400.09	396.89
11631	2	402.36	400.36
11630	6	401.69	398.09
11631	6	400.36	398.46
12276	3	401.42	400.57
9550	6	403.8	402
7837	1	400.5	400.1
7839	6	400.71	386.46
10748	3	403.81	403.06
9888	1	432.7	432.2
9891	1	432.4	432
9552	6	403.5	401.2
7837	6	399.2	385.5
7838	6	399.36	385.81
7835	1	400.7	400.4
10752	3	402.11	399.81
7836	6	399.47	385.37
9548	6	404.15	400.65
7837	3	400.1	399.2
9551	6	403.6	401.1
10750	2	402.49	400.89
7841	3	402.8	402.45
7836	1	400.37	400.07
10751	6	399.44	396.54
9548	2	404.45	404.15
11629	2	403.39	402.09
11726	1	405.9	405.6
10751	3	400.64	399.44
9553	6	403.4	400.6
9890	6	431.3	426.8
10751	2	402.04	400.64
21083	4	374	370
21083	7	370	316
21083	9	316	312
21083	2	376	374
11168	1	429.3	428.7
10192	1	432.3	430.9
10195	6	431.4	427.5
11171	6	357.2	349
9899	1	432	431.2
11334	6	431.8	428.1
11336	6	432.1	428.65
11340	6	431.4	429.1
9893	1	429.5	428.7
11339	1	433.5	432.2
10058	6	430.6	427.3
10059	6	431.1	428.2
9894	1	429.8	429.2
10192	6	430.9	428.9
11161	1	426	425.1
11164	6	444.2	433.7
10193	1	432	430.4
11171	1	358	357.2
11341	1	432.8	432.15
11167	6	433.1	425.5
10193	6	430.4	428.2
11164	3	445.25	444.2
11338	1	433	432.3
9898	6	429.9	426.4
11167	7	425.5	424.1
11336	1	432.8	432.1
10412	2	464	462.2
9897	1	432.1	431.4
10057	1	432.1	430.9
9896	6	429.8	426.3
9899	6	431.2	428
11161	6	425.1	416
11168	6	428.7	423.3
11173	6	364.25	353.6
10194	6	430.3	428.5
11337	1	433	432.3
9895	1	430.2	429.7
9895	6	429.7	426.2
11173	1	365	364.25
11335	1	432	431.3
11338	6	432.3	428.9
11340	1	432.5	431.4
11334	1	432.5	431.8
11337	6	432.3	429.2
10057	6	430.9	428.3
11341	6	432.15	428.45
9898	1	430.4	429.9
10058	1	432.3	430.6
2104	2	388.77	387.77
9897	6	431.4	428.1
9896	1	430.3	429.8
2104	9	386.37	372.82
10119	3	430.66	429.56
10194	1	432	430.3
2104	5	387.77	386.37
11166	1	434.4	433.9
11167	1	434.1	433.1
9894	6	429.2	425.8
11173	7	353.6	349.4
10059	1	432.2	431.1
11166	6	433.9	423.4
10195	1	431.8	431.4
10119	7	429.56	420.66
11164	1	445.7	445.25
2104	11	372.82	367.97
11335	6	431.3	428.1
11339	6	432.2	429.2
9893	6	428.7	425.8
11443	6	442.23	429.73
11448	6	443.48	432.48
12491	1	429.95	428.75
12488	1	430.86	430.16
12491	6	428.75	420.95
13351	6	442.5	427
12488	6	430.16	422.86
12492	6	435.19	419.99
13351	1	444	442.7
11444	6	443.4	428.4
11446	6	437.09	424.09
11443	1	443.23	442.23
12492	1	435.99	435.19
13351	3	442.7	442.5
13375	38	431.85	429.4
21091	6	412.61	411.06
21092	1	411.06	410.81
21088	9	395.95	379.55
21087	9	390.72	385.97
21094	1	433.12	432.47
21098	1	400.2	399.65
21088	7	398.5	395.95
21098	6	399.65	385.1
21091	7	411.06	405.36
21100	1	402.5	401.9
21101	6	401.5	382.1
21103	2	402.2	399.9
13353	6	443.2	430
21088	2	404.55	403.55
21099	3	400.9	400.3
21091	1	413.56	412.61
13355	38	447	446
13377	38	432	431.5
21094	7	432.47	424.12
13377	38	431.5	426.5
21100	6	401.5	382.5
13375	6	429.4	426.3
21092	7	409.66	402.66
13352	6	435.65	422.05
21103	6	399	387.2
13353	38	444.8	443.2
21089	7	406.54	405.14
21088	6	403.55	398.5
21086	9	389.72	386.62
13375	38	432	431.85
21090	7	415.72	409.37
21090	2	416.67	416.22
21102	1	402.1	401.4
21102	6	401.4	382.1
21090	1	417.57	416.67
13377	6	426.5	426.3
21100	3	401.9	401.5
21090	6	416.22	415.72
21099	6	400.3	386.3
21086	2	392.62	389.72
21092	2	410.81	410.66
13355	6	446	433
21099	1	401.3	400.9
21103	3	399.9	399
21089	9	405.14	403.97
21092	6	410.66	409.66
21093	1	412.56	412.16
21093	6	412.16	411.11
21087	1	391.97	390.72
21101	1	402.1	401.5
13352	38	438.05	435.65
21093	7	411.11	404.36
21119	1	401.27	400.97
21121	1	401.54	401.14
21124	1	430.4	429.7
21116	2	401.76	401.01
21104	1	400.6	400.4
21117	6	400.89	400.04
21105	6	400.4	386.5
21109	2	399.71	399.21
21130	1	447.2	446.9
21115	2	401.62	400.82
21132	1	446.7	446.5
21131	18	433.5	428.3
21106	6	401.7	387.3
21133	3	445.2	444.7
21097	2	410.3	409.6
21097	6	408.6	408.1
21106	1	402.3	401.7
21122	3	401.27	400.27
21127	1	423.25	422.85
21116	6	400.76	399.96
21107	3	397.83	397.58
21105	3	401.1	400.4
21112	6	397.34	391.94
21104	6	399.8	385.6
21127	6	422.5	414.25
21095	7	393.2	392.3
21116	3	401.01	400.76
21096	7	400.7	399
21126	6	424.6	410.95
21124	3	429.7	427.8
21126	1	424.95	424.6
21120	3	401.17	400.77
21114	6	400.9	399.7
21133	7	444.7	443.65
21132	3	446.5	446.15
21132	7	438.45	434.7
21097	7	408.1	406.1
21117	3	401.19	400.89
21131	8	442	437.3
21132	18	434.7	428.7
21133	1	445.3	445.2
21131	7	445.7	442
21104	3	400.1	399.8
21132	8	442.9	438.45
21114	2	401.7	401.1
21095	6	406.2	393.2
21128	2	424.85	424.1
21096	9	399	393.9
21110	1	401.33	401.13
21120	2	401.67	401.17
21112	3	397.74	397.34
5814	2	400.21	396.41
21113	1	399.82	399.52
21108	1	397.6	397.4
21113	3	399.52	399.07
21104	2	400.4	400.1
21118	2	401.48	400.58
21133	18	443.65	432.6
21118	6	400.18	399.98
21125	6	425.65	412.1
21130	2	446.9	445.2
21119	3	400.97	400.77
21096	2	408.9	408
21107	6	397.58	391.98
21095	9	392.3	392.1
21121	3	401.14	400.14
21097	3	409.6	408.6
21120	6	400.77	399.87
21096	6	408	400.7
21111	1	403.52	403.32
5814	7	396.41	394.71
21113	6	399.07	395.32
21129	3	447.6	441.8
21122	6	400.27	400.07
21115	3	400.82	400.02
21097	9	406.1	395.3
21108	6	397.4	391.6
21122	1	401.67	401.27
21123	1	431.05	429.85
21111	3	403.32	402.92
21110	6	400.63	395.33
21118	3	400.58	400.18
21111	6	402.92	397.52
21125	1	426.1	425.65
21095	2	407.1	406.2
21105	2	401.5	401.1
21114	3	401.1	400.9
21117	1	401.54	401.19
21132	2	446.15	442.9
21123	3	429.85	428.45
21131	3	446.05	445.7
21107	1	397.98	397.83
21112	1	397.94	397.74
21119	6	400.77	399.67
21128	6	424.1	411.85
21131	1	446.3	446.05
21110	3	401.13	400.63
21109	3	399.21	398.61
21109	6	398.61	393.71
21131	7	437.3	433.5
21121	6	400.14	399.94
21127	3	422.85	422.5
21129	1	447.8	447.6
21124	7	427.8	426.7
21123	7	428.45	427.25
21137	1	374.1	373.7
21135	18	436	433.3
21139	3	363.7	362.2
21136	2	374.3	369.3
21142	18	361.65	358.45
21140	3	366.4	365.2
21138	18	356.6	344.1
21140	6	365.2	361.4
21138	6	363.6	356.6
21140	18	361.4	348.4
21139	6	356.7	350.7
21134	18	361.15	357.15
21137	2	373.7	367.2
21135	1	445.8	445.6
21141	2	374	368.5
21139	5	362.2	356.7
21135	8	440.6	438.6
21138	3	365.1	363.6
21135	7	438.6	436
21142	35	366.45	363.55
21137	18	367.2	353.4
21136	18	369.3	353.6
21135	2	445.6	440.6
21134	7	445.4	443.2
21134	1	364.15	363.85
21141	18	368.5	364
21134	3	363.85	363.35
21136	1	374.6	374.3
21139	18	350.7	346.4
21142	6	363.55	361.65
20027	12	361	354
8932	7	413.7	412.7
21144	18	360.95	357.95
14741	5	362.95	362.7
15113	7	430.12	422.97
13376	2	431	427.5
20027	2	394	392.1
20027	11	368	361
6023	2	404.05	394.95
13376	1	432	431.8
21145	2	417.85	415.85
6427	6	414.24	413.74
6431	3	414.65	414.15
6431	2	386.85	414.65
21145	18	366.85	365.85
21146	18	427.5	382.5
12962	7	425	409
6427	2	416.54	415.74
6431	6	414.15	408.05
6427	7	413.74	404.44
21146	1	452.5	450.5
12644	1	425.11	424.86
15856	7	444	420
13376	38	427.5	426.3
12945	7	428	420
13201	7	428	410
21145	7	415.85	396.85
15858	7	431	409
15922	7	420	376
12644	7	424.16	413.81
15118	7	419.21	417.36
16067	2	430	428
13842	38	424.71	422.71
20027	9	388.75	368
15878	7	433	413
8932	2	420.8	419.7
15516	7	426	400
16067	7	428	420
13842	6	422.71	414.71
16728	7	263.7	417.7
12945	2	430	428
6427	3	415.74	414.24
6431	7	408.05	398.55
13376	38	431.8	431
13842	7	414.71	400.71
14362	7	450	404
15031	7	426	416
21147	2	427.2	425.2
8932	6	419.7	413.7
21143	5	364.15	361.95
14741	1	373.4	373.25
12644	3	424.86	424.16
12962	2	289	425
15118	7	427.06	419.51
21145	9	396.85	366.85
21144	6	366.35	360.95
15275	7	436	410
15031	1	428	426
16804	7	431	407
21147	7	425.2	387.2
15113	2	431.22	430.12
20027	7	392.1	388.75
21143	6	361.95	353.85
7192	2	398.2	397.6
14741	2	373.25	362.95
21143	18	353.85	353.15
15118	8	419.51	419.21
21146	7	450.5	427.5
21187	2	432.08	427.08
21164	1	420.6	420.3
21193	4	385.1	383.8
21165	4	417.8	416.2
21152	2	427.15	424.95
21188	7	403.15	393.75
21192	4	386.05	384.85
21161	3	421.6	419.7
21165	7	415.8	415.5
21194	3	383.65	383.4
21189	7	395.4	386.6
21177	2	432.35	427.35
21153	2	426.9	425.3
21193	1	385.5	385.3
21182	2	432.57	427.57
21158	1	420.1	419.8
21194	9	382.35	380.15
21196	6	417	412.4
21199	3	436.8	436
21165	3	419.4	417.8
21183	2	432.54	428.04
21164	4	418.2	416.6
21157	3	419.3	417.8
21163	3	421.4	418.9
21149	1	421.98	421.78
21188	2	405.05	403.75
21192	1	386.45	386.05
21163	1	421.9	421.4
21148	1	421.56	421.36
21159	3	420.2	418.1
21195	6	417	412.3
21150	2	425.8	425.7
21156	2	400.9	400.1
21199	2	437	436.8
21166	7	415.7	414.8
21171	2	432.99	430.99
21152	3	424.95	424.25
21156	1	401.2	400.9
21167	3	397.1	396.8
21172	2	432.48	427.48
21178	2	432.44	427.44
21188	1	405.75	405.05
21157	1	419.6	419.3
21163	4	418.9	417.4
21179	2	432.35	427.35
21158	3	419.8	417.8
21160	7	417.3	415.9
21153	3	425.3	424.7
21191	1	383.1	382.5
21159	7	417	415.8
21161	1	421.9	421.6
21157	4	417.8	416
21160	1	420.9	420.6
21193	3	385.3	385.1
21154	4	399.95	396.5
21160	3	420.6	418.1
21199	7	436	434.7
21170	2	432.35	429.35
21181	2	432.64	428.14
21190	7	390.5	381.1
21165	6	416.2	415.8
21165	2	420	419.4
21162	4	419.4	418.1
21169	2	432.7	429.2
21184	2	432.18	427.38
21185	2	432.54	427.84
21155	1	401.2	400.4
21159	1	420.5	420.2
21196	2	417.4	417
21166	1	21166	21165.6
21197	2	417.5	414.9
21174	2	432.31	427.31
21148	6	421.16	419.56
21161	7	418.2	417.1
21167	1	397.4	397.1
21151	3	425	423.5
21194	1	383.85	383.65
21195	2	417.4	417
21197	6	414.9	412.5
21150	3	425.7	423.6
21160	4	418.1	417.3
21198	2	417.5	417
21150	6	423.6	421.6
21188	6	403.75	403.15
21192	9	384.85	383.05
21154	2	400.9	399.95
21191	7	382.5	377.1
21149	6	421.48	419.98
21158	7	416.7	415.6
21154	1	401.1	400.9
21149	2	421.78	421.48
21189	1	396.6	395.4
21164	3	420.3	418.2
21173	2	432.26	427.26
21166	4	416.7	415.7
21175	2	432.88	428.28
21148	2	421.36	421.16
21186	2	432.57	427.57
21158	4	417.8	416.7
21166	3	418.6	416.7
21151	6	423.5	421.3
21168	2	432.39	427.39
21159	4	418.1	417
21161	4	419.7	418.2
21155	7	400.4	399.2
21176	2	432.11	427.11
21157	7	416	414.7
21193	4	383.8	381.9
21194	4	383.4	382.35
21180	2	432.37	427.37
21162	7	418.1	417.1
21167	6	396.8	393.8
21156	7	400.1	399
21162	1	421.3	421
21151	1	425.6	425
21190	1	391.1	390.5
21162	3	421	419.4
21164	7	416.6	416.1
18182	6	401.2	399.6
18193	6	398.7	397.6
18181	3	401.4	400.9
17912	1	402.06	401.66
13034	6	401.34	394.79
5412	3	447.52	447.22
17914	7	370.95	368.85
4349	2	429.73	409.73
17913	35	402.25	382.25
21207	6	368.8	358.7
16999	3	401.35	400.85
12279	6	402.12	398.12
16999	2	402.7	401.35
16603	3	403	401.9
5414	7	433.94	427.54
12282	1	401.97	401.82
21201	9	369.2	368.55
12283	2	403.39	400.49
5414	3	435.04	433.94
21205	1	390.2	390
17914	6	382.45	370.95
17911	3	402.03	401.03
18182	2	402.7	401.6
5413	1	447.07	446.87
21204	9	370.8	369.5
12278	6	400.69	382.74
12282	3	401.82	400.82
21202	2	390.15	372.95
12284	2	402.94	400.74
5243	2	428.2	427.9
21201	1	389.55	389.4
12284	6	400.74	397.94
12279	1	403.22	402.87
17912	3	401.66	400.76
16999	6	400.85	382.7
12278	2	402.74	400.69
21202	1	390.25	390.15
21203	1	390.2	390.05
18182	3	401.6	401.2
18183	3	401.5	401
21200	9	369.35	368.35
17913	6	382.25	378.15
21201	2	389.4	369.2
21200	2	389.35	389.15
18183	2	402.5	401.5
12282	6	400.82	396.97
5414	1	435.54	435.04
17914	35	402.45	382.45
18181	6	400.9	399.3
12283	6	400.49	399.94
5412	7	447.22	433.22
5412	1	447.72	447.52
17911	1	402.33	402.03
21200	2	389.15	369.35
12279	3	402.87	402.12
17912	6	400.76	382.06
18193	2	402.7	398.7
21203	2	390.05	372.85
17913	7	378.15	368.45
5243	7	427.9	426.2
5413	3	446.87	445.72
21204	1	390.5	390.25
13034	2	402.79	401.34
16603	7	375.5	375
3886	2	427.68	387.68
12285	6	399.96	395.71
21207	2	376.7	368.8
17913	9	368.45	362.25
17914	9	368.85	362.45
21206	6	369.2	364
12285	1	400.71	400.56
21204	2	390.25	370.8
16603	6	401.9	375.5
17911	6	401.03	382.33
18183	6	401	399.3
12285	3	400.56	399.96
5413	7	445.72	432.57
18181	2	402.7	401.4
21206	2	376	369.2
21205	2	390	372.6
21216	6	412.75	410.3
21214	1	415.5	414.25
21213	1	414.45	413.75
21213	6	413.75	411.55
21214	7	414	410.7
21211	1	414.3	413
21210	7	412.3	410.4
21215	6	413.7	411
21217	6	412.5	410.6
21211	7	413	409.6
21214	6	414.25	414
21216	1	413.6	412.75
21213	7	411.55	409.95
21210	1	415	414.1
21217	7	410.6	408.9
21217	1	413.4	412.5
21215	7	411	409.2
21210	6	414.1	412.3
21212	1	414.3	413.65
21215	1	414.5	413.7
21212	7	413.65	409.6
21233	3	404.8	404
21220	9	385.57	383.17
21228	7	433.31	431.31
21222	2	386.37	385.57
21233	1	404.9	404.8
21231	2	404.65	402.9
21218	6	413.45	410.5
21225	7	435.12	432.62
21226	1	435.96	435.46
21233	6	404	392.3
21230	6	404.55	401.3
21219	7	412.5	411.3
21232	6	404.2	391.2
21219	1	415.8	414.85
21234	7	421.1	399.6
21222	7	385.57	383.97
21220	3	387.17	385.57
21224	2	385.58	385.13
21232	1	405	404.8
21221	3	386	385.1
21230	3	404.95	404.55
21237	6	419.35	418.65
21232	3	404.8	404.2
21224	9	383.63	381.63
21221	9	385.1	382.7
21224	1	385.73	385.58
21231	6	402.9	402.5
21222	9	383.97	382.57
21226	3	435.46	434.86
21237	2	420.5	419.35
21223	2	386.68	385.18
21229	7	434.27	432.27
21236	7	419.79	411.64
21223	1	386.78	386.68
21227	1	434.58	434.18
21219	6	414.85	412.5
21223	9	385.18	382.68
21236	6	420.04	419.79
21225	3	435.97	435.12
21227	7	433.48	431.88
21226	7	434.86	432.76
21227	3	434.18	433.48
21229	1	435.47	435.07
21224	7	384.63	383.63
21230	1	405.15	404.95
21236	2	422.64	420.04
21218	1	414.1	413.45
21228	1	434.41	433.96
21228	3	433.96	433.31
21224	6	385.13	384.63
21225	1	436.32	435.97
21231	1	404.9	404.65
21234	1	421.6	421.1
21221	2	386.8	386
21235	2	421.25	420.75
21234	9	399.6	396.6
21237	7	418.65	412.5
21235	9	401.05	396.25
21222	1	386.57	386.37
21229	3	435.07	434.27
21235	7	420.75	401.05
5417	7	426.48	415.93
5415	3	428.14	426.79
13381	6	429	428.3
13381	2	433.6	429
5415	1	428.74	428.14
13916	6	432.4	425.4
5418	7	424.14	411.84
13379	2	432.5	428.6
7448	1	427.4	426.8
7449	3	429.4	426.75
13380	1	434	433.6
13379	1	433	432.5
13380	6	433.6	433
5418	1	424.84	424.64
5418	3	424.64	424.14
7448	7	424.5	417.4
13916	1	433.4	432.4
7449	7	426.75	418.75
5417	3	427.63	426.48
7449	1	429.65	429.4
5417	1	427.93	427.63
13379	6	428.6	427.3
13381	1	434	433.6
5415	7	426.79	421.74
7448	3	426.8	424.5
14098	1	433.3	432.6
14085	38	437	436.4
14093	38	435	434.85
14095	3	432.9	432.35
14085	6	433.1	431.3
15617	8	418.5	410.7
7450	7	429.25	423.6
14093	6	433.85	426.5
10324	7	409.6	409
14093	3	434.85	433.85
7450	1	430.25	430.05
15616	7	424.65	418.35
10718	3	427.5	426
14085	38	436.4	433.1
10324	3	411.7	411.5
14086	6	433.6	431.2
17949	38	419.75	419.35
14086	38	434.6	433.6
14098	6	432.6	418.3
15617	1	430.4	429.2
15617	7	429.2	418.5
18641	7	433.84	422.04
7450	3	429.65	429.25
10324	6	411.5	409.6
10718	1	427.7	427.5
10718	7	426	425.5
14095	6	432.35	426
15616	8	418.35	411.25
17949	7	419.35	407.75
18641	38	434.04	433.84
7450	2	430.05	429.65
10324	1	411.9	411.7
15616	6	426.95	424.65
14095	38	433	432.9
15616	1	428.15	426.95
5566	38	429.8	429.4
2424	8	430.35	429.05
5566	7	425.6	425.4
4725	1	429	428.8
2424	2	443.75	443.05
5564	6	417.95	417.55
5563	6	419.45	416.35
5566	6	427.6	425.6
2427	3	420.2	419.6
5565	1	422.1	421.6
4726	6	419.1	413.2
5563	1	419.85	419.45
5565	6	420.1	417.9
2426	5	422.21	420.81
2427	1	420.6	420.2
5570	6	422	420.9
2427	5	419.6	418.4
5567	3	426.75	424.85
2424	1	444.05	443.75
5565	3	421.6	420.1
4725	2	428.8	426.9
5569	3	424	420.6
5567	38	427.25	426.75
2426	3	422.71	422.21
2424	7	443.05	430.35
2818	2	446.75	445.55
5562	3	418.9	416.8
4726	7	413.2	412.2
2818	9	441.55	431.75
4726	2	422.2	419.1
5567	7	423.75	423.05
2426	2	423.21	422.71
4725	7	424.8	423
2427	6	418.4	400.6
2426	6	420.81	415.91
5570	1	423.9	423.5
5567	6	424.85	423.75
2426	1	423.51	423.21
5570	3	423.5	422
5564	3	420.55	417.95
5564	2	420.95	420.55
4725	6	426.9	424.8
5569	1	424.4	424
5562	1	419.3	418.9
2818	1	445.55	445.25
2426	7	415.91	408.11
5564	1	421.25	420.95
2818	7	445.25	441.55
5566	3	429.4	427.6
1661	3	455	451.8
1661	12	427	425.2
1661	9	451.8	427
1659	9	454.6	433.5
8750	6	418.9	418.1
9907	7	416	415.1
9715	7	395.15	394.6
10633	6	421	419
9712	3	395	394
9715	3	396.3	395.15
10633	3	421.5	421
8322	4	416	414.9
12255	3	418.5	417.1
2819	2	457.3	456.4
3599	1	405.48	405.28
2819	7	456.4	451.3
8750	5	421.6	420.9
11005	1	424.2	423.9
10633	1	421.8	421.5
12255	4	417.1	416
10634	6	418.4	415.8
12257	4	417.2	417
4727	1	420.95	420.75
8750	1	422.2	421.9
10936	3	421.3	419.7
10051	3	422.2	421.8
9907	3	421.4	420.3
9909	7	418.66	417.26
10936	1	421.5	421.3
9715	1	396.6	396.3
9714	1	396.56	396.26
9907	1	421.8	421.4
9708	3	392.4	392.7
9908	6	421.89	418.09
5573	1	421.06	420.66
9907	6	420.3	416
5573	3	420.66	420.36
9908	1	422.89	422.59
8322	1	418.3	418
3598	7	405.62	402.82
10634	1	419	418.7
9712	1	395.4	395
5560	7	414.4	414.1
4727	6	419.65	415.05
11005	6	423.3	422
2819	8	451.3	442.3
10936	4	419.7	418.8
11005	3	423.9	423.3
11023	7	419.5	418.9
3599	3	405.28	404.63
4727	7	415.05	410.7
9908	7	418.09	416.59
8750	4	420.9	418.9
8322	6	414.9	414.6
9713	1	395.2	395
11023	6	420.5	419.5
8750	2	421.9	421.6
10051	1	422.5	422.2
8322	3	418	416
11023	3	421.2	420.5
3599	7	403.43	401.48
3598	1	406.82	406.62
4727	2	420.75	419.65
9909	3	423.16	422.96
11023	1	421.5	421.2
5573	7	414.96	413.06
9714	3	396.26	394.46
5573	6	420.36	414.96
10634	3	418.7	418.4
5560	6	415.2	414.4
9714	7	394.46	394.16
9908	3	422.59	421.89
5560	1	417.6	417.3
10051	6	421.8	420.5
9909	1	423.46	423.16
3599	4	404.63	403.43
9713	3	395	393.8
9910	7	423.51	418.91
9909	6	422.96	418.66
5560	3	417.3	415.6
3598	3	406.62	405.62
12257	38	419.2	418.8
9709	3	395.1	393.6
9910	3	424.51	423.51
12257	3	418.8	417.2
9910	1	424.91	424.51
12255	38	418.9	418.5
5560	4	415.6	415.2
21254	2	437.27	436.47
21238	7	354.39	351.89
21240	6	398.31	397.66
21239	35	405.61	405.01
21241	2	400.44	398.94
21255	1	436.8	436.6
21243	3	399.24	398.44
21259	6	414.79	410.29
21243	6	398.44	397.64
21257	6	413.65	412.45
21239	9	346.06	344.11
21257	3	414.35	413.65
21238	6	403.99	356.39
21238	3	404.79	403.99
21239	3	405.01	404.51
21240	2	400.46	398.31
21247	35	442	192
21255	7	436.6	424.8
21246	18	432	192
21252	18	413.75	195.75
21251	35	442	192
21238	8	356.39	354.39
21258	1	415.53	415.13
21256	7	411.89	406.69
21257	7	412.45	408.95
21260	6	415.29	410.59
21258	7	410.83	403.53
21243	2	400.44	399.24
21250	35	442	192
21256	1	414.69	413.69
21242	2	400.46	398.66
21252	7	441.75	413.75
21239	7	349.61	346.06
21259	3	415.29	414.79
21246	1	442	440
21241	3	398.94	398.44
21260	7	410.59	407.59
21241	6	398.44	397.64
21238	2	405.39	404.79
21249	35	442	192
21244	6	447.48	446.53
21238	9	351.89	345.39
21082	7	441.7	413.7
21253	7	434.26	425.16
21257	2	414.95	414.35
21244	2	449.18	447.48
21248	35	442	192
21239	6	404.51	349.61
21082	18	413.7	195.7
21260	2	415.59	415.29
21246	7	440	432
21244	18	446.53	441.18
21256	6	413.69	411.89
21259	7	410.29	409.29
21253	2	435.16	434.26
21258	6	415.13	410.83
21242	3	398.66	397.96
21254	7	436.47	425.27
21271	9	367	363.3
21268	2	433.7	432
21268	7	432	428.7
21272	9	361.4	359.2
21266	6	431.8	430.6
21277	6	400.8	399.8
21266	7	430.6	429.5
21280	2	402.1	401.55
21271	3	401.4	400.9
21271	2	402.2	401.4
21278	2	401.75	399.9
21263	2	434.2	432.7
21264	2	433.9	431
21276	6	400.1	399.4
21270	6	403	378.4
21280	6	400.9	394.1
21265	2	431.5	427.5
21276	2	401.6	400.4
21274	6	398.6	365.8
21279	2	21279	21277
21269	6	430.2	429.5
21261	1	421.46	420.96
21278	3	399.9	399.75
21262	6	420.59	411.39
21269	7	429.5	428.5
21277	38	401.8	400.8
21276	3	400.4	400.1
21264	6	431	429.7
21273	9	370.8	369.8
21281	3	400.9	400.5
21273	2	402.8	400.8
21262	1	421.39	420.59
21270	2	403.5	403
21267	7	428.95	428.7
21266	2	434.5	431.8
21274	3	400.9	398.6
21281	6	400.5	366.9
21261	6	420.96	411.46
21272	7	365.6	361.4
21269	2	433.5	430.2
21263	6	432.7	431.4
21275	2	401.5	400.5
21280	3	401.55	400.9
21267	6	432.1	428.95
21272	6	400.2	365.6
21263	7	431.4	419.2
21270	9	378.4	373.5
21271	6	400.9	367
21279	6	21277	21271
21275	6	400.5	399.3
21267	2	433.7	432.1
21281	2	401.9	400.9
21265	7	427.5	416.5
21264	7	429.7	418.9
21274	2	401.3	400.9
21273	6	400.8	370.8
21278	6	399.75	399.55
21272	2	401.3	400.2
21282	2	413.02	412.02
21284	3	420.65	419.75
21287	2	436.28	435.6
21289	1	437.7	437.57
21283	1	411.35	410.9
21287	7	435.6	435.2
21289	2	437.57	435.55
21282	6	409.92	405.92
21284	7	419.75	417.65
21285	3	420.6	419.8
21286	1	422.15	421.75
21287	1	436.4	436.28
21283	7	404.3	401
21286	2	421.75	420.75
21288	1	437	436.91
21288	7	435.75	435.45
21285	7	419.8	417.7
21282	3	412.02	410.92
21286	7	420.25	418.15
21282	5	410.92	409.92
21290	2	373.86	373.06
21284	1	421.15	420.65
21291	2	375	372.75
21288	2	436.91	435.75
21291	6	372.75	360
21282	1	413.32	413.02
21285	1	421	420.6
21283	5	410.9	409.7
21290	6	373.06	358.86
21286	3	420.75	420.25
21282	7	405.92	402.02
21283	6	409.7	404.3
21398	7	484	468
21398	18	468	264
21397	18	468	264
21395	18	469	285
21396	7	485	469
21397	7	484	468
21395	7	485	469
21396	18	469	285
21292	2	381	380.3
21293	3	380.45	380.15
21295	2	397.3	395.45
21295	6	395.45	379.3
21298	1	433.87	433.67
21293	2	381.15	380.45
21292	1	381.3	381
21293	2	381.3	381.15
21299	3	433.86	431.86
21299	1	434.06	433.86
21294	2	398.1	397.3
21294	6	397.3	380.1
21298	3	433.67	432.97
21300	5	373.09	368.79
21297	2	436.41	433.51
21301	5	370.8	369.2
21298	18	432.97	426.57
21293	6	380.15	378.8
21296	1	436.61	436.41
21299	18	431.86	427.06
21297	18	433.51	421.61
21300	6	368.79	361.49
21296	18	434.21	426.41
21301	6	369.2	361
21296	7	435.16	434.21
21301	2	375	370.8
21300	2	375.49	373.09
21297	1	436.61	436.41
21292	6	380.3	378.35
21296	3	436.41	435.16
21319	6	422.93	420.08
21306	1	346	345.8
21304	11	327.7	317.5
21322	6	422	418.95
21308	3	401.3	400.8
21302	1	347.7	347.4
21303	6	352.8	337
21307	1	347.4	347.2
21303	1	353	352.8
21304	3	342.9	342.6
21305	6	352.8	350.3
21322	1	422.95	422.5
21303	11	337	323
21305	1	353	352.8
21321	1	425.07	424.87
21323	6	424.17	420.77
21302	3	347.4	346.4
21304	1	343.2	342.9
21319	1	424.38	423.78
21323	3	424.67	424.17
21321	3	424.87	424.62
21321	6	424.62	420.87
21322	3	422.5	422
21306	6	345.8	343
21308	1	401.5	401.3
21320	6	421.33	417.93
21302	6	346.4	338.7
21320	1	422.23	421.83
21308	6	400.8	397.5
21304	6	342.6	327.7
21307	6	346.7	344.5
21308	7	397.5	391.5
21307	3	347.2	346.7
21323	1	425.07	424.67
21319	3	423.78	422.93
21320	3	421.83	421.33
21315	1	385.7	385.3
21310	7	390.4	383.3
21312	7	388.3	375.6
21311	7	389.9	363.95
21313	9	374	372.3
21314	2	389.1	387.3
21312	1	391.4	391.1
21315	7	384.6	373.5
21310	6	393.4	390.4
21311	3	390.5	389.9
21312	2	391.1	388.3
21314	1	389.4	389.1
21313	3	386.6	385.6
21314	9	375.3	372.4
21310	1	393.8	393.55
21311	12	363.95	361.1
21314	7	387.3	375.3
21313	7	385.6	374
21311	1	391.1	390.9
21315	2	385.3	384.6
21313	2	387.3	386.6
21312	9	375.6	371.2
21315	9	373.5	367.7
21311	2	390.9	390.5
21310	9	383.3	371.3
21310	3	393.55	393.4
21365	8	407.58	406.18
21369	1	432.1	431.5
21375	6	419.6	418.6
21329	18	398.1	397.3
21400	6	423.13	422.43
21338	1	395.8	395.4
21359	7	402.53	394.03
21351	6	410.92	407.13
21360	6	411.18	405.93
21367	2	411.43	411.23
21391	6	438	434.7
21344	6	412.62	406.12
21369	9	424.5	419.1
21330	1	419.9	419.65
21366	8	408.28	407.18
21335	7	426.1	418.85
21318	9	372.6	371.3
21327	7	433.4	430.9
21375	2	420.6	419.6
21385	2	380.07	378.07
21317	7	383.15	372.45
21355	2	415.96	414.96
21356	2	411.83	411.38
21361	6	412.08	405.88
21353	2	415.95	414.85
21373	1	389.8	389.5
21379	6	416.8	415.1
21331	2	419.3	418.5
21379	1	418.3	418
21349	2	415.43	414.03
21328	7	403.15	399.85
21344	2	415	412.62
21327	9	430.9	427.2
21375	7	418.6	353.6
21370	7	429.7	422.5
21373	2	389.5	389.2
21393	7	424.4	422.1
21386	3	378.9	377.6
21362	6	411.08	407.43
21384	4	380.38	378.28
21345	1	414.03	413.68
21376	10	363.2	357.95
21390	6	413.41	409.21
21349	6	414.03	409.43
21394	2	424.2	422.8
21374	9	390.25	356.25
21378	7	424.45	412.75
21339	7	382.8	380.6
21394	7	422.8	421.2
21399	2	424.2	416.5
21375	18	353.6	350.6
21394	1	424.5	424.2
21382	2	380.22	376.62
21368	6	410.95	407.38
21357	2	411.03	410.83
21367	6	411.23	407.93
21359	2	411.03	410.53
21379	7	415.1	414.3
21387	1	379.55	379.15
21324	7	433.2	429
21352	2	415.43	414.73
21329	9	399.1	398.1
21341	6	386.2	382.6
21327	1	433.85	433.4
21362	2	411.43	411.08
21383	6	379.53	372.03
21386	2	379.3	378.9
21390	7	409.21	407.01
21341	2	388.9	386.2
21346	6	412.63	406.43
21337	2	395.5	394.8
21343	1	395.4	395
21387	3	379.15	378.75
21374	2	414.25	411.25
21318	7	384.05	372.6
21401	2	424.84	423.44
21325	9	429.7	423.2
21364	6	411.11	404.96
21330	6	419.1	411.1
21376	7	402.3	391
21371	1	390.5	390.2
21334	1	426.5	426.35
21326	9	428.8	426.2
21327	2	434.2	433.85
21339	6	390.1	382.8
21334	7	424.4	418.75
21358	6	410.68	406.83
21391	1	438.8	438
21387	4	378.75	376.35
21345	6	413.68	406.43
21348	6	414.8	406.9
21377	2	424.4	420.5
21376	11	357.95	335.5
21342	1	391.4	391.2
21371	6	389.9	387.4
21367	7	407.93	404.43
21340	1	393.8	393.6
21352	6	414.73	409.43
21309	1	395.85	395.45
21325	7	433.2	429.7
21354	6	413.06	409.96
21376	9	391	363.2
21378	1	427.75	427.65
21400	7	422.43	416.73
21385	6	372.27	370.07
21354	7	409.96	405.86
21354	2	415.86	413.06
21343	6	395	386.1
21383	2	383.03	379.53
21366	7	408.58	408.28
21358	2	411.03	410.68
21347	6	414.38	406.43
21378	2	427.65	424.45
21357	6	410.83	404.03
21342	2	391.2	390.2
21333	7	421.1	413.9
21363	2	411.43	411.03
21389	6	411.56	406.56
21390	3	414.51	413.41
21337	1	396	395.5
21328	2	409.65	409.25
21379	3	418	417.4
21361	2	415.88	412.08
21345	2	415.43	414.03
21366	6	411.02	408.58
21344	1	415.12	415
21389	3	412.56	411.56
21341	1	389.6	388.9
21332	7	422.8	415.2
21350	6	414.03	406.43
21351	2	411.13	410.92
21389	2	414.56	412.56
21392	2	424.7	422.6
21329	2	409.3	408.7
21336	6	430.95	428.95
21388	18	397	167
21369	7	431.5	424.5
21380	1	418.4	418
21326	7	433.2	428.8
21316	7	373.2	366.8
21370	1	430.7	429.7
21318	2	385.9	384.05
21331	7	409.7	389.3
21324	9	429	426.2
21346	2	415.43	412.63
21386	6	376.2	374.6
21316	2	375.6	375
21356	6	411.38	407.63
21355	6	414.96	409.96
21365	6	411.03	407.58
21350	2	415.43	414.03
21400	2	424.43	423.93
21338	6	393.2	388.8
21328	18	399.85	397.65
21334	2	426.35	424.4
21340	7	383.3	381.8
21328	6	408.45	403.15
21388	7	417	397
21392	7	422.6	421.4
21382	6	373.72	371.22
21380	4	417.4	416.4
21372	1	390.1	389.8
21333	3	422.2	421.1
21333	2	422.9	422.2
21392	1	425.2	424.7
21364	7	404.96	404.46
21338	2	395.4	393.2
21376	2	402.7	402.3
21380	7	414.6	414.4
21377	1	424.5	424.4
21393	3	424.9	424.4
21387	6	376.35	375.35
21364	2	411.46	411.11
21316	1	375.8	375.6
21393	1	425.2	424.9
21363	6	411.03	407.23
21339	1	390.6	390.1
21328	3	409.25	408.45
21374	18	356.25	354.25
21377	7	420.5	409.5
21380	6	416.4	414.6
21384	6	378.28	376.68
21342	6	390.2	386.2
21330	3	419.65	419.1
21385	3	378.07	376.77
21385	4	376.77	372.27
21368	7	407.38	404.18
21374	7	408.25	390.25
21329	6	408.2	401.8
21368	2	411.18	410.95
21400	3	423.93	423.13
21360	7	405.93	404.43
21337	6	394.8	388
21309	6	395.45	389.85
21384	3	383.68	380.38
21347	2	415.43	414.38
21336	2	431.55	430.95
21370	9	422.5	420.7
21384	2	385.68	383.68
21340	6	391.3	383.3
21330	7	411.1	390.9
21390	2	415.01	414.51
21371	3	390.2	389.9
21329	3	408.7	408.2
21365	2	411.18	411.03
21335	1	426.6	426.1
21340	2	393.6	391.3
21360	2	411.43	411.18
21380	3	418	417.4
21372	2	389.8	387.9
21329	7	401.8	399.1
21359	6	410.53	402.53
21317	2	384.45	383.15
21374	6	411.25	408.25
21331	6	418.5	409.7
21316	3	375	373.2
21401	7	423.44	416.84
21366	2	411.18	411.02
21382	3	376.62	373.72
21348	2	415.9	414.8
21353	6	414.85	409.75
21386	4	377.6	376.2
21379	4	417.4	416.8
21400	1	424.73	424.43
21386	1	379.6	379.3
21332	2	423.2	422.8
21343	7	386.1	384.4
21405	1	470.65	470.35
21403	1	466.7	466.5
21403	3	465.85	465.55
21404	1	469.93	469.73
21407	1	466.35	466.05
21406	18	461.78	457.78
21404	18	466.93	461.93
21405	2	470.35	470.05
21402	1	470.83	470.53
21403	2	466.5	465.85
21404	3	469.73	469.38
21406	2	465.78	464.78
21402	3	470.53	466.13
21406	3	464.78	464.43
21406	7	464.43	461.78
21407	18	464.75	463.35
21407	18	463.35	461.85
21404	18	469.38	466.93
21402	7	466.13	463.73
21403	18	462.7	458.7
21405	18	469.4	463.35
21403	7	465.55	462.7
21402	18	463.73	462.83
21405	7	470.05	469.4
21407	2	466.05	464.75
732	18	396.9	395.95
739	18	400.84	400.19
1280	9	431.02	411.98
1154	9	410.95	408.1
21418	4	377.12	374.92
21424	2	378.35	377.25
21408	3	465.07	464.87
1154	1	423.25	422.65
12366	6	398.51	395.21
21416	7	416.6	412.6
21419	4	376.72	374.62
1154	7	422.65	415.15
733	18	396.48	396.38
818	6	413.85	410.75
731	18	397.56	397.21
732	7	407.4	399.4
17406	1	413.04	412.34
342	9	413.12	410.72
732	1	410.1	408.3
17406	6	412.34	412.04
10766	6	407.9	405.1
21408	18	464.87	458.37
7512	7	393.72	389.22
342	6	420.42	419.62
21412	2	428.8	427.25
10766	2	409	407.9
21408	1	466.37	466.12
818	9	402.4	399.25
733	9	399.83	396.48
21414	3	422.15	419.7
21415	3	422.5	421.5
21422	2	378.18	377.43
17406	7	412.04	403.04
21424	6	371.25	353.35
21425	4	375.94	374.44
1154	8	415.15	410.95
17407	15	405.29	403.39
7512	2	398.92	397.32
5593	1	409.3	408.9
7513	7	393.33	390.63
731	7	408.76	399.61
739	1	412.59	412.09
21411	6	420.7	415.2
21419	2	378.12	376.72
817	2	415.9	415.1
5593	3	408.9	407.9
342	1	421.12	420.42
818	38	414.75	413.85
7512	6	397.32	393.72
17406	9	403.04	401.04
819	7	410.7	403
817	9	403.5	401.3
17407	1	414.39	413.99
731	6	410	408.76
21416	18	368.6	367.1
738	7	413.49	406.39
12610	1	420.55	420.25
1280	12	411.98	399.98
17408	6	414.4	412.8
819	8	403	401.5
17408	1	414.8	414.4
12366	2	401.81	398.51
735	1	413.41	412.71
817	7	413.65	405.4
7513	2	398.93	395.93
21415	1	423.5	422.5
818	7	410.75	404.55
732	6	408.3	407.4
10766	7	405.1	394
21410	3	420.75	420
21418	2	378.22	377.12
738	1	415.49	415.09
21420	2	377.98	372.98
21422	3	377.43	375.18
21410	7	399.5	386.3
21424	3	377.25	376.55
21408	2	466.12	465.07
21411	1	423.2	422.55
21412	3	427.25	426.8
735	7	412.41	403.41
21412	6	426.8	424.3
21413	1	423.5	422.5
21422	4	375.18	374.68
739	9	402.09	400.84
17407	7	412.39	405.29
5593	6	407.9	393.9
731	2	410.96	410
732	9	399.4	396.9
819	6	413.8	410.7
1280	1	440.48	438.88
21413	6	422.5	415.5
12610	3	420.25	419.55
21414	6	419.7	415.3
12610	6	419.55	415.35
818	8	404.55	402.4
17408	15	405.7	403.8
21410	2	421.3	420.75
21425	6	374.44	374.04
21421	4	376.06	374.06
735	18	401.41	399.91
21410	6	420	399.5
733	1	412.13	410.93
21425	3	377.19	375.94
17408	7	412.8	405.7
21415	6	421.5	415.5
21416	2	419.1	416.6
731	9	399.61	397.56
21416	9	412.6	368.6
17407	6	413.99	412.39
735	9	403.41	401.41
1280	7	438.88	431.02
7513	6	395.93	393.33
733	7	409.73	399.83
10766	9	394	393
817	1	416.3	415.9
342	7	419.62	413.12
21411	2	422.55	420.7
817	6	415.1	413.65
21423	4	376.91	374.21
21424	4	376.55	371.25
819	9	401.5	398.1
21421	2	378.06	376.06
738	6	415.09	413.49
738	18	406.39	404.49
21425	2	378.04	377.19
733	6	410.93	409.73
819	38	415.1	413.8
817	8	405.4	403.5
21420	6	372.98	352.98
739	7	412.09	402.09
17406	15	401.04	399.54
21414	1	423.9	422.15
735	6	412.71	412.41
21423	3	377.61	376.91
21423	2	378.21	377.61
21412	7	424.3	420.8
21437	3	374.98	374.18
21434	3	375.66	374.26
21439	4	372.02	368.72
21433	2	376.6	376.2
21436	3	375.59	374.29
21430	4	374.42	371.22
21428	6	375.95	347.7
21426	6	374.69	373.84
21432	2	376.59	374.09
21426	2	377.84	377.04
21438	4	373.79	372.29
21432	6	368.99	351.59
21430	6	371.22	367.12
21435	4	374.96	372.66
21431	4	374.43	373.13
21435	2	376.16	375.66
21436	2	375.99	375.59
21438	3	374.79	373.79
21432	4	374.09	368.99
21436	6	369.49	367.99
21429	4	374.18	373.68
21433	3	376.2	374.6
21439	2	375.22	372.02
21437	4	374.18	372.48
21417	7	494	482
21435	3	375.66	374.96
21434	4	374.26	372.76
21440	4	371.24	367.64
21437	2	375.98	374.98
21429	6	373.68	352.18
21417	9	482	441
21417	1	495	494
21440	2	375.24	371.24
21433	4	374.6	373.1
21430	2	377.12	374.42
21427	2	377.71	376.11
21417	11	441	359
21436	4	374.29	369.49
21426	4	377.04	374.69
21427	4	376.11	374.86
21438	2	375.79	374.79
21428	2	377.7	375.95
21429	2	377.18	374.18
21427	6	374.86	373.71
21431	2	376.63	374.43
21434	2	376.26	375.66
21456	9	420	394
21452	4	372.53	367.63
21449	6	370.28	369.18
21442	4	373.37	373.17
21451	6	371.64	350.24
21444	6	372.68	370.13
21453	2	375.2	370.7
21451	2	375.24	371.64
21448	6	370.24	368.99
21453	6	366.1	350
21450	6	370.05	366.05
21447	2	375	371
21450	4	371.58	370.05
21457	18	344	146
21443	2	375.12	372.32
21455	7	455	423
21446	2	375.1	371.55
21446	4	371.55	370.9
21449	2	375.18	373.38
21452	2	375.23	372.53
21448	4	371.14	370.24
21447	6	371	369
21450	2	375.05	371.58
21448	2	374.99	371.14
21457	38	376	372
21445	6	372.9	369.8
21443	6	372.32	370.22
21441	2	375.12	371.87
21456	1	430	428
15510	18	391	265
21442	6	373.17	370.17
21453	4	370.7	366.1
21457	7	372	344
15510	9	405	391
21456	18	394	175
21452	6	367.63	349.93
21444	2	375.13	372.68
21441	6	371.87	366.12
21446	6	370.9	369.6
21455	18	423	290
21445	2	375.1	372.9
21449	4	373.38	370.28
21456	7	428	420
21442	2	375.17	373.37
1593	7	380.3	379.7
1593	3	382.1	380.9
1729	7	434.46	430.51
1281	9	412.45	406.6
1282	7	437.57	427.07
2740	7	412.52	409.02
1301	1	447.22	445.22
2749	9	397.08	393.98
2216	9	414.16	413.16
1282	12	405.17	400.97
2740	6	418.52	412.52
2216	7	420.36	414.16
1731	2	435.16	431.86
1283	7	449.27	435.27
1281	12	406.6	402.75
1593	6	380.9	380.3
2216	6	422.66	420.36
2749	7	400.08	398.78
1301	9	408.22	396.92
2216	38	424.16	422.66
2749	38	403.08	400.08
1281	7	452.55	412.45
2215	38	423	420.35
1281	1	452.95	452.55
1729	2	434.76	434.46
1731	1	435.36	435.16
2215	7	420	413.8
1593	18	379.7	370.7
2749	18	393.98	383.08
2740	38	420.52	418.52
2749	8	398.78	397.08
1282	9	427.07	405.17
2215	6	420.35	420
1298	7	450.19	427.19
1731	9	431.86	431.36
1729	9	430.51	424.76
1301	7	445.22	421.22
2215	9	413.8	412
1283	9	435.27	410.27
2740	9	409.02	402.52
1298	9	427.19	409.09
21469	18	377	127
21470	18	377	127
21471	18	377	127
21473	18	377	157
21467	7	402.3	376.3
21467	18	345.8	344.8
21472	18	377	157
21467	6	418.3	402.3
21468	7	377.59	376.59
21468	18	376.59	126.59
21459	6	422	394
21474	18	377	157
21459	2	426	422
21459	18	394	126
21467	12	358.3	345.8
21467	2	420.3	418.3
21467	9	376.3	358.3
21491	9	390.75	366.35
21499	6	421.75	420.2
21498	3	424	423.6
21483	9	368.3	354.3
21491	6	406.65	398.85
21499	8	402.75	397.65
21520	18	353.3	349.9
21488	2	385.04	383.04
21501	7	404.4	392.2
21491	11	366.35	360.45
21501	9	392.2	381.4
21497	6	425.3	423.65
21526	6	366.95	354.95
21482	9	372	354
21499	3	422.55	421.75
21498	9	395.45	389.3
21521	4	370.65	368.65
21491	12	360.45	357.55
21490	7	398.35	388.25
21526	1	374.95	374.5
21520	2	372.9	371.1
21489	7	389.15	379.15
21499	18	379.4	375.2
21492	11	367.55	359.15
21496	1	422.7	422.3
21520	7	357.9	353.3
21523	2	374.3	373.1
21491	2	407.15	406.65
21496	6	422.3	412.8
21490	11	365.15	359.65
21524	2	374.1	370.5
21526	2	374.5	372.75
21520	6	368.9	357.9
21493	7	413.45	406
21490	9	382.65	365.15
21483	2	374.3	372.3
21526	4	372.75	366.95
21489	12	359.15	355.15
21495	2	419.1	418.1
21525	6	369.95	354.95
21492	8	398.85	397.15
21484	12	363.77	349.77
21485	11	358.95	357.95
21498	6	423.6	417.3
21522	4	372.8	369.7
21484	9	408.77	365.77
21481	2	373.15	371.15
21495	6	416.9	412.8
21500	7	417.1	413.4
21485	9	391.95	358.95
21486	9	390.1	364.1
21493	6	414.4	413.45
21497	9	394.7	385.3
21495	3	418.1	416.9
21491	8	397.3	394.55
21490	8	388.25	382.65
21499	2	423.4	422.55
21482	2	374	372
21489	2	395.15	391.15
21491	7	394.55	390.75
21484	2	411.77	408.77
21494	7	414	411.7
21521	2	373.15	370.65
21488	9	381.04	357.04
21480	2	372.9	370.9
21493	2	416	414.4
21500	2	419.4	418.9
21492	7	397.15	396.35
21524	6	369.1	353.6
21500	6	418.9	417.1
21489	6	391.15	389.15
21489	9	379.15	359.15
21521	6	368.65	352.85
21523	6	370.3	352.3
21520	4	371.1	368.9
21497	7	423.65	396.15
21487	2	393.5	389.5
21524	4	370.5	369.1
21492	9	396.35	367.55
21525	2	374.95	372.65
21522	2	374	372.8
21481	9	371.15	353.15
21498	1	424.3	424
21527	4	370.9	369.9
21525	4	372.65	369.95
21501	2	413.9	407.6
21501	6	407.6	404.4
21494	8	411.7	410.4
21490	2	399.65	398.35
21497	8	396.15	394.7
21499	7	420.2	402.75
21488	11	357.04	355.04
21527	2	375.9	370.9
21495	7	412.8	409.1
21496	7	412.8	397.7
21499	9	397.65	379.4
21484	11	365.77	363.77
21483	7	372.3	368.3
21492	2	408.15	407.55
21488	7	383.04	381.04
21494	2	416	414
21522	6	369.7	351
21494	7	410.4	406
21491	7	398.85	397.3
21521	7	352.85	350.15
21492	7	407.55	398.85
21487	9	389.5	363.5
21498	7	417.3	395.45
21486	2	394.1	390.1
21523	4	373.1	370.3
21480	9	371.1	357.9
21500	9	413.4	379.4
21518	7	383.2	382.2
21509	12	352.06	343.06
21514	3	390.3	387.5
21508	9	380.8	354.8
21511	2	387.39	385.39
21517	8	377.6	374.95
21510	2	386.6	384.6
21505	4	383.66	382.96
21502	11	354.4	353.15
21516	2	385.2	383.9
21505	12	349.16	345.36
21503	12	351.2	346.1
21505	9	378.36	358.76
21506	2	389.9	385.9
21502	9	379.3	354.4
21504	2	387.96	386.06
21503	9	381.6	357.6
21517	7	374.95	366.05
21506	7	385.9	379.9
21503	7	385.75	381.6
21509	2	388.06	386.06
21509	11	356.06	352.06
21511	7	385.39	379.39
21505	7	381.66	378.36
21508	12	350.8	346.8
21513	8	373.2	370.2
21504	9	380.96	355.11
21512	2	387.26	385.26
21518	2	384.2	383.2
21504	7	384.96	380.96
21502	7	386.5	379.3
21511	12	351.39	342.39
21515	7	388.3	384.7
21519	9	383.2	355.2
21502	12	353.15	343.9
21514	2	391.3	390.3
21514	6	387.5	380.4
21512	11	359.26	351.26
21517	9	366.05	355.3
21508	11	354.8	350.8
21511	11	359.39	351.39
21502	2	386.9	386.5
21505	6	382.96	381.66
21513	6	391.2	373.2
21517	7	382.8	377.6
21504	11	355.11	349.46
21513	18	370.2	366.2
21503	6	386.2	385.75
21505	2	387.36	385.31
21518	9	382.2	354.2
21517	2	384.45	382.8
21519	2	390.2	387.2
21515	18	384.7	366.2
21516	12	374.3	370.2
21508	2	386.8	384.8
21510	11	358.6	354.6
21515	2	391.2	389.6
21503	11	357.6	351.2
21517	1	384.6	384.45
21504	6	386.06	384.96
21512	12	351.26	342.26
21507	7	385.6	381.6
21515	6	389.6	388.3
21510	9	384.6	358.6
21509	9	382.06	356.06
21504	12	349.46	345.46
21512	7	385.26	381.26
21510	12	354.6	341.6
21505	3	385.31	383.66
21512	9	381.26	359.26
21517	12	348.3	344.6
21511	9	379.39	359.39
21514	7	380.4	371.8
21507	2	387.6	385.6
21507	9	381.6	377.6
21517	11	355.3	348.3
21503	2	386.6	386.2
21514	18	371.8	370
21509	7	386.06	382.06
21508	7	384.8	380.8
21518	12	354.2	348.2
21505	11	358.76	349.16
21519	7	387.2	383.2
21516	6	383.9	374.3
21475	8	329.2	326.6
21476	18	336.4	330.4
21477	6	373.3	348.65
21475	7	326.6	320.8
21475	4	378.3	373.4
21475	5	382.1	378.3
21476	8	342.3	341.4
21476	6	373.4	346.2
21476	7	341.4	336.4
21475	2	383.6	382.1
21475	7	336.5	329.2
21475	18	320.8	304.1
21475	7	340.3	339.9
21476	4	376.9	373.4
21477	4	378.5	373.3
21477	2	383.3	383
21477	7	348.65	335.5
21476	5	382.4	376.9
21476	7	346.2	342.3
21476	2	383.4	382.4
21475	8	339.9	336.5
21477	18	335.5	333.3
21475	6	373.4	340.3
21477	5	383	378.5
21478	4	376.9	373.9
21479	6	373.9	348.4
21478	7	346.7	339.8
21478	2	383.4	382.4
21528	18	415	231
21529	7	431	411
21529	18	411	251
21478	5	382.4	376.9
21478	7	338.4	336.9
21528	7	431	415
21479	7	348.4	338.1
21530	7	457	429
21479	4	376.9	373.9
21479	18	338.1	335.9
21478	6	373.9	346.7
21479	5	382.4	376.9
21530	18	429	291
21479	2	383.4	382.4
21478	8	339.8	338.4
21478	18	336.9	329.4
2750	18	386.26	374.06
2751	2	395.35	393.65
2752	7	398.95	397.55
2754	2	385.13	381.38
2935	2	417.25	409.35
1865	2	409.55	408.25
1865	15	366.25	362.15
2758	2	405	403.6
2750	2	389.06	386.26
1865	7	404.55	398.9
1865	9	398.9	384.35
1865	6	408.25	404.55
2934	9	395.31	386.31
2755	1	406.04	405.74
2755	18	396.34	386.04
2752	8	399.95	398.95
2761	18	411.26	409.86
2752	9	397.55	394.35
2754	18	381.38	365.68
2935	7	409.35	397.25
2752	1	405.55	405.25
2761	38	420.36	419.11
2935	9	397.25	387.25
2754	1	385.68	385.13
2752	6	405.25	402.55
2752	18	394.35	380.25
2755	6	405.74	403.84
2934	4	401.31	400.71
2751	18	393.65	375.65
2761	6	419.11	415.71
2753	4	380.82	379.82
2758	7	403.6	387
2761	7	415.71	411.26
2934	7	397.21	395.31
2751	1	395.65	395.35
2753	18	379.82	365.82
2752	7	402.55	399.95
1865	12	384.35	366.25
2755	7	403.84	396.34
2934	2	416.31	401.31
2758	9	387	376.5
2934	6	400.71	397.21
21571	6	407.24	402.24
21574	1	409.68	408.58
21567	18	354	272
21572	1	406.76	406.16
21572	9	378.66	359.76
21573	1	400.24	398.84
21572	8	385.16	378.66
21575	6	404.34	400.34
21571	18	356.64	355.64
21573	9	393.84	358.84
21575	9	390.34	356.84
21574	6	408.58	405.58
21567	7	420	354
21571	7	402.24	389.14
21575	7	400.34	390.34
21575	1	406.34	404.34
21573	18	358.84	357.84
21571	9	389.14	356.64
21574	9	381.68	359.68
21572	7	406.16	394.76
21574	7	405.58	381.68
21573	7	398.84	393.84
21571	1	409.24	407.24
21574	18	359.68	358.68
21572	18	359.76	358.76
21575	18	356.84	352.34
21567	38	422	420
21572	9	394.76	385.16
2936	7	410.43	395.93
2936	6	412.28	410.43
2936	38	421.93	412.28
12514	8	391.62	381.22
12514	11	380.62	378.62
12514	6	407.27	399.82
12514	3	409.12	407.27
12514	9	381.22	380.62
12514	7	399.82	391.62
3607	38	433	429.5
3607	9	419	387.5
4597	7	417.63	413.78
4685	7	398.66	397.36
3120	6	425.6	425.2
5021	38	421.7	420.5
2938	9	392.86	386.16
4687	3	415.26	414.56
4683	1	417.76	416.86
4978	1	412.88	412.63
4980	9	393.6	379.8
4977	7	409.04	389.64
5017	18	402.55	379.65
5178	7	409.2	399.6
5019	7	412.9	411.65
4682	1	418.38	416.48
4597	9	413.78	405.78
4684	1	416.18	415.98
3118	9	415.86	407.86
4292	8	419.75	419.35
2939	2	415.91	413.71
3119	3	426.6	425.9
4288	9	414.91	411.11
3119	6	425.9	424.95
4684	6	415.98	409.78
5022	9	419.55	405.05
3119	9	416.3	412.7
4687	7	399.96	394.96
4292	7	419.35	414.05
5018	1	404.05	403.7
2938	7	413.71	392.86
5018	3	403.7	402.15
4685	1	414.96	414.76
4685	8	405.16	398.66
2938	38	416.16	413.71
5022	38	426.25	425.85
3116	1	429.53	428.73
4292	7	424.85	419.75
5018	18	402.15	374.95
4686	7	402.17	400.07
3119	7	424.95	416.3
4687	6	414.56	408.16
5021	18	409.65	376.5
5178	6	411	409.2
5020	18	407.3	377.7
4683	9	402.96	397.76
4686	9	400.07	386.67
4979	2	415.72	413.22
4682	7	416.48	406.98
4292	9	414.05	413.65
4684	8	401.48	398.58
4980	8	400.6	399.7
3118	38	427.86	427.06
5179	6	411.22	408.92
5178	2	413.3	411
5019	18	411.65	382.9
4978	18	388.68	376.88
4288	7	424.81	414.91
4980	2	412.3	411.8
4689	8	406.05	403.15
4597	6	419.28	417.63
4682	9	406.98	398.38
3117	7	428.64	417.34
4684	7	409.78	401.48
4980	3	411.8	411.5
3117	9	417.34	409.34
4687	1	415.46	415.26
4686	7	410.82	406.07
4596	38	415.5	414.35
4288	38	426.11	425.11
4686	1	416.67	416.47
2939	6	413.71	412.36
4979	6	413.22	410.02
3119	38	427.7	426.6
4980	7	399.7	393.6
3116	7	428.73	417.03
4597	38	419.78	419.28
4689	1	416.35	416.05
4685	6	414.76	410.16
4596	6	414.35	405.5
4684	7	398.58	396.08
3607	7	429.5	419
4688	7	411.73	401.13
3118	7	427.06	415.86
5177	9	401.46	397.16
4688	9	401.13	391.93
4686	6	416.47	410.82
5177	2	410.26	409.66
2937	7	407.36	396.36
2937	9	396.36	386.36
4980	7	411.5	400.6
4977	2	413.34	412.99
4684	9	396.08	386.18
4977	6	412.99	409.04
4686	8	406.07	402.17
4685	9	397.36	384.96
3117	1	429.34	428.64
4288	3	425.11	424.81
5179	2	418.12	411.22
4979	18	383.92	375.72
5177	7	409.66	401.46
4977	18	389.64	378.04
4292	2	425.65	424.85
4596	7	405.5	401.05
4978	6	412.63	408.48
5017	3	403.65	402.55
5019	1	413.25	412.9
4689	9	401.25	391.35
4683	7	416.86	402.96
4688	6	416.13	411.73
4979	7	410.02	394.42
4688	1	416.93	416.53
2939	7	412.36	399.91
3120	9	414.5	411.5
4687	9	394.96	390.46
4596	9	401.05	399.5
2939	9	399.91	385.91
3120	7	425.2	414.5
4687	7	408.16	402.86
2937	38	421.36	407.36
4688	3	416.53	416.13
4978	7	408.48	388.68
4979	9	394.42	383.92
4689	7	403.15	401.25
3607	18	387.5	372.5
5020	1	407.7	407.3
5021	7	420.5	409.65
5022	7	425.85	419.55
5179	7	408.92	393.52
3116	9	417.03	409.53
5022	18	405.05	375.25
5177	18	397.16	384.26
4689	6	416.05	407.75
4687	8	402.86	399.96
3120	1	426.5	425.6
4685	7	410.16	405.16
4689	7	407.75	406.05
294	9	400.15	365.8
17467	9	384.6	323.6
17467	10	323.6	318.6
17467	6	398.4	384.6
294	1	419.8	418.8
294	7	417.57	400.15
294	18	355.35	355.25
294	12	365.8	355.35
294	6	418.8	417.57
17467	1	398.6	398.4
294	2	423.1	419.8
5657	2	416.92	414.82
5657	9	388.32	384.92
6433	9	401.08	398.58
8933	2	421.5	421.2
7340	9	401.35	399.55
8398	8	404.34	401.94
6426	9	404.31	381.61
5181	2	412.75	408.55
7191	18	404.45	394.3
5183	8	397.59	393.99
5304	3	410.85	409.65
6422	7	396.12	394.42
5655	7	410.84	405.24
5656	8	402.35	402.15
8406	8	417.87	407.47
6429	2	416.81	415.41
5519	9	409.28	402.63
7685	38	431.6	429.95
8396	7	422.16	406.36
8400	3	427.61	425.51
5183	38	416.79	416.09
6432	9	410.24	387.14
6428	7	415.87	406.27
6430	3	414.43	413.63
6423	38	414.21	413.31
5183	7	409.79	397.59
5305	18	395.99	387.19
8396	3	423.46	422.16
8396	9	392.46	388.86
8400	7	424.81	417.41
6420	7	390.2	382.7
5655	3	415.54	415.24
8400	8	417.41	404.31
5304	6	409.65	403.25
8406	38	434.77	433.17
5306	18	405.92	387.82
5317	38	420	419.2
5183	6	416.09	409.79
5305	7	404.79	395.99
6429	9	407.01	386.81
6432	2	417.14	416.04
5306	2	413.82	413.12
8398	2	434.54	433.44
5818	9	422.5	390.5
5818	3	431.5	429.5
7193	18	382.4	381.4
6421	6	402.23	400.73
6478	18	402.1	383.6
5182	9	387.5	385.9
6433	7	408.68	401.08
5182	6	411.9	409.7
6422	8	394.42	392.42
5184	9	400	398.1
6420	7	401.1	391.3
8400	6	425.51	424.81
6430	7	410.83	401.93
6422	7	392.42	383.52
5303	7	406.38	392.08
5657	7	390.92	388.32
5301	3	401.75	400.35
9517	1	436.99	436.79
5519	2	417.63	417.18
8933	3	421.2	419.6
6420	8	391.3	390.2
5182	7	409.7	387.5
5182	2	415.9	411.9
8397	7	402.05	390.65
7684	7	433.6	425.8
6423	18	377.61	372.41
7685	9	423.2	421.1
5181	3	408.55	408.05
6428	2	417.17	416.27
7191	7	410.2	404.45
6421	7	400.73	384.93
5181	6	408.05	407.65
8400	38	430.51	427.61
8406	9	403.07	369.77
5184	6	412.4	410.1
5181	9	389.25	387.75
5656	7	414.45	404.95
8399	9	403.09	381.59
6430	2	416.73	414.43
5657	12	384.92	356.02
5301	2	406.15	401.75
5818	18	390.5	305.5
8397	7	427.45	403.75
6480	1	408.25	407.95
5317	7	419.2	409.8
5306	7	412.32	405.92
6477	18	408.47	385.07
6478	1	403.6	403.4
6432	6	416.04	414.84
8396	7	397.96	392.46
5302	3	405.95	405.15
7340	1	419.55	419.35
6481	3	393.43	393.03
6430	6	413.63	410.83
7340	7	401.95	401.35
6479	18	392.25	377.55
9066	7	418.35	408.05
6421	18	384.93	377.43
8406	7	433.17	417.87
5306	6	413.12	412.32
6426	7	414.21	404.31
6422	9	383.52	376.22
7340	7	409.85	403.05
6433	8	410.78	408.68
8399	7	431.69	403.09
5656	7	402.15	401.55
6433	3	417.38	416.78
6426	38	416.61	415.71
6433	6	416.78	416.28
6433	2	418.58	417.38
9066	2	419.15	418.35
5656	2	417.25	414.45
6420	6	402.9	401.1
5317	7	409	404.4
9066	8	408.05	406.15
6480	18	404.85	383.25
5655	38	417.04	415.54
6433	7	416.28	410.78
7193	3	398.2	397.8
5181	7	407.65	389.25
5184	2	416.3	412.4
5656	9	401.55	397.25
6421	2	403.13	402.23
5301	18	396.95	390.15
8400	9	400.71	374.51
5184	7	410.1	400
6423	9	388.51	377.61
8400	7	404.31	400.71
5519	6	415.93	412.53
6428	9	406.27	387.17
7340	8	410.75	409.85
5302	18	396.05	387.05
5818	7	429.5	422.5
5655	8	405.24	399.64
7193	7	396.1	382.4
5304	18	394.15	388.85
8396	2	423.86	423.46
5184	18	398.1	391.3
6022	2	406.08	400.08
8933	9	414.8	409.5
8399	38	433.59	431.69
5303	6	410.78	406.38
5303	18	392.08	391.28
9066	1	420.15	419.15
5183	7	393.99	390.79
5655	6	415.24	410.84
5656	8	404.95	403.45
5657	8	392.22	390.92
5655	7	399.64	398.04
5657	18	356.02	344.22
8398	7	401.94	392.44
5305	3	411.09	409.89
5303	38	411.48	410.78
5305	6	409.89	404.79
6432	7	414.84	410.24
5519	3	417.18	415.93
9517	7	433.89	427.49
6423	6	413.31	401.31
7684	2	434.2	433.6
6478	3	403.4	402.1
7193	6	397.8	396.1
8397	2	429.65	427.45
5657	6	414.02	407.12
6480	7	407.25	404.85
8398	7	433.44	404.34
6426	6	415.01	414.21
8406	7	407.47	403.07
5304	7	403.25	395.15
7340	7	419.35	410.75
6429	7	414.31	407.01
5519	7	412.53	409.28
6481	1	393.73	393.43
5304	9	395.15	394.15
6481	18	-83	304.73
5302	7	405.15	400.15
8397	9	390.65	388.65
6481	18	393.03	310.73
9517	3	435.39	433.89
6429	6	415.41	414.31
8398	9	392.44	390.74
9517	2	436.79	435.39
7685	7	429.95	423.2
8396	8	406.36	397.96
6477	1	410.07	409.77
6428	6	416.27	415.87
5302	38	407.15	405.95
5657	3	414.82	414.02
6426	3	415.71	415.01
6422	18	376.22	368.62
5317	9	404.4	398
6022	18	396.98	391.08
7684	9	425.8	424.2
5317	8	409.8	409
6420	2	403.9	403.3
7340	8	403.05	401.95
8933	7	419.6	414.8
5657	7	407.12	392.22
6423	7	401.31	388.51
6480	3	407.95	407.25
6422	38	398.32	396.12
5183	9	390.79	386.79
6420	18	382.7	376.55
6430	9	401.93	396.73
5301	9	399.55	396.95
6022	7	400.08	396.98
5302	9	400.15	396.05
5305	1	411.19	411.09
5656	7	403.45	402.35
5301	7	400.35	399.55
6477	3	409.77	408.47
8397	8	403.75	402.05
7191	1	410.6	410.2
6479	1	392.55	392.25
9798	9	407.15	388.95
9883	2	370.35	368.35
16943	7	393.16	389.16
9886	18	357.25	352.75
16972	9	405.75	361.75
5672	7	405	393.5
5672	2	415	406.4
16943	1	394.16	393.16
4681	1	417.34	416.94
10253	2	438	436.4
10253	7	436.4	435.7
10243	4	372.1	371.1
21409	6	418.5	412.7
12515	7	428.26	418.56
10242	9	382.9	373.7
5672	9	393.5	390
10253	9	433.1	428
21409	1	420.55	419.95
21409	2	420.7	420.55
9799	7	416.8	408
9798	18	388.95	380.35
16972	6	426.75	405.75
9883	18	365.85	356.15
16972	11	361.75	360.75
16972	1	427.75	426.75
10243	18	369.6	352.5
9884	18	366.83	356.93
10243	9	371.1	369.6
9798	7	428.85	421.55
9882	18	372.31	363.11
5672	3	406.4	405
17739	2	458.9	456
9799	18	404.7	382.2
9882	38	376.91	375.61
10242	1	383.4	382.9
10244	4	363.5	358.75
12515	11	385.61	379.76
10244	18	358.75	337.9
4681	9	404.94	397.34
9798	9	421.55	407.45
10243	38	373.5	372.1
17739	1	456	455.7
9882	9	373.31	372.31
16943	9	389.16	346.66
12515	9	418.56	385.61
9798	2	429.75	428.85
9884	7	369.83	366.83
10253	8	435.7	435.2
10242	18	373.7	347.2
9798	8	407.45	407.15
9884	2	370.83	369.83
12515	2	429.76	428.26
17739	7	455.7	441.2
9883	7	368.35	365.85
4681	7	416.94	404.94
9882	7	375.61	373.31
9799	2	422.2	420.2
9799	9	408	404.7
9886	7	358.25	357.25
21409	3	419.95	418.5
9799	6	420.2	416.8
10253	7	435.2	433.1
16943	11	346.66	345.16
17739	9	441.2	424.9
21611	7	448	440
21611	9	440	416
21611	18	416	168
10474	4	374.1	370
11680	14	323.6	321.2
10474	9	360.4	335.35
10474	7	365.5	360.4
11680	4	466.9	442.4
11680	1	467.4	466.9
11680	9	442.4	380.4
10474	6	370	365.5
11680	12	380.4	323.6
10474	2	376.7	374.1
10474	14	335.35	331.2
15117	8	419.7	415.1
15117	7	428.2	419.7
16394	7	424.74	418.84
16398	7	423.15	418.85
15117	7	415.1	414.7
14734	6	412.7	402.5
16383	2	414.87	414.27
16394	8	418.84	416.99
14734	8	402.5	396.4
16394	2	426.74	425.34
21612	9	400.6	354.6
21612	7	410.6	400.6
14735	1	409.8	409.1
14734	1	413.1	412.9
16383	7	406.67	402.87
16384	7	416.76	412.76
21612	18	354.6	349.6
21612	6	415.6	410.6
17294	2	414.58	413.78
16398	2	424.55	423.15
16398	8	418.85	416.85
16394	3	425.34	424.74
17539	8	366.51	364.81
14735	7	396.1	390.3
14735	2	409.1	396.5
16398	1	424.85	424.55
14734	7	396.4	392
17539	1	421.01	420.91
16383	6	414.27	406.67
16384	2	420.56	418.76
17539	9	364.81	357.76
16384	6	418.76	416.76
14734	3	412.9	412.7
21622	7	408.57	405.67
21622	2	410.07	408.57
21622	9	405.67	400.07
21613	9	426.3	391.5
16393	3	424.7	423.4
16397	3	420.79	419.49
21613	18	391.5	388.8
16393	7	423.4	417.6
16397	7	418.29	415.49
14737	2	374.9	361.6
16395	2	426.37	412.17
16393	2	425.25	424.7
14737	1	375.9	374.9
16397	2	423.49	420.79
16397	6	419.49	418.29
16395	3	426.17	424.57
16395	7	424.57	418.37
21613	1	429.8	429
21613	7	429	426.3
18690	2	415.82	414.92
20462	12	373.2	363.2
20462	18	363.2	360.7
20486	18	416.43	414.43
18692	18	372.04	369.94
20486	7	444.43	422.43
20462	2	425.7	423.1
18692	8	386.64	382.24
17891	7	423.4	407.1
17891	18	359	356.9
18689	7	397.1	390.2
20052	7	412	396
18693	7	383.72	382.02
20052	18	380	373
18693	6	415.52	411.22
18693	8	390.22	389.12
20462	7	422.7	389.7
17535	15	373.04	367.44
20001	2	426.2	424.5
20464	9	388.8	368.3
18690	8	396.87	395.42
18694	6	415.18	410.38
18691	8	399.1	387.7
18689	12	375.7	367.7
18694	9	382.48	371.48
18694	8	399.98	393.88
18691	3	408.7	407.9
17857	18	366.1	364.6
18689	9	390.2	375.7
17857	9	397.1	366.1
17858	7	411.9	392.6
17859	2	415.53	414.03
17885	6	423.28	410.78
17887	6	423.8	419.8
20020	2	412.2	410.8
20052	1	422	421.5
20020	7	405.2	403.2
17857	7	411.1	397.1
18690	1	415.92	415.82
20051	7	408.14	390.14
17891	1	424.4	423.4
20051	6	413.14	408.14
17885	1	423.78	423.28
18692	7	393.94	386.64
18692	6	412.84	411.94
17889	3	423.8	421.8
17858	3	413.9	411.9
18691	1	409.1	408.7
18693	8	384.52	383.72
18692	8	406.94	403.54
17859	3	414.03	412.03
17891	9	407.1	365.35
17885	9	394.78	371.28
20464	7	419.8	388.8
20001	7	423.2	412.9
17857	2	414.1	413.1
20001	9	412.9	406.2
17889	2	424.3	423.8
18690	7	413.82	406.67
18690	7	395.42	393.32
18693	8	398.02	393.22
17535	2	425.84	425.34
17858	9	392.6	380
17889	18	371.8	368.3
17888	1	426.4	426
20486	9	422.43	418.43
18689	8	400.5	397.1
14733	9	389.9	369
17885	18	371.28	366.78
20052	9	396	380
20486	1	450.43	448.43
17859	9	392.53	371.03
18693	7	393.22	390.22
18692	9	382.24	372.04
18691	6	407.9	406.55
18691	7	387.7	387
17891	12	365.35	359
20462	3	423.1	422.7
18689	2	412.6	407.4
17857	3	413.1	411.1
20464	38	425.3	419.8
20486	2	448.43	444.43
18694	7	393.88	382.48
18692	1	415.94	415.84
18693	12	372.72	370.02
18689	1	412.7	412.6
17535	9	407.09	373.04
18689	7	407.4	400.5
18691	9	387	372.8
17887	3	425.8	423.8
18692	8	399.94	393.94
17887	18	366.8	360.3
17888	7	422.4	396.4
18691	8	406.1	403.6
17859	7	412.03	392.53
17887	7	419.8	393.8
17888	9	396.4	367.1
18690	8	406.67	399.92
20020	9	403.2	397.2
18694	2	415.83	415.18
18694	12	371.48	369.48
17535	7	425.04	407.09
18691	7	403.6	399.1
20462	9	389.7	373.2
18692	7	403.54	399.94
18691	7	406.55	406.1
20486	12	418.43	416.43
17889	7	421.8	390.3
17858	2	415.6	413.9
14733	6	407.4	398.8
17887	1	426.3	425.8
17889	9	390.3	371.8
17888	18	367.1	366.4
18693	2	415.9	415.52
18690	6	414.92	413.82
18690	7	399.92	396.87
18693	1	416.02	415.9
18694	1	415.98	415.83
17887	9	393.8	366.8
20051	9	390.14	362.64
18693	7	389.12	384.52
20052	6	421.5	412
18692	7	411.94	406.94
17535	1	425.34	425.04
18694	7	410.38	399.98
18690	15	373.62	372.92
18693	9	382.02	372.72
17885	7	410.78	394.78
14733	7	398.8	389.9
14733	3	408.1	407.4
18691	12	372.8	372.1
20051	2	415.14	413.14
20464	12	368.3	365.3
18693	7	411.22	398.02
14733	38	409	408.1
20001	6	424.5	423.2
20020	6	410.8	405.2
17888	3	426	422.4
18690	9	393.32	373.62
18692	2	415.84	412.84
21626	3	437.04	435.64
21614	7	429.3	426.7
21615	1	430	429.4
21621	9	427.1	411.6
21617	1	430	429.7
21629	1	424.19	423.64
21625	7	437.9	433.35
21631	6	423.38	416.23
21620	9	425.9	410.5
21636	2	478.36	477.56
21629	6	423.64	416.19
21635	6	474.92	473.62
21619	18	398.7	396.2
21632	6	421.56	414.26
21631	2	424.23	423.38
21620	1	430.5	430
21621	7	431.1	427.1
21626	7	435.64	432.54
21624	7	438.1	435.5
21635	3	475.52	474.92
21630	6	423.4	416.15
21625	2	438.35	437.9
21614	9	426.7	409.8
21628	7	432.84	430.84
21620	7	428.4	425.9
21633	2	424.16	422.61
21638	9	381.5	372
21635	7	473.62	469.52
21627	3	434.56	433.51
21635	18	468.92	465.92
21634	1	471.89	471.44
21638	7	388	381.5
21634	3	471.44	470.89
21624	2	438.7	438.1
21630	1	424.15	423.4
21635	8	469.52	468.92
21624	7	433.05	432.7
21636	6	477.56	475.36
21617	7	429.7	426.1
21619	9	428	398.7
21614	1	429.8	429.3
21616	9	425.8	409.6
21616	1	429.6	428.8
21627	7	433.51	432.11
21623	6	368.51	354.11
21635	1	475.92	475.52
21628	3	435.29	434.64
21619	7	432	428
21638	2	392	391.55
21621	1	431.6	431.1
21615	9	429.4	410
21632	2	424.26	421.56
21620	2	430	428.4
21626	1	437.54	437.04
21623	2	374.11	368.51
21628	1	435.84	435.29
21638	4	389.1	388
21636	7	475.36	465.91
21616	7	428.8	425.8
21634	6	470.89	468.89
21636	18	465.91	464.56
21638	5	391.55	389.1
21619	1	432.2	432
21633	6	422.61	420.16
21617	9	426.1	410
21624	8	435.5	433.05
21627	1	435.41	434.56
21628	6	434.64	432.84
21634	7	468.89	465.89
21639	6	403	362
21618	9	428.4	410.8
21640	9	359	349
21618	7	430.3	428.4
21640	2	405	404
21640	6	404	359
21644	2	419.85	417.85
21645	2	420.3	418.8
21639	9	362	352
21640	18	349	187
21639	2	404	403
21618	1	430.8	430.3
21645	6	418.8	408.3
21644	6	417.85	407.85
21639	18	352	186
21654	2	415.78	413.58
21649	3	416.18	415.73
21637	9	402.86	396.61
21655	7	407	377.8
21655	6	407.3	407
21648	3	419.43	418.78
21647	2	419.95	418.95
21652	7	415.77	411.27
21665	4	371.4	370.3
21655	1	408.6	408.3
21646	2	419.72	417.92
21646	7	417.92	414.72
21651	3	417.53	416.88
21637	6	413.36	405.61
21648	7	418.78	414.78
21651	2	418.38	417.53
21637	2	414.61	413.36
21650	2	418.96	418.41
21652	2	416.27	415.77
21655	2	408.3	407.3
21656	2	414	412
21650	7	417.56	415.96
21651	7	416.88	415.38
21642	18	465	381
21650	3	418.41	417.56
21647	7	418.95	414.95
21653	2	416.82	415.77
21665	2	373.9	371.4
21649	7	415.73	414.63
21642	7	481	465
21654	7	413.58	410.78
21637	7	405.61	402.86
21648	2	419.78	419.43
21649	2	417.63	416.18
21656	7	412	381
21653	7	415.77	411.82
21658	7	407.5	399.9
21688	6	376.25	375.8
21685	7	428.2	425.7
21670	2	386.9	384.2
21691	18	461.35	461.25
21661	2	406.4	406.1
21663	4	372	368.7
21686	2	378.45	377.8
21690	7	463	459.8
21657	6	409.4	406.6
21667	6	406.9	399.4
21669	2	387.65	369.45
21661	9	403.9	403.5
21667	1	408.4	407.95
21662	4	371.5	369
21671	2	387.15	384.25
21680	1	397.8	397.15
21663	6	368.7	352.8
21683	3	429.45	429
21678	9	386.65	385.85
21674	2	387.3	385
21668	9	367.4	366.1
21666	4	371.7	370.4
21688	4	376.5	376.25
21691	7	464.7	461.35
21672	2	387.08	384.78
21662	1	374.5	374.25
21657	7	406.6	380.1
21685	3	428.45	428.2
21677	9	386.45	385.6
21658	2	415.2	413.1
21687	4	378.9	378.1
21671	1	387.45	387.15
21669	1	388.45	387.65
21663	18	351.2	349.4
21682	7	394.9	393.5
21686	6	377.8	377.05
21680	1	398.05	397.8
21661	6	406.1	403.9
21692	1	466.7	466.1
21662	7	358.7	357.3
21679	1	397.52	396.95
21664	2	373.6	372
21668	2	387.1	367.4
21666	1	374.2	373.95
21682	6	395.8	394.9
21682	3	397.05	395.8
21669	9	369.45	368.45
21661	1	406.8	406.4
21662	18	357.3	354.6
21677	1	387	386.45
21679	2	397.75	397.52
21681	6	396.4	395.2
21689	1	373.65	372.75
21692	18	463.8	463.7
21686	18	377.05	376.6
21680	6	397.15	383.05
21660	2	412.6	410.2
21688	18	375.8	375.6
21675	2	388.27	385.52
21686	1	378.9	378.45
21681	7	395.2	393.5
21666	2	373.95	371.7
21681	3	397.2	396.4
21689	4	372.75	371.5
21687	18	377.7	377.5
21687	1	379.6	378.9
21667	2	407.95	406.9
21676	9	386.05	385.45
21692	7	466.1	463.8
21691	1	465.25	464.7
21663	2	374	372
21683	7	429	427.1
21663	7	352.8	351.2
21678	1	387.25	386.65
21657	12	380.1	375.8
21672	1	387.38	387.08
21690	18	459.8	459.7
21657	2	412.6	409.4
21690	1	463.5	463
21689	18	371.5	371.05
21682	1	397.3	397.05
21662	2	374.25	371.5
21676	1	386.75	386.05
21681	1	397.5	397.2
21675	1	388.52	388.27
21687	6	378.1	377.7
21684	1	429.3	429.15
21673	2	387.5	384.9
21685	1	428.6	428.45
21683	1	429.6	429.45
21688	1	377.6	377.15
21662	6	369	358.7
21658	6	413.1	407.5
21664	4	372	370.1
21679	6	396.95	382.75
21684	7	428.7	426.7
21684	3	429.15	428.7
21670	1	387.1	386.9
21688	2	377.15	376.5
21659	2	415.2	411.9
21208	7	445	435
21061	18	386	244
21058	9	435.2	407.2
21570	18	397	275
21084	18	385	125
21454	18	423	279
20848	18	391	219
21209	9	435.5	401.5
21570	1	425	423
21076	18	390.7	204.7
21058	7	441.2	435.2
21245	7	427	407
21058	18	407.2	151.2
21569	18	450	218
21084	2	435	433
20849	18	427	177
20848	7	419	407
20848	9	407	391
21061	7	444	434
21061	9	434	386
21209	7	440.5	435.5
21568	7	464	456
21381	7	464.52	433.52
21569	7	466	450
21079	7	401	377
21062	38	410	406
21381	18	433.52	228.52
21079	11	309	285
21054	18	448.65	258.65
20847	7	489	483
21079	9	377	363
21209	18	401.5	260.5
21454	7	455	423
21245	18	407	147
21062	9	374	348
21085	9	411	387
21568	18	456	224
21059	18	362	222
21208	2	447	445
21054	7	458.65	448.65
21569	2	468	466
20849	7	437	427
21084	9	433	385
21081	6	414	390
21062	18	348	130
21208	18	435	237
21079	12	363	309
21085	18	387	167
21059	7	392	362
21079	18	285	165
21570	9	409	397
21085	7	417	411
21062	7	406	374
20847	18	483	239
21076	7	404.7	390.7
21570	7	423	409
20794	11	387	373
20812	18	456.6	314.6
20802	11	364	330
20799	7	436	426
20466	5	373	369
20798	6	373.6	355.6
20802	7	400	364
21713	7	405.75	404.85
20807	1	467	465
20806	18	241	77
21715	6	415.2	411.5
21712	7	407.6	405.4
20800	7	382	378
21715	1	415.6	415.2
20803	12	387	345
20799	2	438	436
20461	18	405	164
21694	1	397.6	397.4
21696	18	429.85	429.75
21705	18	432.26	432.06
21719	6	427.6	416.6
21711	6	415.3	414.3
21716	1	418.1	417.7
20798	18	355.6	125.6
21714	7	415	414.2
20795	9	316	300
20805	12	314	262
20794	12	373	289
20803	9	391	387
21708	1	410.4	409.8
20798	3	375.6	373.6
20805	18	262	242
21705	2	434.66	432.26
21694	6	397.4	391.6
20799	9	426	420
20474	18	411	141
20803	18	345	207
21696	6	433.25	429.85
21458	18	394	186
21710	4	404.1	402.3
20794	18	289	189
21712	1	409.1	408.5
20473	18	412	142
20807	7	465	459
21710	1	405.2	404.4
20721	7	434	416
21693	1	397.98	397.83
20468	7	481	467
21709	6	415.75	412.95
21706	2	434.05	432.65
21713	1	407.85	407.45
21718	7	414.2	409.2
21719	3	429.1	427.6
20808	2	450	447
20461	6	429	405
21698	18	432.18	431.98
21717	6	408.6	406.95
20812	1	464.6	462.6
20796	7	438	384
21716	6	417.7	414.5
20721	9	416	376
20470	18	377	119
21699	2	436.7	434.9
21698	2	434.48	432.18
21700	2	432.4	430.7
20465	18	462	194
20802	18	330	240
20799	18	420	208
20466	2	375	373
21712	6	408.5	407.6
20803	7	407	391
21717	1	409.05	408.6
21714	6	417.55	415
20801	18	320	266
20805	7	392	350
21706	3	432.65	430.75
21709	1	416.15	415.75
20846	7	446	440
21696	3	433.55	433.25
20722	18	387	139
21703	2	433.24	431.64
20796	18	384	222
21718	3	429.2	428.45
21718	6	428.45	414.2
20795	18	300	188
20805	11	350	314
20472	18	412	142
20795	7	396	316
20794	7	389	387
21458	7	436	394
20846	18	440	156
21697	2	434.2	433
21695	6	432.87	431.37
20800	12	370	280
20795	2	398	396
21695	2	434.37	432.87
20800	9	378	370
21708	3	409.8	407.6
21714	1	418	417.55
21693	6	397.58	391.98
20800	18	280	202
20465	7	474	462
21711	7	414.3	413
21701	2	433.24	431.14
20808	18	447	200
21696	2	434.25	433.55
20471	18	412	142
20721	18	376	274
20806	1	377	375
21711	1	415.8	415.3
20812	7	462.6	456.6
20801	7	384	320
20806	7	375	241
21700	6	430.7	427.4
21713	6	407.45	405.75
20466	18	369	125
21704	2	436.66	436.06
21719	7	416.6	414.1
21717	7	406.95	405.25
21702	2	433.24	431.94
21708	4	407.6	406.5
21707	2	434.1	431.7
20470	5	379	377
21704	18	436.06	435.86
20468	18	467	201
20807	18	459	287
21693	3	397.83	397.58
21699	18	434.9	434.8
20722	1	389	387
21710	3	404.4	404.1
20914	7	382	316
20916	7	382	316
20915	39	267	262
20916	9	267	262
20915	7	382	316
20916	35	316	267
20914	35	316	267
20915	35	316	267
20914	39	267	262
21734	3	408.4	406.7
21740	2	410.25	409.8
21740	9	406.7	400.3
21747	1	429.45	428.85
21736	1	406.3	406.1
21728	9	414.51	406.91
21742	1	417.38	417.18
21735	3	406.7	405
21725	7	433.13	413.43
21740	1	410.3	410.25
21745	38	430.4	430
21749	2	430.45	429.5
21735	7	403.2	402.4
21734	6	406.7	406.1
21736	3	406.1	404.4
21727	7	417.1	416.8
21737	1	406.5	406.2
21741	3	415.19	414.49
21742	3	417.18	416.58
21739	4	372.4	367.1
21744	1	429.35	429.05
21739	9	367.1	356
21748	2	430.65	430.1
21747	1	430.2	429.85
21747	7	428.85	427.4
21741	9	406.29	405.29
21727	9	412.6	407.4
21748	1	431	430.65
21745	2	430	428.65
21746	7	428.5	426.9
21743	1	429.2	428.9
21740	7	409.8	406.7
21733	18	415.9	413.7
21741	1	415.29	415.19
21746	1	429.9	429.6
21741	7	414.49	406.29
21733	3	419.3	418.2
21738	9	352.4	347.4
21736	6	404.4	401.4
21727	8	416.8	412.6
21749	1	430.9	430.45
21743	7	426.2	426.1
21749	7	429.5	427.9
21733	1	419.7	419.3
21737	6	404.7	401.5
21737	3	406.2	404.7
21728	8	417.91	417.21
21742	7	415.68	407.28
21739	18	356	349.7
21726	9	415.83	409.63
21744	7	428.25	426.75
21747	2	429.85	429.45
21727	7	431	419.5
21725	9	413.43	408.23
21733	7	418.2	415.9
21728	8	419.01	418.81
21735	1	406.9	406.7
21745	7	428.65	427.4
21746	2	429.6	428.5
21728	7	418.81	417.91
21726	7	433.43	415.83
21738	2	355.5	352.4
21727	8	419.5	417.1
21727	2	432.4	431
21734	7	406.1	404.4
21728	2	432.01	430.86
21744	2	429.05	428.25
21743	2	428.9	426.2
21748	7	430.1	428.3
21735	6	405	403.2
21728	8	420.41	419.61
21726	2	434.33	433.43
21725	1	433.43	433.13
21728	7	417.21	414.51
21728	7	419.61	419.01
21734	1	408.6	408.4
21742	6	416.58	415.68
21728	7	430.86	420.41
21765	1	415.5	415.25
21760	6	381.9	374.7
21766	6	415	409.7
21750	7	378.8	375.2
21750	4	384.45	383.2
21759	3	379.4	376.5
21758	6	382.7	376.1
21752	18	373.44	372.19
21764	3	381.2	380.7
21761	6	376.5	363.6
21761	3	379.6	377.3
21764	2	381.6	381.2
21764	6	380.7	378.5
21752	6	386.39	381.39
21756	4	376.95	371.9
21752	1	387.19	386.39
21765	6	415	406.1
21760	2	384.7	381.9
21755	3	380	378.3
21757	2	382.2	381.3
21764	7	378.5	376.7
21758	2	384.1	382.7
21759	6	374.5	373.1
21751	7	380.03	372.28
21761	2	383.6	379.6
21751	18	372.28	366.43
21763	2	381.4	380.9
21764	1	381.7	381.6
21759	4	376.5	374.5
21754	7	415.43	410.88
21750	1	385.2	385
21765	7	406.1	405.5
21756	2	380	379.4
21753	9	407.1	402.6
21751	6	385.83	380.03
21766	1	415.5	415.3
21753	3	414.15	413.6
21763	6	380.9	378.6
21754	9	410.88	405.88
21755	2	383.6	380
21757	3	381.3	380.55
21759	2	383.3	379.4
21754	2	415.88	415.43
21763	1	381.6	381.4
21757	6	380.55	371.9
21750	3	385	384.45
21753	2	414.6	414.15
21761	4	377.3	376.5
21752	7	381.39	373.44
21765	3	415.25	415
21751	1	387.03	385.83
21762	6	382	364.8
21755	6	378.3	375.6
21756	3	379.4	376.95
21753	7	413.6	407.1
21763	7	378.6	376.6
21766	7	409.7	405.5
21750	6	383.2	378.8
21766	3	415.3	415
21762	2	384.8	382
21756	6	371.9	368
21790	2	411.17	410.57
21787	11	410.71	408.21
21789	7	409.71	407.51
21787	1	412.41	411.71
21788	7	410.54	408.34
21789	1	411.41	411.26
21791	2	411.31	410.51
21789	2	411.26	409.71
21788	11	408.34	407.44
21790	1	411.42	411.17
21788	1	411.54	410.54
21787	7	411.71	410.71
21791	7	410.51	410.31
21791	1	411.41	411.31
21790	7	410.57	410.32
21769	1	431.7	431.4
21768	1	423.1	422.9
21731	7	431.7	429.6
21768	2	422.9	422.35
21770	2	428.7	428
21724	6	421.9	404.9
21769	9	430.6	428.5
21771	9	427.8	425.7
21729	7	433.05	423.25
21769	2	431.4	430.6
21767	7	422.35	418.1
21771	2	429.15	428.4
21723	18	391	243
21723	7	408	391
21771	7	428.4	427.8
21732	7	430.8	429
21731	1	432.6	432.55
21771	1	429.4	429.15
21770	1	428.9	428.7
21732	2	432	430.8
21770	9	425.9	424.9
21731	2	432.55	431.7
21729	2	433.85	433.05
21767	1	423.1	422.9
21770	7	428	425.9
21767	2	422.9	422.35
21729	9	423.25	413.85
21724	38	424.9	421.9
21730	1	434.5	434.2
21730	7	434.2	431.5
21724	9	404.9	371.9
21724	18	371.9	164.9
21768	7	422.35	418.1
21845	18	408	320
21845	7	440	408
21803	12	298	216
21803	18	216	66
21772	18	416	251
21803	9	350	298
21772	7	431	416
21803	7	376	350
16342	2	377.93	377.03
16343	6	372.53	320.63
16343	2	380.43	378.63
22672	4	377.1	375.35
22674	2	379.08	377.68
22685	2	379.1	378.6
22669	2	379.09	376.99
22676	2	378.52	377.67
22670	6	373.1	369.9
22676	6	373.72	370.52
22675	6	372.65	370.6
22683	2	378.7	376.9
22673	2	378.72	377.52
22675	4	377.7	372.65
22672	6	375.35	370.7
22671	4	377.13	374.38
22671	6	374.38	369.93
22678	2	379	377.4
22686	3	378.1	375
22681	4	377.7	374.6
22670	2	377.9	376.7
22679	4	377.4	374.8
22676	4	377.67	373.72
16342	4	377.03	374.53
22677	2	378.43	377.33
22687	3	377.2	375.1
16342	7	316.43	290.13
22684	4	377.05	375
22679	2	379	377.4
22671	2	377.93	377.13
22678	6	374.7	371
22684	2	378.1	377.05
22678	4	377.4	374.7
22668	3	377.65	376.05
22687	2	379.1	377.2
22688	3	378	374.7
22668	7	338.6	330.2
22677	6	375.13	370.43
16343	3	378.63	377.93
22683	4	376.9	374.7
22673	6	375.12	370.72
22677	4	377.33	375.13
22682	4	377.5	374.9
16343	4	377.93	372.53
22668	4	376.05	373.1
22674	6	374.48	371.08
22684	6	375	374.1
22686	2	379	378.1
22668	7	317.3	297.6
22670	4	375.4	373.1
22668	2	379.1	377.65
22680	4	378.2	375
22668	6	373.1	338.6
16343	7	320.63	297.73
22668	8	330.2	317.3
22669	3	376.99	374.84
22685	3	378.6	375.1
22670	3	376.7	375.4
22680	2	379	378.2
22669	4	374.84	372.94
22675	2	378.6	377.7
22672	2	378.7	377.1
22681	2	378.6	377.7
22679	6	374.8	371
22688	2	378.7	378
22673	4	377.52	375.12
22682	2	378.9	377.5
16342	6	374.53	316.43
22674	4	377.68	374.48
14297	7	424.8	418
12439	6	412.58	405.63
16864	6	416.45	415.85
9992	7	419.69	410.79
16864	2	418.1	416.45
8100	3	426.05	425.55
9992	2	422.79	419.99
16864	7	415.85	403.1
12889	1	424.75	424.65
12889	2	424.65	422.7
8100	2	426.25	426.05
8100	7	425.55	412.25
14297	2	426	424.8
12439	2	415.03	412.58
12889	7	421.75	416.75
12889	3	422.7	421.75
9992	3	419.99	419.69
21774	9	375	357
21792	18	368.9	172.9
21805	2	413.55	412.3
21782	1	415.3	415
21777	18	373.8	369.1
21806	7	404.6	402.35
21808	1	409.21	408.91
21811	7	415.1	411.6
21776	1	418.72	418.37
21809	2	370.55	369.85
21782	6	414.5	411.9
21781	3	414.1	413.8
21805	3	412.3	410.1
21775	6	417.32	416.37
21806	8	402.35	400.1
21807	2	408.38	407.78
21778	18	373	366.5
21774	7	403	375
21786	1	482.7	482
21781	7	413.8	405.4
21807	6	407.78	404.58
21785	7	483	476.9
21783	6	413.5	408.3
21804	7	408	378
21805	7	404.5	403.7
21806	2	415.1	412.5
21775	2	418.67	417.32
21776	2	418.37	418.02
21811	9	411.6	407.3
21782	7	411.9	405.3
21792	9	388.9	368.9
21774	12	357	331
21804	9	378	316
21778	2	379	373
21779	2	381.8	376.5
21775	7	416.37	410.67
21809	4	369.85	361.15
21804	18	316	180
21808	6	408.81	405.21
21810	7	417.1	413.4
21777	2	380.3	373.8
21780	6	415.15	413.6
21784	18	475.3	273.3
21785	1	483.6	483
21774	18	331	203
21806	6	409.6	404.6
21776	7	415.22	410.72
21780	2	415.2	415.15
21781	2	415.4	414.1
21783	7	408.3	405
21805	6	410.1	404.5
21806	3	412.5	409.6
21782	3	415	414.5
21792	7	422.9	388.9
21779	18	376.5	371.4
21776	6	418.02	415.22
21785	18	476.9	475.6
21805	1	413.7	413.55
21810	2	419.6	417.1
21807	1	408.58	408.38
21780	7	413.6	405.2
21783	2	415	413.5
21809	11	361.15	355.55
21810	9	413.4	408
21786	7	482	477.7
21784	7	483.3	475.3
21808	2	408.91	408.81
21810	11	408	404.6
21811	2	415.7	415.1
21811	11	407.3	402.9
21812	9	411.3	406.1
21812	12	405.5	404.5
21812	7	419.7	411.3
21811	12	402.9	396.7
21812	11	406.1	405.5
21812	3	420.2	419.7
21812	1	420.5	420.2
16046	2	447	445
16046	7	445	435
15923	35	310.3	178.3
15923	7	378.3	343.3
23402	2	411.64	407.64
23402	9	407.64	356.64
13037	7	458	450
13037	6	460	458
12961	38	380	378
13197	7	431	418
13197	11	418	405
12961	7	378	364
13197	38	436	431
13037	38	464	460
12961	11	364	298
12947	6	428	424
12947	7	424	378
12959	2	470	468.5
12959	7	468.5	458
13025	38	260	407
11477	6	422.3	402.3
12714	6	311	425
12955	7	447.6	438.1
13204	6	422	362
11329	7	333.5	317.5
11477	7	402.3	397.3
11329	6	393.5	333.5
12714	7	425	407
12947	38	430	428
13789	7	311	403
15720	3	398	395.5
13852	7	382	350
13897	7	410	402
13850	7	435	425
14014	7	432	416
14005	38	391	390
14015	7	311	445
14004	7	391	309
15274	7	413	402
15287	7	454	436
14616	7	426	392
15036	7	218	376
14052	6	296	370
15015	7	413	399
15252	7	431	411
14041	6	385	367
15024	7	394	372
14048	7	434	400
14616	3	430	426
15025	7	260	398
14066	7	418	414
14035	7	452	446
14648	3	377	375
14615	7	433	405
14063	1	384	382
15440	7	433	403
14615	3	435	433
15015	6	419	413
14061	9	373	367
23674	1	381.1	380.9
21916	9	367.79	366.37
23618	2	400.37	399.97
23856	1	379.9	379.5
23838	1	454.1	453.6
23798	6	420.5	420.3
23701	7	370.75	365.35
23768	2	416.13	414.53
23847	1	454.15	453.55
23616	1	400.36	399.46
1479	5	369.7	369.1
23790	18	467.3	466.85
23628	6	410.28	408.88
15433	6	398.7	397.6
23746	1	375	374.9
23711	6	414.52	412.42
23874	1	414.9	414.6
23842	1	453.6	453
23627	2	412.08	411.48
23827	3	441.9	441.5
23833	1	449.56	449.26
23616	6	399.46	399.16
23864	9	380.6	376.8
23638	2	410.75	408.95
23833	7	446.86	439.56
23723	6	425.04	424.64
15255	7	406	372
23746	2	374.9	373.7
23609	6	399.3	398.3
23628	2	410.88	410.28
23764	6	415.46	413.06
23773	4	370.13	363.38
23842	6	452.2	450.5
15827	3	390	386
15902	7	460	456
23816	2	410.25	408.15
14003	7	465	457
23657	7	429.24	423.44
23694	7	402.2	395.7
23699	9	411.14	410.64
23712	1	416.25	415.85
23712	3	415.85	415.55
23606	7	377	359
15916	7	443	433
23774	3	439.14	438.64
23710	3	415.97	414.07
15827	6	386	360
23624	6	412.2	411.3
6690	6	372	337.6
23818	1	474.14	473.74
23667	2	446.37	445.12
23862	2	415.01	414.31
7280	6	368.35	353.05
23606	2	379	377
23652	7	443.38	440.98
23695	6	415.8	413.8
21914	9	367.25	364.69
23748	2	420.6	419.5
23885	2	372.5	370.1
15261	3	420	416
23682	3	381.24	380.94
23752	1	421	420.9
23837	3	452.7	451.8
23824	1	443.2	443.1
23812	38	378	377.45
23647	1	424.8	424.1
16057	7	453	413
23696	6	421.72	418.52
23735	1	446.7	446.1
23794	3	470.2	469.7
23678	2	381.27	380.47
23815	6	385.45	380.45
23859	9	373.2	365.5
23669	1	420.5	420.15
23878	4	372.15	369.2
21895	2	385.18	378.26
23839	1	454.85	454.35
23849	1	423.2	422.8
23876	2	415.4	414.9
21913	2	375.28	366.38
23805	2	382.6	380.2
23705	3	416.21	415.11
23808	1	386.6	386.3
23792	3	470	468.6
23694	1	405.7	405.1
23828	2	408.5	406.8
23666	7	449.1	447
23669	7	419.7	416.5
23599	9	367	331
23723	1	425.44	425.04
23674	2	380.9	378.6
23664	1	448.35	447.75
23712	7	414.55	412.35
23820	3	392.66	392.31
23823	7	391.65	390.1
1449	6	376.1	374.7
23834	7	446.3	443.15
23646	1	425.3	424.8
23844	1	453.6	453.15
4713	2	375.11	372.81
23860	6	406.76	397.46
23750	2	420.6	419.35
23598	6	372.68	370.68
5543	7	347.8	339.8
21924	2	376.86	366.4
23820	1	393.01	392.66
15871	7	462	458
23696	3	422.37	421.72
23637	7	409.9	406.75
21920	2	377.6	367.34
23708	1	416.98	416.48
23727	1	425.8	425.4
23762	2	421.1	419.3
23686	7	410.87	403.87
23644	1	424.5	423.9
23779	2	440.3	439.4
23779	3	439.4	439
23767	2	416.58	415.78
21897	9	370.69	366.28
23830	1	409.1	409
23787	2	471.5	471
3347	2	376.16	369.46
21907	2	374.49	372.49
23620	1	396.9	395.7
23879	6	396.25	392.65
23732	4	371.71	369.21
21920	1	377.7	377.6
23795	14	467.27	191.27
23875	4	413.8	412.9
21898	9	365.06	354.47
23806	1	390.2	390
23598	2	377.68	375.48
23605	12	400	386
23866	2	385.7	385.4
23810	15	379.45	370.95
23737	1	447.68	447.18
23720	1	409.6	409.4
15340	1	408.44	408.29
23840	3	452.55	451.85
23838	6	452	451.4
15912	7	400	380
23666	3	451.3	449.1
21901	2	373.4	367.95
21910	2	383.19	381.19
23703	7	412	408.6
23873	1	424.21	424.01
23839	3	454.35	453.1
23774	6	438.64	438.24
23627	6	411.48	410.08
23654	7	444.98	442.08
21898	2	374.47	367.1
23662	1	389.08	388.98
15824	7	378	230
23615	1	399.92	399.12
23598	4	375.48	372.68
23606	12	293	225
3348	2	375.65	369.45
23624	2	412.8	412.2
15028	7	422	410
15433	2	399.7	398.7
23692	2	404.35	401.15
23864	5	384	383.6
23668	1	447.64	447.24
23691	3	413.7	413.3
23703	6	415.4	412
14049	7	440	408
23599	18	331	153
23692	7	400	394.5
23751	1	420.9	420.75
23800	6	420.5	419.9
23680	9	377.63	373.63
14058	8	410	400
21914	2	375.64	367.25
21921	1	375.48	375.38
15111	6	371.06	357.56
23826	8	444.2	442.9
23626	6	411.48	410.08
23877	2	374.35	372.85
23835	6	450.6	449.7
21914	1	375.69	375.64
23881	1	397	395.8
23634	7	417.65	417.15
23711	1	416.52	416.12
23761	6	420	418.8
23772	7	408.29	407.79
23816	9	399.05	394.25
23850	1	423	422.4
13800	6	414.1	413
23686	6	411.27	410.87
15872	7	408	384
23767	7	413.58	412.78
15863	6	356	346
23778	2	440.27	439.72
23684	6	412.83	410.43
23798	1	421	420.5
23885	6	364.3	357.5
23868	2	417.44	416.94
14337	7	425	421.8
23705	6	415.11	414.11
23858	7	375.4	371.9
23739	7	446.12	443.52
15016	7	429	427
23831	1	453.83	453.58
23736	3	446.61	445.96
14334	7	432.5	431.2
16259	35	396.2	326.2
23682	4	380.94	377.74
23821	7	391.49	390.04
23701	9	365.35	355.85
21925	2	372.76	366.92
23774	7	438.24	433.74
23809	38	381.7	380.15
23754	7	420.2	418.4
23832	3	451.95	451.45
23715	6	416.73	415.73
14333	7	432.6	428.7
23656	6	431.78	429.38
23884	6	418.14	401.94
9575	3	372.26	368.96
23653	7	444.16	441.46
23689	2	379.73	379.33
23732	2	376.21	371.71
23611	38	399.9	399
23767	1	416.78	416.58
14359	7	428	408
23861	7	394.12	393.12
21915	9	366.26	363.49
23603	12	373.61	370.61
23784	38	415.5	414.2
23640	38	410.8	409.4
13155	9	418	376
23838	3	453.6	452
23607	2	425	421
23831	6	452.08	451.18
23877	6	369.3	349.35
23657	6	431.24	429.24
23672	7	421.6	412.7
23728	1	425.6	425.2
23618	3	399.97	399.37
23603	9	414.61	373.61
23688	6	422.15	412.75
23673	1	381	380.8
23714	6	415.19	412.29
23718	1	425.52	424.82
23776	1	439.8	439.55
23836	1	451.9	451.4
23680	2	381.63	380.83
21921	9	367.13	364.48
23840	7	451.25	448.75
21918	1	374.64	374.59
23831	7	451.18	450.08
23815	38	386.45	385.45
23607	18	363	225
23819	2	479.1	478.95
6690	2	377.6	372
23831	3	453.58	452.08
23836	7	451.4	447.5
23656	7	429.38	424.08
23740	7	431.4	429
7352	2	402.44	401.44
23743	4	373.9	372.8
23867	1	417.3	417.25
3346	2	376.31	370.06
23763	6	419.8	418.3
23818	3	473.74	472.94
23600	12	319	313
21922	1	375.66	375.56
13799	2	418.8	416.95
23669	3	420.15	419.7
9575	6	368.96	353.56
21922	2	375.56	367.16
23810	5	380.83	379.45
14042	7	447	437
23647	4	422.9	422.4
23704	6	415.28	413.38
15340	3	408.29	407.94
15835	7	110	326
23766	2	416.22	414.87
23683	7	412.82	406.12
23863	6	415.8	404.2
23833	3	449.26	446.86
23852	1	432.2	431.4
23884	2	418.94	418.14
23884	7	401.94	344.44
23876	6	413	411.8
7918	4	370.9	370
23685	2	413.94	413.74
14058	7	418	410
23846	1	450.25	449.85
23699	8	413.84	411.14
23841	7	451.2	448.4
23700	7	373.29	347.19
23840	6	451.85	451.25
23672	1	422.7	422.2
23700	1	376.19	375.59
23605	7	412	400
23671	7	421.1	412.2
23738	7	445.33	442.28
23781	38	415.1	414.6
14337	2	426.7	425
23672	3	422.2	421.6
23851	1	422.9	422.5
23832	1	452.25	451.95
7747	4	370.35	369.05
23882	1	488.6	487.9
3348	6	369.45	345.65
23707	3	416.9	415.4
23854	1	428.8	427.9
23682	2	381.74	381.24
23876	3	414.9	414
23739	1	446.82	446.32
23665	3	451.2	449.1
23743	1	375	374.9
23805	6	380.2	373.7
23748	7	419.5	417.6
23834	1	447.9	446.8
23695	1	416.3	415.8
23655	7	431.37	419.47
23853	7	428.2	425.7
14354	7	413	413
23808	3	386.1	385.8
23878	2	374.25	372.15
23644	4	422.4	421.9
14357	7	420	406
23614	6	399.7	398.7
23796	1	421.3	420.8
23696	7	418.52	409.92
23841	1	452.7	452.15
23606	18	225	69
23689	6	378.03	375.93
23717	6	418.89	418.49
16060	7	423	397
23796	6	420.8	420.6
23698	7	418.6	413
21918	2	374.59	366.86
23843	1	452.8	452.3
4714	6	377.44	348.24
23613	6	399.7	398.5
23689	4	379.33	378.03
23690	7	374.19	368.29
23673	2	380.8	379
16449	7	456	448
23602	7	433.09	421.09
23658	7	387.3	386.7
23783	38	414.9	414.4
21900	9	367.07	357.35
23710	6	414.07	412.27
23849	6	422.8	420.8
7747	2	373.55	370.35
23613	1	400.5	399.7
23610	6	398.9	395.6
23644	2	423.9	422.4
23711	3	416.12	414.52
13800	7	413	405.5
23663	1	446.7	445.9
23604	38	420	418
23671	2	421.7	421.1
21917	1	376.3	376.2
23758	38	420.5	420
23645	2	424.35	423.95
23883	6	414.94	397.24
23766	1	416.37	416.22
23780	2	415.25	414.55
23787	1	472	471.5
23663	7	444.2	442.1
23698	6	420.9	418.6
23679	9	377.2	373.2
13155	12	376	350
23820	15	391.51	391.21
23636	1	420.75	419.9
23811	15	380.25	371.05
820	4	372.95	370.55
23875	1	415.2	414.9
4714	2	378.24	377.44
23659	7	388.7	387.1
23648	3	424.6	424.1
13843	6	401.2	383.2
23670	3	419.35	418.8
23786	18	467.05	466.85
23684	7	410.43	404.23
23835	1	451.05	450.6
23842	3	453	452.2
23771	6	412.39	410.09
23837	7	451.8	448.4
2957	4	371.13	369.28
23656	1	434.08	433.88
23807	1	390.7	390.5
23829	6	407.8	405
23753	7	419.1	418.1
23676	2	382.4	379.6
23706	6	416.04	413.34
23749	1	420.7	420.3
23690	1	378.29	378.19
23694	2	405.1	402.2
23751	2	420.75	419.1
23786	1	467.85	467.05
23657	9	423.44	412.44
23866	5	385.1	382
21895	9	378.26	367.18
23839	7	453.1	450.6
23631	6	411.1	410.2
23789	1	468.45	467.65
23735	7	445.3	438.7
23879	1	396.85	396.25
23872	7	423.06	421.76
21912	2	384.35	382.35
23660	1	393	392.8
23617	1	400.34	400.14
23838	7	451.4	449.6
23855	9	373.6	371.5
14021	7	443	427
15827	7	360	324
23874	6	411.7	410.9
21913	1	375.38	375.28
14353	7	439	437
23643	4	422.65	422.15
23602	9	421.09	377.09
23655	9	419.47	412.47
23827	1	442.3	441.9
23690	4	378.19	376.99
23621	1	396.9	395.8
23702	4	374.55	372.55
23701	18	347.15	343.95
23813	7	387.65	387.45
21925	9	366.92	364.92
23614	3	400.3	399.7
13799	7	415.2	403.8
23883	14	353.24	345.24
13800	2	415.5	414.1
23758	2	420	418
14025	7	378	368
23665	1	451.6	451.2
23783	6	413.4	413.1
23873	3	424.01	422.81
14218	2	374.45	368.95
23885	5	370.1	364.3
23661	2	388.03	386.43
23737	3	447.18	446.43
14028	7	398	384
23800	38	421.1	420.5
23816	6	408.15	399.05
23713	1	415.33	414.73
23871	1	435.1	434.3
14336	7	424	422.1
23651	1	444.64	444.54
23827	7	441.5	439.6
23646	7	423.4	421.4
14060	7	383	383
23709	1	416.64	416.14
23705	1	416.61	416.21
23876	1	415.7	415.4
23870	7	434	431.7
21906	2	385.17	383.17
23823	15	390.1	390
23620	6	395.7	394.2
23771	7	410.09	408.99
23791	3	469.8	467.8
23880	1	396.9	395.9
23690	6	376.99	374.19
23769	6	412.06	410.06
23658	2	390.2	388.4
21922	9	367.16	364.66
23793	3	469	468
23830	2	409	407.6
23882	15	486.7	480.1
23858	3	377.2	375.4
537	35	406.26	402.04
23635	1	420.65	419.85
23673	9	379	378
23661	9	386.43	378.13
23883	2	415.24	414.94
23869	7	433.1	430.7
23825	1	444.4	443.8
23866	3	385.4	385.1
15433	7	397.6	395.1
23857	3	377.1	376.1
23865	5	382.7	379.7
23804	7	375.5	372.7
23678	4	380.47	376.87
23615	6	399.12	398.72
23784	3	414.2	413.9
23647	7	422.4	422.1
820	2	376.05	372.95
23880	6	395.9	392.7
21896	2	384.62	370.09
23646	4	424	423.4
23820	7	392.31	391.51
23697	6	420.34	418.84
23661	1	388.13	388.03
23680	4	380.83	377.63
23756	2	420	416.7
23752	6	418.8	418.1
23742	1	428.8	427.9
23622	6	414.3	413.5
23747	7	418.8	417.5
23614	1	400.9	400.7
23664	7	445.95	443.85
23860	7	397.46	397.26
23803	6	419.5	419.4
23677	2	381.6	378
23730	1	425.8	425.1
23865	3	383.3	382.7
23721	3	411.1	410.8
14001	7	421.33	399.33
23603	7	430.61	414.61
23793	1	469.6	469
15111	2	377.56	371.06
23830	6	407.6	405.1
23741	1	429	428.2
23645	1	424.85	424.35
23819	6	478.95	478.45
21921	2	375.38	367.13
23806	3	390	388.4
21902	2	374.97	365.91
23875	3	414.3	413.8
23779	7	439	438.3
23702	1	375.55	374.55
21905	2	374.47	372.47
23704	3	415.98	415.28
23868	7	415.89	402.54
23797	6	420.6	420.4
23603	2	432.61	430.61
23713	3	414.73	414.03
23865	6	379.7	375.8
23863	1	416.2	415.8
23670	7	418.8	414.5
15892	7	393	315
7918	8	354.6	349.6
23857	7	376.1	372.7
23750	7	419.35	417.6
23609	2	400.25	399.8
23736	1	446.96	446.61
23637	2	411.05	410.55
23742	7	427.9	425.9
23868	1	417.54	417.44
23625	2	412.08	411.68
23612	3	400.1	399.4
23648	7	423.5	422.4
23771	1	412.99	412.59
23687	7	411.57	408.42
15010	7	340	326
23739	3	446.32	446.12
23795	3	471.27	467.27
23636	7	419.9	416.75
23671	1	422.2	421.7
23689	7	375.93	369.73
23721	1	411.3	411.1
23640	7	409.4	406.8
21925	1	372.92	372.76
23827	8	439.6	438.7
23602	1	435.09	433.09
23601	18	467.27	191.27
21901	9	367.95	361.4
23848	7	450.35	448.6
23875	6	412.9	411.7
23631	2	411.7	411.1
23854	7	427.9	425.9
23847	3	453.55	452.75
23729	1	425.6	424.9
23629	2	411.7	410.5
23699	1	420.64	420.44
23617	3	399.54	399.24
23716	1	415.42	414.92
23765	6	416.03	413.03
23675	1	382.2	382
23791	1	470.3	469.8
23805	7	373.7	372.6
23714	3	415.79	415.19
23810	38	380.95	380.83
21916	2	376.37	367.79
13843	7	383.2	358.2
23835	7	449.7	446.55
23743	2	374.9	373.9
15012	7	428	418
23783	2	414.4	413.4
23646	2	424.8	424.5
23867	2	417.25	416.4
23665	7	449.1	447.1
23765	7	413.03	412.83
21917	9	367.02	364.3
23769	1	414.06	413.61
14058	3	420	418
15832	38	336	418
21909	2	384.17	382.17
23772	2	411.59	411.39
23797	1	421.1	420.6
23641	7	410.5	407.2
23717	1	420.19	419.49
23702	7	372.55	367.55
15925	1	490.4	488.4
23699	7	417.24	413.84
23883	7	397.24	353.24
15910	7	415	393
23865	1	383.8	383.7
14335	38	430.4	429.6
23837	1	453.1	452.7
2957	6	369.28	337.88
23632	2	377.4	375.3
14333	3	433.3	432.6
23668	7	446.04	441.64
23738	1	446.63	446.13
14336	2	426.3	424
23637	6	410.55	409.9
23642	38	410.8	409.7
23844	7	453.15	449.35
14064	7	412	361
23826	1	445.8	445.4
14333	2	433.8	433.3
23693	1	414	413.7
23726	1	423.4	422.9
23775	7	439.18	435.88
23698	1	421.6	421.5
1449	7	374.7	374.1
23873	14	420.46	412.21
23658	1	390.4	390.2
21904	2	374.44	372.44
23822	7	391.78	389.48
23607	7	421	363
23775	38	440.08	439.58
23700	4	375.59	373.29
23848	1	453.25	452.75
23693	7	407.8	404
23784	7	413.9	413.7
23803	1	420.1	419.5
21918	9	366.86	364.64
23871	7	434.3	431.5
23872	14	421.76	412.76
23857	2	377.8	377.1
23657	2	432.14	431.24
21896	9	370.09	366.62
23749	2	420.3	419.5
23706	3	417.14	416.04
23831	15	450.08	443.83
23845	6	452.5	450.95
15046	7	420	368
23781	6	414.4	413.3
14012	6	316	380
23832	7	451.45	442.25
23869	1	433.9	433.1
23746	4	373.7	372.9
23745	1	375	374.8
21919	2	374.9	366.71
23612	1	400.7	400.4
23738	3	446.13	445.33
23768	1	416.53	416.13
23617	6	399.24	399.14
23749	7	419.5	417.7
13799	6	416.95	415.2
21898	4	367.1	365.06
23733	2	376.09	375.79
23821	1	392.54	392.24
23725	1	424.44	423.94
21919	9	366.71	365.16
14019	7	455	447
23659	1	390.1	389.9
23693	3	413.7	413.4
23632	6	375.3	368.4
23667	7	445.12	438.37
21915	2	373.49	366.26
23679	3	380.6	380.4
3346	6	370.06	346.31
23692	1	404.5	404.35
23845	7	450.95	449.95
13841	38	432	430
23682	9	377.74	373.74
23859	7	375.5	373.2
23765	2	416.78	416.03
23817	2	478.36	476.86
23651	7	443.54	440.24
23754	2	421.4	420.2
23782	38	415.7	415.2
23856	2	379.5	379.2
23867	7	415.85	407.3
23623	6	412.2	411.6
7918	2	374.6	370.9
23649	6	415.65	411.5
23652	38	444.98	443.38
14338	2	430.65	430.3
23823	3	392.4	391.65
23872	3	424.51	423.06
23693	6	413.4	407.8
15050	7	375	340
23760	2	420.1	418.6
23857	9	372.7	365.8
15870	7	312	474
23600	9	341	319
14998	7	429	409
23681	9	378.03	373.73
23645	3	423.95	423.55
21903	2	374.42	372.42
23662	2	388.98	387.78
23760	1	420.8	420.1
15834	7	162	322
23787	3	471	468
23608	7	484	480
23809	15	380.15	375.7
23701	13	355.85	347.15
23848	6	452.05	450.35
23765	1	416.83	416.78
14054	7	387	347
23606	9	359	293
23625	6	411.68	410.08
23847	6	452.75	450.45
23842	7	450.5	448.75
23642	7	409.7	406.8
15018	7	446	438
23792	1	470.5	470
23802	1	421	420.8
23697	3	420.74	420.34
15041	7	393	381
23650	15	436.7	435.7
23604	7	418	400
14334	2	433.7	433
23799	6	420.7	420.1
23619	1	397	396
23683	2	414.12	412.82
23719	7	406.7	403.5
23761	2	421.1	420
16636	7	379	335
23834	3	446.8	446.3
23852	7	431.4	429
23618	6	399.37	399.27
23736	18	436.46	432.96
23718	6	424.82	424.52
23866	1	385.9	385.7
21917	2	376.2	367.02
23757	1	419.7	419.6
23766	6	414.87	412.37
23633	6	374	369.1
15340	6	407.94	397.64
23790	1	467.85	467.3
23609	1	400.4	400.25
1166	2	377.27	370.77
7918	7	370	354.6
2957	2	375.88	371.13
23676	1	382.6	382.4
15828	7	399	393
23612	6	399.4	398.2
23770	6	412.97	409.87
23768	7	412.93	412.53
23856	6	379.2	372.9
14064	6	416	412
21900	2	377.35	367.07
7280	4	370.75	368.35
820	6	370.55	360.4
23850	6	422.4	419.5
23649	2	417.5	415.65
23770	1	413.87	412.97
21913	9	366.38	364.38
23685	6	413.74	410.94
23804	1	382.7	381.2
23687	3	422.62	421.87
23774	9	433.74	431.14
23611	6	399	395.6
23851	6	422.5	419.4
21911	2	374.42	372.42
23697	9	413.04	410.84
23785	2	415	414.6
23654	38	446.18	444.98
15843	7	381.5	341.5
23600	7	397	341
23848	3	452.75	452.05
23648	1	425.4	424.9
23814	38	391.45	390.8
23697	1	420.84	420.74
23757	2	419.6	418.2
16074	7	404	384
21919	1	375.16	374.9
23678	9	376.87	373.27
23601	3	471.27	467.27
23643	1	424.55	423.85
23864	6	383.6	380.6
23679	4	380.4	377.2
23771	2	412.59	412.39
23855	2	377.5	376.7
23846	7	449.85	446.05
23724	3	424.63	423.98
23688	3	422.95	422.15
23755	2	421.4	418.7
23881	6	395.8	392.8
23821	3	392.24	391.49
7352	7	401.44	388.84
23813	6	394.55	387.65
15897	7	455	427
14338	7	430.3	428.2
23829	1	408.9	407.8
23860	1	407.26	406.76
23638	7	408.95	406.75
21924	1	376.96	376.86
23684	2	414.23	412.83
23867	6	416.4	415.85
15244	7	300	412
23747	2	420.5	418.8
1479	6	369.1	350.2
23757	7	418.2	413.7
21899	2	375.45	366.45
23874	2	414.6	414.4
23822	2	392.28	391.78
23759	2	420	418.4
23807	6	390	386.2
23700	18	347.19	345.59
23828	1	408.7	408.5
23648	4	424.1	423.5
23686	2	413.87	411.27
7280	2	374.65	370.75
16050	7	442	440
23604	9	400	376
23768	6	414.53	412.93
15918	7	412.2	356.2
23788	1	469.7	469.3
23722	1	423.77	423.27
23762	6	419.3	418.2
21902	1	375.47	374.97
23677	1	381.8	381.6
23701	4	374.15	370.75
23679	2	381.2	380.6
23808	6	385.8	382.1
1479	2	372.7	369.7
23605	18	386	262
23602	12	377.09	375.09
1449	2	377.1	376.1
23807	3	390.5	390
23660	3	392.8	391.5
23707	1	417.4	416.9
23641	2	411	410.5
23699	3	420.44	420.24
23876	4	414	413
23724	1	425.38	424.63
23731	4	370.75	368.65
23737	7	446.43	442.73
23865	2	383.7	383.3
23619	6	396	394.4
23763	2	421.5	419.8
23788	18	469.3	468
23651	2	444.54	443.54
23884	14	344.44	338.94
23841	3	452.15	451.2
23599	7	393	367
23692	6	401.15	400
23714	1	416.19	415.79
23839	15	450.6	450.35
21899	9	366.45	363.45
23755	7	418.7	418.4
23764	2	417.01	415.46
23609	3	399.8	399.3
23604	18	376	230
23696	9	409.92	408.52
23773	11	363.38	360.98
23656	9	424.08	420.08
15862	7	432	422
23691	1	414	413.7
23664	3	447.75	445.95
23874	4	413.2	411.7
23719	3	407.3	406.7
23772	1	411.79	411.59
23764	1	417.06	417.01
23780	38	415.75	415.25
4713	6	372.81	350.11
23843	3	452.3	451.9
14049	14	408	320
23774	2	440.14	439.14
23633	2	375.1	374
23706	1	417.54	417.14
23777	2	440.19	439.54
14338	1	430.8	430.65
23882	7	487.9	486.7
23859	3	376.6	375.5
23861	6	402.52	394.12
23862	6	413.01	403.01
23756	7	416.7	414.3
23870	1	434.8	434
23639	38	411.05	409.75
23862	1	414.31	413.01
15849	7	422	411
23767	6	415.78	413.58
15812	7	435	431
23612	2	400.4	400.1
23660	7	391.5	389.1
23780	6	414.55	413.95
23708	6	415.08	412.98
23752	2	420.9	418.8
23824	7	442.1	441.4
5543	2	377	369.3
23712	6	415.55	414.55
23753	1	421.1	420.9
23608	18	480	234
23621	6	395.8	394.2
23802	6	420.8	420.3
23782	6	414.7	413.9
23717	7	418.49	417.59
23656	2	433.88	431.78
23643	7	422.15	420.65
23716	3	414.92	414.42
23681	2	381.73	380.93
23849	7	420.8	419.7
23819	1	479.3	479.1
23720	7	408.4	405.6
23645	7	423.05	420.85
23695	7	413.8	406.3
3347	6	369.46	346.16
23709	6	414.54	412.54
23751	7	419.1	417.9
23853	1	429	428.2
23623	2	413	412.2
13843	38	283.2	401.2
23840	1	453.05	452.55
23622	2	414.9	414.3
23698	3	421.5	420.9
23736	7	445.96	436.46
23782	2	415.2	414.7
23825	7	443.2	440.15
23855	7	375.2	373.6
23868	6	416.94	415.89
21902	9	365.91	363.47
23753	2	420.9	419.1
21897	2	384.28	370.69
23789	18	467.65	467.15
23646	3	424.5	424
23822	1	392.68	392.28
23826	3	445.4	444.2
23778	3	439.72	438.57
23823	1	392.7	392.4
21920	9	367.34	364.7
1166	6	368.77	366.67
23715	1	417.33	416.73
23600	18	313	197
14046	7	402	402
23702	18	347.55	347.05
9575	38	373.36	372.26
23864	3	384.5	384
23785	3	414.6	414.4
23717	3	419.49	418.89
14997	7	222	400
23653	38	445.36	444.16
23825	3	443.8	443.2
23634	6	419.85	417.65
23713	6	414.03	411.33
23629	6	410.5	410.2
23801	6	420	419.3
23744	2	374.9	373.4
23720	2	409.4	408.4
5543	8	339.8	336.4
23648	2	424.9	424.6
23650	7	443.9	436.7
23634	1	420.65	419.85
23877	4	372.85	369.3
23699	6	420.24	417.24
23776	3	439.2	437.8
23775	3	439.58	439.18
23824	2	443.1	442.1
23704	1	416.48	415.98
23675	2	382	379.2
537	38	407.16	406.26
23645	4	423.55	423.05
23697	7	418.84	413.04
23759	1	420.6	420
23718	7	424.52	423.52
23626	2	412.08	411.48
23731	2	375.65	370.75
14642	7	432	412
23794	1	470.9	470.2
23735	3	446.1	445.3
23806	6	388.4	385.7
23655	1	432.47	431.37
5543	6	369.3	347.8
23635	6	419.85	417.45
23709	3	416.14	414.54
23703	3	416.1	415.4
23707	6	415.4	413.4
23702	9	367.55	347.55
23812	15	377.45	370.4
14334	3	433	432.5
23745	2	374.8	373.7
23808	2	386.3	386.1
23845	3	452.8	452.5
23647	3	424.1	422.9
23703	1	416.6	416.1
23687	38	423.42	422.62
23659	3	389.9	388.7
23698	9	413	411.6
23708	3	416.48	415.08
23617	2	400.14	399.54
15010	6	374	340
23773	2	373.38	370.13
23776	2	439.55	439.2
23858	2	377.9	377.2
23610	38	399.7	398.9
23813	38	395.45	394.55
23826	7	442.9	441.9
23875	2	414.9	414.3
23639	7	409.75	407.25
23618	1	400.57	400.37
23769	2	413.61	412.06
15833	7	449	423
23778	7	438.57	438.27
23785	6	414.4	413.2
23855	3	376.7	375.2
23715	7	415.73	414.53
23781	2	414.6	414.4
21908	2	384.82	382.82
15918	6	419.2	412.2
23630	6	409.7	409.4
23681	4	380.93	378.03
23687	6	421.87	411.57
23663	3	445.9	444.2
23650	38	445.7	443.9
23804	6	381.2	375.5
1479	7	350.2	334.7
23811	38	381.05	380.93
23843	7	451.9	448.3
23847	7	450.45	449.35
23873	6	422.81	420.46
23859	2	377.5	376.6
23864	1	384.8	384.5
23811	5	380.93	380.25
23662	9	387.78	379.08
5543	7	336.4	336.1
14012	7	380	350
23701	1	374.75	374.15
23704	7	413.38	408.48
23721	7	410.8	407
23872	1	424.76	424.51
23614	2	400.7	400.3
23630	2	410.9	409.7
23670	1	419.5	419.35
23874	3	414.4	413.2
23775	9	435.88	431.08
23657	1	432.44	432.14
23861	1	403.12	402.52
23845	1	453.35	452.8
14218	6	368.95	363.65
23734	2	376.08	375.7
23688	1	423.15	422.95
23741	7	428.2	425.7
23688	7	412.75	393.15
23744	1	375	374.9
23744	4	373.4	372.5
23740	1	432.2	431.4
23878	6	369.2	359.25
23668	2	447.24	446.04
15831	7	422	420
23691	7	413.3	404
21924	9	366.4	363.96
23710	1	416.47	415.97
7747	6	369.05	361.55
23745	4	373.7	373
23666	1	451.7	451.3
23658	6	388.4	387.3
23685	7	410.94	403.94
23722	3	423.27	422.27
23696	1	422.52	422.37
23828	6	406.8	404.7
23772	6	411.39	408.29
23777	3	439.54	438.19
23814	6	390.8	383.45
1166	5	370.77	368.77
23716	6	414.42	412.42
23643	3	423.85	422.65
23719	1	407.5	407.3
15863	7	346	292
15343	3	403.1	402.1
15343	1	404.3	403.9
15978	6	369.2	345.6
15342	6	401.9	379.1
15343	6	402.1	378
15341	2	403.67	402.87
15343	2	403.9	403.1
15341	6	402.87	385.87
15342	2	403.7	402.3
15342	3	402.3	401.9
15978	2	375.6	369.2
16618	38	414	413.6
16618	7	408.9	401
16319	7	394.8	393.9
16331	38	415.2	414.8
16318	3	405.7	405
16326	38	415.2	415
16318	7	398.8	395.8
16319	38	406.5	406.1
14775	6	370.8	343.8
16318	6	405	398.8
16618	3	413.6	412.8
16331	7	414.8	407.7
16318	1	406.1	405.7
16326	7	415	403.9
16334	2	416.9	416.1
14775	2	373.8	370.8
16618	6	412.8	408.9
16319	3	406.1	404.7
16334	7	416.1	407.8
16319	6	404.7	394.8
23892	7	371.6	370.6
23887	1	445.24	444.84
23887	3	444.59	443.64
12943	7	392	387
23905	1	451	450.9
23889	7	444.3	440.1
13199	7	425	401
23904	7	451.6	450.4
23887	2	444.84	444.59
13402	4	374	358
23891	1	378.2	377.6
23894	38	458	454
23906	2	452.3	451.9
14068	6	374	366
12960	7	409	393
23898	1	454	453.9
23905	2	450.9	450.5
14068	2	376	374
23902	1	454.1	454
23909	2	441.78	440.93
23908	7	441.9	440.8
23903	7	449.3	448.5
23897	2	455.4	455.1
23902	2	454	453.3
13844	7	454.02	429.02
23906	7	451.9	451
13156	7	410	397
23895	1	426	424
23900	1	454	453.9
23893	18	395	49
23900	2	453.9	453.6
23906	1	452.4	452.3
13199	35	401	391
13848	7	452	436
23904	1	453	452.8
23909	1	441.93	441.78
23892	2	378.6	375.4
13156	38	412	410
23888	1	445.96	445.56
23901	1	453.9	453.8
23887	7	443.24	436.74
23908	2	442.6	441.9
23887	8	443.64	443.24
23893	7	399	395
23905	7	450.5	449
23900	7	453.6	452.4
23896	2	453.95	451.6
23894	7	454	438
23899	18	453.7	452.5
14043	7	436	416
23890	7	443.78	441.18
23907	6	445.11	444.61
23904	2	452.8	451.8
23890	3	444.23	443.78
14364	7	432	412
19292	18	434.4	434
23907	2	445.81	445.11
23897	1	455.6	455.4
23886	1	445.88	445.48
15810	6	420	412
23897	18	454.3	453.4
23897	7	455.1	454.3
23909	7	440.93	439.93
23892	5	375.4	371.6
23899	1	453.9	453.7
23895	18	420	176
23886	7	445.28	437.88
23888	7	444.96	440.46
23895	7	424	420
23894	18	438	258
15810	7	412	370
23898	18	453.9	452.8
15525	7	440	438
23886	3	445.48	445.28
23903	1	449.5	449.3
15257	7	421	369
23896	1	454.1	453.95
23896	7	451.6	451.5
23900	18	452.4	451.4
23889	3	444.55	444.3
23891	7	377.6	370.2
23904	38	451.8	451.6
23901	2	453.8	452.3
23889	1	444.9	444.55
23890	1	444.58	444.23
23907	7	444.61	443.81
23888	2	445.56	444.96
13402	5	358	328
5	7	420.19	411.99
23920	1	401.7	400.8
4	3	421.05	420.05
23914	1	400	399.2
23912	1	401.4	400.6
23915	3	400.5	399.5
23925	1	402	401.2
5	1	421.99	420.19
23930	38	402	400.8
23928	3	400.5	399.9
23915	6	399.5	398.3
23916	6	401.2	398
23921	6	401.5	398.4
23911	1	400.7	399.7
23913	2	400.9	400.7
23918	1	402.2	401.5
23928	1	401.3	400.5
23930	6	400.8	398.8
23926	6	400.5	397.3
23910	1	401.5	400.7
23919	6	401.3	398.2
23927	1	401	400.7
23912	6	400.6	397.9
23922	6	401.4	398.8
23910	6	400.7	397.5
23929	6	400.6	398
23926	1	401.5	401.2
23917	1	401.8	401
23920	6	400.8	397.9
23917	3	401	400.6
23926	2	401.2	400.5
23915	1	401.5	400.5
23919	1	402	401.3
23923	1	401.9	400.8
23914	6	399.2	396.5
23927	2	400.7	399.7
23922	1	402.3	401.4
23925	6	401.2	398.5
23913	6	400.7	397.5
23916	1	402	401.2
23931	6	400.3	398
23917	6	400.6	398.3
23927	6	399.7	396.8
23924	6	401.1	398.2
23928	6	399.9	397.8
23913	1	401.5	400.9
4	2	422.3	421.05
23911	6	399.7	397.2
23921	1	402.2	401.5
23924	1	402	401.1
23923	6	400.8	397.9
4	7	420.05	416.1
23931	2	401.8	400.3
23918	6	401.5	399
23929	1	401.5	400.6
14	38	375.9	374.3
11	5	371.2	366.81
7	1	421.07	420.47
23932	2	415.8	415.4
23938	1	389.4	388.9
23961	6	399.43	398.18
23941	1	389.93	389.03
23949	2	389.66	389.16
14	6	374.3	361.1
9	38	373.65	371.65
23944	1	389.75	388.85
23960	2	400.14	399.44
23948	1	390.5	389.75
12	38	373.95	371.45
23957	6	400.65	399.85
7	7	420.47	412.52
12	2	371.45	370.1
23933	7	414.4	409.1
23944	2	388.85	387.65
13	6	369.5	359.9
23933	2	415.1	414.4
23936	1	415.21	415.06
23956	3	401.34	400.84
23935	2	415.13	414.28
23960	3	399.44	398.74
23962	3	438.14	437.04
9	7	371.65	354.15
23956	6	400.84	400.54
23936	6	414.81	411.31
23943	2	389.91	389.56
8	1	372.7	371.45
23960	6	398.74	398.14
13	7	359.9	358.6
23958	1	401.14	400.79
23958	3	399.44	399.24
7	2	422.57	421.07
8	6	367.2	356.91
23955	6	401.47	400.57
23961	1	400.18	400.08
23937	1	416	415.2
23957	1	401.45	401
23954	2	402.4	401.6
23961	3	399.78	399.43
23961	2	400.08	399.78
23959	2	400.4	397.8
23962	7	437.04	433.64
23934	2	415.91	415.46
23938	2	388.9	388.8
23934	6	415.46	412.71
23943	1	390.36	389.91
10	7	372.46	353.79
23958	2	400.79	399.44
23957	3	401	400.65
14	7	361.1	358.8
23949	1	390.26	389.66
23959	6	397.8	397.6
23956	2	402.04	401.34
23962	38	438.64	438.14
13	2	371.45	369.5
10	1	375.11	373.71
8	5	371.45	367.2
23954	3	401.6	401.1
23936	2	415.06	414.81
23954	6	401.1	401.1
11	7	366.81	358.4
23932	7	415.4	409.8
23948	2	389.75	389.2
12	7	370.1	351.55
23955	2	402.17	401.47
10	5	373.71	372.46
13	1	373.7	371.45
43	2	385.45	383.7
36	2	380.1	379.5
55	6	374.67	363.82
30	3	382.32	381.92
43	1	386.5	385.45
55	38	374.97	374.67
21	1	387.29	386.79
15	7	369.25	362.75
57	6	374.08	366.73
24	7	382.85	377
29	6	381.17	370.67
23971	38	421.38	421.32
30	6	380.72	371.72
23970	38	419.31	418.81
36	1	381.5	380.1
23967	6	420.47	419.27
23966	1	421.33	421.23
46	1	389.1	387.8
22	38	387.97	386.62
23	7	381.88	366.88
23	2	384.38	381.88
31	4	382.14	380.79
27	2	378.55	374.25
26	6	384.43	377.33
25	7	380.46	370.06
23968	2	421.38	421.08
27	6	374.25	355.95
23965	2	421.72	421.42
23964	3	421.35	419.8
45	9	377.8	376.9
21	7	384.39	371.79
23971	2	421.32	420.78
58	1	377.53	377.38
22	7	386.62	372.97
54	2	375	371.5
26	1	385.53	384.43
42	7	387.95	375.75
17	35	372.2	370.5
24	1	384.4	383.9
23969	6	420.13	417.83
23967	3	420.62	420.47
23970	6	418.81	417.31
30	4	381.92	380.72
57	2	376.48	374.08
54	6	371.5	365
23968	3	421.08	420.63
21	2	386.79	384.39
23969	2	421.23	420.13
36	6	379.5	368.7
23963	6	420.67	415.27
23963	2	421.47	421.27
45	7	382.7	377.8
25	6	385.86	380.46
43	7	383.7	375.75
29	38	386.17	384.37
23967	38	421.27	420.62
47	7	383.95	371.25
45	6	389.3	382.7
31	2	383.54	382.14
23	1	386.38	384.38
23965	6	421.42	418.92
45	38	391.1	389.3
29	4	382.17	381.17
23964	6	419.8	415.2
23966	6	420.53	419.33
47	6	389.65	383.95
23963	3	421.27	420.67
24	2	383.9	382.85
31	6	380.79	373.54
23968	6	420.63	418.38
17	7	370.5	365.5
15	2	373.45	370
15	6	370	369.25
58	6	377.38	366.73
29	3	384.37	382.17
23964	2	421.4	421.35
42	38	389.95	387.95
59	2	377.2	375.35
38	7	386.9	372.9
25	2	390.06	385.86
26	7	377.33	370.53
23966	3	420.93	420.53
23966	2	421.23	420.93
23969	1	421.43	421.23
36	7	368.7	360.5
59	6	375.35	366.45
46	7	387.8	378.5
47	1	391.05	389.65
88	1	395.41	395.11
61	1	385.9	385.4
103	6	393.5	367.5
68	2	373.08	369.68
69	2	370.65	368.9
64	7	382.1	375.3
67	4	366.9	361.3
104	38	380.05	377.98
102	6	393.4	366.9
99	7	366.9	365.7
61	6	383.2	377.9
88	7	385.61	371.66
71	1	422.94	422.64
64	38	386.5	384.2
72	1	419.59	418.79
61	7	377.9	371.1
62	38	386	382.8
72	6	418.79	417.59
86	7	377	376.5
86	6	386.4	377
103	7	367.5	364
99	6	393.4	366.9
69	4	368.9	367.1
68	4	369.68	362.78
102	7	366.9	365.4
61	2	385.4	383.2
70	4	368.7	366.5
72	7	417.59	396.09
62	6	382.8	378.5
69	1	371.1	370.65
70	38	372.5	368.7
84	7	398	393.1
62	7	378.5	373.2
71	7	421.44	412.84
74	6	364.15	323.85
86	1	387	386.4
63	6	384.15	382.3
84	2	408	403
84	6	403	398
88	6	395.11	385.61
104	6	377.98	373.8
63	2	388.8	384.15
67	38	372.3	366.9
63	7	382.3	375.2
71	6	422.64	421.44
64	6	384.2	382.1
74	5	370.95	364.15
107	7	414.8	408.3
109	6	419.45	413.85
105	9	360.93	360.33
108	1	420.9	419.4
110	7	414.4	411.3
109	7	413.85	410.85
110	1	421.5	420.3
110	6	420.3	414.4
107	1	421	419.7
108	7	413.9	410.8
105	12	354.63	348.76
106	4	374.1	365.4
109	1	421.05	419.45
107	6	419.7	414.8
105	4	359.08	360.93
108	6	419.4	413.9
105	10	360.33	354.63
23976	6	407.81	406.76
197	1	374.3	373.3
115	7	364.7	358.8
23977	6	407.77	406.77
141	7	374.65	370.55
23975	7	400.05	394.55
149	2	372.6	366.35
125	7	414.98	403.58
140	11	372.4	363.8
161	38	382.4	380.55
196	6	371.98	349.48
161	5	380.55	379.3
23972	1	415.4	415
23974	6	406.8	395
141	6	379.9	374.65
160	6	377.88	376.88
23973	1	415.9	415.2
23975	2	409.55	408
197	2	373.3	371.3
115	1	376.5	374.9
161	6	379.3	359.9
123	1	385.85	384.05
23973	7	415.2	412.3
23978	6	408.44	407.34
201	6	385.84	364.84
23974	2	407.8	407
23975	3	408	407.55
140	9	374.5	372.4
23979	6	407.61	407.26
115	4	374.9	370.9
23975	6	407.55	400.05
129	9	364.6	360.6
127	9	366.8	361.7
159	6	371.93	363.43
196	5	373.08	371.98
199	6	388.42	365.02
23972	6	413.6	412.2
23977	3	408.27	407.77
23972	7	412.2	411.7
117	2	377.5	373.5
23979	2	409.26	407.61
122	7	433.87	386.87
160	11	371.08	370.08
115	6	370.9	364.7
125	1	415.58	414.98
160	38	383.48	377.88
160	7	376.88	371.08
201	2	390.34	385.84
141	38	382.76	379.9
196	1	374.48	373.98
23978	3	408.99	408.44
117	6	373.5	325
202	6	381.85	363.4
23972	2	415	413.6
199	2	392.22	388.42
23974	7	395	392.8
202	2	386.6	381.85
198	2	394.36	390.61
159	7	363.43	362.33
23977	2	408.77	408.27
197	6	371.3	358.3
23976	2	408.76	407.81
159	2	379.93	371.93
128	9	365	361.15
23978	2	409.34	408.99
114	7	391.4	389.5
161	7	359.9	356.4
114	1	392.6	391.4
196	2	373.98	373.08
198	6	390.61	367.16
23974	3	407	406.8
149	7	366.35	361.3
122	3	435.37	433.87
24001	6	404.7	401.8
23992	2	434.9	433.9
23986	2	435.6	433.9
23997	6	419.49	418.09
23985	1	425.35	425.05
23985	2	425.05	423.35
23984	1	426	425.7
23989	7	432.61	428.91
23992	7	433.9	431.9
24003	1	406.4	405.7
23981	2	424.38	424.08
23980	1	424.9	424.4
24002	6	405.5	402.8
204	7	381	361
204	9	361	345
23998	1	422.25	421.85
23981	7	424.08	416.18
23994	6	420.14	417.84
210	6	367.5	357.8
23986	7	433.9	429.6
24001	1	405.4	404.7
24002	1	406.3	405.5
210	1	372.8	371.6
23996	6	420.02	418.22
23998	6	419.85	418.65
23990	7	433.3	429.1
23982	1	424.4	424.1
23983	7	423	417.4
23997	2	421.94	419.49
23988	7	433.8	429.4
23999	2	422.08	420.08
23982	7	423.5	416.2
23994	2	421.54	420.14
24003	6	405.7	402.8
23983	2	425.35	423
23984	2	425.7	424
23980	7	424.4	416.8
23997	1	422.09	421.94
23991	2	435.38	433.88
23989	2	434.91	432.61
23987	2	435.6	434.9
23995	1	421.82	421.12
23982	2	424.1	423.5
24000	1	405.4	404.6
23995	2	421.12	420.57
209	4	329.77	323.67
23987	7	434.9	429.6
23991	7	433.88	432.38
23996	1	421.92	421.82
23999	6	420.08	418.08
23995	6	420.57	418.42
23998	2	421.85	419.85
23996	2	421.82	420.02
23993	2	434.81	431.81
210	4	371.6	367.5
23983	1	425.6	425.35
23990	2	435.1	433.3
23993	7	431.81	431.31
24000	6	404.6	401.8
23988	2	435.4	433.8
215	6	365.5	357
228	1	359.4	359.1
220	7	352.1	348.45
231	1	358.65	354.65
241	1	347.55	347.05
224	5	347.2	337.8
225	7	328.7	319.45
216	6	354	349.85
228	9	359.1	343.7
225	5	339.9	332
229	1	353.35	352.55
225	6	332	328.7
219	5	337.85	327.6
220	5	368.85	357.25
223	6	342.8	335.2
221	5	366	350.5
231	6	354.65	351
224	7	333	324.1
240	1	351.9	350.95
242	4	348.52	340.42
224	6	337.8	333
222	6	347	339
218	6	335.7	330.5
218	5	350.95	335.7
238	1	360.1	357.9
222	5	361.2	347
215	5	371.7	365.5
216	5	369.6	354
222	7	339	338.5
235	1	345	343.85
220	6	357.25	352.1
241	4	347.05	337.55
223	5	352.65	342.8
232	1	372.8	368
242	1	349.82	348.52
221	6	350.5	346.05
239	1	362.9	360.25
247	4	357.7	349.6
24007	7	469	465
255	1	367.3	365.3
22864	2	454.81	454.11
290	9	407	335
24072	1	359.71	359.31
24026	4	375.15	373.35
22864	7	453.01	450.61
24050	7	469	463
24032	6	363.7	360.1
24042	1	417.1	416.85
24032	4	366.5	363.7
24076	1	359.96	359.66
313	38	338.21	337.01
24030	2	374.1	367.3
24048	7	415.8	413.6
24018	9	387	367
22867	4	412.83	410.03
24046	7	417.5	412.7
24034	7	375.8	366.1
24005	7	376	372
22857	6	457.4	455.8
23004	9	418	406
22857	9	453.8	444.9
24028	2	374.1	368.6
24029	2	374.3	369.3
288	4	335.51	330.61
355	1	356.5	355.35
24048	1	417.6	417.45
358	9	374.2	364.3
252	4	355	350
24011	7	476	468
24044	1	423	422.8
244	4	357	347
24045	7	419.9	416.3
24067	1	427	426.25
303	2	391.07	387.37
329	7	435.2	424.45
24021	2	378.07	376.67
24024	7	370.01	366.71
24034	1	377.1	376.8
24059	7	428.05	424.85
353	1	354.9	354.05
24039	1	425.45	425.1
357	4	353.9	352.7
22857	1	458.3	458.15
345	7	407.55	399.1
24012	7	459	455
24076	4	358.56	355.66
24033	4	366.4	365.4
24064	7	383.4	382.5
24019	18	349.17	346.17
24061	6	371.04	355.64
24049	1	419.55	419.1
22864	9	450.61	446.91
366	38	355.05	354.35
293	7	410.8	378.65
319	7	335.28	328.33
24021	4	376.67	372.27
337	1	434.45	434
280	6	346.22	345.44
254	7	473.3	442.5
22863	9	454.8	447.3
24024	2	378.51	376.41
24021	18	372.27	368.07
22943	18	413	248
24066	3	381.8	381.4
24070	1	425.5	424.8
24079	6	425.35	421.35
24006	7	424	414
24006	12	408	398
24073	3	359.15	358.6
288	11	330.61	316.86
24026	2	378.35	375.15
303	7	387.37	380.97
340	7	433.1	425.2
22859	2	465.43	463.08
24043	2	417.8	416.15
24055	1	417.6	417.5
324	7	425.31	411.21
338	1	439.04	438.04
24030	1	374.3	374.1
322	7	429.36	417.66
292	6	419.4	410.75
24041	1	426.9	426.7
261	18	344.61	325.51
24032	2	374.1	366.5
24046	2	418.5	418.2
24067	7	426.25	422.9
307	2	391.29	388.39
24045	1	421	420.8
24036	7	423.35	420.15
24074	1	359.5	359.2
24072	4	358.51	355.21
24078	1	359.7	359.4
24006	18	398	199
24046	3	418.2	417.5
333	1	432.48	432.18
24007	18	465	191
256	1	367.65	365.75
301	1	391.15	390.5
24037	1	425.05	424.7
245	4	359.15	350.2
22945	18	413	248
22859	6	463.08	460.83
24024	18	366.71	362.51
23004	18	406	211
24053	1	417.6	417.5
251	4	357.35	348.1
24062	3	383.9	383.3
363	1	354.4	354.2
293	1	412.1	410.8
22863	12	447.3	446.3
24062	7	383.3	382.1
24016	18	405	160
22857	18	444.3	443.3
358	1	374.6	374.2
24005	18	324	196
359	9	352.01	349.16
324	1	426.31	425.31
24047	7	415.8	413.6
24035	7	374.15	366.65
24013	18	439	282
292	1	422.9	419.4
281	18	343.48	338.73
24031	9	369.6	354.6
320	7	353.76	337.56
24058	2	428.85	428.25
24027	2	373.6	366.4
24025	4	376.49	373.09
347	6	408.07	406.37
22945	7	448	439
331	7	430.96	418.81
347	1	408.47	408.07
24064	2	385.8	383.4
360	6	373.75	365.75
343	7	369.91	365.11
24074	4	358.5	355
22863	18	446.3	444.9
24041	3	426.7	426.2
24057	7	428.4	425.4
24019	9	388.17	362.17
24022	4	375.46	374.36
24038	3	424.7	424.25
22864	18	445.26	444.61
24027	9	366.4	354.4
301	4	390.5	387.05
302	1	419.4	418.25
23005	2	411	409
24075	1	359.7	359.4
24079	7	421.35	401.35
365	7	353.6	350.6
22946	7	448	439
261	11	351.61	344.61
287	4	335.48	333.13
246	4	358.5	348.3
24022	18	370.06	366.41
302	6	418.25	414.35
308	2	391.01	389.16
24069	7	424.3	422
24037	7	424.35	420.85
24057	2	429.1	428.4
24065	7	383.2	381.2
24023	18	370.57	367.27
24050	18	463	284
280	18	345.44	340.69
22867	6	410.03	409.53
24022	3	376.61	375.46
24070	7	424.8	422.6
336	7	432.66	426.81
301	7	372.85	357.55
24042	7	415.15	413.7
24054	7	410.9	394.2
24013	7	457	439
24054	6	412.2	410.9
286	6	362.6	360.6
22863	2	458.75	456.6
24054	9	394.2	387.3
290	1	432	431.4
24056	2	417.2	416.2
302	7	414.35	392.4
333	7	432.18	424.48
24071	1	425.5	424.8
22864	6	454.11	453.01
24029	9	369.3	354.6
304	7	386.98	380.28
24038	1	425.05	424.7
22865	18	452	256
24039	7	424.65	421.25
24055	2	417.5	417
24077	4	359.4	355.4
24011	18	468	226
313	6	337.01	323.21
317	1	339.1	338.6
341	1	437.98	437.28
24053	6	413.9	409.2
361	1	368.45	367.35
253	4	358.65	349.5
24012	18	455	159
24039	3	425.1	424.65
290	6	431.4	415
23005	6	409	407
347	7	406.37	398.47
24075	4	358	355.2
24054	1	417.3	417.2
314	38	347.01	346.01
24068	1	426.5	425.75
24066	7	381.4	380.5
319	6	340.48	335.28
346	6	407.94	406.54
24066	38	383	381.8
258	7	379.56	376.76
24040	7	425.95	422.85
24054	2	417.2	412.2
22863	1	458.9	458.75
291	1	432.6	430.8
24020	2	392.41	387.41
23005	12	389	383
341	7	437.28	432.08
345	1	409.95	409.25
24022	2	378.41	376.61
24056	1	417.3	417.2
23003	7	420	392
338	7	438.04	432.29
334	7	433.22	428.87
22859	7	460.83	459.03
24023	2	378.27	377.27
23003	11	392	356
24022	6	374.36	372.31
365	12	350.6	346.6
321	1	360.4	359.45
314	6	346.01	327.01
24059	2	428.8	428.05
24075	3	359.4	358
304	2	391.18	386.98
24059	1	429.05	428.8
24030	9	367.3	354.3
310	2	391.11	385.81
24072	3	359.31	358.51
24036	1	424.25	424
24047	3	417.3	416.9
23005	7	407	395
350	4	354.15	353.15
24038	7	424.25	421.05
322	6	430.06	429.36
24080	4	356.71	355.51
24041	7	426.2	422.9
335	7	432.28	426.08
24014	9	377	319
22946	9	439	413
24025	2	378.09	377.09
250	4	357.1	349.3
243	4	356.5	345.3
22867	3	414.53	412.83
24019	11	362.17	349.17
24028	1	374.6	374.1
24077	1	359.7	359.4
307	7	388.39	385.29
22945	9	439	413
334	1	433.67	433.22
24040	3	426.2	425.95
306	7	388.63	384.73
337	7	434	426.75
351	1	354.6	353.5
24025	3	377.09	376.49
292	7	410.75	402.9
332	7	432.93	424.18
24004	12	376	278
343	6	373.71	369.91
248	4	357.2	350.1
281	4	351.03	348.53
24033	6	365.4	360.4
317	4	338.6	337.8
24029	1	374.6	374.3
22865	7	456	452
24049	7	419.1	415.55
339	7	435.45	430.6
24058	1	429.05	428.85
22857	2	458.15	457.4
285	2	407.88	406.98
24005	12	370	324
24015	18	426	194
23003	2	422	420
24007	2	471	469
24079	18	401.35	197.35
289	11	331.92	319.32
319	1	341.28	340.48
320	4	356.41	353.76
281	6	348.53	343.48
24023	4	377.27	373.47
24017	18	482	457
22863	7	455.9	454.8
357	1	355.1	353.9
24040	1	426.85	426.65
24045	2	420.8	419.9
24061	2	375.64	371.04
345	6	409.25	407.55
24080	7	355.51	354.96
320	1	357.36	356.41
24028	9	368.6	354.6
24033	2	374.4	366.4
24022	7	372.31	370.06
254	1	474	473.3
22857	12	444.9	444.3
24010	18	379	11
24079	1	427.35	425.35
360	7	365.75	359.05
260	9	352.4	345.16
309	2	391.13	387.23
24044	9	420.8	418.4
24016	7	435	405
24080	3	357.01	356.71
260	1	353.7	352.4
24063	7	384	382.3
24004	11	388	376
24044	7	421.6	420.8
309	7	387.23	380
321	2	359.45	358.4
24068	7	425.75	423.6
24071	7	424.8	422.8
24053	9	392.5	387.6
24076	3	359.66	358.56
360	1	377.55	377.05
24078	4	359.4	355.5
24042	6	416.35	415.15
24053	2	417.5	413.9
365	38	354.4	353.6
24047	1	417.6	417.3
24014	7	386	377
291	7	430.8	414.75
340	1	433.5	433.1
24063	38	386	384
24036	3	424	423.35
24044	3	422.8	421.6
289	4	335.47	331.92
24060	6	370.06	355.26
24020	9	387.41	354.41
24031	1	374.6	373.4
24048	3	416.95	415.8
24062	38	385.5	383.9
346	7	406.54	398.44
361	6	367.35	365.35
24027	1	374.4	373.6
24055	6	417	416.4
22863	6	456.6	455.9
360	3	377.05	373.75
22943	7	448	439
22867	2	415.03	414.53
24074	3	359.2	358.5
358	12	364.3	350.4
317	6	337.8	330.5
24024	6	372.31	370.01
23005	18	383	109
24015	7	454	426
24004	18	278	168
343	38	375.51	373.71
285	6	406.98	397.88
24024	4	376.41	372.31
24031	2	373.4	369.6
261	1	352.71	351.61
24043	7	415.85	414.8
280	4	350.69	346.22
290	7	415	407
329	1	435.6	435.2
259	9	351.73	347.45
22866	3	414.46	412.46
24060	2	375.26	370.06
24040	2	426.65	426.2
24009	7	422	368
24037	3	424.7	424.35
301	6	387.05	372.85
24073	1	359.7	359.15
24046	1	418.7	418.5
24058	7	428.25	425.05
24043	6	416.15	415.85
24005	11	372	370
24065	1	384.5	384.3
24019	2	392.17	388.17
24010	9	411	379
22866	2	415.16	414.46
22864	1	455.11	454.81
322	1	430.86	430.06
22857	7	455.8	453.8
24035	2	375.65	374.15
306	2	391.33	388.63
364	2	354.85	347.95
22864	12	446.91	445.26
332	1	433.33	432.93
331	1	431.26	430.96
24042	3	416.85	416.35
24053	7	409.2	392.5
22859	12	445.13	443.83
348	4	354.5	353.3
349	4	356.26	355.01
346	1	408.44	407.94
24008	9	452	434
22946	18	413	248
23004	7	426	418
258	6	383.16	379.56
24018	18	335	185
24023	7	373.47	370.57
24034	3	376.8	376.5
22866	4	412.46	410.36
23003	18	356	172
339	1	436	435.45
24018	12	367	335
286	5	370.35	362.6
24057	1	429.3	429.1
24080	1	357.51	357.01
24047	6	416.9	415.8
22859	9	459.03	445.13
24073	4	358.6	355.4
23005	9	395	389
24006	11	414	408
24034	6	376.5	375.8
24008	7	455	452
286	2	373.6	370.35
249	4	356.95	347.3
24018	7	405	387
258	2	383.56	382.86
336	1	433.11	432.66
362	1	355.8	355.4
287	11	333.13	316.88
305	2	391.22	387.87
335	1	432.68	432.28
24048	2	417.45	416.95
24008	18	434	240
22943	9	439	413
22859	18	443.83	443.43
24009	18	368	197
24065	2	384.3	383.2
24069	1	425	424.3
22866	6	410.36	409.16
310	7	385.81	383.11
24014	18	319	126
24089	2	421.42	420.49
24097	7	415.08	412.08
23400	7	480.5	471.5
24091	2	422.25	420.25
24097	6	419.88	415.08
23397	7	480.5	471.5
24093	3	420.41	419.61
24089	6	420.49	420.19
24081	2	422	419.2
24097	2	421.08	419.88
24089	1	422.19	421.94
23006	18	431	297
24084	2	421.95	420.35
24087	2	422.09	420.39
24082	2	422	420.5
23397	18	471.5	218.5
377	3	357.6	354.1
24093	6	419.61	415.11
24095	7	417.2	411.9
24096	7	415.3	411.9
24092	7	432.4	432.1
23398	7	480.5	471.5
378	7	378.67	361.47
24083	2	421.96	420.46
24093	7	415.11	411.81
379	7	380.1	366.2
24095	2	420.9	420.5
24090	3	421.97	421.52
24081	6	419.2	419
24093	2	420.81	420.41
23399	7	480.5	471.5
24085	2	422.19	420.69
23396	7	480.5	471.5
23401	7	480.5	471.5
24088	2	421.99	420.79
23400	18	471.5	220.5
23399	18	471.5	220.5
24098	7	415.58	412.48
24098	6	419.88	415.58
24094	7	416.07	411.77
24094	2	420.77	419.17
23006	7	437	431
23401	18	471.5	220.5
24090	6	421.22	420.82
24086	2	422.1	420.2
23396	18	471.5	218.5
23398	18	471.5	218.5
24090	2	421.52	421.22
24089	3	421.94	421.42
24096	2	420.9	419.9
24098	2	421.08	420.48
24090	1	422.22	421.97
24092	1	433.5	433.4
24094	6	419.17	416.07
24098	3	420.48	419.88
24095	3	420.5	419.9
24096	6	419.9	415.3
24092	2	433.4	432.4
24095	6	419.9	417.2
367	9	357.1	353.15
24115	2	401.93	397.93
24125	2	401.95	398.15
401	7	416.46	415.66
24109	2	401.75	397.75
24102	6	418.4	416.4
399	1	418.21	417.91
24101	38	421.04	417.54
410	1	405.03	403.93
409	1	400.54	400.04
24106	2	401.7	398.7
24103	6	419.38	416.1
24104	2	421.6	420.8
24115	6	397.93	397.43
404	7	420.23	419.48
24107	2	402.1	397.1
395	7	413.57	412.92
402	1	422.36	422.01
398	7	418.29	417.54
24101	6	417.54	415.64
24122	2	402.3	397.1
409	7	398.04	396.54
417	38	379.27	378.77
395	1	413.97	413.57
24119	2	402.07	397.07
403	1	422.88	422.48
24112	2	402.3	397.8
404	1	420.48	420.23
405	7	420.05	419.4
24113	2	402.16	397.66
400	1	416.59	416.29
24102	2	420.9	418.4
24120	2	401.94	399.64
24111	2	402.3	397.3
24102	7	416.4	415.4
24099	6	419.35	415.95
24117	6	399.26	397.66
24118	6	397.8	396.6
409	6	400.14	398.04
397	7	412.11	411.51
410	6	403.93	402.13
24120	6	399.64	396.94
24104	6	420.8	417.4
417	6	378.77	377.27
398	1	418.59	418.29
24099	2	420.55	419.35
24116	6	398.9	396.85
24100	38	420.98	419.78
24121	6	398.69	397.19
24110	2	401.7	397.7
24117	2	401.66	399.26
405	1	420.45	420.05
417	7	377.27	369.27
24121	2	401.79	398.69
24108	6	397.2	396.7
393	7	414.68	414.38
393	1	415.18	414.68
24118	2	401.6	397.8
401	1	416.86	416.46
24116	2	401.85	398.9
24100	6	419.78	415.98
410	7	402.13	399.03
24123	2	401.92	399.52
397	1	412.51	412.11
24103	2	420.75	419.38
24106	6	398.7	396.7
394	1	414.28	413.98
24101	7	415.64	415.04
24108	2	401.7	397.2
24124	2	402.26	398.96
24114	2	401.93	397.93
396	1	413.07	412.77
24103	7	416.1	409.75
16818	7	482	474
24162	7	425.98	423.08
24149	2	410.4	408.8
24163	2	429.56	424.56
24157	1	389	388.8
24150	2	388.8	387
24151	2	388.8	386.6
24155	2	388.9	385.4
24163	7	424.56	423.56
24138	18	417.54	416.54
24129	4	374.46	369.96
24144	6	410.8	406.8
24144	2	411.8	410.8
24159	2	388.6	386.6
24130	6	417.17	416.47
24147	6	409.1	405.6
24126	6	431.83	429.23
24129	2	378.46	374.46
24164	2	429.56	425.76
24127	35	378.69	376.69
24127	6	372.19	371.19
24146	2	409.66	409.11
24146	6	409.11	404.66
24151	38	389	388.8
24128	6	370.46	368.66
24157	2	388.8	386.9
24141	6	417.4	416.2
24129	6	369.96	368.16
24132	6	415.56	415.26
24128	4	377.66	370.46
24130	2	417.67	417.17
24149	1	410.6	410.4
24152	1	389	388.8
24135	6	416.89	416.19
24134	2	417.3	416.6
24160	2	429.22	424.62
24158	2	388.6	385
24137	6	416.44	415.74
24143	2	412.4	410.9
24162	2	429.08	425.98
24153	1	389	388.8
24134	6	416.6	416.3
24154	1	389	388.6
24142	6	411.28	407.78
24153	6	388.8	386
24131	6	416.96	416.56
24127	4	376.69	372.19
24140	38	417.36	416.56
24156	2	388.5	387
24147	2	409.6	409.1
24160	7	424.62	423.22
24145	2	411.3	410.55
24164	7	425.76	423.56
24155	1	389	388.9
24148	38	409.58	409.28
24158	1	389	388.6
24133	6	416.4	415.9
24152	2	388.8	385.1
24128	2	378.66	377.66
24132	2	417.06	415.56
24154	2	388.6	385.2
24131	2	417.26	416.96
24149	6	408.8	405.6
24133	2	417.1	416.4
24159	1	389	388.6
24142	2	412.78	411.28
24126	2	432.23	431.83
24137	2	417.34	416.44
24140	6	416.56	416.16
24136	6	416.97	416.27
24139	18	417.37	416.37
24156	1	389	388.5
24161	7	423.74	423.14
24150	1	389	388.8
24143	6	410.9	407.4
24145	6	410.55	406.3
24161	2	429.14	423.74
24136	2	417.47	416.97
24135	2	417.39	416.89
24213	2	409.96	406.76
2703	2	410.15	407.35
24233	2	372.59	368.9
24235	1	372.7	372.57
24238	4	370.5	369.7
24175	3	423	421.2
1793	2	409.55	407.05
2712	7	409.7	403.7
3122	7	409.3	405.25
1794	11	395.83	388.13
24184	7	424.1	423.3
24170	7	422.5	421.3
24182	7	423.4	422.6
24227	4	368.28	363.88
24203	6	386.93	385.43
24202	6	384.95	383.82
24210	6	386.06	384.66
24232	1	372.7	372.58
24177	1	425	424.7
24231	1	372.7	372.6
24252	6	443.5	422.9
24179	2	424.9	423.8
24242	4	370.2	369.7
2706	11	401.3	395.6
24239	1	372.7	372.5
24204	4	386.52	385.42
24212	6	408.5	404.4
24178	2	424.1	422.2
1951	9	398.99	397.74
24184	2	424.5	424.1
24212	7	404.4	394.2
24213	6	406.76	405.11
24167	3	422.7	422.2
24236	2	372.58	370.9
24245	4	370.3	368.1
24213	7	405.11	398.06
24174	3	423	421.3
24170	3	423	422.5
24215	6	408.72	407.22
24216	2	410.88	409.38
24225	4	369.7	369.6
24228	2	372.7	367.8
24202	1	385.72	385.66
24244	1	372.7	372.5
24192	2	415.55	413.1
24201	2	417.53	416.23
2433	2	408.7	406.9
24198	2	415.6	413.9
24231	2	372.6	367.15
24234	2	371.08	368.03
1671	2	430.5	427.5
24168	7	421.7	421.3
24210	1	386.36	386.26
24176	7	424.1	422.9
24239	2	372.5	370.9
24186	1	412.3	412
24212	2	409.2	408.5
24244	4	370	369.7
24252	9	379	372.5
24187	1	412	411.8
24222	2	372.6	370.4
24232	4	367.7	366.7
2433	7	400.5	388.2
24216	6	409.38	407.88
24185	2	415.3	410.9
2704	6	400.9	395.9
24217	2	372.6	370.4
24243	4	370.4	369.7
24173	2	424.4	424
2713	1	409.4	408.9
24236	4	370.9	369.7
24205	4	386.49	385.24
24230	4	370.6	369.7
24189	2	415.6	410.6
2712	2	410.2	409.7
24194	1	415.8	415.55
24218	2	373.5	371
24227	2	373.38	368.28
24233	4	368.9	366.7
24208	3	387.32	387.02
24198	1	415.8	415.6
3122	2	411.7	409.3
24200	1	415.9	415.8
24206	3	387.81	387.21
24238	1	372.7	372.59
24202	2	385.66	384.95
24242	2	372.5	370.2
24220	4	370.2	369.6
24211	1	386.04	385.94
24240	1	372.7	372.5
24177	3	424.7	424.3
24180	7	423.8	422.8
2714	2	410.5	409.6
24176	2	424.7	424.1
24219	2	372.6	370.3
24186	2	415.5	412.3
24252	1	444.5	443.5
24229	2	372.7	368.2
1794	2	409.63	406.13
24203	3	387.63	386.93
24235	4	370	367.2
24206	6	387.21	386.31
24194	2	415.55	413.1
24165	2	424.2	422.4
24218	4	371	370.5
24105	2	401.8	398
24241	2	372.55	370.75
24244	2	372.5	370
24186	7	412	411.8
24229	18	362.5	362
24182	2	423.8	423.4
24237	2	372.55	370.4
24181	7	423.8	422.7
24167	7	422.2	421.2
2624	7	406.8	401
24245	1	372.7	372.5
24199	1	415.8	415.65
24240	4	369.95	362
3019	2	408.13	407.2
24207	3	387.37	386.77
24227	18	363.88	362.38
24181	2	424.4	423.8
24209	6	386.44	385.24
24222	4	370.4	369.6
24233	1	372.7	372.59
24172	2	424.4	422.4
2625	2	408.4	407.5
24239	4	370.9	369.7
24224	2	372.5	369.5
2712	11	398.2	388.2
24200	2	415.8	413.4
24180	2	424.8	423.8
24226	4	369.05	368.2
24179	7	423.8	422.9
24240	2	372.5	369.95
24166	2	425	423
24195	2	415.5	411.6
24181	38	424.7	424.4
24225	2	372.6	369.7
2703	7	407.35	398.55
24204	1	387.02	386.52
24236	1	372.7	372.58
24197	2	415.1	414.1
24252	7	422.9	379
1793	7	407.05	403.55
1671	7	427.5	415.5
1670	2	430.79	428.09
24174	7	421.3	420.5
24185	1	410.9	410.8
2719	38	409.09	407.09
24214	2	409.32	408.62
24226	2	371.2	369.05
24201	1	417.73	417.53
24190	1	415.7	415.2
24217	4	370.4	369.6
24171	7	422.2	422
24201	7	416.23	406.23
24221	2	372.6	369.6
24243	2	372.5	370.4
24242	1	372.7	372.5
24211	3	385.94	385.34
24196	1	415.9	415.6
24205	1	387.04	386.49
24228	4	367.8	366.7
24237	4	370.4	368.7
2625	7	394.6	389.2
24238	2	372.59	370.5
24229	4	368.2	362.5
2625	6	407.5	394.6
24169	7	422.2	421.5
24237	1	372.7	372.55
2714	7	409.6	408.3
24195	1	415.8	415.5
24197	1	416	415.1
24175	7	421.2	420.8
24213	9	398.06	395.96
24243	1	372.7	372.5
24204	6	385.42	385.02
2719	6	407.09	402.09
24223	2	372.6	368.9
24245	2	372.5	370.3
24190	2	415.2	411.7
2623	1	406.35	405.35
1794	7	406.13	404.23
24220	2	372.6	370.2
24169	3	423	422.2
24209	2	387.24	386.44
1951	2	411.74	410.19
24235	2	372.57	370
24183	7	423.3	422.5
24191	2	415.3	411.4
24177	7	424.3	423.5
24232	2	372.58	367.7
24192	1	415.8	415.55
24207	6	386.77	385.57
24230	2	372.54	370.6
24196	2	415.6	412.1
24208	6	387.02	385.32
24234	4	368.03	366.73
24231	4	367.15	366.7
24215	2	410.22	408.72
24241	4	370.75	369.7
24230	1	372.7	372.54
24193	1	415.9	415.6
24210	2	386.26	386.06
2704	2	409.4	408
24211	6	385.34	384.14
24168	3	423	421.7
24205	6	385.24	384.64
24171	3	424	422.2
24193	2	415.6	411.9
24191	1	415.7	415.3
2433	6	406.9	400.5
2623	7	405.35	403.45
24187	2	415.7	412
24178	7	422.2	421.6
24214	6	408.62	406.32
24199	2	415.65	411.2
2706	38	411.6	410.6
24183	2	423.7	423.3
24188	2	415.6	414.4
24240	18	362	361.7
24188	1	415.8	415.6
1670	7	428.09	415.79
24241	1	372.7	372.55
24234	1	371.23	371.08
24248	4	369.3	368.2
24260	7	410.2	410
24250	4	369.7	367.7
24256	6	417.7	417.25
24257	1	417.4	416.65
24260	1	410.8	410.2
24251	4	369.6	366.7
418	6	377.98	376.28
24262	2	427.5	425
24265	2	426.3	424.7
24267	1	426.6	425.7
418	7	376.28	368.38
419	6	371.25	362.75
24264	1	427.3	426.6
24262	6	424.6	422.8
24249	4	369.7	361.7
24258	7	413.3	409.3
24256	1	418.4	417.7
24257	7	416.65	412.7
24264	3	424.4	423.6
24249	1	372.7	372.5
24247	4	370.9	369.7
24267	2	425.7	423.5
24266	2	426.4	423.6
24263	6	423.6	421.2
24256	7	417.25	413.9
24250	1	372.7	372.5
418	38	378.38	377.98
24254	1	420.2	419.5
24258	1	414.1	413.3
24265	3	424.7	424.2
24255	1	419.55	418.75
24253	1	418.7	417.85
24255	7	418.75	414.85
24251	2	372.5	369.6
24261	7	415.9	412
24259	1	411.9	411.1
24264	2	426.6	424.4
24263	2	426.7	423.9
24254	7	419.5	415.2
24246	2	372.5	370.7
24248	1	372.7	372.5
24251	1	372.7	372.5
24247	2	372.5	370.9
24246	4	370.7	369.7
24250	2	372.5	369.7
24246	1	372.7	372.5
24249	2	372.5	369.7
24263	3	423.9	423.6
24266	1	427.3	426.4
24253	7	417.85	413.4
24265	1	427.2	426.3
24247	1	372.7	372.5
24261	1	416.6	415.9
24259	7	411.1	407.1
24262	3	425	424.6
419	2	373.75	371.25
24248	2	372.5	369.3
423	6	403.95	400.9
441	1	369.93	369.53
440	4	358.63	351.83
13950	7	415.5	413.7
439	4	378.91	377.01
449	38	373.44	372.14
24268	7	415.9	407.9
24268	9	407.9	359.9
424	7	393.52	382.97
459	1	422.8	422.4
460	6	417.7	414.4
462	7	409	404.2
443	7	363.69	350.94
464	38	413.45	412.25
470	1	410.85	410.45
447	1	373.79	373.39
8402	6	412.76	410.36
8402	3	413.36	412.76
24268	18	359.9	357.9
472	7	414.5	410.8
13950	2	418.6	418
3027	2	391.02	384.67
3025	7	398.95	391.25
443	4	368.99	363.69
24268	6	437.9	415.9
459	3	420.3	416.5
441	4	369.53	367.53
13950	6	417.7	415.5
460	7	414.4	405.9
446	1	371.15	370.15
446	7	368.38	357.78
450	7	368.57	348.62
455	7	401.9	396.37
462	1	416.8	415.8
462	6	415.8	409
8402	7	410.36	404.96
447	7	368.79	359.79
459	2	422.4	420.3
444	1	362.02	361.77
460	2	418.9	417.7
464	6	412.25	407.75
470	6	410.45	404.5
438	4	379.25	376.25
450	4	372.82	368.57
3027	7	384.67	381.8
423	7	400.9	394.15
449	4	372.14	368.89
450	1	373.22	372.82
439	1	379.51	378.91
3020	1	399.6	398.45
472	1	415.5	414.5
444	4	361.77	358.12
13950	3	418	417.7
24268	2	449.9	437.9
424	6	404.17	393.52
449	7	368.89	357.94
459	7	416.5	411.8
438	1	380.25	379.25
423	1	404.65	403.95
447	4	373.39	368.79
464	7	407.75	391.45
3025	2	401.65	398.95
446	4	370.15	368.38
3020	7	398.45	393.6
8402	2	414.36	413.36
443	2	371.79	368.99
448	4	350.26	348.26
455	1	411.35	410.2
455	6	410.2	401.9
549	7	367.09	357.59
546	6	377.95	374.9
542	4	374.46	373.6
474	1	381.34	379.14
518	7	419.7	410.1
519	7	415.8	406.1
542	1	375.5	374.46
553	4	371.35	368.35
519	1	416.1	415.8
547	1	382.5	381.8
474	5	379.14	376.54
548	1	378.1	377.3
541	4	374.45	373.75
546	1	378.4	377.95
548	6	377.3	372.5
474	6	374.84	371.24
547	4	372	367.6
541	1	375.5	374.45
543	4	376.7	372.4
544	4	376.2	373.95
550	2	371	365.4
553	2	373.85	371.35
474	4	376.54	374.84
548	4	372.5	369.85
550	7	365.4	352.7
547	6	381.8	372
546	4	374.9	370.1
518	1	420.1	419.7
549	2	371.79	367.09
21840	9	373.14	364.79
570	1	397	396.3
568	1	402.5	401.7
599	2	375.9	370.5
589	7	373.54	351.34
596	2	375.64	372.64
576	2	397.6	397.1
574	5	372.3	369.85
585	7	361.55	349.95
576	6	397.1	377.15
586	6	373.2	359.1
583	7	363.45	338.45
593	6	382.7	374.5
569	6	397.3	393
571	1	397	396.5
567	1	403	402.3
570	6	396.3	388
588	7	373.05	347.35
592	6	371.85	352.1
594	6	382.85	373.95
594	38	384.45	382.85
584	6	378.82	361.92
590	6	373.48	350.38
591	2	372.84	372.44
587	6	373.1	364.5
575	2	398.44	397.64
586	38	374.7	373.2
589	2	375.04	373.54
583	6	373.45	363.45
584	7	361.92	344.02
588	2	375.05	373.05
599	6	370.5	360.7
572	6	379	375.25
597	7	361.52	357.32
585	6	376.35	361.55
596	6	372.64	359.84
590	7	350.38	343.08
21841	9	369.68	363.13
574	38	374.65	372.3
587	38	374.7	373.1
567	6	402.3	390.6
569	1	398.5	397.3
571	6	396.5	386.85
593	2	384.8	382.7
574	6	369.85	353.9
591	5	372.44	371.94
591	6	371.94	347.79
21840	2	375.79	373.14
592	38	372.35	371.85
575	6	397.64	378.07
572	11	372.32	370.8
590	2	375.08	373.48
597	2	375.32	373.17
568	6	401.7	390.3
584	2	380.12	378.82
585	38	376.75	376.35
21841	2	374.93	369.68
597	6	373.17	361.52
583	2	373.65	373.45
607	2	436.66	434.56
604	7	431.13	428.13
627	1	418.95	417.45
609	1	374.15	373.85
605	1	433.53	432.93
626	7	407.95	405.45
630	1	420.95	420.35
624	38	421.55	417.35
625	38	420.14	417.54
601	1	434.8	433.9
601	7	433.9	428.65
619	2	416.85	411.6
626	6	417.25	407.95
624	7	416.4	409.35
627	7	412.15	405.65
610	1	374.15	373.8
619	6	411.6	409.6
602	7	433.69	429.74
606	7	434.75	424.95
602	1	434.54	433.69
619	7	409.6	406.8
625	6	417.54	412.94
619	1	417.3	416.85
624	6	417.35	416.4
609	2	373.85	370.8
603	7	434.88	430.53
607	7	434.56	428.26
630	7	418.65	409
620	2	419.69	416.69
610	7	370.95	370.05
627	6	417.45	412.15
604	1	431.43	431.13
603	38	436.93	434.88
630	6	420.35	418.65
610	2	373.8	370.95
626	1	417.95	417.25
605	7	432.93	427.93
620	6	416.69	410.49
606	38	436.15	434.75
625	7	412.94	407.84
620	7	410.49	404.59
646	1	388.85	388.2
647	1	387.65	386.65
660	7	411.75	407.25
659	1	417.95	417.65
662	38	371	365.8
656	7	418.15	406.05
701	4	397.85	395.85
675	2	375.5	371.5
650	6	387.37	385.27
703	38	420.7	414.9
656	3	418.55	418.15
649	6	386.79	384.34
24020	18	345.41	344.41
645	6	387.6	386.1
658	6	418.67	415.77
700	4	396.65	394.35
651	7	416.6	402.7
655	7	416.34	407.49
663	38	370.1	366.4
646	6	388.2	386.15
651	1	417.9	417.7
698	7	425.65	415.15
704	7	413.4	410.7
656	1	418.85	418.55
653	3	417.95	417.65
647	7	386	380.55
645	1	388.7	387.6
660	1	417.25	416.85
653	6	417.65	415
646	7	386.15	377.65
655	1	417.69	417.29
660	3	416.85	416.65
658	7	415.77	404.17
700	38	397.55	396.65
658	1	418.97	418.67
702	6	414.9	412.7
702	7	412.7	408.5
660	6	416.65	411.75
653	7	415	407.85
651	6	417.25	416.6
650	7	385.27	376.67
665	38	369.8	366.55
699	7	423.35	411.52
648	6	386.7	383.75
704	38	421	415.9
655	6	417.29	416.34
673	2	370.9	369.8
659	3	417.65	417.5
705	7	413.8	408.8
705	6	414.7	413.8
703	7	414.9	405.7
701	6	395.85	373.65
649	1	388.09	386.79
653	1	418.35	417.95
664	2	373.9	366.8
698	2	425.95	425.65
647	6	386.65	386
659	7	411.95	402.55
700	6	394.35	376.55
705	38	421	414.7
661	2	369.9	365.95
650	38	387.97	387.37
704	6	415.9	413.4
648	7	383.75	373.6
659	6	417.5	411.95
649	7	384.34	373.79
699	2	423.85	423.35
645	7	386.1	382.2
701	38	398.65	397.85
24020	11	354.41	345.41
651	3	417.7	417.25
648	38	388.1	386.7
702	38	420.7	414.9
709	38	422.5	417
711	38	422.75	417.4
706	6	416.9	414.7
706	7	414.7	408.5
21890	11	371.83	361.83
21889	7	434.65	418.65
709	7	417	410.3
21889	11	370.65	364.65
707	38	421.7	417.7
21890	12	361.83	360.83
707	6	417.7	416.7
707	7	416.7	404.7
706	38	421.7	416.9
710	7	417	412.45
710	38	422.75	417
708	7	416.2	410.1
21890	7	434.83	422.83
21890	9	422.83	371.83
21889	9	418.65	370.65
708	38	422.5	416.2
711	7	417.4	407.55
759	4	375.03	373.03
21822	2	374.2	363.8
21822	9	363.8	362.2
721	6	387.9	385.25
723	1	385.8	385.2
747	6	371.12	369.37
720	7	384.05	380.4
720	1	387.3	386.5
748	2	378.1	375.63
21818	9	364.15	362
758	4	377.18	374.38
21842	2	377.89	373.14
21818	2	379	364.15
758	1	377.38	377.18
21820	9	372.9	368
21823	9	360.85	357
21820	2	374.5	372.9
755	2	378.24	377.84
722	38	386.3	385.3
748	6	374.3	358.1
21819	2	376.5	373.25
747	38	374.02	371.12
724	1	378.8	377.3
21819	9	373.25	367.5
724	6	377.3	375.6
721	1	388.6	387.9
21821	9	373.2	367.2
748	4	375.63	374.3
21842	9	373.14	364.89
722	7	380.3	379.7
21823	2	375	360.85
720	6	386.5	384.05
755	6	377.84	368.14
723	6	385.2	378.9
721	7	385.25	379.6
722	6	385.3	380.3
759	1	376.03	375.03
780	6	375.1	369.92
798	1	416.5	416.2
763	1	338.5	338
780	4	377.85	375.1
767	38	355.86	355.66
799	38	416.65	416.15
800	7	414.75	405.7
799	6	416.15	414.1
763	7	338	334.25
775	4	356.98	351.33
760	1	338.8	338.2
761	11	331.12	312.72
776	38	349.26	344.71
780	38	380	377.85
762	7	340.25	333.17
767	4	355.66	348.27
775	6	351.33	348.33
772	1	347.56	347.36
767	6	348.27	345.56
776	7	339.46	338.51
778	6	374.6	368.73
798	7	414.6	409.15
761	7	348.77	331.12
800	38	415.45	414.75
790	7	434.3	428.3
760	4	338.2	335.2
772	4	347.36	344.11
801	7	415	407.3
791	1	436.2	435.4
776	6	344.71	339.46
760	7	335.2	333.5
762	11	333.17	323.47
761	4	356.97	348.77
799	7	414.1	409.85
761	1	357.37	356.97
792	7	436.6	427
778	38	378.75	376.85
778	4	376.85	374.6
791	7	435.4	426
763	12	332.8	310.7
762	1	341.62	340.25
798	6	416.2	414.6
792	1	437	436.6
801	38	415.8	415
790	1	434.9	434.3
772	6	344.11	337.46
775	38	358.58	356.98
1788	6	396.7	395.8
11346	6	421.5	419
848	6	374.35	372.85
854	7	374.55	364.95
802	7	422.07	406.27
1787	6	396.82	394.92
11510	1	400.15	399.75
812	7	381.5	371.4
812	1	387.2	386.9
1784	3	398.11	397.71
10991	6	418.9	415
4491	2	399.16	398.46
1787	3	397.62	396.82
808	1	421.65	421.25
1785	1	397.94	397.64
849	2	377.27	374.47
802	1	424.57	423.57
803	7	423.39	407.39
845	7	375.52	366.37
848	2	376.85	374.35
848	7	372.85	366.65
807	1	382.8	381.65
809	7	420.5	412.3
854	6	375.3	374.55
11510	6	399.25	396.05
10465	6	396.8	395.3
807	7	380.6	362.75
311	1	399.4	399
10991	1	419.7	419.4
10184	3	398	397.7
804	1	424.38	423.98
805	7	413.8	401.7
7568	6	397.4	395.5
4490	2	398.93	398.03
806	1	381.8	380.1
804	3	423.98	423.08
811	9	411.8	410
803	1	425.39	425.14
4491	3	398.46	397.86
11507	3	399.1	398.8
814	1	384.9	384.6
813	2	384.9	380.85
11205	3	399.46	398.96
10991	3	419.4	418.9
823	2	370.9	368.2
1784	6	397.71	394.26
831	38	496.85	494.45
24269	7	372.93	366.43
844	6	372.67	370.07
11507	6	398.8	395.2
11205	6	398.96	396.46
844	7	370.07	362.27
854	38	377.05	375.3
816	1	385.05	384.8
812	3	385.3	381.5
311	3	399	396.1
1785	3	397.64	397.14
816	3	384.15	381.35
815	2	381.1	376.5
11508	3	398.96	398.36
11506	6	398.24	395.24
831	7	494.45	493.05
312	6	396.6	396
4491	6	397.86	395.56
24270	4	371.16	369.86
844	2	377.27	372.67
1786	6	396.94	395.44
4494	2	397.18	396.08
802	3	423.57	422.07
811	7	422.2	411.8
823	4	368.2	362.1
812	2	386.9	385.3
7568	1	397.9	397.6
312	3	398.9	396.6
1784	1	398.46	398.11
814	7	382.1	368.4
809	1	420.9	420.5
10184	6	397.7	396.3
12084	1	399.76	399.41
11510	3	399.75	399.25
1788	3	397.5	396.7
815	1	381.5	381.1
1786	3	397.64	396.94
10465	1	397.8	397.5
12084	6	398.76	396.16
816	7	381.35	365.25
11507	1	399.6	399.1
815	7	376.5	362.6
810	9	411.3	409.9
24269	1	376.43	376.33
24270	2	374.96	371.16
24270	7	369.86	364.96
845	2	376.62	375.52
4490	6	398.03	395.43
4494	3	396.08	394.08
12084	3	399.41	398.76
11505	38	399.02	397.82
806	7	379.2	366.75
804	7	423.08	412.38
811	1	422.6	422.2
10465	3	397.5	396.8
825	4	362.6	360.6
11508	6	398.36	394.86
810	7	419.05	411.3
1785	6	397.14	389.94
11203	1	398.88	398.53
816	2	384.8	384.15
805	38	421.7	413.8
4435	6	398	396.6
11506	1	399.24	398.84
1788	1	397.8	397.5
11204	6	398.85	395.35
11203	6	398.18	394.88
813	1	385.1	384.9
312	1	399.4	398.9
1787	1	397.92	397.62
808	7	421.25	412.75
11203	3	398.53	398.18
849	7	373.17	361.77
849	6	374.47	373.17
806	4	380.1	379.2
803	3	425.14	423.39
10184	1	398.3	398
810	1	422.1	420.8
24269	2	376.33	372.93
4435	38	399	398
810	6	420.8	419.05
11508	1	399.26	398.96
1786	1	397.94	397.64
7568	2	397.6	397.4
4494	6	394.08	393.48
814	2	384.6	382.1
813	7	380.85	370
807	2	381.65	380.6
11506	3	398.84	398.24
11204	3	399.35	398.85
11505	6	397.82	394.92
11346	1	422	421.5
908	38	379.24	377.04
24291	4	378.28	374.48
903	5	366.03	356.38
868	38	408.7	407.25
911	4	375.64	372.3
861	3	376.5	375.15
884	7	408.44	393.79
897	1	412.5	411.7
24274	4	377.84	373.64
24273	2	383.5	382.7
24272	4	378.24	374.24
24290	5	383.26	377.11
24273	3	382.7	381.1
903	7	356.38	350.49
883	7	408.97	393.77
862	4	375.6	372.4
24291	6	374.48	372.53
912	7	418.15	412.05
24274	5	380.74	377.84
902	2	374	369.6
891	38	357.62	353.8
910	4	374.73	372.3
892	1	357.56	355.06
884	38	409.79	408.44
901	2	374	369.35
24272	3	382.84	380.34
24271	5	380.3	378.3
24272	6	374.24	371.34
862	1	376	375.6
868	7	407.25	396.7
24274	6	373.64	371.64
906	5	367.8	332.1
24291	5	382.38	378.28
912	2	419.15	418.15
24291	2	383.28	382.38
24292	2	383.42	381.52
899	7	407.54	395.64
24273	5	381.1	379.55
899	1	408.34	407.54
910	6	372.3	359.23
24292	5	381.52	377.92
883	1	409.77	409.47
882	7	408.91	393.76
897	7	411.7	394.8
24274	2	383.64	381.64
911	6	372.3	360.24
914	4	376.4	374.1
914	6	374.1	355.8
882	1	409.76	409.46
907	7	372.7	349.5
907	6	373.4	372.7
907	2	375	373.4
909	6	369.6	342.9
909	5	370.85	369.6
865	1	390.9	390.6
24273	4	379.55	374.5
883	2	409.47	408.97
24271	3	382	380.3
861	2	378.5	376.5
898	38	422	420
914	1	376.8	376.4
24274	3	381.64	380.74
901	6	369.35	356.4
865	3	390.6	387.75
24272	5	380.34	378.24
905	5	367.13	342.23
24271	2	383.6	382
24271	4	378.3	373.4
893	1	359	357.4
24290	6	373.86	372.21
24290	2	383.46	383.26
906	7	332.1	325.8
24273	6	374.5	372.5
24292	4	377.92	374.32
902	6	369.6	356.4
24271	6	373.4	368.6
888	3	398.06	397.66
900	38	408.28	407.08
905	7	342.23	332.13
911	2	376.64	375.64
24272	2	383.34	382.84
882	2	409.46	408.91
898	7	420	396
888	7	397.66	388.06
24290	4	377.11	373.86
24292	6	374.32	372.92
900	7	407.08	398.18
889	7	398.95	384.55
909	2	373.6	370.85
908	7	377.04	370.19
861	4	375.15	371
933	2	375.06	372.06
931	1	421.51	420.11
923	3	451.84	451.24
924	7	364.15	358.65
923	1	452.24	451.84
916	4	378.65	377.1
919	6	388.6	386.3
925	7	392.5	388.75
919	7	386.3	374.3
921	6	452.7	444.4
922	3	447.42	445.77
923	6	451.24	441.24
922	6	445.77	437.77
24277	2	383.47	382.57
921	3	453.85	452.7
924	2	374.75	372.75
24275	3	383.1	381.45
24276	4	377.48	373.73
932	7	420.03	411.43
24275	4	378.95	374.45
917	4	390	387.3
921	7	444.4	434
924	4	372.75	371.65
915	1	377	376.6
24275	5	381.45	378.95
24276	3	382.13	380.13
24277	4	378.62	374.97
915	6	374.6	366.4
24276	6	373.73	371.63
24277	6	374.97	371.47
917	6	387.3	382.9
918	6	387	384.4
918	7	384.4	371.35
922	1	447.77	447.42
933	7	356.06	340.06
919	1	390.3	388.6
915	4	376.6	374.6
917	7	382.9	368.6
916	6	377.1	369.2
916	7	369.2	367.8
924	6	371.65	364.15
917	1	391.5	390
931	7	420.11	411.21
920	4	390.1	388.05
932	1	421.43	420.03
24275	2	383.45	383.1
24277	3	382.57	378.62
916	1	379.2	378.65
24276	5	380.13	377.48
920	6	388.05	381.8
920	1	391.3	390.1
933	5	372.06	356.06
24275	6	374.45	372.45
921	1	454.4	453.85
918	4	391.1	387
918	1	393	391.1
920	7	381.8	368.5
24276	2	383.63	382.13
24289	4	379.16	373.96
24286	2	383.8	381.25
24281	2	383.44	381.54
24280	4	377.06	373.66
24281	5	379.84	377.54
24287	3	382.32	380.52
24280	3	382.81	380.79
24284	4	376.47	373.47
24288	5	379.79	378.99
24278	5	378.84	378.49
24282	6	371.37	370.47
24282	2	383.47	383.17
24284	6	373.47	371.47
24280	2	383.46	382.81
24285	3	383.1	380.7
24288	3	382.99	379.79
24288	2	384.79	382.99
24283	4	377.75	373.75
24278	3	382.39	378.84
24284	2	383.47	383.27
24279	4	377.9	373.9
24287	5	380.52	378.32
24285	2	383.9	383.1
24287	4	378.32	375.12
24281	3	381.54	379.84
24282	3	383.17	380.82
24287	2	383.92	382.32
24289	3	381.26	379.16
24288	6	376.39	371.79
24285	5	380.7	377.75
24279	2	383.5	382.7
24284	5	382.37	376.47
24284	3	383.27	382.37
24278	4	378.49	374.14
24289	2	384.56	381.26
24282	4	378.97	371.37
24280	6	373.66	371.46
24286	4	379.1	373.5
24285	6	373.8	371.9
24287	6	375.12	362.92
24289	6	373.96	371.56
24279	6	373.9	371.5
24281	4	377.54	373.04
24280	5	380.79	377.06
24278	2	383.49	382.39
24278	6	374.14	371.49
24283	6	373.75	371.85
24283	1	383.35	383.15
24286	5	380.7	379.1
24288	4	378.99	376.39
24279	3	382.7	378.8
24285	4	377.75	373.8
24283	5	380.95	377.75
24283	3	383.15	380.95
24279	5	378.8	377.9
24282	5	380.82	378.97
24281	6	373.04	371.29
24286	3	381.25	380.7
24286	6	373.5	370.8
11697	2	412.8	410.6
9871	7	381.58	379.93
1160	7	386	366.9
9871	1	391.93	390.83
1116	7	412.95	388.3
9871	7	370.23	362.93
3521	6	387.81	381.16
1164	6	397.5	380.7
1160	6	388.2	386
11697	7	410.6	396.8
1161	2	401.2	400.2
1116	2	413.5	412.95
1161	6	400.2	387.6
9871	8	379.93	370.23
1160	2	394.5	388.2
3521	2	394.36	387.81
1164	1	399	397.5
11698	7	411.35	397.25
11698	3	411.65	411.35
11698	2	412.25	411.65
1164	7	380.7	365
9871	6	390.83	381.58
1164	12	365	359
24297	9	404.1	402.6
24294	1	415.8	415.6
24295	7	411.5	410.5
24295	1	415.7	415.5
944	5	372.81	367.81
934	6	370.8	350
24298	7	443.15	441.35
952	6	419.87	410.42
24298	1	444.05	443.95
24296	1	415.7	415.5
24296	3	415.5	415.1
24300	1	444.05	443.95
24298	2	443.95	443.15
954	1	408.01	407.51
24294	6	415.2	411.8
24299	1	444.05	443.95
24304	3	402.4	402
957	1	371.78	371.58
24304	7	402	398.3
24294	7	411.8	405.4
24299	7	443.45	440.45
24296	6	415.1	411
24301	1	444.1	443.35
956	2	373.2	371.2
24300	2	443.95	443.55
944	6	367.81	352.61
954	7	400.31	397.11
24303	1	403.2	403
952	1	420.42	419.87
24297	3	415.35	415.1
24304	1	402.8	402.6
24296	7	411	410.3
939	6	372.4	343.4
24295	3	415.5	415.2
942	6	364	314.1
934	2	375	372.1
24305	2	404.4	403.5
24305	1	404.7	404.4
937	4	372.33	368.13
937	2	374.03	372.33
934	4	372.1	370.8
24297	7	412.1	404.1
24302	1	406.4	406.1
953	38	410.27	408.77
938	2	375.62	372.02
938	6	369.62	363.42
951	1	421.76	421.26
24294	3	415.6	415.2
953	6	408.77	402.97
942	5	367.5	364
951	6	421.26	411.06
953	7	402.97	398.62
24302	7	404.2	401.9
24303	3	402	400.7
24297	1	415.6	415.35
939	2	375.4	372.4
24302	2	406.1	404.2
935	2	375.16	374.26
944	2	374.31	372.81
954	6	407.51	400.31
24303	2	403	402
935	6	370.26	353.56
24295	6	415.2	411.5
24301	7	443.35	440.4
24303	7	400.7	398.2
937	6	368.13	361.73
938	4	372.02	369.62
955	38	373.1	372.1
24299	2	443.95	443.45
24297	6	415.1	412.1
24304	2	402.6	402.4
958	2	373.05	371.65
950	1	410.52	409.62
24300	7	443.55	440.55
935	4	374.26	370.26
972	6	397.72	363.97
974	6	383.66	364.46
962	1	398.7	396.9
975	7	414.83	405.53
981	3	430.61	429.01
966	1	428.05	427.55
981	38	431.31	430.61
959	2	403.67	402.22
964	4	397.1	396.5
960	6	401.44	381.59
970	4	401.29	399.44
962	6	396.5	385.6
970	7	371.99	369.83
977	6	370.33	360.53
966	7	427.55	412.75
975	2	415.53	414.83
960	2	402.79	401.44
980	38	431.48	430.78
967	38	432.45	430.45
977	2	375.73	372.93
979	2	375.46	373.36
980	7	429.38	421.08
972	38	400.97	397.72
978	1	373.68	372.78
964	1	398.5	397.1
971	7	375.23	373.33
961	1	398.4	397.4
959	6	402.22	385.67
961	7	357.2	354.9
969	38	400.97	398.82
973	38	402.08	401.13
974	2	394.46	383.66
963	1	397.3	396.4
967	7	430.45	417.05
971	6	397.63	375.23
973	6	401.13	372.08
979	4	373.36	370.96
962	4	396.9	396.5
971	2	402.33	397.63
969	6	398.82	365.57
963	6	395.7	385
965	7	428.77	409.27
981	7	429.01	421.06
970	6	399.44	371.99
965	1	429.47	428.77
968	7	429.72	418.62
963	4	396.4	395.7
964	6	396.5	386.1
978	4	372.78	367.88
979	6	370.96	360.06
961	6	396.8	357.2
970	38	402.69	401.29
977	4	372.93	370.33
980	3	430.78	429.38
961	4	397.4	396.8
968	38	430.62	429.72
993	1	420.46	419.76
983	7	394.75	382.15
989	4	368.5	366.1
994	7	396.95	388.65
982	38	434.04	433.14
990	4	367.8	365.6
985	1	413	412.8
998	7	391.31	373.01
988	4	367.64	364.84
993	6	419.76	409.96
995	6	405.25	396.45
990	7	365.6	358.1
991	4	367.62	365.92
992	6	419.95	413.05
987	2	412.25	411.55
992	7	413.05	397.1
985	7	412.8	407.9
982	7	433.14	418.74
995	7	396.45	395.75
989	7	366.1	357.4
990	38	370.1	367.8
998	38	393.01	392.61
983	1	402.15	401.55
986	38	411.9	411.2
987	7	411.55	407.55
998	3	392.61	391.31
992	1	420.6	419.95
991	7	365.92	359.92
995	38	406.35	405.25
991	1	368.52	367.62
989	2	370.1	368.9
994	38	406.35	405.85
997	2	392.84	392.34
988	1	368.64	367.64
989	3	368.9	368.5
992	9	397.1	386.44
994	6	405.85	396.95
983	6	401.55	394.75
984	7	412.1	407.85
988	7	364.84	362.54
984	1	412.5	412.1
986	7	411.2	405.25
993	7	409.96	391.51
993	9	391.51	384.85
997	7	392.34	388.34
1005	6	380.96	374.96
999	38	383.39	380.84
1006	7	373.73	371.93
999	6	380.84	376.39
1004	7	377.96	373.16
1002	2	382.16	382.01
1000	6	380.98	375.18
999	7	376.39	372.24
1003	7	375.15	372.8
1001	38	382.34	382.09
1001	7	375.34	373.44
1000	38	382.18	380.98
1000	7	375.18	371.28
1001	6	382.09	375.34
1004	6	382.26	377.96
1006	6	379.73	373.73
1003	6	381.45	375.15
1005	7	374.96	371.36
1002	6	382.01	376.16
1003	2	381.95	381.45
1002	7	376.16	373.06
1031	6	418.92	415.12
1026	7	417.75	382.8
1011	7	372.91	371.81
1015	4	379.98	374.08
1012	2	376.78	373.38
1024	38	399.1	394.9
1016	6	375.7	369.85
1021	3	384.38	378.33
12967	6	419.1	414.3
1032	36	408.86	393.86
1033	7	408.96	393.86
12967	7	414.3	389.7
1017	4	378.1	375.05
1021	4	378.33	374.03
1018	3	384.19	379.79
1016	4	379.3	375.7
1015	6	374.08	368.18
1026	6	419.3	417.75
1016	3	383.9	379.3
1020	2	387.74	383.94
1019	1	386.17	385.77
1028	7	406.42	385.62
12968	2	420.1	417.7
1030	1	418.05	417.75
1011	1	376.41	375.96
1017	2	384.95	383.15
1028	6	406.72	406.42
1019	3	383.07	378.32
1027	38	419.2	418.55
1021	2	389.68	384.38
1016	2	384.85	383.9
1017	6	375.05	369.8
1014	6	373.73	364.73
1023	3	394.81	394.31
1014	3	378.23	375.93
1026	38	419.85	419.3
1020	6	374.94	366.74
1029	6	419.28	412.98
1019	6	373.37	371.27
1015	3	381.9	379.98
1030	7	417.25	386.05
1024	6	394.9	370.1
1008	2	376.27	369.42
1018	2	385.49	384.19
1007	4	371.1	369.05
1013	2	379.28	375.48
1019	4	378.32	373.37
12968	1	420.5	420.1
1013	6	374.28	369.28
1013	4	375.48	374.28
1033	6	409.86	408.96
1014	4	375.93	373.73
1022	3	392	389.8
1030	6	417.75	417.25
1023	6	394.31	370.41
1027	6	418.55	416.75
1014	38	380.23	378.23
1020	3	383.94	378.89
1019	2	385.77	383.07
1018	6	374.99	368.79
1031	1	419.32	418.92
1007	38	374.9	371.1
1027	7	416.75	388.35
1009	4	369.04	367.44
1011	2	375.96	372.91
1031	7	415.12	394.07
1012	6	373.38	361.73
1032	6	409.86	408.86
1020	4	378.89	374.94
1017	3	383.15	378.1
1025	7	418.3	388.2
1015	38	383.08	381.9
1029	7	412.98	387.78
12967	1	420	419.7
1025	6	419.7	418.3
1022	2	396.3	392
12968	6	417.7	412.5
1022	6	389.8	371.3
1025	1	420.2	419.7
1018	4	379.79	374.99
12967	2	419.7	419.1
1009	2	374.24	369.04
1021	6	374.03	370.18
1023	2	396.41	394.81
24308	3	432.99	432.19
24312	1	432.76	432.06
1064	2	416.07	403.72
24312	7	431.16	428.66
1059	6	373.58	354.58
1054	1	383.85	382.95
24307	3	432.99	432.09
1058	7	342.32	336.72
1055	1	383.3	382.6
1037	7	416.2	388.7
1054	7	366.05	363.05
1059	2	378.88	373.58
1065	38	336.7	334.25
1068	38	339.59	335.2
1061	7	368.08	362.48
1057	4	377.6	374.4
1038	7	409.87	391.57
1041	7	353.95	350.8
1057	2	379.1	377.6
24313	3	433.92	432.87
1046	38	350	349.45
24312	3	432.06	431.16
1055	7	365.8	363.1
1039	2	418.55	417.5
24311	3	433.44	432.59
24309	1	433.21	432.61
24310	1	433.29	432.69
24306	7	433.26	430.36
24306	3	433.56	433.26
1074	5	368.4	358.2
1046	4	349.45	340
1039	6	417.5	415
1055	4	377.15	374.3
24311	7	432.59	429.79
24314	7	431.47	429.17
24306	1	434.36	433.56
1040	7	417.29	381.59
1037	1	418.7	418.55
1060	7	362.42	354.42
24307	7	432.09	429.39
24315	1	434.3	433.55
1041	38	355	353.95
1060	2	379.02	377.22
1069	4	336.2	333.39
1037	6	418.55	416.2
1036	1	418.7	418
24308	7	432.19	429.59
1061	6	376.28	368.08
24309	3	432.61	431.81
1061	2	378.88	376.28
24310	7	431.69	429.19
1066	38	337.58	336.18
1040	6	418.79	417.29
24315	7	432.4	430.1
1035	7	407.99	382.99
24314	1	433.27	432.52
1054	4	382.95	377.55
1055	6	374.3	365.8
24309	7	431.81	429.01
1039	1	418.7	418.55
1057	1	379.4	379.1
1036	6	418	416.9
24311	1	434.09	433.44
1060	6	374.12	362.42
1035	38	409.19	407.99
1067	38	337.54	335.19
1058	2	379.12	375.57
24310	3	432.69	431.69
1038	38	411.27	409.87
1040	1	419.09	418.79
24313	7	432.87	430.12
1060	4	376.47	374.12
24315	3	433.55	432.4
1058	6	375.57	342.32
1060	3	377.22	376.47
1036	7	416.9	389.4
1065	9	334.25	320.18
24314	3	432.52	431.47
1039	7	415	392.4
24307	1	433.59	432.99
1054	6	377.55	366.05
24308	1	433.59	432.99
1055	3	382.6	377.15
24313	1	434.37	433.92
1089	6	413.3	408.9
1091	9	391.08	389.18
1082	5	369.05	357
1095	2	383.99	383.19
1093	7	398.14	393.44
1086	3	413.7	413.5
1083	9	382.7	374.75
1096	3	414.98	414.18
1093	6	403.59	398.14
1076	5	372.8	353.2
1097	6	370.6	331.3
1095	4	379.79	372.89
1096	7	406.28	404.48
1095	6	372.89	371.09
1075	5	370.2	350.2
1086	2	415.4	413.7
1085	7	412.8	398.65
1077	5	372.8	353.9
1091	7	398.78	391.08
1089	2	417.3	413.3
1086	6	413.5	412.4
24317	2	456.6	455.9
1091	2	401.58	398.78
1093	3	404.59	403.99
1088	2	416.7	414.9
1089	7	408.9	402.7
1099	4	371.21	368.01
24316	2	456.4	454.9
1083	7	384.75	382.7
24317	7	455.9	455.4
1093	1	405.14	404.59
1087	6	413.92	409.42
1086	7	412.4	399.9
1090	2	401.63	400.03
1088	7	407	403.5
1089	1	417.7	417.3
1090	7	400.03	391.83
1077	38	373.9	372.8
1076	1	373.2	372.8
1084	9	382.4	369.5
1096	1	415.48	414.98
1087	2	415.12	413.92
1087	7	409.42	399.82
1097	2	371.3	370.6
1096	6	414.18	406.28
1093	4	403.99	403.59
1085	1	413.8	413.5
1088	6	414.9	407
1084	7	385	382.4
1085	6	413.5	412.8
1095	3	383.19	379.79
1083	1	385	384.75
24329	4	375.18	371.48
467	7	396.2	394
465	7	397	395
24321	2	390.45	387.55
489	1	412.7	411.8
153	2	369.68	368.18
24324	2	389.11	388.26
24323	38	388.98	387.98
24330	6	373.38	365.33
14713	6	372	369.5
14713	2	375.6	373.6
24330	11	365.33	361.68
24319	2	391.95	389.45
14715	2	375.55	372.85
14715	6	372.6	369.55
24326	1	387.79	386.79
24318	2	433.1	432.3
24327	38	387.22	386.22
24330	4	375.68	373.38
24319	6	389.45	388.05
24330	2	381.08	375.68
24329	2	381.48	375.18
489	7	410.25	407.4
24325	1	388.07	387.07
24328	2	380.28	378.33
24321	6	387.55	386.55
24320	1	391.97	391.87
24322	1	388.34	387.94
489	6	411.8	410.25
467	9	394	393.4
14713	5	373.6	372
14715	5	372.85	372.6
24318	3	432.3	430.1
24319	1	392.05	391.95
24330	1	381.68	381.08
24320	2	391.87	389.17
24320	6	389.17	387.97
466	7	396.5	394.1
24321	1	390.55	390.45
153	7	368.18	365.18
24318	6	430.1	427.1
24324	1	389.26	389.11
24328	1	380.33	380.28
24322	2	387.94	387.34
466	9	394.1	394
24335	18	423	249
24331	7	411.25	397.95
490	7	409.2	407.8
24331	18	350.25	343.65
491	3	413	412
24333	2	421.48	420.88
24337	18	335	249
490	6	411.7	409.2
24338	2	442	440
24333	10	363.48	358.48
494	2	414.45	413.65
24336	7	427	395
24336	18	395	177
491	7	410.5	408.2
24332	12	346.53	329.83
24332	2	420.33	419.23
24331	11	352.95	350.25
24334	6	416	366
24331	9	397.95	352.95
490	1	412.9	412.4
24333	6	420.88	411.28
24333	7	411.28	391.48
490	3	412.4	411.7
24334	18	336	131
493	3	413.5	412.7
24338	18	434	192
24333	9	391.48	363.48
491	6	412	410.5
24332	7	419.23	346.53
24335	7	439	423
24337	7	425	335
24337	1	429	425
494	6	413.65	412.65
24331	7	413.55	411.25
24335	4	449	439
492	6	412.1	410.8
24331	2	414.65	413.55
24338	7	440	434
21081	18	390	114
493	7	411.5	408.6
24334	12	366	336
492	3	413.1	412.1
492	7	410.8	407.2
493	6	412.7	411.5
494	7	412.65	409.65
496	3	413.9	413.4
24341	2	377.96	377.46
24340	6	373.46	362.16
24339	4	376.81	371.61
24342	6	373.99	373.14
495	7	412.5	409.5
24341	6	371.96	367.16
24340	4	376.36	373.46
24343	4	376.78	373.08
24339	6	371.61	369.21
495	38	414.3	413.9
24342	4	376.69	373.99
24340	2	380.16	376.36
495	6	413.9	412.5
24341	4	377.46	371.96
24343	6	373.08	364.98
24342	2	383.14	376.69
24339	2	379.21	376.81
24343	2	382.98	376.78
496	6	413.4	408.95
24358	6	370.39	367.29
24360	6	368.54	356.64
24346	1	406.47	406.27
24347	1	394.7	394.55
24353	3	399.4	398.8
24365	18	468.1	465.3
24360	4	370.04	368.54
24366	1	468.3	467.6
24362	6	415	409
24352	1	399.7	399.3
24346	2	406.27	403.47
24366	18	464.3	463.6
24347	6	394.25	390.7
24363	2	472.5	470.9
24349	1	393.12	393.02
24350	1	396.8	396.7
24365	7	469.4	468.1
24361	6	414.85	407.85
24348	6	392.65	389.15
24362	7	409	403.3
24352	3	399.3	398.7
24364	7	471.4	469.9
24351	2	395.8	394.8
24349	2	393.02	391.92
24344	18	398.07	177.07
24354	6	410.6	410.2
24365	1	470.2	469.4
24366	7	467.6	464.3
24359	2	374.64	370.34
24349	6	391.92	389.02
24348	1	393.15	392.65
24355	1	408.8	408
24357	2	373.28	369.88
24360	2	374.64	370.04
24364	2	472.5	471.4
24350	2	396.7	395.6
24362	1	415.3	415
24353	6	398.8	397.4
24350	6	395.6	394.8
24361	1	415.15	414.85
24353	1	399.8	399.4
24361	7	407.85	403.15
24364	18	469.9	468.6
24356	6	404.85	401.8
24347	2	394.55	394.25
24358	2	373.29	370.39
24359	4	370.34	368.79
24357	6	369.88	347.98
24354	1	411.2	410.6
24356	1	405.3	404.85
24359	6	368.79	356.64
24352	6	398.7	396.3
24344	7	434.07	398.07
24345	1	406.6	406.5
24355	6	408	403.8
24345	2	406.5	403.6
24372	7	416.45	409
24386	7	488.8	486.5
24399	6	446.5	441.9
24406	1	426.45	426.05
24397	3	422.65	422.05
24381	38	420.1	418.8
24371	2	422.85	421.6
24375	1	410.5	410.05
24399	7	439	431.6
24403	7	413.85	412.35
24398	3	422.4	422
24399	38	448.3	446.5
24398	6	422	420.95
24401	1	448.47	448.12
24403	3	417.15	414.55
24380	7	416.2	415.6
24390	18	389.7	388.7
24396	2	378.6	376
24397	1	422.95	422.65
24370	1	423.1	422.7
24374	1	410.1	409.7
24372	1	423	422.6
24407	2	424	422.7
24381	6	418.8	416.1
24404	1	424.03	423.68
24405	1	426.28	425.88
24392	1	431.3	430.4
24406	7	425.35	422.35
24370	3	421.6	421.1
24370	7	419.8	418.7
24403	6	414.55	413.85
24373	3	421.1	420.3
24401	8	445.77	442.47
24379	1	412.2	412.1
24391	1	431.8	430.9
24394	9	429.1	427.2
24390	5	390.1	389.7
24369	6	420.4	417.25
24368	1	423.1	423.05
24371	3	421.6	420.2
24385	7	488.1	485.7
24388	2	488	487.3
24392	7	430.4	429.9
24373	7	416.1	410.4
24391	7	430.9	429.8
24369	1	423	422.55
24368	2	423.05	421.4
24407	7	422.1	420.05
24388	1	489	488
24369	7	417.25	408.6
24384	1	488.9	487.9
24375	7	410.05	398.5
24368	6	421.4	417.55
24367	2	388.4	383.6
24373	6	420.3	416.1
24372	3	421	420.25
24392	9	429.9	428.2
24393	1	430.8	429.9
24393	7	429.9	429.6
24399	18	431.6	427.8
24403	1	417.45	417.15
24406	2	426.05	425.35
24395	7	376.2	370.6
24377	7	410.6	409.5
24404	7	420.93	420.03
24385	1	489.1	488.1
24382	6	418.8	416
24400	18	446.4	436.7
24380	6	418.5	416.2
24393	9	429.6	427.9
24403	9	412.35	410.45
24371	6	420.2	418.7
24376	1	410.55	410.35
24379	2	412.1	410.5
24400	6	448.8	446.4
24369	2	422.55	421.9
24380	1	419.2	418.5
24398	1	422.9	422.4
24382	38	419.9	418.8
24371	1	422.9	422.85
24402	1	448.5	448.1
24402	2	448.1	446.2
24402	7	443.95	442.5
24405	7	424.58	422.48
24384	7	487.9	485.7
24389	1	390.6	390
24378	7	410.25	410.2
24389	18	389.5	388.6
24389	2	390	389.5
24383	7	487.9	485.5
24390	1	390.7	390.1
24397	6	422.05	421
24368	7	417.55	414.85
24396	7	376	370.6
24394	7	429.3	429.1
24407	1	424.3	424
24387	7	488.6	486.3
24373	2	422.37	421.1
24402	6	446.2	443.95
824	4	365.4	362.3
24378	2	411.85	410.25
24395	2	378.6	376.2
24372	2	422.6	421
24387	1	489.3	488.6
24378	1	412	411.85
24405	2	425.88	424.58
24407	6	422.7	422.1
24376	7	410.35	409.25
24370	6	421.1	419.8
24394	1	430.3	429.3
24400	1	449.2	448.8
24399	9	441.9	439
24377	1	410.8	410.6
24367	6	383.6	373.4
24372	6	420.25	416.45
24401	2	448.12	445.77
24374	7	409.7	398.1
24383	1	488.9	487.9
24386	1	489.5	488.8
24369	3	421.9	420.4
24404	6	422.63	420.93
24373	1	422.4	422.37
24370	2	422.7	421.6
24397	7	421	415.95
24391	9	429.8	428.9
24398	7	420.95	397.7
24404	2	423.68	422.63
864	1	373	370
1272	4	370.09	366.59
863	38	371	370
1295	38	415.12	414.32
1272	38	372.59	370.09
1141	9	368.53	366.33
1295	6	414.32	411.52
1295	7	411.52	405.54
1351	4	364.1	361.35
1355	7	406.59	403.79
1352	38	384.11	382.31
1355	6	414.59	406.59
1141	38	372.93	368.53
1140	1	377.06	376.91
1140	2	376.46	373.1
1270	4	364.67	363.77
1355	1	415.09	414.59
5537	2	399.24	390.24
5541	2	394.12	393.12
5535	6	396.18	395.28
11954	7	385	383.8
5539	2	396.39	388.19
5535	2	397.28	396.18
1777	38	404.88	402.93
7923	7	392.7	389.5
4382	2	400.69	399.19
4381	2	400.67	392.77
5193	7	396.11	394.91
4377	7	397.92	395.52
5193	2	397.61	396.11
2535	7	398.5	391.8
4383	2	401.36	395.66
3010	7	388.09	384.74
4483	7	397.4	390.5
5540	7	395.46	392.66
2609	3	399.62	398.02
3010	2	390.74	388.09
7361	2	396.8	395.5
4383	7	395.66	392.76
4483	2	398.5	397.4
7923	2	392.9	392.7
2678	7	393.9	378.4
4377	2	400.32	397.92
3028	2	393.92	391.72
4479	2	402.53	401.33
2535	2	401.8	398.5
3022	2	390.58	387.53
4480	2	401.72	399.92
2678	2	394.9	393.9
5540	2	396.56	396.16
5191	2	396.99	390.59
10271	7	392.65	388.95
3028	7	391.72	382.12
5535	7	395.28	391.18
5541	7	393.12	389.72
4477	2	403.29	401.49
3022	6	387.53	386.83
4479	7	401.33	398.83
4376	2	400.16	391.36
2532	7	398.2	374.3
4477	7	401.49	399.19
3012	2	389.55	387.55
3012	7	387.55	383.75
1777	6	402.93	399.88
2609	2	401.82	399.62
7362	2	398.1	397.75
4481	7	398.7	391.7
11954	2	389.8	385
1777	7	399.88	392.88
2532	2	401.8	398.2
4481	2	401.7	398.7
3022	7	386.83	385.98
7362	7	397.75	395
7361	7	395.5	393.3
5540	3	396.16	395.46
4382	7	399.19	393.59
7678	2	391.46	385.96
21828	2	383	379
21816	2	378.95	376.75
21829	6	371.3	338.5
21813	9	410.41	407.36
24443	6	429	425.3
24445	2	431.2	430.55
23942	1	390.24	389.64
23940	2	389.8	389.5
24432	7	422.7	419.7
21828	4	376.6	372.7
21813	11	407.36	405.36
21814	1	420.64	419.74
21824	2	373.5	371.6
21825	2	373.5	371.4
24444	2	431.25	430.45
24439	2	401.1	400.8
21825	18	366.7	365.9
21828	6	372.7	368
24443	3	429.9	429
21817	6	377.31	376.31
24439	6	399.7	393.1
24442	2	431.5	429.4
21817	9	368.31	364.41
23939	2	389.56	389.41
23952	1	389.9	389.5
24439	3	400.8	399.7
21826	6	372.9	368.05
21828	3	379	376.6
23947	2	390	388.6
24440	6	398.5	394.5
23946	2	389.34	388.54
21887	18	306.53	304.53
24434	7	424.4	421.1
21815	1	415.46	414.71
24443	2	431.3	430.3
24442	3	429.4	428.2
23945	1	389.8	389
21813	7	419.66	410.41
24434	1	424.9	424.4
24445	3	430.55	429.1
24443	1	430.3	429.9
23953	1	390.06	389.56
21887	12	373.53	323.53
21888	12	375.38	368.38
24440	2	400.5	398.5
21817	7	376.31	368.31
24441	7	390.3	388.7
21824	4	371.6	367.9
21826	3	377.9	376.8
21827	6	371.3	343.2
21829	2	378.5	376.6
21829	3	376.6	376.2
24444	1	430.45	430.05
24438	1	428.25	427.65
24442	6	428.2	427.5
21887	9	423.53	373.53
21814	6	419.74	419.09
21816	7	374.15	367.75
24432	1	423.5	422.7
21887	7	433.53	423.53
21817	2	380.41	377.91
21825	4	371.4	367.7
23946	1	390.14	389.34
21888	7	433.38	423.38
21827	4	376.8	371.3
21826	4	376.8	372.9
24437	1	427.8	427.2
21829	4	376.2	371.3
24433	1	425.7	425.5
24444	6	429.05	425.25
21827	2	383.2	379.45
23940	1	390.2	389.8
21816	9	367.75	363.95
21825	6	367.7	367.3
21827	3	379.45	376.8
24436	7	426.65	423.15
23952	2	389.5	389.4
21824	6	367.9	363.9
24444	3	430.05	429.05
21813	12	405.36	400.36
24437	7	427.2	423.7
21825	11	367.3	366.7
21814	7	419.09	410.64
23951	1	389.58	389.08
23953	2	389.56	389.46
21816	6	376.75	374.15
21815	7	414.71	405.46
24436	1	427.35	426.65
23951	2	389.08	389.03
23939	1	390.01	389.56
21817	3	377.91	377.31
24438	7	427.65	424.15
21887	13	323.53	306.53
23950	1	389.3	388.4
23947	1	390.5	390
21888	9	423.38	375.38
21813	1	420.36	419.66
24441	6	394.7	390.3
24445	6	429.1	427.2
24433	7	425.5	421.5
24441	35	400.7	394.7
23945	2	389	387.2
24435	1	426.6	426
24435	7	426	422.4
21824	11	363.9	363.5
21826	2	383.3	377.9
21834	6	415.12	410.07
21891	9	395.42	327.42
21835	2	417.68	417.18
21892	1	455.98	455.48
21932	2	379.4	377.4
21926	9	378.5	370
21839	6	413.3	413.2
21886	7	433.93	413.93
21838	6	414.4	414
21832	6	416.6	410.95
21839	2	416.5	414.3
21830	3	377.8	375.7
21830	4	375.7	369.85
21833	7	410.75	404.6
21930	9	368.24	365.24
21894	12	368	352
21835	6	416.08	411.48
21891	6	413.42	395.42
21932	4	377.4	368.75
21891	18	327.42	317.42
21884	7	426	420
21833	6	416	410.75
21933	2	374.49	371.39
21831	2	383	379
21892	9	411.98	329.98
21892	6	435.98	411.98
21843	2	416.3	415.3
21839	1	416.7	416.5
21836	8	412.5	411.3
21834	2	417.22	416.77
21835	3	417.18	416.08
21844	2	416.7	399
21894	9	404	368
21834	8	410.07	408.82
21835	8	411.48	409.88
21833	2	416.35	416
21838	3	415.8	414.4
21838	1	416.7	416.62
21843	9	395.6	391.6
21886	9	413.93	373.93
21933	4	371.39	369.09
21830	6	369.85	343
21894	7	410	404
21893	7	435	388
21837	1	416.7	416.6
21843	1	416.6	416.3
21836	6	416.45	412.5
21926	2	385	381
21926	7	381	378.5
21931	2	384	374
21837	3	416.6	414.3
21929	9	379	366.8
21884	18	420	186
21931	9	374	366
21928	2	374.55	368.15
21886	2	434.93	433.93
21832	7	410.95	405.3
21885	36	429	405
21932	9	368.75	364.4
21831	3	379	376.15
21834	7	408.82	402.22
21833	1	416.6	416.35
21831	4	376.15	371.8
21894	18	352	160
21836	2	417.7	417.2
21843	7	412.8	395.6
21891	4	423.42	413.42
21843	3	415.3	414.6
21885	18	405	179
21927	9	373.1	365.2
21837	6	414.3	414
21927	2	383.2	373.1
21933	9	369.09	365.49
21886	12	373.93	371.93
21929	2	384.8	379
21843	6	414.6	412.8
21835	7	409.88	404.68
21892	7	455.48	435.98
21836	7	411.3	410.7
21928	9	368.15	364.55
21836	3	417.2	416.45
21892	18	329.98	325.98
21832	1	417.3	417.05
21893	18	388	185
21834	3	416.77	415.12
21930	2	384.24	368.24
21831	6	371.8	367.8
21832	2	417.05	416.6
21838	2	416.62	415.8
21839	3	414.3	413.3
21830	2	383	377.8
21936	9	369.1	366.4
21946	1	373	372.95
21934	4	370.49	365.89
21948	2	372.9	367.2
21938	9	368.6	366.6
14298	7	423.7	418.2
6334	3	429.82	429.52
21934	2	374.49	370.49
7202	2	434.87	430.97
1420	2	428.94	427.84
21942	1	374.6	374.3
7202	7	430.97	424.87
21951	9	367.7	365.55
21949	9	367.8	363
21948	1	373	372.9
21941	1	374.6	374.25
21946	2	372.95	367.1
21937	2	374.6	369.2
21937	1	374.7	374.6
6334	7	424.52	415.82
21950	2	375.3	366.8
21935	4	371.49	365.49
21938	1	374.6	374.2
21948	9	367.2	363
3074	2	431.3	429.2
21947	2	375.15	367.45
6334	7	429.52	425.92
21939	2	374.25	369.1
21939	1	374.6	374.25
21934	9	365.89	365.49
21950	8	360.95	360.3
21941	9	365.6	364.6
21943	2	374.25	369.6
21940	9	369.8	365.6
21945	2	373.6	367.7
21942	2	374.3	370
21936	1	374.7	374.6
21947	9	367.45	364.15
1420	7	427.84	418.94
21944	2	372.65	364.8
21949	2	372.9	367.8
3072	7	431.5	427.4
3074	7	429.2	426.9
6334	8	425.92	424.52
7823	1	444.15	443.95
7823	3	443.95	443.1
7823	7	443.1	440.35
14298	8	424.3	423.7
21945	1	374	373.6
21938	2	374.2	368.6
21941	2	374.25	365.6
21940	2	374.3	369.8
21949	1	373	372.9
14298	7	425	424.3
21936	2	374.6	369.1
21943	9	369.6	366.6
21946	9	367.1	363
21940	1	374.6	374.3
21944	1	372.95	372.65
21937	9	369.2	364.7
21935	2	374.49	371.49
21942	9	370	366.6
21950	9	366.8	360.95
21944	9	364.8	361.95
21945	9	367.7	365
21939	9	369.1	366.6
21951	2	374.55	367.7
21943	1	374.6	374.25
6334	2	430.82	429.82
14298	2	426.2	425
24447	7	425.77	410.77
24449	18	263.16	194.16
2093	2	407.68	406.98
2094	2	408.3	407.9
2093	7	405.43	394.68
24449	6	389.16	385.16
2096	7	408.04	401.39
2103	4	376.83	369.98
24446	38	396.43	394.43
24449	9	377.16	367.16
2095	3	407.74	406.84
2094	7	404.25	400.3
2095	7	403.74	399.84
2094	3	407.9	407.1
24446	6	394.43	392.53
2095	6	406.84	403.74
2095	2	408.44	407.74
2093	6	406.98	405.43
2103	1	378.03	376.83
2094	6	407.1	404.25
24449	11	367.16	343.16
24449	12	343.16	263.16
24449	7	385.16	377.16
24447	18	410.77	215.77
2096	2	408.84	408.04
2105	2	373.45	368.6
2110	38	375.2	374.7
2106	2	396	395
2113	38	382.23	380.73
2113	6	380.73	379.43
2113	7	379.43	377.03
2106	6	395	386.9
2334	4	368.64	364.64
2335	7	371.9	364.6
2332	2	372.36	367.76
2336	2	371.96	367.96
2332	4	367.76	366.11
2335	2	376.6	372.9
2334	38	372.64	368.64
2331	2	376.5	376.05
2334	7	364.64	351.94
2336	7	367.96	354.56
2335	4	372.9	371.9
2333	38	380.01	379.51
2332	7	366.11	364.36
2114	2	372.22	366.52
2331	7	376.05	368.75
2333	7	379.51	365.26
2430	7	389	385.75
2433	9	388.2	385.5
2432	1	391.9	390.2
2677	3	408.17	407.87
2677	7	406.67	399.67
2432	7	390.2	384.4
2431	7	388.03	381.83
2676	3	408.27	407.57
2677	6	407.87	406.67
2677	38	408.67	408.17
2430	2	390.3	389
2676	1	408.57	408.27
2676	6	407.57	406.57
2431	2	390.23	388.03
2676	7	406.57	402.57
2959	2	367.93	367.18
3015	6	391.78	391.53
2959	7	367.18	358.28
3014	38	391.14	390.89
3017	2	398.11	396.5
2715	7	389.05	385.35
3017	6	396.5	393.5
2715	2	390.85	389.75
3017	7	393.5	389.2
2715	6	389.75	389.05
3235	7	415.98	401.63
3230	3	438.98	438.23
3234	1	420.19	419.79
15501	2	435	427
3240	7	373.2	357.8
3774	7	371.1	365.3
3230	7	438.23	436.18
3235	6	420.08	415.98
24452	18	413	243
3230	8	436.18	434.33
3241	2	375.2	370.7
3241	7	370.7	355.2
4118	7	401.41	392.81
3236	1	420.78	420.48
3235	38	421.63	420.08
3703	7	402.05	397.15
3774	6	376.9	371.1
3703	2	407.15	405.25
4117	2	402.76	402.36
15501	6	427	397
4118	6	402.61	401.41
4120	38	402.99	402.49
3774	1	381.3	380.8
4385	38	384.1	383.2
3236	3	420.48	420.08
4385	7	383.2	370.9
3236	6	420.08	415.38
3234	6	419.44	412.99
4120	7	402.49	392.99
4117	6	402.36	401.16
3240	2	377.8	373.2
4117	7	401.16	392.76
3236	7	415.38	400.78
3238	7	376.6	355.6
4118	38	402.81	402.61
3239	2	378.34	377.14
3239	7	377.14	356.34
3238	2	379.6	376.6
3703	6	405.25	402.05
3230	1	439.33	438.98
24452	7	439	413
3234	7	412.99	401.39
3234	3	419.79	419.44
3774	2	380.8	376.9
4593	6	412.83	405.13
4591	3	407.75	406.95
4710	1	412.41	412.11
4595	38	414.7	414.1
4593	7	405.13	398.63
4602	7	363.22	362.72
4602	2	364.72	363.22
4710	6	409.41	408.91
4593	1	414.63	413.73
4592	7	411.85	408.55
4593	3	413.73	412.83
4594	6	412.05	406.2
4591	6	406.95	404.35
4594	7	406.2	393.5
4595	6	414.1	405.95
4603	4	365.09	362.99
4594	2	413.1	412.05
4595	7	405.95	394.35
4591	38	408.35	407.75
4546	6	411.95	402.95
4546	2	412.95	411.95
4710	2	412.11	409.41
4546	7	402.95	397.95
4592	1	412.35	411.85
4601	4	365.4	364
4591	7	404.35	403.8
24457	2	383.13	375.63
24455	2	404	402.6
24456	1	407.3	406.7
24457	18	332.63	325.33
24457	6	373.23	344.13
24455	6	402.6	389.8
24454	2	400.5	397.7
24455	9	388.95	384
24456	9	395	390.6
24456	6	405.7	395.8
24454	7	372.3	367.5
24457	9	340.83	332.63
24455	7	389.8	388.95
24456	3	406.7	405.7
24456	7	395.8	395
24454	6	397.7	372.3
24454	9	367.5	363.5
24457	4	375.63	373.23
24457	7	344.13	340.83
5516	38	412.37	409.97
5517	2	414.64	412.54
5517	6	412.54	407.84
5516	6	408.67	407.27
5110	4	364.53	362.13
5109	39	363.7	362.1
5515	7	408.27	400.67
5516	7	407.27	401.87
5515	6	411.77	408.27
5107	4	365.64	364.59
5515	38	412.67	411.77
5109	4	364.8	363.7
5517	7	407.84	402.94
5516	3	409.97	408.67
5518	7	405.97	397.57
6958	7	385.08	381.98
24465	7	377	367
6964	7	403.78	399.48
6965	7	404.15	396.15
7060	2	406.85	395.45
24468	2	399.4	397.65
6830	7	408.52	396.72
7022	3	414.15	413.35
7019	2	416.33	415.23
6830	6	413.02	408.52
7026	2	415.81	412.61
6964	2	407.28	406.58
6964	6	406.58	403.78
24468	1	399.9	399.4
24466	7	381	339
24467	7	438	406
7019	6	414.33	404.43
7019	3	415.23	414.33
7022	7	408.55	406.15
7022	8	406.15	399.35
7021	2	416.11	414.01
7021	7	406.31	405.71
5545	2	373.75	367.05
7023	3	413.64	413.04
24466	9	339	317
6965	6	405.95	404.15
5518	2	414.47	412.67
24464	9	391	343
7023	7	408.84	405.94
7020	7	406.8	397
7021	8	403.51	403.01
7020	6	414.3	406.8
7025	7	408.27	397.07
24468	7	370.9	357.15
7020	2	416.2	414.3
24465	18	367	107
5518	6	412.67	405.97
7021	9	403.01	393.31
24468	6	397.65	370.9
6831	7	407.68	398.78
24466	38	383	381
7025	2	416.07	413.87
6965	2	406.25	405.95
24468	9	357.15	354.9
7026	6	412.61	406.01
7023	6	413.04	408.84
7019	7	404.43	397.23
6831	2	414.78	413.98
6831	6	413.98	407.68
7024	7	408.55	402.25
24464	18	343	155
24466	12	317	233
6959	2	389.26	388.96
7023	2	414.74	413.64
24467	18	406	188
5546	2	377.7	370.1
24464	7	405	391
7024	2	416.35	412.65
6964	1	407.48	407.28
7026	7	406.01	397.01
5545	7	367.05	348.95
6959	7	388.96	380.16
7022	6	413.35	408.55
6830	2	414.72	413.82
7021	6	414.01	406.31
7021	7	393.31	391.11
7024	6	412.65	408.55
6830	3	413.82	413.02
6958	2	387.18	385.08
5546	7	370.1	361.7
7022	2	415.25	414.15
7025	6	413.87	408.27
7366	2	399.6	397.5
7689	38	409.82	409.02
7139	38	415.83	414.73
7690	38	416.74	416.09
7906	3	407.87	407.27
7687	38	420.67	419.87
7908	7	406.36	403.26
8294	7	401.37	394.77
8298	6	402.21	398.21
7688	7	417.5	409.4
7690	7	416.09	395.34
7689	7	409.02	400.17
7907	3	408.38	407.68
7705	6	402.55	401.65
7688	6	421	417.5
7365	7	392.57	388
7688	1	421.8	421.5
7138	38	416.3	415.6
7687	7	416.67	408.67
7909	6	406.77	404.57
7907	7	407.68	403.88
8300	7	398.5	397.65
7687	6	419.87	416.67
7907	1	408.98	408.88
7365	6	397.97	397.47
7686	7	415.95	408.8
7365	2	399.77	397.97
7909	2	408.27	407.67
7366	7	396.5	388.4
7906	1	408.77	408.57
7138	6	415.6	408.9
7906	7	407.27	404.67
7705	7	401.65	394
7365	8	393.87	392.57
7906	2	408.57	407.87
7139	7	410.03	395.83
7907	2	408.88	408.38
7908	2	408.36	407.86
7909	1	408.47	408.27
8294	6	402.32	401.37
8299	6	402.65	398.65
7138	7	408.9	401.3
7139	6	414.13	410.03
7909	7	404.57	402.17
7139	3	414.73	414.13
7909	3	407.67	406.77
7908	3	407.86	406.86
7705	38	405.1	402.55
7366	6	397.5	396.5
7140	7	411.43	387.18
7140	1	412.18	411.78
8295	7	403.58	400.53
7686	38	421.2	419.4
7365	7	397.47	393.87
7908	6	406.86	406.36
7140	3	411.78	411.43
8294	38	402.77	402.32
7688	3	421.5	421
8300	6	403.2	398.5
7908	1	408.56	408.36
7686	6	419.4	415.95
8931	6	420	415.4
10212	4	373.23	372.18
8678	2	415.34	413.64
8930	7	415	413.1
8689	3	400.33	398.73
10576	6	406.36	405.76
8677	7	411.23	410.23
8677	6	414.03	411.23
10576	3	406.86	406.36
9050	7	409.4	408.05
8678	1	415.64	415.34
9051	38	411.1	410.5
8393	7	404.81	397.61
10211	6	406	399.7
9050	2	410.3	409.75
8679	7	409.36	407.36
8679	2	412.76	412.26
9050	1	410.55	410.3
8679	6	412.26	409.36
8930	6	420.4	415
9519	6	421.02	415.22
8601	7	407.37	403.57
9333	1	404.37	404.12
9519	3	421.92	421.02
8682	2	410.54	408.34
10211	38	406.6	406
8680	7	407.14	402.94
8689	2	400.93	400.33
9520	3	421.22	420.52
8681	2	410.32	404.82
9334	7	408.94	391.84
8930	2	421.8	421
10212	3	378.43	373.23
9029	2	398	396.5
8601	38	408.77	407.97
8391	2	412.26	411.26
9051	3	410.5	410.3
10575	7	405.98	400.58
10576	7	405.76	400.36
8677	2	415.53	414.03
9333	7	402.37	389.57
8678	7	411.44	410.04
8393	6	408.91	404.81
8393	7	396.51	394
9519	7	415.22	409.52
8678	6	413.64	411.44
8931	7	415.4	411
9519	38	422.62	421.92
8683	7	407.4	394.6
9051	7	410.3	407.3
9331	1	412.16	411.26
8393	8	397.61	396.51
8683	2	409.2	408
8683	6	408	407.4
9520	6	420.52	413.82
9520	2	421.72	421.22
10575	38	407.78	407.08
8680	2	408.04	407.14
8689	7	398.73	386.73
10575	3	407.08	406.48
10575	6	406.48	405.98
8931	2	421.2	420
9332	2	409.81	407.41
9029	7	396.5	386
8677	1	415.73	415.53
8930	3	421	420.4
8391	7	410.66	404.7
8391	6	411.26	410.66
9334	1	409.54	408.94
8682	7	408.34	395.34
9332	7	407.41	392.91
9520	7	413.82	408.02
8679	1	413.16	412.76
8680	1	408.64	408.04
8393	2	412.41	408.91
8601	3	407.97	407.37
10213	2	373.15	368.95
10212	38	378.83	378.43
9331	7	411.26	391.66
8683	1	409.6	409.2
9333	2	404.12	402.37
10211	7	399.7	396.6
10576	2	407.46	406.86
10213	1	373.4	373.15
9050	3	409.75	409.4
12048	7	411.51	403.51
12048	6	413.61	411.51
15084	38	402.29	397.99
15084	6	397.99	396.29
15082	3	392.69	391.79
12047	6	415.51	414.31
12049	6	414.6	411.4
15195	2	407.45	406.15
24471	18	443.8	438.1
12047	38	416.81	416.21
15195	6	406.15	402.75
15080	2	383.98	382.33
12450	7	409.52	408.5
12453	1	410.6	410.55
15195	7	402.75	400.05
12452	2	409.7	409.6
12052	6	413.56	412.46
24469	18	445.1	444.1
12052	2	415.56	413.56
15081	2	393.03	392.13
12453	7	410.35	407.6
12855	6	412.04	408.44
12559	38	416.6	415.7
12451	2	408.9	408.72
12047	7	414.31	404.81
15083	7	394.58	392.78
24471	1	444.9	444.8
24469	2	446.65	445.1
15083	3	395.68	394.58
12561	38	416.6	414.7
12052	7	412.46	403.56
12855	7	408.44	401.64
12451	7	408.72	407.7
12560	7	414.45	411.6
14747	38	398.8	397.6
12193	7	407.61	405.31
12051	6	415.02	413.02
12050	6	414.08	412.48
15083	38	398.78	395.68
12051	2	415.42	415.02
12193	2	409.21	408.11
12559	3	415.7	415.05
12450	38	409.7	409.52
12049	7	411.4	403.7
12560	38	416.6	416.1
15080	7	382.33	378.78
12855	3	412.54	412.04
14382	1	421.15	420.85
12855	2	413.64	412.54
24470	1	448.3	448.15
15081	7	391.43	390.43
24471	3	444.8	444.2
12560	6	416.1	414.45
12050	2	415.18	414.08
24470	18	446.75	436.3
14382	7	415.65	407.15
14382	3	420.85	420.25
24470	7	447.6	446.75
24469	1	446.8	446.65
12453	2	410.55	410.35
12452	7	409.6	408.6
24470	3	448.15	447.6
14382	6	420.25	415.65
12049	3	415.7	414.6
24471	7	444.2	443.8
12051	7	413.02	403.42
12193	3	408.11	407.61
12048	2	415.51	413.61
12561	6	414.7	411.6
12047	3	416.21	415.51
15081	3	392.13	391.43
12050	7	412.48	403.18
14747	3	397.6	397.1
15082	2	397.79	392.69
12559	7	413.3	411.6
12559	6	415.05	413.3
7695	2	398.38	388.48
7694	6	389.68	387.08
8814	7	390	382.2
2775	6	394.78	392.58
7692	1	396.16	395.96
2529	6	399.05	389.2
7693	1	400.44	400.29
2777	6	400.14	396.04
2776	1	406.66	406.46
7695	1	398.48	398.38
2044	4	376.29	374.69
7691	1	395.55	395.25
2531	6	405.6	393.7
2775	2	405.58	394.78
2530	1	401.9	401.7
7692	6	395.26	377.51
2777	2	406.84	400.14
1452	6	374.46	364.76
2776	7	395.46	386.66
2115	6	397.96	386.86
1782	3	394.39	393.69
7691	7	371.35	370.55
7692	3	395.96	395.26
2776	6	397.01	395.46
2777	1	407.14	406.84
2777	7	396.04	387.14
1835	1	418.71	418.21
2775	7	392.58	385.78
7693	2	400.29	396.94
2529	1	399.2	399.05
1452	2	375.76	375.16
1835	6	416.96	414.66
7694	1	399.08	398.78
7695	7	384.78	381.48
8814	6	404.75	390
7691	3	395.25	394.55
8814	1	407	404.75
2530	7	391.9	386.9
1835	7	414.66	406.71
2531	7	393.7	390.9
2044	2	377.39	376.29
7691	6	394.55	371.35
1835	3	418.21	416.96
3794	6	402.15	392.47
1782	7	387.89	379.99
2044	6	374.69	357.39
3794	1	402.6	402.15
2531	1	405.9	405.6
2115	1	398.86	397.96
1782	1	394.99	394.39
2529	7	389.2	384.1
7692	7	377.51	371.16
7694	2	398.78	389.68
2776	2	406.46	397.01
1782	6	393.69	387.89
7693	6	396.94	386.14
1452	7	364.76	356.06
2530	6	401.7	391.9
7693	7	386.14	380.44
7695	6	388.48	384.78
1452	5	375.16	374.46
2775	1	405.78	405.58
10974	6	392.43	390.83
11551	6	396.48	391.98
8818	2	396.58	395.68
11552	6	406.32	406.12
11549	2	407.33	400.08
11554	6	409.15	407.15
11480	2	380.97	379.87
10971	7	395.32	377.82
8819	6	412.22	410.72
8817	2	385.98	385.58
10972	6	402.8	393.7
10973	2	405.16	398.06
11479	2	380.91	379.81
10381	6	391.09	389.49
11550	2	406.51	399.79
10975	1	405.1	404.8
10381	2	401.14	391.09
8816	7	371.41	364.91
10974	2	407.13	392.43
8818	6	394.83	381.08
8818	9	358.48	356.08
8819	7	410.72	377.52
8816	6	386.21	371.41
11478	6	381.93	374.78
11549	7	395.53	377.53
11553	7	404.47	393.42
10382	7	385.16	382.66
11553	6	406.32	404.47
11550	6	399.79	394.66
11554	3	410.35	409.15
10973	1	405.26	405.16
11478	1	383.28	383.08
11479	7	373.21	365.06
8815	1	408.03	407.88
11481	1	382.53	382.18
11479	6	379.81	373.21
10971	1	407.82	407.62
11549	6	400.08	395.53
8815	7	402.03	382.13
11479	1	381.21	380.91
11478	7	374.78	367.28
8816	2	387.81	386.21
10973	7	388.26	375.26
10974	7	390.83	377.13
8819	1	412.92	412.22
11550	7	394.66	376.66
11480	1	381.27	380.97
8817	6	385.58	369.28
11552	7	406.12	392.6
8817	7	369.28	363.58
10972	7	393.7	377.7
8815	2	407.88	407.38
10973	6	398.06	388.26
8818	3	395.68	394.83
11552	2	407.62	406.32
11478	2	383.08	381.93
11481	7	373.83	366.53
11555	2	407.95	402.65
11552	1	407.72	407.62
11551	2	405.62	396.48
11553	1	408.47	408.17
11480	7	373.07	365.27
11481	6	380.63	373.83
10971	2	407.62	401.52
10383	7	378.97	376.47
10975	2	404.8	395.4
11549	1	407.53	407.33
10383	6	390.77	378.97
11553	2	408.17	406.32
8818	7	381.08	358.48
11551	1	405.78	405.62
10971	6	401.52	395.32
10383	1	396.47	396.32
8820	3	426.25	425.85
10383	2	396.32	390.77
11554	7	407.15	395.2
10974	1	407.43	407.13
11481	2	382.18	380.63
10381	7	389.49	386.29
10972	1	407.7	407.5
11551	7	391.98	375.78
10382	6	391.66	385.16
10972	2	407.5	402.8
10975	6	395.4	388.8
10381	1	401.29	401.14
8815	6	407.38	402.03
10382	2	399.66	391.66
11555	6	402.65	394.45
11555	7	394.45	378.1
10975	7	388.8	375.1
11550	1	406.66	406.51
11480	6	379.87	373.07
11555	1	408.1	407.95
16629	3	396.2	394
15680	7	399.05	393.85
17861	9	364.41	338.41
17862	7	369.05	355.05
13919	1	403.3	403.2
15681	1	412.48	412.38
16629	6	394	388.9
15680	1	405.85	405.55
16586	2	410.1	401
12895	7	401.7	390.9
12182	2	394.95	388.45
16404	7	367.6	353.2
16663	6	405.6	394
16594	1	408.5	408.2
17860	3	394.07	391.07
17860	7	375.07	363.07
12182	6	388.45	383.2
16586	7	401	390.5
12514	1	409.62	409.12
16629	1	402.3	402.1
16662	7	397.5	395
16661	3	411.25	411
16588	7	399.3	390.8
16806	38	396	394
17860	6	391.07	375.07
17860	12	351.07	347.07
17860	9	359.07	351.07
16588	1	406.8	406.6
17861	12	338.41	338.01
17862	7	396.05	371.05
17861	1	384.41	384
16661	2	411.7	411.25
16629	2	402.1	396.2
17862	12	343.05	339.05
17862	8	371.05	369.05
15681	7	400.68	395.48
16404	2	378.4	373.5
16588	2	406.6	399.3
12895	3	403.7	401.7
16586	1	410.5	410.1
16662	2	411.4	409.1
16806	7	394	354
17860	8	363.07	359.07
17861	7	384	364.41
12895	2	410.9	403.7
17860	1	395.07	394.07
13919	2	403.2	395.8
13919	7	395.8	388.3
16663	2	411.4	405.6
15681	2	412.38	400.68
16663	7	394	393.5
15680	2	405.55	399.05
16594	8	389.2	388.5
16594	2	408.2	399.7
16661	6	411	398.2
17862	1	397.05	396.05
17862	8	355.05	343.05
16629	7	388.9	382.3
16662	3	409.1	408.7
16661	7	398.2	396.7
12182	7	383.2	369.95
16404	6	373.5	367.6
16594	7	399.7	389.2
16662	6	408.7	397.5
17860	18	347.07	346.47
9016	1	392.54	392.34
9017	6	391.21	381.71
1836	6	417.12	410.12
9017	1	391.71	391.51
9016	3	392.34	391.94
3797	1	434.19	433.99
3797	6	433.99	424.19
1836	7	410.12	408.12
1836	1	418.12	417.72
9017	3	391.51	391.21
9016	6	391.94	382.54
1836	3	417.72	417.12
12026	1	397.58	397.48
16269	11	370.61	355.51
24488	7	443.4	437.4
24487	7	443.2	437.2
16314	2	406.8	406.6
16170	7	405.75	402.35
15644	7	416.9	409.8
16169	7	405.95	403.15
16269	2	375.61	370.61
16314	7	405.1	397.7
16382	2	414.7	414.35
16612	6	418.63	416.13
16170	3	407.05	405.75
12026	6	396.38	393.98
16314	6	405.7	405.1
16613	6	419.41	418.01
16611	6	418.1	415.4
16170	2	407.55	407.05
24487	18	437.2	133.2
16611	7	415.4	409.1
16169	3	407.25	405.95
24484	7	435.3	432.7
16610	38	418.54	417.94
16610	6	417.94	414.04
11638	3	396.91	396.31
11638	2	397.21	396.91
15644	6	418	416.9
16268	4	364.3	363.8
16169	2	407.55	407.25
16612	7	416.13	409.73
16267	11	363.2	356.8
11637	2	397.86	397.36
12026	3	397.08	396.38
16382	6	414.35	404
11637	6	397.36	393.66
16268	11	363.8	356
16613	7	418.01	410.61
16612	38	419.73	418.63
12026	2	397.48	397.08
16610	7	414.04	408.54
24488	18	437.4	133.4
11638	1	397.61	397.21
24484	2	435.7	435.3
24485	2	436.1	435.85
15644	3	418.6	418
16382	7	404	400.7
24486	7	443.2	437.2
11637	1	398.16	397.86
24485	7	435.85	433.1
16267	4	364	363.2
15644	2	419.8	418.6
11638	6	396.31	393.11
16314	3	406.6	405.7
16611	38	419.1	418.1
16613	38	420.61	419.41
24486	18	437.2	135.2
24051	7	469	463
24495	7	454.7	426.7
24499	18	426.5	194.5
16656	7	410	409
16724	2	418	416
16724	7	416	408
24491	18	277.7	167.7
24492	7	454.3	426.3
24494	7	454.6	426.6
24492	18	426.3	194.3
24490	11	386.8	374.8
24494	18	426.6	194.6
24490	12	374.8	276.8
24497	18	426.7	194.7
16659	38	407.86	407.36
16660	1	407.1	406.7
24489	18	276	166
16722	2	419	417
16615	3	413.8	413.3
16660	8	399	395.6
24493	7	454.9	426.9
24491	11	387.7	375.7
16660	7	403.5	399
24493	18	426.9	194.9
24498	18	426.6	194.6
16656	3	416.4	416
24499	7	454.5	426.5
16657	3	418.2	417.2
16656	6	416	410
24052	7	471	465
16659	3	407.36	405.01
24052	18	465	286
16656	2	417	416.4
16657	1	418.3	418.2
16754	12	353.15	349.85
24496	18	427	195
24051	18	463	284
24489	12	374	276
16657	7	411.3	410.3
16657	6	417.2	411.3
24489	11	386	374
24495	18	426.7	194.7
24490	18	276.8	166.8
24498	7	454.6	426.6
24491	12	375.7	277.7
24500	18	426.1	194.1
24500	7	454.1	426.1
24496	7	455	427
16660	2	406.7	403.8
16660	6	403.8	403.5
24497	7	454.7	426.7
16659	7	403.01	399.76
16659	6	405.01	403.01
16722	7	417	409
16764	12	360.55	355.7
16757	12	359.55	356.5
16754	35	363	353.15
16763	35	354.8	351.8
24502	5	420.8	416.3
24501	38	422.4	421.8
16755	12	360.45	357.5
16755	35	363	360.45
16763	12	351.8	348.8
24501	6	415.6	414.6
24501	5	421.8	415.6
24502	38	421.4	420.8
24502	6	416.3	415.4
16757	35	363	359.55
16764	35	363	360.55
16826	7	418.14	410.14
18036	2	412.5	412.25
18051	7	406.48	405.09
18143	2	414.7	414.1
18134	3	414.19	413.79
24503	7	466.75	464.75
18145	2	416.26	414.86
18050	7	406.24	398.09
18131	2	414.7	414.2
18142	2	412.7	412.35
18126	6	413.7	411.8
18443	2	407.41	406.21
18442	3	404.38	403.98
18050	2	406.99	406.24
18133	6	413.65	411.25
18140	6	412.39	411.8
18130	2	414.9	414.3
18127	6	414.3	411.55
18441	2	407.41	404.91
18142	6	412.35	411.85
18144	3	413.6	412.5
18144	6	412.5	412.4
18130	6	414.3	411.9
18441	3	404.91	404.01
18128	2	414.8	414.2
18128	6	414.2	411.8
18141	6	412.36	411.8
18141	2	412.7	412.36
18146	2	416	414.3
18138	6	412.2	411.7
18132	3	413.8	412.6
24503	18	464.75	266.75
18144	2	414.5	413.6
18147	2	416	414
18135	6	412.47	411.27
18143	6	413.5	413.05
18133	2	414.85	414.15
18134	2	414.79	414.19
18133	3	414.15	413.65
18131	3	414.2	413.5
18134	6	413.79	410.49
18443	3	406.21	405.41
18135	2	414.87	414.27
18136	2	414.76	414.36
18628	2	407.2	403.2
20033	8	383	382.2
18129	2	414.8	414.3
18442	2	406.98	404.38
18137	6	412.2	411.7
18132	2	414.8	413.8
18140	2	412.7	412.39
18148	2	416.82	415.02
18132	6	412.6	411.8
18131	6	413.5	411.7
18139	2	412.5	412.2
18143	3	414.1	413.5
18050	9	398.09	394.99
18129	6	414.3	411.8
18135	3	414.27	412.47
18139	6	412.2	411.7
18138	2	412.5	412.2
18051	2	407.09	406.48
18137	2	412.5	412.2
18136	6	414.36	410.76
18036	6	412.25	411.7
24515	18	436.5	218.5
24515	7	448.5	436.5
1101	1	376.27	375.22
1106	9	399.32	390.87
1106	1	403.12	402.52
1100	6	372.51	364.56
1108	1	409.94	409.64
1113	1	382	380.4
24509	18	378.7	178.7
1104	7	411.96	405.06
1102	38	376.3	374.65
24512	18	378.3	178.3
24511	18	378.7	178.7
1100	4	376.16	372.51
24510	18	378.8	178.8
1106	2	402.52	400.22
1113	9	380.4	355.9
1106	6	400.22	399.32
1103	1	376.39	375.39
1104	38	415.96	411.96
1108	7	409.64	399.34
1104	8	405.06	404.16
1100	38	377.06	376.16
1108	8	399.34	397.7
1128	1	391.5	390.7
1115	2	375.6	374.6
24544	1	483.35	483.15
24542	3	480.27	480.12
1123	7	432.64	424.52
24545	3	485.19	484.84
24545	7	484.84	481.04
24542	7	480.12	479.32
24541	1	479.63	478.93
24519	12	380.3	366.3
24543	1	481.72	481.52
1125	7	433.49	421.74
24543	18	480.92	476.72
24519	18	366.3	156.3
1123	1	433.04	432.64
1121	7	432.27	424.57
1119	7	432.42	422.12
24544	7	483.15	479.3
24542	18	479.32	476.52
24545	18	481.04	480.44
24545	1	485.44	485.19
24560	7	423.52	419.62
24560	18	419.62	416.52
1122	7	432.5	424.9
1124	7	432.23	425.08
1125	1	433.74	433.49
1128	7	388.25	378.3
24519	7	406.3	382.3
1121	9	424.57	422.57
24541	3	478.93	477.63
24541	7	477.63	475.83
1122	1	432.9	432.5
24519	9	382.3	380.3
24541	18	475.83	474.63
24544	18	479.3	478.35
24542	1	480.52	480.27
24543	7	481.52	480.92
1115	5	374.6	370.1
1121	1	432.57	432.27
1119	9	422.12	417.77
1124	1	432.53	432.23
1128	4	390.7	388.25
24560	2	426.62	423.52
1119	1	432.77	432.42
1122	9	424.9	422.9
1115	6	370.1	359.1
1134	7	377.44	370.99
1137	6	369.42	363.92
1144	6	369.4	357
1136	3	391.9	390.3
1129	1	391.35	390.8
1144	5	371.6	369.4
1144	2	372	371.6
1130	1	369	368.6
1129	4	390.8	388.75
1140	3	376.91	376.46
1129	9	379.35	376.2
1136	6	390.3	387.1
1133	2	377.97	376.57
1142	3	377.55	376.35
1143	6	369.47	357.37
1135	7	378.98	369.18
1130	6	367	361
1135	1	385.98	385.38
1137	2	373.92	370.62
1136	7	387.1	376.5
1130	4	368.6	367
1131	4	373.2	367.3
1142	1	378.25	377.55
1143	7	357.37	354.97
1137	5	370.62	369.42
1129	7	388.75	379.35
1134	5	381.04	379.64
1133	6	374.37	366.97
1134	6	379.64	377.44
1133	4	376.57	374.37
1143	4	371.97	369.47
1131	6	367.3	364.2
1143	2	374.97	371.97
1135	6	385.38	378.98
13834	4	376.55	374.85
13835	1	376.88	376.48
13836	2	378.93	375.03
13834	2	378.85	377.25
13833	1	379.15	379
13835	6	375.38	373.68
13833	4	377.85	373.85
13835	1	378.88	377.98
13835	4	376.48	375.38
13836	4	375.03	374.83
13834	1	377.25	376.55
13833	1	378.25	377.85
13835	2	377.98	376.88
13836	1	379.03	378.93
13836	6	374.83	372.43
13834	6	374.85	373.85
13833	2	379	378.25
13833	6	373.85	372.5
1149	2	379.4	375.8
24575	6	419.52	418.5
24568	2	383.6	368.8
24565	9	365.5	360.5
24561	9	411	399
24562	2	374.92	367.12
1145	6	412.4	409.25
24562	9	367.12	363.12
24566	2	384.4	374.4
24563	2	375.01	367
24563	1	375.12	375.01
24566	9	369.4	363.4
1145	7	409.25	390.85
1147	6	397.52	396.92
24561	18	399	167
24575	1	419.6	419.52
24561	7	417	411
1147	1	397.82	397.52
24570	4	378.3	369.3
24564	2	377.45	373.5
24574	7	437	417
1146	7	392	382.8
24573	2	375.02	367.27
24562	1	375.12	374.92
24563	9	367	363.12
24571	9	375.21	365.21
1146	1	392.2	392
24565	4	367.9	365.5
24573	9	367.27	363.07
24570	2	384.3	378.3
24564	4	373.5	366.7
1147	7	396.92	379.42
24572	9	371.07	363.07
24569	9	381.36	365.36
24572	1	375.07	375.01
24568	9	368.8	363.6
24565	2	374.5	367.9
1145	1	412.65	412.4
24573	1	375.07	375.02
24571	2	385.21	375.21
24564	9	366.7	360.5
24574	18	417	137
24569	2	385.36	381.36
24572	2	375.01	371.07
24567	2	384.31	368.31
24564	1	377.5	377.45
24570	9	369.3	363.3
24566	4	374.4	369.4
24567	9	368.31	364.31
1148	7	372.25	369.45
1155	1	418.09	417.69
1155	7	413.99	401.09
1152	7	421.47	411.47
1159	7	413.09	367.29
1158	7	414.57	403.57
1151	6	419.12	416.22
1159	38	414.09	413.09
1150	3	422.01	420.41
1155	6	416.39	413.99
1156	1	415.64	415.34
1150	38	422.41	422.01
1158	38	415.57	414.57
1151	7	416.22	410.22
1157	7	415.01	403.41
1157	1	415.41	415.01
1155	3	417.69	416.39
1150	7	420.41	411.91
1151	1	420.22	419.12
1156	7	415.34	402.64
1152	1	421.97	421.47
1170	6	366.76	342.66
1170	3	373.06	372.36
1170	4	372.36	366.76
1173	2	374.56	372.21
1169	7	330.17	322.07
1169	2	374.87	372.27
1176	9	368.1	353.1
1162	2	390.3	388.3
1171	6	369.24	364.79
1168	6	368.18	367.18
1172	3	371.65	371.35
1163	1	407.1	406.7
1165	1	391	390.1
1165	6	390.1	379
1168	2	377.18	369.18
1171	38	374.79	372.79
1169	3	372.27	371.27
1169	4	371.27	368.87
1170	2	374.66	373.06
1163	7	406.7	384.1
1171	4	372.79	369.24
1172	2	372.5	371.65
1173	6	369.56	364.56
1168	5	369.18	368.18
1169	6	368.87	330.17
1172	6	370.3	362
1173	4	372.21	369.56
1165	7	379	359.4
1172	4	371.35	370.3
1176	4	374.1	368.1
1176	2	381.1	374.1
1162	7	388.3	369.8
1167	5	370.17	368.57
1167	2	377.17	370.17
1161	7	387.6	367.9
24580	2	422.3	417.6
24579	7	418.5	411.6
24578	11	404.7	390.6
24579	2	419.5	418.5
1219	1	385.65	384.7
24579	9	411.6	404.6
24578	7	419.5	411.7
24580	7	417.6	405
1223	38	378.2	377.2
1224	6	371.8	361
24576	8	400.9	398.3
24581	9	418.5	414.6
1222	6	387.35	359.25
24582	2	427.3	417.3
1223	7	359.2	353.2
1224	1	376.2	375.8
1221	6	387.84	366.04
1220	1	388.86	387.96
24577	7	417.6	404.1
24580	11	405	397.3
24577	11	404.1	393.6
24581	2	424.6	422.2
24576	2	417.4	414.9
1221	38	390.04	387.84
1222	1	387.75	387.35
1218	6	385.4	370.3
1219	2	384.7	382.25
24576	11	398.3	397.4
1223	4	377.2	374.9
24578	9	411.7	404.7
24578	2	420.6	419.5
24579	11	404.6	399.5
1224	4	375.8	371.8
24581	7	422.2	418.5
1220	2	387.96	386.46
1218	1	386.3	385.4
24576	7	414.9	400.9
24577	2	418.6	417.6
1220	6	386.46	368.36
1223	6	374.9	359.2
1219	6	382.25	363.65
1224	7	361	358.2
1230	7	373.67	359.57
1225	7	361.3	357.6
1225	6	371.9	361.3
14681	18	367.3	357.6
1227	6	372.65	362
1227	7	362	358.4
1230	4	375.02	373.67
2253	0	490.11	487.26
1228	1	375.7	375.25
14681	4	371	367.3
1230	2	378.07	375.02
1228	7	363.5	361.55
2253	1	495.91	495.41
1225	1	376.5	375.2
1228	11	361.55	360.5
1231	38	381.68	377.98
1231	7	375.68	365.98
1231	6	377.98	375.68
1229	38	376	374.6
1226	7	364.35	362.35
1226	4	375.6	372.6
1227	2	376	374.55
1228	4	375.25	371.8
1226	1	376.35	375.6
14681	2	373.6	371
1225	4	375.2	371.9
2253	18	487.26	481.91
1228	6	371.8	363.5
1229	7	374.6	359.7
1227	4	374.55	372.65
2253	2	495.41	490.11
1226	6	372.6	364.35
1233	1	387.4	387.05
1232	7	382.4	369.45
1236	38	386.2	383.1
13566	39	455.8	446.7
22856	7	440	431
1236	7	383.1	381.15
13566	1	456.2	455.8
1233	6	387.05	382
1232	6	384.85	382.4
1232	1	385.45	384.85
1233	7	382	372.5
22856	18	431	185
1235	2	388.1	385.3
1234	7	381.1	379.25
1234	2	385.1	384.3
1234	6	384.3	381.1
1235	6	385.3	383.35
1251	6	371.09	364.71
1240	7	381.62	378.77
1245	2	374.5	370.3
1253	1	403.69	403.19
1248	1	408.31	407.91
1240	4	382.47	381.62
1246	7	404.09	397.74
1250	2	376.27	371.17
1239	7	383.3	381.8
1248	6	407.91	405.96
1249	1	410.46	409.76
1252	1	403.28	402.98
1253	7	403.19	401.89
1249	7	406.91	400.46
1252	7	402.98	401.78
1241	7	378.35	370.9
1239	6	384	383.3
1245	6	370.3	358.1
1239	1	384.4	384
1245	7	358.1	352.5
1247	38	407.91	407.56
1251	4	372.19	371.09
1240	1	383.57	382.47
1241	4	381.9	378.35
1242	1	385	384.5
1237	6	385.15	382.4
1238	6	384.8	381.8
1247	7	405.31	397.91
1244	6	368	358.3
1238	1	385.3	384.8
1244	2	373.3	372.1
1244	4	372.1	368
1251	2	375.49	372.19
1254	1	407.82	407.52
1249	6	409.76	406.91
1243	4	372.2	370.3
1248	7	405.96	398.31
1243	6	370.3	359
1250	6	371.17	355.27
1243	2	374.5	372.2
1242	39	384.5	372.9
1246	38	407.74	407.59
1246	6	407.59	404.09
1241	38	385.4	381.9
1244	1	373.5	373.3
1247	6	407.56	405.31
1241	9	370.9	364
1237	1	386.1	385.15
24596	7	427.8	423.2
24592	18	385	384.8
24587	7	431	401
24585	7	467	464
24588	2	469	467
24588	7	467	449
14194	7	384.59	382.64
24595	3	428.2	427.8
24595	1	428.8	428.2
24592	7	389.5	385
24593	2	388.53	387.08
1256	1	399.87	398.67
24592	2	391.65	391
24589	12	357	319
24590	7	391.6	389.1
1256	6	398.67	384.57
24596	3	428.2	427.8
24589	18	319	204
24591	7	390.4	388.3
1255	6	402.79	389.29
24591	6	391	390.4
24595	7	427.8	424.8
24594	18	380.62	378.22
24587	18	371	171
24588	18	449	244
1257	7	388.16	385.56
24593	1	388.68	388.53
24592	1	391.8	391.65
1256	7	384.57	384.27
24593	7	386.08	383.28
1255	7	389.29	387.29
24594	2	384.22	381.62
24589	7	419	357
24596	1	428.8	428.2
14194	3	385.49	384.59
24591	2	392.1	391
1257	6	398.06	388.16
24592	3	391	389.5
1257	1	401.16	400.71
24593	3	387.08	386.08
24594	7	381.62	380.62
1255	1	403.29	402.79
14194	2	387.49	385.49
1257	2	400.71	398.06
24585	18	464	182
24590	6	392.6	391.6
24586	7	376	324
24593	18	383.28	381.68
24587	9	401	380
24587	12	380	371
24590	2	393.1	392.6
24586	18	324	196
24599	2	420.8	420.2
24606	2	421.48	420.68
24625	7	379.17	378.97
24614	9	394.01	391.51
24605	7	420.87	413.17
24625	8	378.97	376.97
24614	2	406.31	404.61
24625	7	376.97	368.97
24612	1	422.55	422.45
24609	6	421.49	420.29
24607	2	422.54	421.04
24627	1	382.21	381.61
24628	2	381.72	381.12
24622	2	414.24	413.19
24620	7	411.92	408.12
24618	6	413.47	412.47
24623	2	414.15	413.6
24597	9	411	402.2
24621	6	413.5	411.25
24623	7	409.45	402.25
24602	1	421.2	421
24599	6	420.2	419.1
24621	2	414.15	413.5
24598	6	421.75	420.45
24610	2	422.53	421.43
24606	1	422.88	421.48
24604	6	421.4	419.9
24623	1	414.25	414.15
24623	6	413.6	409.45
24601	3	423	422.2
24625	2	382.47	381.47
24602	2	421	420
24605	2	422.97	421.77
24615	9	425.6	422.65
24600	6	421.2	418.9
24603	7	421.77	414.47
24616	1	427.4	426.8
24600	3	421.9	421.2
24611	7	421.79	421.09
24606	7	420.68	412.88
24624	6	383.5	380.45
24624	7	375	370
24597	7	419.2	411
24600	2	422.2	421.9
24618	7	412.47	402.07
24619	2	414.06	412.46
24619	7	412.06	402.06
24620	6	413.42	411.92
24626	7	372.21	371.41
24628	7	378.22	375.72
24613	1	422.4	422.2
24627	6	381.61	381.21
24619	6	412.46	412.06
24624	8	378.7	375
24622	6	413.19	410.44
24614	1	406.51	406.31
24598	3	422.55	421.75
24617	9	425.78	423.48
24604	2	422.4	421.4
24615	1	426.25	425.6
24613	2	422.2	420.78
24626	7	380.41	379.61
24626	8	379.61	372.21
24611	1	423.29	423.19
24603	1	424.47	424.27
24614	6	404.61	396.01
24621	7	411.25	408.15
24622	7	410.44	408.24
24610	1	422.83	422.53
24616	9	425.15	423.9
24603	2	424.27	422.27
24601	2	423.7	423
24599	1	421	420.8
24608	2	423.44	420.34
24627	7	381.21	380.61
24626	2	381.41	380.41
24612	2	422.45	421.25
24617	3	426.28	425.78
24601	1	423.9	423.7
24597	2	422	421.4
24624	1	384	383.5
24614	7	396.01	394.01
24628	6	381.12	378.22
24625	6	381.47	379.17
24627	8	377.91	377.66
24608	1	423.74	423.44
24617	1	426.88	426.28
24620	2	414.12	413.42
24611	2	423.19	421.79
24627	8	380.61	378.41
24605	6	421.77	420.87
24627	7	378.41	377.91
24602	3	420	418.9
24597	1	422.2	422
24604	1	422.7	422.4
24597	6	421.4	419.2
24609	1	423.29	423.09
24599	7	419.1	417.6
24616	7	426.8	425.15
24602	6	418.9	417.2
24598	7	420.45	419.25
24609	2	423.09	421.49
24598	2	423.05	422.55
24625	1	382.97	382.47
24609	7	420.29	419.79
24607	7	421.04	414.14
24601	7	422.2	420.4
24600	1	422.4	422.2
24604	7	419.9	412.2
24598	1	423.25	423.05
24618	2	414.07	413.47
24624	7	380.45	378.7
24627	7	377.66	372.21
24605	1	423.17	422.97
24603	6	422.27	421.77
24610	7	421.43	421.03
24637	6	406.6	404.05
24637	4	408.05	406.6
24632	1	421.33	420.43
24635	6	406.23	403.43
24634	12	391.64	381.84
24638	4	408.04	406.14
24644	2	411.1	410.4
24646	7	396	382
24646	18	348	143
24636	6	406.09	403.64
1403	6	395.99	389.64
24637	2	409.5	408.05
24641	4	409.85	406.3
24643	38	410.52	409.87
24639	6	405.87	403.67
24633	6	418.63	417.78
24646	9	382	348
24638	6	406.14	403.54
24633	7	417.78	416.43
24634	7	401.04	391.64
24634	2	406.84	406.34
24644	4	410.4	408.9
24635	2	409.43	408.93
24636	4	408.14	406.09
24636	1	409.64	408.99
24639	4	408.27	405.87
24646	38	398	396
24640	2	410.07	408.07
24633	2	419.63	418.63
24632	7	417.23	417.13
24632	6	420.43	417.23
24645	9	452	442
24642	6	406.24	404.24
24642	2	409.99	409.54
24644	6	408.9	405.1
24643	6	408.22	404.52
24645	18	442	316
24637	1	410.05	409.5
24634	6	406.34	401.04
24642	4	409.54	406.24
24641	2	410.35	409.85
24642	1	410.24	409.99
24638	2	409.54	408.04
24640	4	408.07	406.17
24640	6	406.17	404.07
24636	2	408.99	408.14
24641	6	406.3	402.35
24643	4	409.87	408.22
24639	2	409.67	408.27
24635	4	408.93	406.23
24633	1	420.43	419.63
24645	7	456	452
1403	1	396.69	395.99
24669	2	349.79	348.79
24673	7	436.24	435.44
24672	2	350.1	348.8
24672	4	348.8	346.8
24657	9	375.4	375.3
24657	4	377.7	375.4
24661	9	376.5	376.3
24662	7	434.2	419.6
24668	18	348.26	344.76
24458	4	377	376
24658	4	379.5	378.3
24458	1	380	379.9
24666	18	347.52	345.62
24657	1	380.3	380
24663	3	431.75	431.25
24669	18	346.89	343.74
24670	2	350.35	348.85
24663	1	432.85	431.75
1259	2	376.51	375.51
24660	4	379.6	378.3
24670	4	348.85	347.25
24667	18	347.51	344.06
24663	7	431.25	419.85
24671	18	347.04	344.24
1258	4	375.51	374.71
24669	4	348.79	346.89
24658	2	381.3	379.5
24666	2	351.62	350.92
24671	4	349.44	347.04
24659	4	379.3	378.3
24661	4	379.45	376.5
24670	18	347.25	344.35
24671	2	350.24	349.44
24661	2	381.3	379.45
24668	4	349.01	348.26
24667	4	348.46	347.51
1258	6	374.71	361.81
24674	7	435.57	434.67
1259	6	374.51	366.51
24458	2	379.9	377
1260	14	365.6	365.05
24660	2	381.3	379.6
24657	2	380	377.7
24659	2	381.3	379.3
24667	2	350.06	348.46
1259	4	375.51	374.51
24673	2	437.14	436.24
24662	1	434.6	434.2
24672	18	346.8	344.1
24674	1	437.57	436.87
1258	1	377.01	375.51
24668	2	350.76	349.01
1260	4	368.05	365.6
24673	1	437.84	437.14
24666	4	350.92	347.52
24674	3	436.87	435.57
1265	4	370.11	364.21
1266	2	372.7	366.9
1263	7	449.7	441.15
1294	6	395.85	391.8
1278	7	405.74	392.69
1290	7	407.76	395.76
1264	1	440	439.5
1296	1	416.1	415.5
1276	7	404.38	390.58
1277	7	404.96	391.76
1285	7	453.53	448.58
1273	7	390.5	388.62
1294	7	391.8	381.05
1296	7	415.5	408.35
1300	1	412.49	411.09
1275	7	407.77	400.27
1264	4	439.5	437.15
1276	2	405.38	404.38
1285	1	454.58	453.53
1300	6	411.09	403.49
1294	1	397.85	395.85
1284	9	449.79	437.04
1299	9	397.95	390.65
1300	12	369.49	366.99
1288	7	453.65	443.65
1274	7	406.61	397.51
1279	1	407.94	406.74
1279	7	406.74	384.94
1263	10	450	449.7
1278	38	407.49	405.74
1293	7	398.82	383.82
1264	7	437.15	430
1265	38	370.91	370.11
1291	7	402.26	392.71
1297	9	389.46	375.96
1266	4	366.9	366.3
1300	9	389.79	369.49
1302	2	408.84	408.04
1287	7	446.59	443.79
1290	38	409.26	407.76
1284	7	455.79	449.79
1277	2	407.16	404.96
1297	7	410.46	389.46
1299	6	428.05	426.05
1299	7	426.05	397.95
1292	7	398.82	385.92
1287	1	447.79	446.59
1297	6	418.46	410.46
1291	2	403.76	402.26
1302	7	408.04	374.84
1321	2	380.22	377.62
1330	7	412.06	397.26
1325	4	376.99	374.09
1305	7	422	362
1306	4	415.5	400.5
1316	6	370.51	362.91
1316	5	371.11	370.51
1327	6	416.2	415.7
1325	3	379.44	376.99
1309	6	411.85	405.45
1316	2	372.91	371.11
1328	7	415.21	393.71
1326	3	379.75	377.25
1308	6	418.66	413.16
1329	7	414.45	406.45
1328	6	417.01	415.21
1328	1	417.51	417.01
1308	1	419.16	418.66
1306	9	366.5	363.5
1326	1	382.75	382.25
1308	7	413.16	403.36
1314	2	419.84	418.84
1312	6	407.13	402.23
1327	7	415.7	406.7
1315	6	370.4	355.4
1329	6	415.95	414.45
1330	1	417.26	416.76
1323	1	413.99	413.34
1309	38	412.75	411.85
1326	6	375.75	371.75
1321	7	374.92	365.22
1307	1	420.24	419.44
1321	5	377.62	374.92
1325	2	380.99	379.44
1315	5	371.4	370.4
1324	7	410.9	406.9
1326	2	382.25	379.75
1314	1	420.24	419.84
1324	6	416.6	410.9
1327	1	416.7	416.2
1307	6	419.44	412.14
1312	7	402.23	391.73
1306	1	417.5	415.5
1314	6	418.84	410.24
1306	7	400.5	366.5
1307	7	412.14	399.54
1323	7	410.39	403.99
1315	2	375.4	371.4
1309	7	405.45	402.3
1312	2	408.73	407.13
1325	6	374.09	365.74
1326	4	377.25	375.75
1330	6	416.76	412.06
1323	2	413.34	410.39
1324	38	416.9	416.6
1329	1	416.45	415.95
1305	6	430	422
1342	6	369.14	334.64
1342	2	374.64	369.64
1337	7	378.49	371.59
1341	1	403.07	402.47
1341	6	402.47	391.57
1342	5	369.64	369.14
1341	7	391.57	383.37
1337	4	379.69	378.49
1343	6	370	354.3
1343	2	374.5	371.5
1337	2	383.89	379.69
1343	1	375	374.5
1343	5	371.5	370
24711	1	353.74	353.61
24711	2	353.61	353.54
24707	6	421.55	414.6
24713	9	327.07	325.07
24718	18	376	24
24713	6	379.07	375.07
24703	9	381.7	357.7
24716	6	408.6	402.9
24706	6	421.1	419.3
24710	1	408.3	407.2
24707	1	422.6	421.55
24716	7	402.9	401.1
24703	4	385.7	381.7
24709	6	406.5	402.8
24718	7	416	376
24708	6	406.4	403.1
24716	2	409.4	409
24713	7	375.07	327.07
24705	6	421.3	419.6
24713	18	311.07	201.07
24718	6	424	416
24706	3	421.8	421.1
24713	1	381.07	379.07
24705	38	422.7	421.3
24712	2	353.61	353.54
24703	2	387.7	385.7
24709	1	407	406.5
24713	12	325.07	311.07
24716	3	409	408.6
24715	7	404.1	401.7
24710	6	407.2	404.1
24704	38	423	422.3
24708	2	406.9	406.4
24715	2	410	409.5
24715	6	409.5	404.1
24704	6	421.3	419
24712	1	353.74	353.61
24706	1	422.3	421.8
24704	3	422.3	421.3
1344	2	375.02	369.32
24747	1	422.9	422.5
24745	2	432.35	430.75
24744	5	430.8	430.4
1346	2	374.44	369.44
24747	6	421.9	414.9
24750	6	372	371.95
24743	2	432.35	430.3
24750	2	376.2	375.6
24748	3	422.65	421.55
1344	5	369.32	368.52
24748	6	421.55	415.05
24744	2	432.25	430.8
1345	5	371.94	370.44
24744	7	430.4	429.85
1346	5	369.44	368.94
24742	1	432.85	431.95
24750	5	375.6	372
24745	5	430.75	430.45
24743	7	430.3	429.75
24749	2	376.1	374.5
1345	2	374.44	371.94
24742	3	431.95	430.95
24742	7	430.95	430.6
24747	3	422.5	421.9
24748	2	423.05	422.65
24746	7	431.85	431.55
1344	6	368.52	349.02
1345	6	370.44	353.44
24746	1	432.85	431.85
24749	6	373	372.95
24749	5	374.5	373
1346	6	368.94	343.44
1371	6	403.96	395.96
1388	6	418.48	411.38
1360	4	379.13	372.73
1372	1	402.65	401.95
1349	4	363.9	363.8
1371	7	395.96	388.06
1378	1	409.35	408.85
1368	6	375.11	371.86
1369	3	385.58	378.98
1383	2	411.21	408.21
1347	5	371.42	369.42
1358	3	382.89	379.64
1385	1	432.25	431.95
1369	4	378.98	374.13
1354	6	378.44	375.14
1357	2	389	381
1385	7	431.1	420.95
1359	3	382.68	381.58
1368	4	377.96	375.11
1387	3	426.52	425.22
1358	4	377.79	376.19
1388	1	418.88	418.48
1356	2	375.68	374.18
1382	1	414.58	412.28
1383	7	408.21	391.21
1347	7	325.72	322.42
1358	1	386.99	386.59
1353	7	373.2	367.7
1359	5	381.58	377.78
1372	7	393.65	387.65
1347	2	374.42	371.42
1354	2	380.04	378.44
1357	6	381	377
1372	6	401.95	393.65
1358	5	379.64	377.79
1347	6	369.42	325.72
1385	2	431.95	431.1
1368	2	385.86	385.16
1356	4	374.18	371.48
1350	4	359.8	359.6
1368	1	386.46	385.86
1370	6	404.63	397.43
1384	8	403.88	401.88
1380	1	407.79	407.19
1378	7	401.45	389.35
1359	4	377.78	374.08
1348	4	378.25	373.15
1380	7	407.19	406.29
1387	7	425.22	414.32
1353	6	377.2	373.2
1388	7	411.38	407.98
1379	7	400.67	391.77
1386	1	428	427
1370	1	405.43	404.63
1356	6	371.48	363.68
1371	1	404.46	403.96
1348	2	388.45	380.15
1353	2	379.2	377.2
1384	1	421.88	421.48
1382	7	412.28	400.88
1370	7	397.43	384.23
1379	1	407.77	407.27
1354	7	375.14	368.54
1384	7	421.48	410.08
1386	8	411.6	409.5
1379	6	407.27	400.67
1378	6	408.85	401.45
1384	7	406.38	403.88
1369	2	386.18	385.58
1369	1	386.88	386.18
1360	3	379.63	379.13
1369	6	374.13	373.38
1348	5	380.15	378.25
1359	2	384.08	382.68
1358	2	386.59	382.89
1360	2	382.73	379.63
1348	6	373.15	371.85
1368	3	385.16	377.96
1387	1	426.92	426.52
1386	7	427	411.6
1401	2	374.68	373.68
24752	1	455.1	454.6
612	38	373.9	370.75
24753	2	454.9	454.7
24768	2	423.2	422.25
1389	1	436.84	436.34
24756	7	449.6	446.2
24752	7	454.6	454
24766	7	424.71	418.31
24769	7	423.25	422.4
24768	6	422.25	421.6
24757	1	453.7	453
612	7	370.75	363.8
24761	2	376	375
24759	2	376	375
1396	6	367.34	363
24754	7	454.2	452.6
1396	4	369.94	367.34
24763	7	416.7	409.4
24767	2	424.13	422.13
24770	2	423.7	422.1
24766	2	425.31	424.71
24763	1	419.8	419.5
24767	7	422.13	417.13
24755	1	454.5	454
24756	1	450.2	449.6
24758	2	376.2	372.7
24765	7	420.95	416.15
1395	7	358.81	353.81
24765	2	423.15	422.25
24754	1	454.9	454.2
1396	2	371.84	369.94
24757	7	453	449.4
24765	6	422.25	420.95
24763	6	419.5	416.7
24753	7	454.7	454.2
24764	6	421.15	419.3
1395	6	375.76	358.81
24755	7	454	452.8
24760	2	376	375
1401	4	373.18	367.68
24764	2	423	421.15
1389	7	436.34	427.14
24762	2	376	375
24758	6	372.2	366.2
1390	38	432.69	432.29
24764	7	419.3	415.9
24758	4	372.7	372.2
1395	2	376.31	375.76
24751	7	455.2	454.1
1390	7	432.29	420.69
24769	2	424	423.25
1401	3	373.68	373.18
24751	1	455.9	455.2
1435	39	335.44	333.85
1416	2	385.52	381.72
1432	38	341.72	340.3
1410	6	370.5	345
1445	7	495.79	494.29
1429	4	341.34	339.23
1408	6	392.85	382.45
1425	7	373.1	370
1419	7	394.28	379.58
1407	2	379.66	379.16
1428	1	341.09	340.94
1415	6	381.93	370.73
1404	2	385.8	384.2
1443	7	480.24	478.24
1444	7	477.53	475.33
1411	6	371.07	351.27
1422	7	430.46	420.06
1433	38	345.81	343.41
1434	39	336.19	334.11
1411	38	371.27	371.07
1415	2	383.73	381.93
1409	2	371.83	371.33
1433	4	343.41	339.63
1410	2	371.4	370.5
1404	1	386.6	385.8
1428	4	340.94	337.5
1437	38	341.64	339.44
1447	7	485.19	478.69
1408	2	398.65	392.85
1416	6	381.72	370.52
1446	7	491.55	488.55
1407	3	379.16	377.46
1404	7	383.5	376.6
1442	7	483.83	481.83
1429	1	341.84	341.34
1422	1	431.06	430.46
1427	7	377.5	372.1
1419	38	394.58	394.28
1404	6	384.2	383.5
1407	4	377.46	373.36
1407	6	373.36	369.16
1448	7	485.16	482.66
1409	6	371.33	356.13
1402	1	396.48	395.78
1402	6	395.78	381.18
1451	39	370.15	361.45
1465	7	413.14	407.79
1459	6	425.45	418.55
1073	38	372.7	368.82
1456	1	425.06	424.26
1465	7	421.39	413.14
1459	1	428.65	428.2
1456	6	424.26	410.01
1074	1	372.7	368.4
2482	1	396.45	396.25
1082	1	372	369.05
1466	2	395.25	393.75
1451	2	373.85	370.15
1451	1	374.05	373.85
1462	1	424.55	424.05
1455	1	400.4	398.4
1464	1	423.89	423.39
2482	7	396.25	392.25
1073	5	368.82	359
1459	38	428.2	425.45
1464	6	423.39	411.24
1462	6	424.05	414.5
24773	7	402	400
24773	9	376	350
24773	7	390	376
24773	6	400	390
24773	18	350	202
1469	9	365.3	361.5
1477	6	384.83	373.53
1470	2	373.9	367.7
1482	4	370.33	368.73
1476	6	385.38	376.08
1480	6	371.05	364.85
1468	9	369.15	360.5
1468	2	370.6	369.15
1474	6	387.63	372.93
1481	7	358.61	350.21
1478	6	371.23	349.23
1482	7	363.93	353.13
1481	2	374.21	371.91
1458	6	426.05	418.6
1481	6	369.61	358.61
1472	2	369.75	368
1458	2	428.5	426.05
1481	4	371.91	369.61
1472	39	368	359.75
1477	7	373.53	366.13
1478	2	375.53	371.23
1480	5	371.85	371.05
1458	1	429	428.5
1475	2	385.97	381.97
1475	6	381.97	370.97
1470	6	367.7	366.9
1477	2	385.33	384.83
1483	5	371.77	370.37
1483	6	370.37	364.62
1484	7	377.2	374.3
1474	2	387.93	387.63
1469	2	372.5	367.95
1478	7	349.23	345.53
1470	9	366.9	363.9
1482	6	368.73	363.93
1480	2	374.85	371.85
1476	2	388.38	385.38
1469	6	367.95	365.3
1482	2	370.73	370.33
1484	2	379	377.2
1476	7	376.08	372.38
1483	2	374.77	371.77
2886	9	427.84	419.89
2483	1	392.5	392
24775	7	466	454
1492	38	429.3	427.3
1499	3	395.79	395.29
1500	1	402.24	401.74
1502	2	395	393
1505	2	398.91	397.61
1506	6	396.87	374.07
2886	1	427.99	427.84
1489	7	459.48	450.08
1485	6	373.89	368.49
1495	6	414.71	409.71
1515	2	414.34	398.84
2484	7	393.17	389.87
24775	18	454	296
1515	9	398.84	397.34
1487	1	420.61	420.11
1486	6	420.31	409.41
2484	1	393.47	393.17
1501	6	405.87	400.07
1515	1	415.34	414.34
1487	9	408.31	407.61
2745	1	393.15	392.75
1502	6	393	383
1514	1	415.51	414.91
1501	1	406.37	405.87
1501	7	400.07	398.77
1485	2	375.89	373.89
1487	6	420.11	408.31
1505	6	397.61	379.41
1505	1	399.41	398.91
1500	6	401.74	397.24
1486	7	409.41	405.81
2485	2	391.13	390.28
1514	9	399.51	397.51
1489	38	460.58	459.48
1504	6	397.89	384.39
1514	2	414.91	399.51
1506	2	399.07	396.87
2746	2	391.78	390.63
2735	6	397.43	393.88
2734	38	404.16	403.26
1503	2	394.8	393.7
1500	7	397.24	396.24
1490	7	456.93	448.43
1503	6	393.7	382.8
1485	7	368.49	365.89
2734	6	403.26	399.26
1486	1	420.81	420.31
1495	7	409.71	406.31
2734	7	399.26	398.16
2485	1	391.48	391.13
2746	1	392.23	391.78
1490	38	458.73	456.93
1493	1	391.4	390.7
2735	38	398.53	397.43
2886	11	419.89	414.99
1492	7	427.3	426.6
2745	2	392.75	390.15
1493	7	390.7	380.8
1495	2	418.71	414.71
1504	38	399.39	397.89
24778	6	416.44	414.04
1535	1	378.36	377.86
24781	6	399.3	374.7
1516	6	402.99	402.39
1524	7	422.88	413.73
24779	7	413.14	411.44
1535	4	377.86	372.66
1516	7	402.39	399.44
24782	6	374.8	370.4
24778	1	418.04	416.44
24783	4	377.9	374.9
1516	2	414.49	402.99
24777	1	418.71	417.51
1528	6	367.85	358.85
1526	7	357	342.9
1529	6	370.78	364.78
1534	3	392.9	392.6
1519	1	423.02	422.12
1523	7	422.9	410.3
1523	6	424.1	422.9
1527	6	365.8	355.1
1526	6	366.45	357
1528	2	368.45	367.85
1535	7	349.36	329.36
24779	3	413.44	413.34
1518	7	417.24	406.79
24780	2	399.65	397.3
24779	1	415.44	413.44
1520	7	420.85	408.2
1535	6	372.66	349.36
1517	1	414.36	413.56
24776	1	417.62	416.92
24779	6	413.34	413.14
1517	7	406.36	404.36
24782	4	376.3	374.8
24780	9	357.6	353
24780	1	400	399.65
24781	7	374.7	367.7
24776	6	416.92	413.62
24781	2	400.7	399.3
1531	2	389.9	388.95
1518	6	420.94	417.24
1516	1	414.99	414.49
1517	2	413.56	406.36
24783	6	374.9	370.7
1518	2	421.99	420.94
24782	2	378.4	376.3
24781	9	367.7	360.7
1520	6	422.75	420.85
1528	7	358.85	343.45
1520	1	423.25	422.75
1527	7	355.1	335.8
1518	1	422.14	421.99
1519	7	422.12	407.77
1524	2	423.73	422.88
1526	5	367.9	366.45
24780	6	397.3	367.4
1529	4	374.78	370.78
1531	7	388.95	388.25
24783	1	378.7	377.9
1531	1	391.45	389.9
1534	1	393.6	392.9
24780	7	367.4	357.6
24777	6	417.51	414.51
1534	7	392.6	388.6
1523	38	425.3	424.1
24789	9	415.7	408.6
1536	4	374.87	372.84
24791	6	377.4	312.8
24790	6	416.6	410
24794	7	424.59	422.59
24785	6	387.7	387.1
24789	7	417.2	415.7
24794	2	426.69	424.59
24792	2	383	380.4
24793	2	423.98	423.88
1562	3	379.03	377.43
1538	2	375.99	374.49
1562	38	383.03	379.03
24793	7	423.88	415.98
1565	4	386.4	385.2
1536	1	375.47	374.87
1565	7	379.3	378.75
24785	1	388.8	387.7
1537	4	373.79	367.77
24791	4	381.3	377.4
24790	2	418.6	417.8
1539	7	372.47	353.97
1540	4	374.54	371.54
24787	6	404.72	400.02
1540	1	375.04	374.54
1562	4	377.43	374.23
1539	2	375.15	372.62
24787	1	404.92	404.72
1537	2	374.5	373.79
24786	1	388.3	387.4
24786	6	387.4	386.6
1541	6	370.06	362.51
1538	7	341.14	320
1538	6	370.79	341.14
1565	3	387.5	386.4
1565	6	385.2	379.3
24791	2	382.8	381.3
1562	6	374.23	366.28
24788	38	404.8	404.6
24789	2	418.6	417.2
24790	3	417.8	416.6
1538	4	374.49	370.79
1536	7	333.47	313.27
1541	7	362.51	345.31
1548	2	385.35	384.65
24790	7	410	408.3
24796	18	471.3	215.3
1541	4	373.57	370.06
1565	1	389.4	387.5
1536	6	372.84	333.47
1548	4	382.45	380.45
24796	7	477.3	471.3
1539	4	372.62	372.47
1541	38	374.97	373.57
24791	7	312.8	302.8
24792	4	380.4	378.9
24792	6	378.9	358
1548	6	380.45	367.9
24788	38	404.6	404.1
1548	3	384.65	382.45
24788	6	404.1	399.6
1548	1	386.45	385.35
1556	6	380.78	378.48
1551	6	379.85	379.05
1556	4	381.58	380.78
1557	3	383.17	382.07
1550	4	382.13	380.73
1569	1	379.97	379.37
1585	2	373.59	371.59
1597	7	396.95	394.95
1563	1	380.65	380.25
1554	2	386.01	384.81
1557	6	380.17	377.57
1556	3	383.18	381.58
1595	2	415.54	413.54
1556	1	387.78	384.48
1550	1	387.33	386.83
1563	6	373.85	373.4
1560	1	383.4	383
1582	6	419.87	416.97
1596	7	400.25	395.95
1597	6	405.85	396.95
1557	4	382.07	380.17
1596	8	395.95	391.95
1598	2	376	370.6
1597	1	408.95	408.65
1594	4	374.4	359.4
1558	4	381.21	380.76
1558	6	380.76	376.85
1560	4	382.3	378.8
1564	38	378.08	376.78
1563	2	380.25	376.85
1579	7	397.92	395.22
1549	4	382.42	380.77
1580	6	403.21	396.11
1582	7	416.97	410.87
1595	6	413.54	412.04
1561	1	383.42	382.92
1560	3	383	382.3
1580	1	404.11	403.21
1561	2	382.92	381.92
1555	1	386.19	384.89
1561	6	379.42	377.42
1585	3	371.59	370.59
1550	6	380.73	380.43
1557	1	383.57	383.17
1585	4	370.59	369.19
1596	3	401.45	400.25
1560	6	378.8	376.9
1552	4	382.04	380.44
1551	4	382.15	379.85
1599	6	373.6	360.2
1553	3	384.43	383.83
1559	3	382.97	382.17
1551	3	383.35	382.15
1559	4	382.17	380.42
1549	6	380.77	380.62
1564	4	376.78	374.38
1597	2	408.65	405.85
1596	7	391.95	390.95
1550	3	383.33	382.13
1566	3	394.18	392.38
1554	6	379.41	376.46
1558	3	382.21	381.21
1550	2	386.83	383.33
1556	2	384.48	383.18
1563	4	376.55	373.85
1564	6	374.38	373.58
1569	4	376.12	370.47
1552	6	380.44	378.64
1552	3	383.04	382.04
1555	4	382.19	380.49
1563	3	376.85	376.55
1552	1	385.64	384.74
1549	1	385.92	384.47
1555	3	383.59	382.19
1554	3	384.81	383.71
1551	1	385.65	384.55
1555	6	380.49	376.79
1582	38	421.57	419.87
1592	7	378.2	377.1
1561	4	381.92	379.42
1552	2	384.74	383.04
1553	1	385.63	384.88
1596	1	401.95	401.45
1553	6	380.23	375.98
1553	2	384.88	384.43
1554	4	383.71	379.41
1592	1	378.9	378.2
1579	1	407.72	407.22
1559	6	380.42	378.7
1598	6	370.6	360.4
1599	2	376	373.6
1558	1	384.31	382.21
1595	7	412.04	401.54
1559	1	383.37	382.97
1555	2	384.89	383.59
1579	6	407.22	397.92
1553	4	383.83	380.23
1569	2	379.37	376.12
1580	7	396.11	391.61
1566	38	397.38	394.13
1549	3	384.47	382.42
1551	2	384.55	383.35
1610	2	386.8	384.5
1607	5	374.45	373.1
24814	1	436.17	435.62
1616	7	400.06	394.86
1618	6	418.79	418.54
1605	4	374.24	370.24
1634	7	409.83	390.83
1607	6	373.1	365.35
1604	7	411.67	405.17
1634	8	390.83	390.53
1610	6	384.5	382.65
1603	2	379.57	376.37
1603	4	376.37	373.82
24815	7	435.73	434.73
24815	1	436.1	435.73
1612	7	416.05	411.05
1633	7	411.06	401.91
1606	2	377.02	376.12
1604	1	415.97	415.57
24816	1	435.83	435.6
1607	3	374.8	374.45
1625	1	449.22	448.72
1602	2	398.81	398.01
1610	7	382.65	380.8
1631	1	413.27	412.37
1615	1	408.42	407.92
1609	3	385.49	384.64
1608	2	375.62	374.77
1616	8	394.86	391.86
1609	2	386.64	385.49
1606	6	370.12	366.22
1632	2	413.27	411.77
1609	7	381.59	379.39
1633	1	411.91	411.06
1619	2	422.1	418.65
1619	7	418.65	412.1
1612	8	411.05	408.35
1615	7	406.82	398.42
24816	7	435.31	434.63
1624	7	448.72	439.12
1605	6	370.24	365.94
1607	2	375.85	374.8
1606	3	376.12	374.32
1625	7	448.72	439.22
1602	6	398.01	358.81
1605	3	375.34	374.24
1616	3	401.26	400.06
1616	1	402.36	401.26
1612	1	419.05	418.55
1609	6	384.64	381.59
1620	7	307.23	301.68
1615	6	407.92	406.82
1620	2	374.53	369.73
24815	1	436.33	436.1
1604	6	415.57	411.67
1605	2	376.24	375.34
24816	1	435.6	435.31
1618	7	418.54	411.89
1632	7	411.77	393.77
1620	6	369.73	307.23
1608	6	371.77	365.62
1621	4	373.82	371.57
24816	7	434.63	433.83
1608	4	374.77	371.77
1621	2	374.57	373.82
1612	6	418.55	416.05
1632	1	413.77	413.27
1618	2	421.89	418.79
1624	1	449.12	448.72
1603	1	379.92	379.57
1621	6	371.57	344.57
24814	1	436.34	436.17
24814	7	435.62	433.34
1606	4	374.32	370.12
1603	6	373.82	369.92
1631	7	412.37	403.27
1634	1	410.53	409.83
1649	7	420.02	411.52
1652	6	378.5	373
1652	2	383	382.1
1641	5	370.08	368.98
1647	1	432.93	432.18
1647	7	432.18	420.93
1648	7	429.5	420
1655	6	373.79	366.84
1656	6	374.23	367.08
1653	4	371.63	368.88
24850	2	377	376.2
1648	1	430	429.5
1646	1	433.82	432.72
1638	1	420.46	419.86
1643	2	378.69	369.49
1639	6	367.25	336.25
1651	2	382.04	381.84
1640	6	368.3	338.3
1639	35	372.25	367.25
24851	1	376.5	376.35
1641	2	376.48	370.08
1643	6	369.49	363.59
24850	1	377.3	377
24855	6	425.6	422.6
1642	6	370.72	352.62
1651	6	377.84	372.04
1651	3	381.84	380.44
1653	2	373.23	371.63
1654	2	373.7	370.3
1655	4	374.84	373.79
1655	2	376.84	374.84
1656	4	375.08	374.23
1641	6	368.98	356.48
1651	4	380.44	377.84
1654	4	370.3	369.45
1646	7	432.72	418.82
24856	6	425.4	422.8
1638	6	419.86	412.96
1652	4	379.7	378.5
1656	2	377.08	375.88
24856	1	426.8	425.4
1656	3	375.88	375.08
24854	7	405.9	405.05
24851	2	376.35	375.4
1652	3	382.1	379.7
1649	1	422.02	421.12
24853	1	377.1	377
24849	1	376.9	376.7
1642	2	377.52	373.87
1642	4	373.87	370.72
24853	2	377	376.2
24854	2	407.35	405.9
24854	9	405.05	387.35
24855	1	426.6	425.6
24853	4	376.2	374.1
1638	7	412.96	410.46
1640	35	372.3	368.3
24849	2	376.7	375.8
24852	2	376.8	375.9
1649	6	421.12	420.02
1696	6	372.85	365.65
1677	7	408.9	402.1
1699	7	437.93	432.83
1703	2	390.34	388.04
1705	2	389.63	388.48
1703	7	386.84	383.24
1676	2	415.85	414.3
1669	9	390.91	389.41
1675	7	432.75	423
1717	4	374.51	374.16
1715	7	416.79	411.39
1703	6	388.04	386.84
1693	2	376.26	374.51
1678	6	418.05	416.1
1713	6	418.7	414.5
1717	6	374.16	368.51
1694	6	372.38	358.58
1694	38	373.98	373.63
1707	2	434.44	433.64
1666	7	384.6	383.75
1715	6	420.89	416.79
1677	2	413.75	408.9
1707	6	433.64	432.14
1710	1	420.65	420.05
1708	2	373.98	371.23
1695	6	371.6	353.4
1709	38	371.22	370.92
1697	1	440.2	439.45
1717	2	378.51	374.51
1690	38	420.16	419.46
1695	5	373.2	371.6
1705	1	390.03	389.63
1704	7	389.79	382.59
1710	6	420.05	416.65
1710	7	416.65	407.65
1706	6	377.54	343.19
1693	5	374.26	373.06
1667	6	402.6	399.5
1701	7	386.79	374.89
1713	7	414.5	399.8
1696	5	373.65	372.85
1694	4	373.63	372.38
1692	6	371.85	366.45
1706	2	378.89	377.54
1699	38	438.73	437.93
1709	6	370.92	351.12
1704	2	390.09	389.79
1662	3	452.9	451.4
1675	1	433.4	432.75
1676	7	413.75	406.2
1667	7	399.5	398.4
1692	2	376.85	373.85
1708	6	371.23	353.98
1700	1	449.54	449.04
1691	38	420.71	419.81
1666	2	393.15	390.65
1706	1	379.19	378.89
1702	1	387.92	387.67
1666	6	390.65	384.6
1676	6	414.3	413.75
1678	2	420.2	418.05
1698	7	437.8	428.6
1662	9	451.4	424.8
1677	1	414.1	413.75
1714	4	373.24	363.79
1714	38	373.79	373.24
1707	1	434.74	434.44
1678	7	416.1	410.2
1667	2	403.1	402.6
1669	6	416.51	399.91
1701	6	388.29	386.79
1692	4	373.85	371.85
1696	2	375.65	373.65
1700	7	449.04	439.54
1669	2	417.41	416.51
1697	7	439.45	430.2
1676	1	416.2	415.85
1707	7	432.14	424.74
1715	1	421.39	420.89
1701	2	390.09	388.29
1693	6	373.06	365.96
1693	3	374.51	374.26
1669	7	399.91	390.91
1698	1	438.6	437.8
1702	2	387.67	383.12
1713	2	420.5	418.7
1695	2	374.55	373.2
24820	6	428.24	427.34
24820	1	429.84	429.49
24820	3	428.84	428.24
24820	2	429.49	428.84
3655	6	385.37	383.12
14365	2	385.69	384.09
14417	4	376.45	373.15
16810	7	405.5	402.5
10638	7	366.05	364.65
6078	11	370.23	369.18
14423	4	375.4	373
6078	1	401.18	400.68
6077	1	395.73	395.13
3655	1	385.62	385.37
10638	6	371.75	366.05
14158	6	389.65	388.05
6079	1	388.15	387.75
3835	39	406.16	396.16
8613	6	386.1	385.3
7314	2	375.51	374.81
7313	4	373.83	372.18
8833	11	368.39	367.24
4078	4	397	392.8
18708	2	384.8	381.8
10142	6	384.4	383.2
8614	6	386.6	384.5
14157	2	389.64	388.94
14423	7	373	371.1
6772	7	373.02	369.72
8614	7	384.5	383.5
10142	3	385.7	384.4
3835	2	409.16	406.16
14367	7	381.39	378.74
8613	1	387.7	386.1
7313	6	372.18	365.08
8822	2	394.13	390.53
10789	2	402.21	396.81
8615	1	387.2	385.6
6077	7	395.13	393.73
16810	3	406.3	405.5
14417	2	377.85	376.45
10141	6	384.98	383.88
10792	1	379.93	379.83
16230	7	387.29	385.99
8824	1	416.13	414.83
10793	2	378.83	372.93
2866	1	389.22	389.07
10177	2	389.9	388.2
14366	7	382.62	381.67
18708	11	368.8	366.8
10380	1	415.46	414.66
4078	2	400.4	397
10789	7	396.21	390.21
6079	7	387.55	386.55
14419	7	372.4	368.1
18707	9	391.69	342.19
8833	1	391.34	391.24
18032	11	394.3	393.9
8616	7	384	383
14365	7	381.89	381.59
3656	6	384.32	383.62
14417	7	373.15	370.45
9749	2	398.52	392.52
8824	7	412.83	400.78
3656	38	386.52	384.32
3232	4	404.5	403.2
7314	4	374.81	372.71
10792	2	379.83	376.13
8822	4	390.53	389.03
14419	2	377.5	374.3
6771	38	383.97	382.27
10789	3	396.81	396.21
18032	2	407.4	396.4
6770	7	377.23	375.48
10638	4	374.05	371.75
6773	7	362.95	354
3247	38	380.88	374.53
10638	1	374.35	374.05
6771	7	375.87	374.47
8616	6	386.3	384
10282	4	374.8	373.2
14369	1	379.59	379.39
10793	1	378.93	378.83
16810	10	400.3	399
10793	7	370.03	366.93
14158	38	389.85	389.65
10282	38	375.6	374.8
10282	6	373.2	366.8
3657	1	387.53	387.23
14417	6	370.45	362.85
8616	1	386.5	386.3
18708	9	376.8	368.8
14367	2	386.99	385.59
18707	2	395.69	394.19
10793	4	372.93	370.83
3249	38	384.52	382.82
14366	2	387.57	383.37
14419	4	374.3	372.4
10141	2	386.98	385.88
18707	14	342.19	339.69
18708	7	381.8	376.8
14368	2	381.65	380.95
14421	6	370.3	362.5
14423	6	371.1	362.1
6079	2	387.75	387.55
7314	6	372.71	360.51
10142	1	386.1	385.7
8612	6	386.6	377.4
8614	1	387	386.6
6772	6	383.42	373.02
3232	1	405.5	404.5
14423	2	377.5	375.4
8822	7	389.03	386.93
6772	38	384.72	383.42
10140	7	384.84	383.64
8833	7	389.54	388.99
4080	2	403.4	394.7
6707	38	390.9	388.6
14365	6	384.09	381.89
14419	6	368.1	362.5
14421	4	375.7	372.7
10443	7	403	399.5
14367	6	385.59	381.39
6770	38	384.98	383.18
10792	7	371.48	362.23
10380	7	414.66	402.86
8824	3	414.83	412.83
8612	1	386.8	386.6
18828	12	369.95	361.85
6770	6	383.18	377.23
10791	2	395.65	392.25
9325	2	374.3	372.15
6773	6	374.75	362.95
18707	7	394.19	391.69
10792	4	376.13	375.68
10140	2	386.74	385.74
14157	6	388.94	385.64
7313	2	375.48	373.83
10141	3	385.88	384.98
8833	3	391.24	389.54
6773	38	375.15	374.75
8999	38	389.84	388.34
14366	6	383.37	382.62
6707	7	388.6	387.75
10443	1	403.5	403
10282	11	366.8	364.8
10792	6	375.68	371.48
16230	15	385.99	385.19
10793	6	370.83	370.03
9325	5	372.15	371.4
16230	1	387.89	387.29
6078	7	400.68	395.18
14421	7	372.7	370.3
3657	3	387.23	386.53
10142	7	383.2	382
10177	6	388.2	373.9
18032	9	396.4	394.3
3232	7	403.2	400.7
16810	1	406.5	406.3
14421	2	377.5	375.7
10140	3	385.74	384.84
9325	6	371.4	363.85
6771	6	382.27	375.87
14369	2	379.39	376.99
1718	7	417.25	407.85
11250	7	414.5	405.9
12221	3	404.92	403.87
1725	2	444.86	443.96
12019	2	405.24	392.64
1740	6	379.11	367.91
11248	7	392.95	385.5
1718	6	420.45	417.25
12767	38	395.33	394.63
10853	7	390.9	390.35
12702	3	397.33	396.53
1721	2	398.13	396.13
12767	7	392.93	391.63
10851	7	378.8	367.3
10851	3	383.2	383
11249	7	402	394.15
1732	6	378.85	372.7
12765	7	396.01	393.81
11245	2	401	396
10853	2	393.1	392.05
12965	7	400	396
12702	7	395.13	388.53
1739	2	383.06	380.06
12767	3	394.63	392.93
11251	7	412.8	399.9
12687	7	400.2	390.7
12765	3	399.41	396.01
12020	2	406	393.6
12203	2	400.35	394
1739	4	380.06	379.06
10850	38	378.17	375.07
1732	38	379.3	378.85
1721	6	396.13	385.63
11249	2	407.7	402
10794	3	389.39	388.69
1725	1	445.36	444.86
1727	1	438.64	438.04
12687	6	401.7	400.2
10794	6	388.69	377.69
1738	2	383.45	382.75
10850	7	368.42	367.77
12702	1	397.73	397.33
1739	6	379.06	363.06
10851	1	383.5	383.2
1738	6	379.45	367.45
11251	2	414.7	412.8
13393	38	404	403.55
12020	12	393.6	393.3
12687	1	402.8	402.7
1733	1	429.93	429.73
12702	6	396.53	395.13
12017	2	406.12	394.52
13394	6	404	393
1740	4	382.36	379.11
10850	4	375.07	372.97
1726	2	439.08	438.18
1733	7	429.43	419.93
12765	38	401.01	399.41
1732	7	372.7	364
12221	4	403.87	400.42
1738	4	382.75	379.45
1726	1	439.58	439.08
12221	1	405.42	404.92
10853	3	392.05	390.9
10794	1	389.69	389.39
13393	6	403.55	392
11248	2	399.6	392.95
10850	6	372.97	368.42
12018	2	406.68	393.88
10851	6	383	378.75
12687	3	402.7	401.7
10853	1	393.55	393.1
13394	38	405	404
11864	1	407.02	406.12
1718	1	420.85	420.45
11864	7	406.12	404.52
1733	3	429.73	429.43
1740	2	383.11	382.36
24584	6	404.6	403.3
24584	2	406.35	405.85
24584	3	405.85	404.6
24584	7	403.3	398.35